ALTER SESSION SET CONTAINER = XEPDB1;

INSERT INTO welldata.WELL (UWI, WELL_NAME, OPERATOR, COUNTRY, BASIN, FIELD_NAME, SPUD_DATE, COMPLETION_DATE, WELL_TYPE, WELL_STATUS, SURFACE_LAT, SURFACE_LON, TOTAL_DEPTH_M, KB_ELEVATION_M) VALUES ('WELL00000000001', 'ONGC-KR-001', 'ONGC', 'India', 'Krishna-Godavari', 'Krishna Field 1', TO_DATE('2009-10-28','YYYY-MM-DD'), NULL, 'DEVELOPMENT', 'ACTIVE', 21.0877, 72.722452, 2058, 38.06);
INSERT INTO welldata.BOREHOLE (UBHI, UWI, BOREHOLE_NAME, BOREHOLE_TYPE, TOP_DEPTH_M, BASE_DEPTH_M) VALUES ('WELL00000000001-BH1', 'WELL00000000001', 'ONGC-KR-001-BH1', 'DIRECTIONAL', 582, 1200);
INSERT INTO welldata.PETROPHYSICS (UBHI, SAMPLE_DEPTH_M, POROSITY, PERMEABILITY, WATER_SAT, FORMATION) VALUES ('WELL00000000001-BH1', 1000, 0.1482, 306.4324, 0.2454, 'Rajahmundry');
INSERT INTO welldata.PETROPHYSICS (UBHI, SAMPLE_DEPTH_M, POROSITY, PERMEABILITY, WATER_SAT, FORMATION) VALUES ('WELL00000000001-BH1', 1020, 0.1721, 320.2538, 0.3387, 'Bengal');
INSERT INTO welldata.PETROPHYSICS (UBHI, SAMPLE_DEPTH_M, POROSITY, PERMEABILITY, WATER_SAT, FORMATION) VALUES ('WELL00000000001-BH1', 1040, 0.2144, 144.181, 0.3848, 'Barmer');
INSERT INTO welldata.PETROPHYSICS (UBHI, SAMPLE_DEPTH_M, POROSITY, PERMEABILITY, WATER_SAT, FORMATION) VALUES ('WELL00000000001-BH1', 1060, 0.0667, 96.9155, 0.5207, 'Barmer');
INSERT INTO welldata.PETROPHYSICS (UBHI, SAMPLE_DEPTH_M, POROSITY, PERMEABILITY, WATER_SAT, FORMATION) VALUES ('WELL00000000001-BH1', 1080, 0.0878, 162.2726, 0.642, 'Rajahmundry');
INSERT INTO welldata.PETROPHYSICS (UBHI, SAMPLE_DEPTH_M, POROSITY, PERMEABILITY, WATER_SAT, FORMATION) VALUES ('WELL00000000001-BH1', 1100, 0.2658, 175.7763, 0.3341, 'Sanchore');
INSERT INTO welldata.PETROPHYSICS (UBHI, SAMPLE_DEPTH_M, POROSITY, PERMEABILITY, WATER_SAT, FORMATION) VALUES ('WELL00000000001-BH1', 1120, 0.099, 45.5163, 0.5168, 'Rajahmundry');
INSERT INTO welldata.PETROPHYSICS (UBHI, SAMPLE_DEPTH_M, POROSITY, PERMEABILITY, WATER_SAT, FORMATION) VALUES ('WELL00000000001-BH1', 1140, 0.1043, 390.4135, 0.5875, 'Rajahmundry');
INSERT INTO welldata.PETROPHYSICS (UBHI, SAMPLE_DEPTH_M, POROSITY, PERMEABILITY, WATER_SAT, FORMATION) VALUES ('WELL00000000001-BH1', 1160, 0.1525, 386.6159, 0.2106, 'Sanchore');
INSERT INTO welldata.PETROPHYSICS (UBHI, SAMPLE_DEPTH_M, POROSITY, PERMEABILITY, WATER_SAT, FORMATION) VALUES ('WELL00000000001-BH1', 1180, 0.2764, 369.7154, 0.3419, 'Rajahmundry');
INSERT INTO welldata.PETROPHYSICS (UBHI, SAMPLE_DEPTH_M, POROSITY, PERMEABILITY, WATER_SAT, FORMATION) VALUES ('WELL00000000001-BH1', 1200, 0.2545, 63.8421, 0.6963, 'Rajahmundry');
INSERT INTO welldata.PETROPHYSICS (UBHI, SAMPLE_DEPTH_M, POROSITY, PERMEABILITY, WATER_SAT, FORMATION) VALUES ('WELL00000000001-BH1', 1220, 0.0828, 194.7438, 0.2447, 'Bengal');
INSERT INTO welldata.PETROPHYSICS (UBHI, SAMPLE_DEPTH_M, POROSITY, PERMEABILITY, WATER_SAT, FORMATION) VALUES ('WELL00000000001-BH1', 1240, 0.1718, 243.6658, 0.6608, 'Barmer');
INSERT INTO welldata.PETROPHYSICS (UBHI, SAMPLE_DEPTH_M, POROSITY, PERMEABILITY, WATER_SAT, FORMATION) VALUES ('WELL00000000001-BH1', 1260, 0.0459, 290.9328, 0.4, 'Rajahmundry');
INSERT INTO welldata.PETROPHYSICS (UBHI, SAMPLE_DEPTH_M, POROSITY, PERMEABILITY, WATER_SAT, FORMATION) VALUES ('WELL00000000001-BH1', 1280, 0.0732, 442.4494, 0.3161, 'Barmer');
INSERT INTO welldata.PETROPHYSICS (UBHI, SAMPLE_DEPTH_M, POROSITY, PERMEABILITY, WATER_SAT, FORMATION) VALUES ('WELL00000000001-BH1', 1300, 0.1669, 225.4547, 0.5393, 'Barmer');
INSERT INTO welldata.PETROPHYSICS (UBHI, SAMPLE_DEPTH_M, POROSITY, PERMEABILITY, WATER_SAT, FORMATION) VALUES ('WELL00000000001-BH1', 1320, 0.1588, 215.5242, 0.285, 'Barmer');
INSERT INTO welldata.PETROPHYSICS (UBHI, SAMPLE_DEPTH_M, POROSITY, PERMEABILITY, WATER_SAT, FORMATION) VALUES ('WELL00000000001-BH1', 1340, 0.2734, 98.8392, 0.703, 'Sanchore');
INSERT INTO welldata.PETROPHYSICS (UBHI, SAMPLE_DEPTH_M, POROSITY, PERMEABILITY, WATER_SAT, FORMATION) VALUES ('WELL00000000001-BH1', 1360, 0.1117, 134.8748, 0.4814, 'Bengal');
INSERT INTO welldata.PETROPHYSICS (UBHI, SAMPLE_DEPTH_M, POROSITY, PERMEABILITY, WATER_SAT, FORMATION) VALUES ('WELL00000000001-BH1', 1380, 0.2552, 432.0395, 0.4927, 'Bengal');
INSERT INTO welldata.PETROPHYSICS (UBHI, SAMPLE_DEPTH_M, POROSITY, PERMEABILITY, WATER_SAT, FORMATION) VALUES ('WELL00000000001-BH1', 1400, 0.1588, 177.1839, 0.5322, 'Barmer');
INSERT INTO welldata.PETROPHYSICS (UBHI, SAMPLE_DEPTH_M, POROSITY, PERMEABILITY, WATER_SAT, FORMATION) VALUES ('WELL00000000001-BH1', 1420, 0.1658, 40.7718, 0.3031, 'Rajahmundry');
INSERT INTO welldata.PETROPHYSICS (UBHI, SAMPLE_DEPTH_M, POROSITY, PERMEABILITY, WATER_SAT, FORMATION) VALUES ('WELL00000000001-BH1', 1440, 0.2726, 277.6445, 0.7301, 'Rajahmundry');
INSERT INTO welldata.PETROPHYSICS (UBHI, SAMPLE_DEPTH_M, POROSITY, PERMEABILITY, WATER_SAT, FORMATION) VALUES ('WELL00000000001-BH1', 1460, 0.2656, 406.5513, 0.3883, 'Sanchore');
INSERT INTO welldata.PETROPHYSICS (UBHI, SAMPLE_DEPTH_M, POROSITY, PERMEABILITY, WATER_SAT, FORMATION) VALUES ('WELL00000000001-BH1', 1480, 0.0686, 270.3455, 0.3949, 'Rajahmundry');
INSERT INTO welldata.PETROPHYSICS (UBHI, SAMPLE_DEPTH_M, POROSITY, PERMEABILITY, WATER_SAT, FORMATION) VALUES ('WELL00000000001-BH1', 1500, 0.2704, 237.8106, 0.4974, 'Rajahmundry');
INSERT INTO welldata.PETROPHYSICS (UBHI, SAMPLE_DEPTH_M, POROSITY, PERMEABILITY, WATER_SAT, FORMATION) VALUES ('WELL00000000001-BH1', 1520, 0.0815, 66.8699, 0.2703, 'Sanchore');
INSERT INTO welldata.PETROPHYSICS (UBHI, SAMPLE_DEPTH_M, POROSITY, PERMEABILITY, WATER_SAT, FORMATION) VALUES ('WELL00000000001-BH1', 1540, 0.1709, 220.9151, 0.6634, 'Bengal');
INSERT INTO welldata.PETROPHYSICS (UBHI, SAMPLE_DEPTH_M, POROSITY, PERMEABILITY, WATER_SAT, FORMATION) VALUES ('WELL00000000001-BH1', 1560, 0.257, 10.9654, 0.4916, 'Rajahmundry');
INSERT INTO welldata.PETROPHYSICS (UBHI, SAMPLE_DEPTH_M, POROSITY, PERMEABILITY, WATER_SAT, FORMATION) VALUES ('WELL00000000001-BH1', 1580, 0.058, 168.2399, 0.6333, 'Barmer');
INSERT INTO welldata.PETROPHYSICS (UBHI, SAMPLE_DEPTH_M, POROSITY, PERMEABILITY, WATER_SAT, FORMATION) VALUES ('WELL00000000001-BH1', 1600, 0.0697, 323.1136, 0.3601, 'Barmer');
INSERT INTO welldata.PETROPHYSICS (UBHI, SAMPLE_DEPTH_M, POROSITY, PERMEABILITY, WATER_SAT, FORMATION) VALUES ('WELL00000000001-BH1', 1620, 0.1954, 169.9634, 0.2723, 'Rajahmundry');
INSERT INTO welldata.PETROPHYSICS (UBHI, SAMPLE_DEPTH_M, POROSITY, PERMEABILITY, WATER_SAT, FORMATION) VALUES ('WELL00000000001-BH1', 1640, 0.2769, 207.7653, 0.6508, 'Barmer');
INSERT INTO welldata.PETROPHYSICS (UBHI, SAMPLE_DEPTH_M, POROSITY, PERMEABILITY, WATER_SAT, FORMATION) VALUES ('WELL00000000001-BH1', 1660, 0.1479, 301.0113, 0.2684, 'Rajahmundry');
INSERT INTO welldata.PETROPHYSICS (UBHI, SAMPLE_DEPTH_M, POROSITY, PERMEABILITY, WATER_SAT, FORMATION) VALUES ('WELL00000000001-BH1', 1680, 0.2467, 263.0342, 0.5903, 'Rajahmundry');
INSERT INTO welldata.PETROPHYSICS (UBHI, SAMPLE_DEPTH_M, POROSITY, PERMEABILITY, WATER_SAT, FORMATION) VALUES ('WELL00000000001-BH1', 1700, 0.1911, 183.2088, 0.5276, 'Barmer');
INSERT INTO welldata.PETROPHYSICS (UBHI, SAMPLE_DEPTH_M, POROSITY, PERMEABILITY, WATER_SAT, FORMATION) VALUES ('WELL00000000001-BH1', 1720, 0.1239, 119.136, 0.5748, 'Sanchore');
INSERT INTO welldata.PETROPHYSICS (UBHI, SAMPLE_DEPTH_M, POROSITY, PERMEABILITY, WATER_SAT, FORMATION) VALUES ('WELL00000000001-BH1', 1740, 0.1625, 121.9421, 0.2092, 'Barmer');
INSERT INTO welldata.PETROPHYSICS (UBHI, SAMPLE_DEPTH_M, POROSITY, PERMEABILITY, WATER_SAT, FORMATION) VALUES ('WELL00000000001-BH1', 1760, 0.1617, 425.7626, 0.5643, 'Barmer');
INSERT INTO welldata.PETROPHYSICS (UBHI, SAMPLE_DEPTH_M, POROSITY, PERMEABILITY, WATER_SAT, FORMATION) VALUES ('WELL00000000001-BH1', 1780, 0.0969, 150.342, 0.1911, 'Sanchore');
INSERT INTO welldata.PETROPHYSICS (UBHI, SAMPLE_DEPTH_M, POROSITY, PERMEABILITY, WATER_SAT, FORMATION) VALUES ('WELL00000000001-BH1', 1800, 0.1967, 321.0753, 0.639, 'Sanchore');
INSERT INTO welldata.PETROPHYSICS (UBHI, SAMPLE_DEPTH_M, POROSITY, PERMEABILITY, WATER_SAT, FORMATION) VALUES ('WELL00000000001-BH1', 1820, 0.0814, 355.4165, 0.67, 'Sanchore');
INSERT INTO welldata.PETROPHYSICS (UBHI, SAMPLE_DEPTH_M, POROSITY, PERMEABILITY, WATER_SAT, FORMATION) VALUES ('WELL00000000001-BH1', 1840, 0.2425, 13.8375, 0.6896, 'Barmer');
INSERT INTO welldata.PETROPHYSICS (UBHI, SAMPLE_DEPTH_M, POROSITY, PERMEABILITY, WATER_SAT, FORMATION) VALUES ('WELL00000000001-BH1', 1860, 0.0856, 281.6863, 0.2494, 'Barmer');
INSERT INTO welldata.PETROPHYSICS (UBHI, SAMPLE_DEPTH_M, POROSITY, PERMEABILITY, WATER_SAT, FORMATION) VALUES ('WELL00000000001-BH1', 1880, 0.1503, 73.2249, 0.6171, 'Barmer');
INSERT INTO welldata.PETROPHYSICS (UBHI, SAMPLE_DEPTH_M, POROSITY, PERMEABILITY, WATER_SAT, FORMATION) VALUES ('WELL00000000001-BH1', 1900, 0.2124, 137.5426, 0.2138, 'Barmer');
INSERT INTO welldata.PETROPHYSICS (UBHI, SAMPLE_DEPTH_M, POROSITY, PERMEABILITY, WATER_SAT, FORMATION) VALUES ('WELL00000000001-BH1', 1920, 0.0533, 268.9214, 0.6833, 'Bengal');
INSERT INTO welldata.PETROPHYSICS (UBHI, SAMPLE_DEPTH_M, POROSITY, PERMEABILITY, WATER_SAT, FORMATION) VALUES ('WELL00000000001-BH1', 1940, 0.1222, 377.0571, 0.2208, 'Bengal');
INSERT INTO welldata.PETROPHYSICS (UBHI, SAMPLE_DEPTH_M, POROSITY, PERMEABILITY, WATER_SAT, FORMATION) VALUES ('WELL00000000001-BH1', 1960, 0.2201, 438.0499, 0.2914, 'Sanchore');
INSERT INTO welldata.PETROPHYSICS (UBHI, SAMPLE_DEPTH_M, POROSITY, PERMEABILITY, WATER_SAT, FORMATION) VALUES ('WELL00000000001-BH1', 1980, 0.1192, 267.169, 0.6957, 'Rajahmundry');
INSERT INTO welldata.PETROPHYSICS (UBHI, SAMPLE_DEPTH_M, POROSITY, PERMEABILITY, WATER_SAT, FORMATION) VALUES ('WELL00000000001-BH1', 2000, 0.2533, 381.5763, 0.3223, 'Bengal');
INSERT INTO welldata.PETROPHYSICS (UBHI, SAMPLE_DEPTH_M, POROSITY, PERMEABILITY, WATER_SAT, FORMATION) VALUES ('WELL00000000001-BH1', 2020, 0.2305, 13.8025, 0.3824, 'Rajahmundry');
INSERT INTO welldata.PETROPHYSICS (UBHI, SAMPLE_DEPTH_M, POROSITY, PERMEABILITY, WATER_SAT, FORMATION) VALUES ('WELL00000000001-BH1', 2040, 0.2575, 16.0578, 0.1865, 'Bengal');
INSERT INTO welldata.PETROPHYSICS (UBHI, SAMPLE_DEPTH_M, POROSITY, PERMEABILITY, WATER_SAT, FORMATION) VALUES ('WELL00000000001-BH1', 2060, 0.0856, 224.898, 0.2282, 'Sanchore');
INSERT INTO welldata.PETROPHYSICS (UBHI, SAMPLE_DEPTH_M, POROSITY, PERMEABILITY, WATER_SAT, FORMATION) VALUES ('WELL00000000001-BH1', 2080, 0.1192, 120.6611, 0.3059, 'Bengal');
INSERT INTO welldata.PETROPHYSICS (UBHI, SAMPLE_DEPTH_M, POROSITY, PERMEABILITY, WATER_SAT, FORMATION) VALUES ('WELL00000000001-BH1', 2100, 0.1239, 272.4482, 0.4862, 'Rajahmundry');
INSERT INTO welldata.PETROPHYSICS (UBHI, SAMPLE_DEPTH_M, POROSITY, PERMEABILITY, WATER_SAT, FORMATION) VALUES ('WELL00000000001-BH1', 2120, 0.2608, 31.631, 0.3103, 'Rajahmundry');
INSERT INTO welldata.PETROPHYSICS (UBHI, SAMPLE_DEPTH_M, POROSITY, PERMEABILITY, WATER_SAT, FORMATION) VALUES ('WELL00000000001-BH1', 2140, 0.2451, 383.4887, 0.1817, 'Rajahmundry');
INSERT INTO welldata.PETROPHYSICS (UBHI, SAMPLE_DEPTH_M, POROSITY, PERMEABILITY, WATER_SAT, FORMATION) VALUES ('WELL00000000001-BH1', 2160, 0.2763, 18.1491, 0.4689, 'Barmer');
INSERT INTO welldata.PETROPHYSICS (UBHI, SAMPLE_DEPTH_M, POROSITY, PERMEABILITY, WATER_SAT, FORMATION) VALUES ('WELL00000000001-BH1', 2180, 0.0459, 236.0769, 0.2042, 'Sanchore');
INSERT INTO welldata.PETROPHYSICS (UBHI, SAMPLE_DEPTH_M, POROSITY, PERMEABILITY, WATER_SAT, FORMATION) VALUES ('WELL00000000001-BH1', 2200, 0.1152, 58.5892, 0.6267, 'Rajahmundry');
INSERT INTO welldata.PETROPHYSICS (UBHI, SAMPLE_DEPTH_M, POROSITY, PERMEABILITY, WATER_SAT, FORMATION) VALUES ('WELL00000000001-BH1', 2220, 0.1607, 92.5146, 0.7038, 'Barmer');
INSERT INTO welldata.PETROPHYSICS (UBHI, SAMPLE_DEPTH_M, POROSITY, PERMEABILITY, WATER_SAT, FORMATION) VALUES ('WELL00000000001-BH1', 2240, 0.1657, 251.4349, 0.6564, 'Rajahmundry');
INSERT INTO welldata.PETROPHYSICS (UBHI, SAMPLE_DEPTH_M, POROSITY, PERMEABILITY, WATER_SAT, FORMATION) VALUES ('WELL00000000001-BH1', 2260, 0.088, 175.2184, 0.3445, 'Barmer');
INSERT INTO welldata.PETROPHYSICS (UBHI, SAMPLE_DEPTH_M, POROSITY, PERMEABILITY, WATER_SAT, FORMATION) VALUES ('WELL00000000001-BH1', 2280, 0.1402, 143.5278, 0.3136, 'Rajahmundry');
INSERT INTO welldata.PETROPHYSICS (UBHI, SAMPLE_DEPTH_M, POROSITY, PERMEABILITY, WATER_SAT, FORMATION) VALUES ('WELL00000000001-BH1', 2300, 0.2283, 257.9422, 0.4211, 'Sanchore');
INSERT INTO welldata.PETROPHYSICS (UBHI, SAMPLE_DEPTH_M, POROSITY, PERMEABILITY, WATER_SAT, FORMATION) VALUES ('WELL00000000001-BH1', 2320, 0.2358, 416.4569, 0.7034, 'Rajahmundry');
INSERT INTO welldata.PETROPHYSICS (UBHI, SAMPLE_DEPTH_M, POROSITY, PERMEABILITY, WATER_SAT, FORMATION) VALUES ('WELL00000000001-BH1', 2340, 0.2281, 316.342, 0.598, 'Sanchore');
INSERT INTO welldata.PETROPHYSICS (UBHI, SAMPLE_DEPTH_M, POROSITY, PERMEABILITY, WATER_SAT, FORMATION) VALUES ('WELL00000000001-BH1', 2360, 0.1515, 440.8917, 0.4693, 'Bengal');
INSERT INTO welldata.PETROPHYSICS (UBHI, SAMPLE_DEPTH_M, POROSITY, PERMEABILITY, WATER_SAT, FORMATION) VALUES ('WELL00000000001-BH1', 2380, 0.2576, 83.1517, 0.3967, 'Rajahmundry');
INSERT INTO welldata.PETROPHYSICS (UBHI, SAMPLE_DEPTH_M, POROSITY, PERMEABILITY, WATER_SAT, FORMATION) VALUES ('WELL00000000001-BH1', 2400, 0.089, 30.1413, 0.4927, 'Rajahmundry');
INSERT INTO welldata.PETROPHYSICS (UBHI, SAMPLE_DEPTH_M, POROSITY, PERMEABILITY, WATER_SAT, FORMATION) VALUES ('WELL00000000001-BH1', 2420, 0.1628, 194.4972, 0.5042, 'Barmer');
INSERT INTO welldata.PETROPHYSICS (UBHI, SAMPLE_DEPTH_M, POROSITY, PERMEABILITY, WATER_SAT, FORMATION) VALUES ('WELL00000000001-BH1', 2440, 0.2477, 401.7677, 0.4053, 'Sanchore');
INSERT INTO welldata.PETROPHYSICS (UBHI, SAMPLE_DEPTH_M, POROSITY, PERMEABILITY, WATER_SAT, FORMATION) VALUES ('WELL00000000001-BH1', 2460, 0.2354, 449.1722, 0.3039, 'Bengal');
INSERT INTO welldata.PETROPHYSICS (UBHI, SAMPLE_DEPTH_M, POROSITY, PERMEABILITY, WATER_SAT, FORMATION) VALUES ('WELL00000000001-BH1', 2480, 0.0583, 277.1685, 0.456, 'Barmer');
INSERT INTO welldata.PETROPHYSICS (UBHI, SAMPLE_DEPTH_M, POROSITY, PERMEABILITY, WATER_SAT, FORMATION) VALUES ('WELL00000000001-BH1', 2500, 0.2705, 313.2284, 0.5352, 'Rajahmundry');
INSERT INTO welldata.PETROPHYSICS (UBHI, SAMPLE_DEPTH_M, POROSITY, PERMEABILITY, WATER_SAT, FORMATION) VALUES ('WELL00000000001-BH1', 2520, 0.273, 244.4086, 0.4932, 'Sanchore');
INSERT INTO welldata.PETROPHYSICS (UBHI, SAMPLE_DEPTH_M, POROSITY, PERMEABILITY, WATER_SAT, FORMATION) VALUES ('WELL00000000001-BH1', 2540, 0.1847, 261.5187, 0.4215, 'Bengal');
INSERT INTO welldata.PETROPHYSICS (UBHI, SAMPLE_DEPTH_M, POROSITY, PERMEABILITY, WATER_SAT, FORMATION) VALUES ('WELL00000000001-BH1', 2560, 0.1007, 4.4217, 0.4045, 'Rajahmundry');
INSERT INTO welldata.PETROPHYSICS (UBHI, SAMPLE_DEPTH_M, POROSITY, PERMEABILITY, WATER_SAT, FORMATION) VALUES ('WELL00000000001-BH1', 2580, 0.2557, 416.3311, 0.6578, 'Barmer');
INSERT INTO welldata.PETROPHYSICS (UBHI, SAMPLE_DEPTH_M, POROSITY, PERMEABILITY, WATER_SAT, FORMATION) VALUES ('WELL00000000001-BH1', 2600, 0.2245, 174.8676, 0.6321, 'Barmer');
INSERT INTO welldata.PETROPHYSICS (UBHI, SAMPLE_DEPTH_M, POROSITY, PERMEABILITY, WATER_SAT, FORMATION) VALUES ('WELL00000000001-BH1', 2620, 0.2354, 165.5579, 0.2263, 'Sanchore');
INSERT INTO welldata.PETROPHYSICS (UBHI, SAMPLE_DEPTH_M, POROSITY, PERMEABILITY, WATER_SAT, FORMATION) VALUES ('WELL00000000001-BH1', 2640, 0.2175, 311.1251, 0.4101, 'Barmer');
INSERT INTO welldata.PETROPHYSICS (UBHI, SAMPLE_DEPTH_M, POROSITY, PERMEABILITY, WATER_SAT, FORMATION) VALUES ('WELL00000000001-BH1', 2660, 0.2119, 41.2106, 0.2277, 'Bengal');
INSERT INTO welldata.PETROPHYSICS (UBHI, SAMPLE_DEPTH_M, POROSITY, PERMEABILITY, WATER_SAT, FORMATION) VALUES ('WELL00000000001-BH1', 2680, 0.2259, 44.6187, 0.5398, 'Bengal');
INSERT INTO welldata.PETROPHYSICS (UBHI, SAMPLE_DEPTH_M, POROSITY, PERMEABILITY, WATER_SAT, FORMATION) VALUES ('WELL00000000001-BH1', 2700, 0.1719, 240.5653, 0.358, 'Rajahmundry');
INSERT INTO welldata.PETROPHYSICS (UBHI, SAMPLE_DEPTH_M, POROSITY, PERMEABILITY, WATER_SAT, FORMATION) VALUES ('WELL00000000001-BH1', 2720, 0.2788, 308.081, 0.2574, 'Rajahmundry');
INSERT INTO welldata.PETROPHYSICS (UBHI, SAMPLE_DEPTH_M, POROSITY, PERMEABILITY, WATER_SAT, FORMATION) VALUES ('WELL00000000001-BH1', 2740, 0.0697, 201.3371, 0.5592, 'Barmer');
INSERT INTO welldata.PETROPHYSICS (UBHI, SAMPLE_DEPTH_M, POROSITY, PERMEABILITY, WATER_SAT, FORMATION) VALUES ('WELL00000000001-BH1', 2760, 0.0758, 276.1748, 0.5714, 'Bengal');
INSERT INTO welldata.PETROPHYSICS (UBHI, SAMPLE_DEPTH_M, POROSITY, PERMEABILITY, WATER_SAT, FORMATION) VALUES ('WELL00000000001-BH1', 2780, 0.2485, 285.1847, 0.6361, 'Bengal');
INSERT INTO welldata.PETROPHYSICS (UBHI, SAMPLE_DEPTH_M, POROSITY, PERMEABILITY, WATER_SAT, FORMATION) VALUES ('WELL00000000001-BH1', 2800, 0.0421, 445.0363, 0.5444, 'Sanchore');
INSERT INTO welldata.PETROPHYSICS (UBHI, SAMPLE_DEPTH_M, POROSITY, PERMEABILITY, WATER_SAT, FORMATION) VALUES ('WELL00000000001-BH1', 2820, 0.0949, 123.6266, 0.5738, 'Barmer');
INSERT INTO welldata.PETROPHYSICS (UBHI, SAMPLE_DEPTH_M, POROSITY, PERMEABILITY, WATER_SAT, FORMATION) VALUES ('WELL00000000001-BH1', 2840, 0.1679, 274.0804, 0.2393, 'Barmer');
INSERT INTO welldata.PETROPHYSICS (UBHI, SAMPLE_DEPTH_M, POROSITY, PERMEABILITY, WATER_SAT, FORMATION) VALUES ('WELL00000000001-BH1', 2860, 0.0915, 165.5212, 0.4323, 'Sanchore');
INSERT INTO welldata.PETROPHYSICS (UBHI, SAMPLE_DEPTH_M, POROSITY, PERMEABILITY, WATER_SAT, FORMATION) VALUES ('WELL00000000001-BH1', 2880, 0.1683, 26.2672, 0.3456, 'Bengal');
INSERT INTO welldata.PETROPHYSICS (UBHI, SAMPLE_DEPTH_M, POROSITY, PERMEABILITY, WATER_SAT, FORMATION) VALUES ('WELL00000000001-BH1', 2900, 0.1894, 216.2351, 0.221, 'Bengal');
INSERT INTO welldata.PETROPHYSICS (UBHI, SAMPLE_DEPTH_M, POROSITY, PERMEABILITY, WATER_SAT, FORMATION) VALUES ('WELL00000000001-BH1', 2920, 0.1751, 308.1766, 0.2857, 'Bengal');
INSERT INTO welldata.PETROPHYSICS (UBHI, SAMPLE_DEPTH_M, POROSITY, PERMEABILITY, WATER_SAT, FORMATION) VALUES ('WELL00000000001-BH1', 2940, 0.041, 9.1212, 0.3332, 'Bengal');
INSERT INTO welldata.PETROPHYSICS (UBHI, SAMPLE_DEPTH_M, POROSITY, PERMEABILITY, WATER_SAT, FORMATION) VALUES ('WELL00000000001-BH1', 2960, 0.1046, 323.4725, 0.3776, 'Rajahmundry');
INSERT INTO welldata.PETROPHYSICS (UBHI, SAMPLE_DEPTH_M, POROSITY, PERMEABILITY, WATER_SAT, FORMATION) VALUES ('WELL00000000001-BH1', 2980, 0.2035, 18.5562, 0.1964, 'Rajahmundry');
INSERT INTO welldata.PETROPHYSICS (UBHI, SAMPLE_DEPTH_M, POROSITY, PERMEABILITY, WATER_SAT, FORMATION) VALUES ('WELL00000000001-BH1', 3000, 0.0475, 62.6517, 0.3896, 'Bengal');
INSERT INTO welldata.BOREHOLE (UBHI, UWI, BOREHOLE_NAME, BOREHOLE_TYPE, TOP_DEPTH_M, BASE_DEPTH_M) VALUES ('WELL00000000001-BH2', 'WELL00000000001', 'ONGC-KR-001-BH2', 'VERTICAL', 847, 1683);
INSERT INTO welldata.PETROPHYSICS (UBHI, SAMPLE_DEPTH_M, POROSITY, PERMEABILITY, WATER_SAT, FORMATION) VALUES ('WELL00000000001-BH2', 1000, 0.1057, 231.9056, 0.3431, 'Rajahmundry');
INSERT INTO welldata.PETROPHYSICS (UBHI, SAMPLE_DEPTH_M, POROSITY, PERMEABILITY, WATER_SAT, FORMATION) VALUES ('WELL00000000001-BH2', 1020, 0.1855, 391.6862, 0.3931, 'Barmer');
INSERT INTO welldata.PETROPHYSICS (UBHI, SAMPLE_DEPTH_M, POROSITY, PERMEABILITY, WATER_SAT, FORMATION) VALUES ('WELL00000000001-BH2', 1040, 0.1919, 247.1505, 0.1824, 'Rajahmundry');
INSERT INTO welldata.PETROPHYSICS (UBHI, SAMPLE_DEPTH_M, POROSITY, PERMEABILITY, WATER_SAT, FORMATION) VALUES ('WELL00000000001-BH2', 1060, 0.1001, 121.9934, 0.4681, 'Barmer');
INSERT INTO welldata.PETROPHYSICS (UBHI, SAMPLE_DEPTH_M, POROSITY, PERMEABILITY, WATER_SAT, FORMATION) VALUES ('WELL00000000001-BH2', 1080, 0.1971, 244.9351, 0.4769, 'Rajahmundry');
INSERT INTO welldata.PETROPHYSICS (UBHI, SAMPLE_DEPTH_M, POROSITY, PERMEABILITY, WATER_SAT, FORMATION) VALUES ('WELL00000000001-BH2', 1100, 0.2592, 63.9528, 0.6775, 'Bengal');
INSERT INTO welldata.PETROPHYSICS (UBHI, SAMPLE_DEPTH_M, POROSITY, PERMEABILITY, WATER_SAT, FORMATION) VALUES ('WELL00000000001-BH2', 1120, 0.2533, 71.9795, 0.6595, 'Barmer');
INSERT INTO welldata.PETROPHYSICS (UBHI, SAMPLE_DEPTH_M, POROSITY, PERMEABILITY, WATER_SAT, FORMATION) VALUES ('WELL00000000001-BH2', 1140, 0.1047, 300.129, 0.6296, 'Rajahmundry');
INSERT INTO welldata.PETROPHYSICS (UBHI, SAMPLE_DEPTH_M, POROSITY, PERMEABILITY, WATER_SAT, FORMATION) VALUES ('WELL00000000001-BH2', 1160, 0.1311, 252.905, 0.6797, 'Barmer');
INSERT INTO welldata.PETROPHYSICS (UBHI, SAMPLE_DEPTH_M, POROSITY, PERMEABILITY, WATER_SAT, FORMATION) VALUES ('WELL00000000001-BH2', 1180, 0.264, 183.8531, 0.5135, 'Rajahmundry');
INSERT INTO welldata.PETROPHYSICS (UBHI, SAMPLE_DEPTH_M, POROSITY, PERMEABILITY, WATER_SAT, FORMATION) VALUES ('WELL00000000001-BH2', 1200, 0.2349, 374.3111, 0.5024, 'Sanchore');
INSERT INTO welldata.PETROPHYSICS (UBHI, SAMPLE_DEPTH_M, POROSITY, PERMEABILITY, WATER_SAT, FORMATION) VALUES ('WELL00000000001-BH2', 1220, 0.2325, 368.8868, 0.2971, 'Bengal');
INSERT INTO welldata.PETROPHYSICS (UBHI, SAMPLE_DEPTH_M, POROSITY, PERMEABILITY, WATER_SAT, FORMATION) VALUES ('WELL00000000001-BH2', 1240, 0.2264, 412.3621, 0.3382, 'Sanchore');
INSERT INTO welldata.PETROPHYSICS (UBHI, SAMPLE_DEPTH_M, POROSITY, PERMEABILITY, WATER_SAT, FORMATION) VALUES ('WELL00000000001-BH2', 1260, 0.1881, 186.7794, 0.3652, 'Sanchore');
INSERT INTO welldata.PETROPHYSICS (UBHI, SAMPLE_DEPTH_M, POROSITY, PERMEABILITY, WATER_SAT, FORMATION) VALUES ('WELL00000000001-BH2', 1280, 0.0534, 302.8986, 0.6848, 'Bengal');
INSERT INTO welldata.PETROPHYSICS (UBHI, SAMPLE_DEPTH_M, POROSITY, PERMEABILITY, WATER_SAT, FORMATION) VALUES ('WELL00000000001-BH2', 1300, 0.274, 9.8469, 0.6884, 'Barmer');
INSERT INTO welldata.PETROPHYSICS (UBHI, SAMPLE_DEPTH_M, POROSITY, PERMEABILITY, WATER_SAT, FORMATION) VALUES ('WELL00000000001-BH2', 1320, 0.0639, 151.091, 0.7319, 'Bengal');
INSERT INTO welldata.PETROPHYSICS (UBHI, SAMPLE_DEPTH_M, POROSITY, PERMEABILITY, WATER_SAT, FORMATION) VALUES ('WELL00000000001-BH2', 1340, 0.1963, 298.4637, 0.7121, 'Barmer');
INSERT INTO welldata.PETROPHYSICS (UBHI, SAMPLE_DEPTH_M, POROSITY, PERMEABILITY, WATER_SAT, FORMATION) VALUES ('WELL00000000001-BH2', 1360, 0.2415, 67.5316, 0.3757, 'Rajahmundry');
INSERT INTO welldata.PETROPHYSICS (UBHI, SAMPLE_DEPTH_M, POROSITY, PERMEABILITY, WATER_SAT, FORMATION) VALUES ('WELL00000000001-BH2', 1380, 0.2239, 300.2829, 0.6287, 'Sanchore');
INSERT INTO welldata.PETROPHYSICS (UBHI, SAMPLE_DEPTH_M, POROSITY, PERMEABILITY, WATER_SAT, FORMATION) VALUES ('WELL00000000001-BH2', 1400, 0.2672, 8.5523, 0.3879, 'Bengal');
INSERT INTO welldata.PETROPHYSICS (UBHI, SAMPLE_DEPTH_M, POROSITY, PERMEABILITY, WATER_SAT, FORMATION) VALUES ('WELL00000000001-BH2', 1420, 0.2757, 408.2702, 0.5474, 'Sanchore');
INSERT INTO welldata.PETROPHYSICS (UBHI, SAMPLE_DEPTH_M, POROSITY, PERMEABILITY, WATER_SAT, FORMATION) VALUES ('WELL00000000001-BH2', 1440, 0.0821, 263.4502, 0.4579, 'Barmer');
INSERT INTO welldata.PETROPHYSICS (UBHI, SAMPLE_DEPTH_M, POROSITY, PERMEABILITY, WATER_SAT, FORMATION) VALUES ('WELL00000000001-BH2', 1460, 0.2081, 310.8075, 0.5421, 'Rajahmundry');
INSERT INTO welldata.PETROPHYSICS (UBHI, SAMPLE_DEPTH_M, POROSITY, PERMEABILITY, WATER_SAT, FORMATION) VALUES ('WELL00000000001-BH2', 1480, 0.1329, 252.0271, 0.5349, 'Barmer');
INSERT INTO welldata.PETROPHYSICS (UBHI, SAMPLE_DEPTH_M, POROSITY, PERMEABILITY, WATER_SAT, FORMATION) VALUES ('WELL00000000001-BH2', 1500, 0.2693, 140.4723, 0.3168, 'Barmer');
INSERT INTO welldata.PETROPHYSICS (UBHI, SAMPLE_DEPTH_M, POROSITY, PERMEABILITY, WATER_SAT, FORMATION) VALUES ('WELL00000000001-BH2', 1520, 0.2249, 286.4624, 0.7452, 'Barmer');
INSERT INTO welldata.PETROPHYSICS (UBHI, SAMPLE_DEPTH_M, POROSITY, PERMEABILITY, WATER_SAT, FORMATION) VALUES ('WELL00000000001-BH2', 1540, 0.1589, 125.366, 0.7069, 'Sanchore');
INSERT INTO welldata.PETROPHYSICS (UBHI, SAMPLE_DEPTH_M, POROSITY, PERMEABILITY, WATER_SAT, FORMATION) VALUES ('WELL00000000001-BH2', 1560, 0.2154, 151.3179, 0.2356, 'Sanchore');
INSERT INTO welldata.PETROPHYSICS (UBHI, SAMPLE_DEPTH_M, POROSITY, PERMEABILITY, WATER_SAT, FORMATION) VALUES ('WELL00000000001-BH2', 1580, 0.0758, 58.7048, 0.3016, 'Bengal');
INSERT INTO welldata.PETROPHYSICS (UBHI, SAMPLE_DEPTH_M, POROSITY, PERMEABILITY, WATER_SAT, FORMATION) VALUES ('WELL00000000001-BH2', 1600, 0.2119, 107.9988, 0.2335, 'Barmer');
INSERT INTO welldata.PETROPHYSICS (UBHI, SAMPLE_DEPTH_M, POROSITY, PERMEABILITY, WATER_SAT, FORMATION) VALUES ('WELL00000000001-BH2', 1620, 0.0767, 300.317, 0.1682, 'Barmer');
INSERT INTO welldata.PETROPHYSICS (UBHI, SAMPLE_DEPTH_M, POROSITY, PERMEABILITY, WATER_SAT, FORMATION) VALUES ('WELL00000000001-BH2', 1640, 0.2014, 245.9027, 0.7065, 'Barmer');
INSERT INTO welldata.PETROPHYSICS (UBHI, SAMPLE_DEPTH_M, POROSITY, PERMEABILITY, WATER_SAT, FORMATION) VALUES ('WELL00000000001-BH2', 1660, 0.1256, 377.3848, 0.2851, 'Bengal');
INSERT INTO welldata.PETROPHYSICS (UBHI, SAMPLE_DEPTH_M, POROSITY, PERMEABILITY, WATER_SAT, FORMATION) VALUES ('WELL00000000001-BH2', 1680, 0.0901, 208.6074, 0.3242, 'Rajahmundry');
INSERT INTO welldata.PETROPHYSICS (UBHI, SAMPLE_DEPTH_M, POROSITY, PERMEABILITY, WATER_SAT, FORMATION) VALUES ('WELL00000000001-BH2', 1700, 0.0525, 351.5858, 0.2459, 'Bengal');
INSERT INTO welldata.PETROPHYSICS (UBHI, SAMPLE_DEPTH_M, POROSITY, PERMEABILITY, WATER_SAT, FORMATION) VALUES ('WELL00000000001-BH2', 1720, 0.192, 110.7301, 0.2747, 'Barmer');
INSERT INTO welldata.PETROPHYSICS (UBHI, SAMPLE_DEPTH_M, POROSITY, PERMEABILITY, WATER_SAT, FORMATION) VALUES ('WELL00000000001-BH2', 1740, 0.1986, 232.8987, 0.6383, 'Sanchore');
INSERT INTO welldata.PETROPHYSICS (UBHI, SAMPLE_DEPTH_M, POROSITY, PERMEABILITY, WATER_SAT, FORMATION) VALUES ('WELL00000000001-BH2', 1760, 0.1991, 245.294, 0.2884, 'Rajahmundry');
INSERT INTO welldata.PETROPHYSICS (UBHI, SAMPLE_DEPTH_M, POROSITY, PERMEABILITY, WATER_SAT, FORMATION) VALUES ('WELL00000000001-BH2', 1780, 0.2453, 435.4915, 0.6113, 'Barmer');
INSERT INTO welldata.PETROPHYSICS (UBHI, SAMPLE_DEPTH_M, POROSITY, PERMEABILITY, WATER_SAT, FORMATION) VALUES ('WELL00000000001-BH2', 1800, 0.0848, 7.2405, 0.6023, 'Barmer');
INSERT INTO welldata.PETROPHYSICS (UBHI, SAMPLE_DEPTH_M, POROSITY, PERMEABILITY, WATER_SAT, FORMATION) VALUES ('WELL00000000001-BH2', 1820, 0.2579, 42.403, 0.5569, 'Rajahmundry');
INSERT INTO welldata.PETROPHYSICS (UBHI, SAMPLE_DEPTH_M, POROSITY, PERMEABILITY, WATER_SAT, FORMATION) VALUES ('WELL00000000001-BH2', 1840, 0.1829, 85.5813, 0.4558, 'Sanchore');
INSERT INTO welldata.PETROPHYSICS (UBHI, SAMPLE_DEPTH_M, POROSITY, PERMEABILITY, WATER_SAT, FORMATION) VALUES ('WELL00000000001-BH2', 1860, 0.1218, 23.4041, 0.1765, 'Bengal');
INSERT INTO welldata.PETROPHYSICS (UBHI, SAMPLE_DEPTH_M, POROSITY, PERMEABILITY, WATER_SAT, FORMATION) VALUES ('WELL00000000001-BH2', 1880, 0.0503, 225.5216, 0.7443, 'Barmer');
INSERT INTO welldata.PETROPHYSICS (UBHI, SAMPLE_DEPTH_M, POROSITY, PERMEABILITY, WATER_SAT, FORMATION) VALUES ('WELL00000000001-BH2', 1900, 0.1347, 407.5788, 0.4324, 'Rajahmundry');
INSERT INTO welldata.PETROPHYSICS (UBHI, SAMPLE_DEPTH_M, POROSITY, PERMEABILITY, WATER_SAT, FORMATION) VALUES ('WELL00000000001-BH2', 1920, 0.1131, 337.0511, 0.6271, 'Sanchore');
INSERT INTO welldata.PETROPHYSICS (UBHI, SAMPLE_DEPTH_M, POROSITY, PERMEABILITY, WATER_SAT, FORMATION) VALUES ('WELL00000000001-BH2', 1940, 0.1396, 449.4406, 0.6245, 'Rajahmundry');
INSERT INTO welldata.PETROPHYSICS (UBHI, SAMPLE_DEPTH_M, POROSITY, PERMEABILITY, WATER_SAT, FORMATION) VALUES ('WELL00000000001-BH2', 1960, 0.1208, 165.8184, 0.4805, 'Sanchore');
INSERT INTO welldata.PETROPHYSICS (UBHI, SAMPLE_DEPTH_M, POROSITY, PERMEABILITY, WATER_SAT, FORMATION) VALUES ('WELL00000000001-BH2', 1980, 0.1203, 413.6051, 0.4765, 'Bengal');
INSERT INTO welldata.PETROPHYSICS (UBHI, SAMPLE_DEPTH_M, POROSITY, PERMEABILITY, WATER_SAT, FORMATION) VALUES ('WELL00000000001-BH2', 2000, 0.1815, 181.849, 0.6701, 'Barmer');
INSERT INTO welldata.PETROPHYSICS (UBHI, SAMPLE_DEPTH_M, POROSITY, PERMEABILITY, WATER_SAT, FORMATION) VALUES ('WELL00000000001-BH2', 2020, 0.049, 28.6527, 0.5284, 'Sanchore');
INSERT INTO welldata.PETROPHYSICS (UBHI, SAMPLE_DEPTH_M, POROSITY, PERMEABILITY, WATER_SAT, FORMATION) VALUES ('WELL00000000001-BH2', 2040, 0.058, 76.7576, 0.7117, 'Sanchore');
INSERT INTO welldata.PETROPHYSICS (UBHI, SAMPLE_DEPTH_M, POROSITY, PERMEABILITY, WATER_SAT, FORMATION) VALUES ('WELL00000000001-BH2', 2060, 0.0964, 44.5617, 0.583, 'Rajahmundry');
INSERT INTO welldata.PETROPHYSICS (UBHI, SAMPLE_DEPTH_M, POROSITY, PERMEABILITY, WATER_SAT, FORMATION) VALUES ('WELL00000000001-BH2', 2080, 0.2373, 33.8989, 0.3393, 'Sanchore');
INSERT INTO welldata.PETROPHYSICS (UBHI, SAMPLE_DEPTH_M, POROSITY, PERMEABILITY, WATER_SAT, FORMATION) VALUES ('WELL00000000001-BH2', 2100, 0.2318, 16.8761, 0.7436, 'Barmer');
INSERT INTO welldata.PETROPHYSICS (UBHI, SAMPLE_DEPTH_M, POROSITY, PERMEABILITY, WATER_SAT, FORMATION) VALUES ('WELL00000000001-BH2', 2120, 0.0842, 406.4429, 0.2897, 'Bengal');
INSERT INTO welldata.PETROPHYSICS (UBHI, SAMPLE_DEPTH_M, POROSITY, PERMEABILITY, WATER_SAT, FORMATION) VALUES ('WELL00000000001-BH2', 2140, 0.0871, 24.9766, 0.7274, 'Sanchore');
INSERT INTO welldata.PETROPHYSICS (UBHI, SAMPLE_DEPTH_M, POROSITY, PERMEABILITY, WATER_SAT, FORMATION) VALUES ('WELL00000000001-BH2', 2160, 0.0433, 219.9848, 0.2486, 'Rajahmundry');
INSERT INTO welldata.PETROPHYSICS (UBHI, SAMPLE_DEPTH_M, POROSITY, PERMEABILITY, WATER_SAT, FORMATION) VALUES ('WELL00000000001-BH2', 2180, 0.0484, 237.7182, 0.2757, 'Sanchore');
INSERT INTO welldata.PETROPHYSICS (UBHI, SAMPLE_DEPTH_M, POROSITY, PERMEABILITY, WATER_SAT, FORMATION) VALUES ('WELL00000000001-BH2', 2200, 0.0869, 81.7574, 0.5606, 'Sanchore');
INSERT INTO welldata.PETROPHYSICS (UBHI, SAMPLE_DEPTH_M, POROSITY, PERMEABILITY, WATER_SAT, FORMATION) VALUES ('WELL00000000001-BH2', 2220, 0.0456, 9.3929, 0.2129, 'Barmer');
INSERT INTO welldata.PETROPHYSICS (UBHI, SAMPLE_DEPTH_M, POROSITY, PERMEABILITY, WATER_SAT, FORMATION) VALUES ('WELL00000000001-BH2', 2240, 0.0869, 231.4483, 0.4466, 'Barmer');
INSERT INTO welldata.PETROPHYSICS (UBHI, SAMPLE_DEPTH_M, POROSITY, PERMEABILITY, WATER_SAT, FORMATION) VALUES ('WELL00000000001-BH2', 2260, 0.1849, 74.5027, 0.311, 'Sanchore');
INSERT INTO welldata.PETROPHYSICS (UBHI, SAMPLE_DEPTH_M, POROSITY, PERMEABILITY, WATER_SAT, FORMATION) VALUES ('WELL00000000001-BH2', 2280, 0.1013, 6.6989, 0.6044, 'Barmer');
INSERT INTO welldata.PETROPHYSICS (UBHI, SAMPLE_DEPTH_M, POROSITY, PERMEABILITY, WATER_SAT, FORMATION) VALUES ('WELL00000000001-BH2', 2300, 0.2079, 416.4841, 0.5678, 'Bengal');
INSERT INTO welldata.PETROPHYSICS (UBHI, SAMPLE_DEPTH_M, POROSITY, PERMEABILITY, WATER_SAT, FORMATION) VALUES ('WELL00000000001-BH2', 2320, 0.2492, 411.9893, 0.3035, 'Rajahmundry');
INSERT INTO welldata.PETROPHYSICS (UBHI, SAMPLE_DEPTH_M, POROSITY, PERMEABILITY, WATER_SAT, FORMATION) VALUES ('WELL00000000001-BH2', 2340, 0.0901, 36.8734, 0.2219, 'Rajahmundry');
INSERT INTO welldata.PETROPHYSICS (UBHI, SAMPLE_DEPTH_M, POROSITY, PERMEABILITY, WATER_SAT, FORMATION) VALUES ('WELL00000000001-BH2', 2360, 0.0958, 433.079, 0.5703, 'Bengal');
INSERT INTO welldata.PETROPHYSICS (UBHI, SAMPLE_DEPTH_M, POROSITY, PERMEABILITY, WATER_SAT, FORMATION) VALUES ('WELL00000000001-BH2', 2380, 0.1126, 170.1693, 0.7063, 'Barmer');
INSERT INTO welldata.PETROPHYSICS (UBHI, SAMPLE_DEPTH_M, POROSITY, PERMEABILITY, WATER_SAT, FORMATION) VALUES ('WELL00000000001-BH2', 2400, 0.265, 273.5753, 0.5205, 'Bengal');
INSERT INTO welldata.PETROPHYSICS (UBHI, SAMPLE_DEPTH_M, POROSITY, PERMEABILITY, WATER_SAT, FORMATION) VALUES ('WELL00000000001-BH2', 2420, 0.2128, 134.7346, 0.5813, 'Sanchore');
INSERT INTO welldata.PETROPHYSICS (UBHI, SAMPLE_DEPTH_M, POROSITY, PERMEABILITY, WATER_SAT, FORMATION) VALUES ('WELL00000000001-BH2', 2440, 0.081, 65.9593, 0.7452, 'Barmer');
INSERT INTO welldata.PETROPHYSICS (UBHI, SAMPLE_DEPTH_M, POROSITY, PERMEABILITY, WATER_SAT, FORMATION) VALUES ('WELL00000000001-BH2', 2460, 0.2654, 50.2717, 0.5375, 'Sanchore');
INSERT INTO welldata.PETROPHYSICS (UBHI, SAMPLE_DEPTH_M, POROSITY, PERMEABILITY, WATER_SAT, FORMATION) VALUES ('WELL00000000001-BH2', 2480, 0.0676, 99.3334, 0.5134, 'Sanchore');
INSERT INTO welldata.PETROPHYSICS (UBHI, SAMPLE_DEPTH_M, POROSITY, PERMEABILITY, WATER_SAT, FORMATION) VALUES ('WELL00000000001-BH2', 2500, 0.0711, 415.1512, 0.7371, 'Rajahmundry');
INSERT INTO welldata.PETROPHYSICS (UBHI, SAMPLE_DEPTH_M, POROSITY, PERMEABILITY, WATER_SAT, FORMATION) VALUES ('WELL00000000001-BH2', 2520, 0.0559, 4.1321, 0.4728, 'Sanchore');
INSERT INTO welldata.PETROPHYSICS (UBHI, SAMPLE_DEPTH_M, POROSITY, PERMEABILITY, WATER_SAT, FORMATION) VALUES ('WELL00000000001-BH2', 2540, 0.088, 132.9839, 0.4804, 'Sanchore');
INSERT INTO welldata.PETROPHYSICS (UBHI, SAMPLE_DEPTH_M, POROSITY, PERMEABILITY, WATER_SAT, FORMATION) VALUES ('WELL00000000001-BH2', 2560, 0.0973, 249.943, 0.4216, 'Sanchore');
INSERT INTO welldata.PETROPHYSICS (UBHI, SAMPLE_DEPTH_M, POROSITY, PERMEABILITY, WATER_SAT, FORMATION) VALUES ('WELL00000000001-BH2', 2580, 0.2228, 98.3446, 0.2559, 'Rajahmundry');
INSERT INTO welldata.PETROPHYSICS (UBHI, SAMPLE_DEPTH_M, POROSITY, PERMEABILITY, WATER_SAT, FORMATION) VALUES ('WELL00000000001-BH2', 2600, 0.2399, 67.6105, 0.1759, 'Sanchore');
INSERT INTO welldata.PETROPHYSICS (UBHI, SAMPLE_DEPTH_M, POROSITY, PERMEABILITY, WATER_SAT, FORMATION) VALUES ('WELL00000000001-BH2', 2620, 0.2304, 299.1786, 0.2215, 'Bengal');
INSERT INTO welldata.PETROPHYSICS (UBHI, SAMPLE_DEPTH_M, POROSITY, PERMEABILITY, WATER_SAT, FORMATION) VALUES ('WELL00000000001-BH2', 2640, 0.2652, 321.3504, 0.4663, 'Bengal');
INSERT INTO welldata.PETROPHYSICS (UBHI, SAMPLE_DEPTH_M, POROSITY, PERMEABILITY, WATER_SAT, FORMATION) VALUES ('WELL00000000001-BH2', 2660, 0.124, 204.4737, 0.6746, 'Barmer');
INSERT INTO welldata.PETROPHYSICS (UBHI, SAMPLE_DEPTH_M, POROSITY, PERMEABILITY, WATER_SAT, FORMATION) VALUES ('WELL00000000001-BH2', 2680, 0.2397, 220.2568, 0.3562, 'Bengal');
INSERT INTO welldata.PETROPHYSICS (UBHI, SAMPLE_DEPTH_M, POROSITY, PERMEABILITY, WATER_SAT, FORMATION) VALUES ('WELL00000000001-BH2', 2700, 0.2525, 239.5678, 0.7025, 'Sanchore');
INSERT INTO welldata.PETROPHYSICS (UBHI, SAMPLE_DEPTH_M, POROSITY, PERMEABILITY, WATER_SAT, FORMATION) VALUES ('WELL00000000001-BH2', 2720, 0.1158, 431.1503, 0.4567, 'Sanchore');
INSERT INTO welldata.PETROPHYSICS (UBHI, SAMPLE_DEPTH_M, POROSITY, PERMEABILITY, WATER_SAT, FORMATION) VALUES ('WELL00000000001-BH2', 2740, 0.0801, 290.2381, 0.2413, 'Bengal');
INSERT INTO welldata.PETROPHYSICS (UBHI, SAMPLE_DEPTH_M, POROSITY, PERMEABILITY, WATER_SAT, FORMATION) VALUES ('WELL00000000001-BH2', 2760, 0.0812, 385.1717, 0.3358, 'Barmer');
INSERT INTO welldata.PETROPHYSICS (UBHI, SAMPLE_DEPTH_M, POROSITY, PERMEABILITY, WATER_SAT, FORMATION) VALUES ('WELL00000000001-BH2', 2780, 0.2428, 308.0637, 0.1915, 'Bengal');
INSERT INTO welldata.PETROPHYSICS (UBHI, SAMPLE_DEPTH_M, POROSITY, PERMEABILITY, WATER_SAT, FORMATION) VALUES ('WELL00000000001-BH2', 2800, 0.1959, 330.9456, 0.3696, 'Sanchore');
INSERT INTO welldata.PETROPHYSICS (UBHI, SAMPLE_DEPTH_M, POROSITY, PERMEABILITY, WATER_SAT, FORMATION) VALUES ('WELL00000000001-BH2', 2820, 0.1221, 54.2748, 0.7191, 'Rajahmundry');
INSERT INTO welldata.PETROPHYSICS (UBHI, SAMPLE_DEPTH_M, POROSITY, PERMEABILITY, WATER_SAT, FORMATION) VALUES ('WELL00000000001-BH2', 2840, 0.055, 377.0002, 0.3326, 'Barmer');
INSERT INTO welldata.PETROPHYSICS (UBHI, SAMPLE_DEPTH_M, POROSITY, PERMEABILITY, WATER_SAT, FORMATION) VALUES ('WELL00000000001-BH2', 2860, 0.2075, 3.171, 0.2083, 'Bengal');
INSERT INTO welldata.PETROPHYSICS (UBHI, SAMPLE_DEPTH_M, POROSITY, PERMEABILITY, WATER_SAT, FORMATION) VALUES ('WELL00000000001-BH2', 2880, 0.0947, 140.2185, 0.4564, 'Barmer');
INSERT INTO welldata.PETROPHYSICS (UBHI, SAMPLE_DEPTH_M, POROSITY, PERMEABILITY, WATER_SAT, FORMATION) VALUES ('WELL00000000001-BH2', 2900, 0.163, 160.0979, 0.4099, 'Rajahmundry');
INSERT INTO welldata.PETROPHYSICS (UBHI, SAMPLE_DEPTH_M, POROSITY, PERMEABILITY, WATER_SAT, FORMATION) VALUES ('WELL00000000001-BH2', 2920, 0.0451, 218.624, 0.2604, 'Sanchore');
INSERT INTO welldata.PETROPHYSICS (UBHI, SAMPLE_DEPTH_M, POROSITY, PERMEABILITY, WATER_SAT, FORMATION) VALUES ('WELL00000000001-BH2', 2940, 0.0609, 289.7559, 0.2678, 'Sanchore');
INSERT INTO welldata.PETROPHYSICS (UBHI, SAMPLE_DEPTH_M, POROSITY, PERMEABILITY, WATER_SAT, FORMATION) VALUES ('WELL00000000001-BH2', 2960, 0.0922, 400.3546, 0.4813, 'Rajahmundry');
INSERT INTO welldata.PETROPHYSICS (UBHI, SAMPLE_DEPTH_M, POROSITY, PERMEABILITY, WATER_SAT, FORMATION) VALUES ('WELL00000000001-BH2', 2980, 0.0564, 143.5445, 0.5949, 'Sanchore');
INSERT INTO welldata.PETROPHYSICS (UBHI, SAMPLE_DEPTH_M, POROSITY, PERMEABILITY, WATER_SAT, FORMATION) VALUES ('WELL00000000001-BH2', 3000, 0.1211, 382.9976, 0.3072, 'Sanchore');
INSERT INTO welldata.PRODUCTION (UWI, PROD_DATE, OIL_BBL, GAS_MCF, WATER_BBL, HOURS_ON) VALUES ('WELL00000000001', TO_DATE('2015-01-01','YYYY-MM-DD'), 106.19, 2785.38, 504.65, 307.84);
INSERT INTO welldata.PRODUCTION (UWI, PROD_DATE, OIL_BBL, GAS_MCF, WATER_BBL, HOURS_ON) VALUES ('WELL00000000001', TO_DATE('2015-02-01','YYYY-MM-DD'), 2510.88, 3860.75, 473.2, 412.55);
INSERT INTO welldata.PRODUCTION (UWI, PROD_DATE, OIL_BBL, GAS_MCF, WATER_BBL, HOURS_ON) VALUES ('WELL00000000001', TO_DATE('2015-03-01','YYYY-MM-DD'), 2854.88, 4488.27, 957.88, 149.16);
INSERT INTO welldata.PRODUCTION (UWI, PROD_DATE, OIL_BBL, GAS_MCF, WATER_BBL, HOURS_ON) VALUES ('WELL00000000001', TO_DATE('2015-04-01','YYYY-MM-DD'), 1322.75, 13915.47, 341.76, 333.88);
INSERT INTO welldata.PRODUCTION (UWI, PROD_DATE, OIL_BBL, GAS_MCF, WATER_BBL, HOURS_ON) VALUES ('WELL00000000001', TO_DATE('2015-05-01','YYYY-MM-DD'), 1979.73, 8526.57, 872.53, 485.13);
INSERT INTO welldata.PRODUCTION (UWI, PROD_DATE, OIL_BBL, GAS_MCF, WATER_BBL, HOURS_ON) VALUES ('WELL00000000001', TO_DATE('2015-06-01','YYYY-MM-DD'), 2042.39, 4907.69, 540.54, 358.2);
INSERT INTO welldata.PRODUCTION (UWI, PROD_DATE, OIL_BBL, GAS_MCF, WATER_BBL, HOURS_ON) VALUES ('WELL00000000001', TO_DATE('2015-07-01','YYYY-MM-DD'), 1590.89, 8548.32, 1313.47, 357.5);
INSERT INTO welldata.PRODUCTION (UWI, PROD_DATE, OIL_BBL, GAS_MCF, WATER_BBL, HOURS_ON) VALUES ('WELL00000000001', TO_DATE('2015-08-01','YYYY-MM-DD'), 1375.28, 12506.55, 1457.19, 265.74);
INSERT INTO welldata.PRODUCTION (UWI, PROD_DATE, OIL_BBL, GAS_MCF, WATER_BBL, HOURS_ON) VALUES ('WELL00000000001', TO_DATE('2015-09-01','YYYY-MM-DD'), 2204.77, 3789.42, 1116.86, 143.12);
INSERT INTO welldata.PRODUCTION (UWI, PROD_DATE, OIL_BBL, GAS_MCF, WATER_BBL, HOURS_ON) VALUES ('WELL00000000001', TO_DATE('2015-10-01','YYYY-MM-DD'), 1546.03, 8592.68, 1055.4, 670.22);
INSERT INTO welldata.PRODUCTION (UWI, PROD_DATE, OIL_BBL, GAS_MCF, WATER_BBL, HOURS_ON) VALUES ('WELL00000000001', TO_DATE('2015-11-01','YYYY-MM-DD'), 2395.53, 8489.9, 755.82, 127.94);
INSERT INTO welldata.PRODUCTION (UWI, PROD_DATE, OIL_BBL, GAS_MCF, WATER_BBL, HOURS_ON) VALUES ('WELL00000000001', TO_DATE('2015-12-01','YYYY-MM-DD'), 1680.36, 8477.14, 1118.31, 219.24);
INSERT INTO welldata.PRODUCTION (UWI, PROD_DATE, OIL_BBL, GAS_MCF, WATER_BBL, HOURS_ON) VALUES ('WELL00000000001', TO_DATE('2016-01-01','YYYY-MM-DD'), 1786.55, 868.58, 1094.33, 612.97);
INSERT INTO welldata.PRODUCTION (UWI, PROD_DATE, OIL_BBL, GAS_MCF, WATER_BBL, HOURS_ON) VALUES ('WELL00000000001', TO_DATE('2016-02-01','YYYY-MM-DD'), 1341.44, 10346.52, 1000.22, 302.16);
INSERT INTO welldata.PRODUCTION (UWI, PROD_DATE, OIL_BBL, GAS_MCF, WATER_BBL, HOURS_ON) VALUES ('WELL00000000001', TO_DATE('2016-03-01','YYYY-MM-DD'), 310.32, 11394.17, 548.47, 216.83);
INSERT INTO welldata.PRODUCTION (UWI, PROD_DATE, OIL_BBL, GAS_MCF, WATER_BBL, HOURS_ON) VALUES ('WELL00000000001', TO_DATE('2016-04-01','YYYY-MM-DD'), 1354.51, 12510.82, 1432.2, 460.4);
INSERT INTO welldata.PRODUCTION (UWI, PROD_DATE, OIL_BBL, GAS_MCF, WATER_BBL, HOURS_ON) VALUES ('WELL00000000001', TO_DATE('2016-05-01','YYYY-MM-DD'), 2911.08, 2684.03, 745.82, 125.03);
INSERT INTO welldata.PRODUCTION (UWI, PROD_DATE, OIL_BBL, GAS_MCF, WATER_BBL, HOURS_ON) VALUES ('WELL00000000001', TO_DATE('2016-06-01','YYYY-MM-DD'), 740.2, 13160.75, 107.9, 512.66);
INSERT INTO welldata.PRODUCTION (UWI, PROD_DATE, OIL_BBL, GAS_MCF, WATER_BBL, HOURS_ON) VALUES ('WELL00000000001', TO_DATE('2016-07-01','YYYY-MM-DD'), 1553.15, 14814.9, 1490.52, 194.0);
INSERT INTO welldata.PRODUCTION (UWI, PROD_DATE, OIL_BBL, GAS_MCF, WATER_BBL, HOURS_ON) VALUES ('WELL00000000001', TO_DATE('2016-08-01','YYYY-MM-DD'), 823.12, 14872.14, 508.32, 228.29);
INSERT INTO welldata.PRODUCTION (UWI, PROD_DATE, OIL_BBL, GAS_MCF, WATER_BBL, HOURS_ON) VALUES ('WELL00000000001', TO_DATE('2016-09-01','YYYY-MM-DD'), 2739.73, 9296.61, 476.07, 452.63);
INSERT INTO welldata.PRODUCTION (UWI, PROD_DATE, OIL_BBL, GAS_MCF, WATER_BBL, HOURS_ON) VALUES ('WELL00000000001', TO_DATE('2016-10-01','YYYY-MM-DD'), 1310.85, 6923.98, 837.14, 221.87);
INSERT INTO welldata.PRODUCTION (UWI, PROD_DATE, OIL_BBL, GAS_MCF, WATER_BBL, HOURS_ON) VALUES ('WELL00000000001', TO_DATE('2016-11-01','YYYY-MM-DD'), 1866.03, 14332.01, 896.22, 592.5);
INSERT INTO welldata.PRODUCTION (UWI, PROD_DATE, OIL_BBL, GAS_MCF, WATER_BBL, HOURS_ON) VALUES ('WELL00000000001', TO_DATE('2016-12-01','YYYY-MM-DD'), 883.48, 2403.48, 29.53, 708.79);
INSERT INTO welldata.PRODUCTION (UWI, PROD_DATE, OIL_BBL, GAS_MCF, WATER_BBL, HOURS_ON) VALUES ('WELL00000000001', TO_DATE('2017-01-01','YYYY-MM-DD'), 401.23, 5762.22, 988.99, 560.76);
INSERT INTO welldata.PRODUCTION (UWI, PROD_DATE, OIL_BBL, GAS_MCF, WATER_BBL, HOURS_ON) VALUES ('WELL00000000001', TO_DATE('2017-02-01','YYYY-MM-DD'), 1873.49, 6649.48, 1226.1, 385.42);
INSERT INTO welldata.PRODUCTION (UWI, PROD_DATE, OIL_BBL, GAS_MCF, WATER_BBL, HOURS_ON) VALUES ('WELL00000000001', TO_DATE('2017-03-01','YYYY-MM-DD'), 2514.15, 904.97, 1088.58, 178.38);
INSERT INTO welldata.PRODUCTION (UWI, PROD_DATE, OIL_BBL, GAS_MCF, WATER_BBL, HOURS_ON) VALUES ('WELL00000000001', TO_DATE('2017-04-01','YYYY-MM-DD'), 1193.3, 6706.47, 289.34, 389.37);
INSERT INTO welldata.PRODUCTION (UWI, PROD_DATE, OIL_BBL, GAS_MCF, WATER_BBL, HOURS_ON) VALUES ('WELL00000000001', TO_DATE('2017-05-01','YYYY-MM-DD'), 2566.04, 642.48, 307.0, 705.37);
INSERT INTO welldata.PRODUCTION (UWI, PROD_DATE, OIL_BBL, GAS_MCF, WATER_BBL, HOURS_ON) VALUES ('WELL00000000001', TO_DATE('2017-06-01','YYYY-MM-DD'), 1377.4, 5907.06, 1370.72, 585.52);
INSERT INTO welldata.PRODUCTION (UWI, PROD_DATE, OIL_BBL, GAS_MCF, WATER_BBL, HOURS_ON) VALUES ('WELL00000000001', TO_DATE('2017-07-01','YYYY-MM-DD'), 561.89, 9008.5, 287.0, 585.43);
INSERT INTO welldata.PRODUCTION (UWI, PROD_DATE, OIL_BBL, GAS_MCF, WATER_BBL, HOURS_ON) VALUES ('WELL00000000001', TO_DATE('2017-08-01','YYYY-MM-DD'), 1691.48, 11998.99, 116.09, 676.8);
INSERT INTO welldata.PRODUCTION (UWI, PROD_DATE, OIL_BBL, GAS_MCF, WATER_BBL, HOURS_ON) VALUES ('WELL00000000001', TO_DATE('2017-09-01','YYYY-MM-DD'), 727.94, 12761.74, 673.56, 653.31);
INSERT INTO welldata.PRODUCTION (UWI, PROD_DATE, OIL_BBL, GAS_MCF, WATER_BBL, HOURS_ON) VALUES ('WELL00000000001', TO_DATE('2017-10-01','YYYY-MM-DD'), 349.84, 901.52, 713.07, 678.28);
INSERT INTO welldata.PRODUCTION (UWI, PROD_DATE, OIL_BBL, GAS_MCF, WATER_BBL, HOURS_ON) VALUES ('WELL00000000001', TO_DATE('2017-11-01','YYYY-MM-DD'), 1422.68, 7661.33, 263.0, 444.62);
INSERT INTO welldata.PRODUCTION (UWI, PROD_DATE, OIL_BBL, GAS_MCF, WATER_BBL, HOURS_ON) VALUES ('WELL00000000001', TO_DATE('2017-12-01','YYYY-MM-DD'), 1310.26, 13329.92, 1116.61, 406.66);
INSERT INTO welldata.PRODUCTION (UWI, PROD_DATE, OIL_BBL, GAS_MCF, WATER_BBL, HOURS_ON) VALUES ('WELL00000000001', TO_DATE('2018-01-01','YYYY-MM-DD'), 489.42, 2274.73, 1457.45, 486.61);
INSERT INTO welldata.PRODUCTION (UWI, PROD_DATE, OIL_BBL, GAS_MCF, WATER_BBL, HOURS_ON) VALUES ('WELL00000000001', TO_DATE('2018-02-01','YYYY-MM-DD'), 713.67, 12183.56, 339.86, 392.4);
INSERT INTO welldata.PRODUCTION (UWI, PROD_DATE, OIL_BBL, GAS_MCF, WATER_BBL, HOURS_ON) VALUES ('WELL00000000001', TO_DATE('2018-03-01','YYYY-MM-DD'), 2637.67, 1640.7, 172.37, 151.55);
INSERT INTO welldata.PRODUCTION (UWI, PROD_DATE, OIL_BBL, GAS_MCF, WATER_BBL, HOURS_ON) VALUES ('WELL00000000001', TO_DATE('2018-04-01','YYYY-MM-DD'), 497.53, 5680.52, 496.04, 288.07);
INSERT INTO welldata.PRODUCTION (UWI, PROD_DATE, OIL_BBL, GAS_MCF, WATER_BBL, HOURS_ON) VALUES ('WELL00000000001', TO_DATE('2018-05-01','YYYY-MM-DD'), 91.78, 7358.06, 679.15, 564.48);
INSERT INTO welldata.PRODUCTION (UWI, PROD_DATE, OIL_BBL, GAS_MCF, WATER_BBL, HOURS_ON) VALUES ('WELL00000000001', TO_DATE('2018-06-01','YYYY-MM-DD'), 944.13, 8759.68, 483.46, 571.8);
INSERT INTO welldata.PRODUCTION (UWI, PROD_DATE, OIL_BBL, GAS_MCF, WATER_BBL, HOURS_ON) VALUES ('WELL00000000001', TO_DATE('2018-07-01','YYYY-MM-DD'), 563.73, 7391.32, 679.75, 395.24);
INSERT INTO welldata.PRODUCTION (UWI, PROD_DATE, OIL_BBL, GAS_MCF, WATER_BBL, HOURS_ON) VALUES ('WELL00000000001', TO_DATE('2018-08-01','YYYY-MM-DD'), 1637.43, 8088.46, 488.19, 614.46);
INSERT INTO welldata.PRODUCTION (UWI, PROD_DATE, OIL_BBL, GAS_MCF, WATER_BBL, HOURS_ON) VALUES ('WELL00000000001', TO_DATE('2018-09-01','YYYY-MM-DD'), 2856.89, 8429.21, 960.53, 554.19);
INSERT INTO welldata.PRODUCTION (UWI, PROD_DATE, OIL_BBL, GAS_MCF, WATER_BBL, HOURS_ON) VALUES ('WELL00000000001', TO_DATE('2018-10-01','YYYY-MM-DD'), 993.43, 8925.13, 704.63, 410.66);
INSERT INTO welldata.PRODUCTION (UWI, PROD_DATE, OIL_BBL, GAS_MCF, WATER_BBL, HOURS_ON) VALUES ('WELL00000000001', TO_DATE('2018-11-01','YYYY-MM-DD'), 1212.71, 8090.26, 342.84, 264.61);
INSERT INTO welldata.PRODUCTION (UWI, PROD_DATE, OIL_BBL, GAS_MCF, WATER_BBL, HOURS_ON) VALUES ('WELL00000000001', TO_DATE('2018-12-01','YYYY-MM-DD'), 640.47, 8957.87, 383.09, 588.38);
INSERT INTO welldata.PRODUCTION (UWI, PROD_DATE, OIL_BBL, GAS_MCF, WATER_BBL, HOURS_ON) VALUES ('WELL00000000001', TO_DATE('2019-01-01','YYYY-MM-DD'), 2720.64, 11419.93, 505.86, 685.58);
INSERT INTO welldata.PRODUCTION (UWI, PROD_DATE, OIL_BBL, GAS_MCF, WATER_BBL, HOURS_ON) VALUES ('WELL00000000001', TO_DATE('2019-02-01','YYYY-MM-DD'), 1065.64, 5487.33, 901.01, 516.41);
INSERT INTO welldata.PRODUCTION (UWI, PROD_DATE, OIL_BBL, GAS_MCF, WATER_BBL, HOURS_ON) VALUES ('WELL00000000001', TO_DATE('2019-03-01','YYYY-MM-DD'), 1256.07, 11821.32, 1283.22, 293.16);
INSERT INTO welldata.PRODUCTION (UWI, PROD_DATE, OIL_BBL, GAS_MCF, WATER_BBL, HOURS_ON) VALUES ('WELL00000000001', TO_DATE('2019-04-01','YYYY-MM-DD'), 712.58, 6021.86, 1053.94, 521.89);
INSERT INTO welldata.PRODUCTION (UWI, PROD_DATE, OIL_BBL, GAS_MCF, WATER_BBL, HOURS_ON) VALUES ('WELL00000000001', TO_DATE('2019-05-01','YYYY-MM-DD'), 568.1, 5891.6, 1354.75, 695.94);
INSERT INTO welldata.PRODUCTION (UWI, PROD_DATE, OIL_BBL, GAS_MCF, WATER_BBL, HOURS_ON) VALUES ('WELL00000000001', TO_DATE('2019-06-01','YYYY-MM-DD'), 1832.46, 11723.75, 1262.91, 253.32);
INSERT INTO welldata.PRODUCTION (UWI, PROD_DATE, OIL_BBL, GAS_MCF, WATER_BBL, HOURS_ON) VALUES ('WELL00000000001', TO_DATE('2019-07-01','YYYY-MM-DD'), 244.35, 9209.24, 589.34, 546.45);
INSERT INTO welldata.PRODUCTION (UWI, PROD_DATE, OIL_BBL, GAS_MCF, WATER_BBL, HOURS_ON) VALUES ('WELL00000000001', TO_DATE('2019-08-01','YYYY-MM-DD'), 916.35, 6566.04, 1216.27, 175.95);
INSERT INTO welldata.PRODUCTION (UWI, PROD_DATE, OIL_BBL, GAS_MCF, WATER_BBL, HOURS_ON) VALUES ('WELL00000000001', TO_DATE('2019-09-01','YYYY-MM-DD'), 1253.13, 2383.3, 809.75, 559.66);
INSERT INTO welldata.PRODUCTION (UWI, PROD_DATE, OIL_BBL, GAS_MCF, WATER_BBL, HOURS_ON) VALUES ('WELL00000000001', TO_DATE('2019-10-01','YYYY-MM-DD'), 2962.2, 11326.67, 233.49, 382.2);
INSERT INTO welldata.PRODUCTION (UWI, PROD_DATE, OIL_BBL, GAS_MCF, WATER_BBL, HOURS_ON) VALUES ('WELL00000000001', TO_DATE('2019-11-01','YYYY-MM-DD'), 1649.46, 9602.64, 1057.25, 703.98);
INSERT INTO welldata.PRODUCTION (UWI, PROD_DATE, OIL_BBL, GAS_MCF, WATER_BBL, HOURS_ON) VALUES ('WELL00000000001', TO_DATE('2019-12-01','YYYY-MM-DD'), 2829.51, 3207.55, 254.41, 702.02);
INSERT INTO welldata.PRODUCTION (UWI, PROD_DATE, OIL_BBL, GAS_MCF, WATER_BBL, HOURS_ON) VALUES ('WELL00000000001', TO_DATE('2020-01-01','YYYY-MM-DD'), 523.54, 14526.56, 197.36, 470.97);
INSERT INTO welldata.PRODUCTION (UWI, PROD_DATE, OIL_BBL, GAS_MCF, WATER_BBL, HOURS_ON) VALUES ('WELL00000000001', TO_DATE('2020-02-01','YYYY-MM-DD'), 433.15, 2093.61, 514.07, 596.25);
INSERT INTO welldata.PRODUCTION (UWI, PROD_DATE, OIL_BBL, GAS_MCF, WATER_BBL, HOURS_ON) VALUES ('WELL00000000001', TO_DATE('2020-03-01','YYYY-MM-DD'), 2121.68, 4827.38, 222.89, 335.18);
INSERT INTO welldata.PRODUCTION (UWI, PROD_DATE, OIL_BBL, GAS_MCF, WATER_BBL, HOURS_ON) VALUES ('WELL00000000001', TO_DATE('2020-04-01','YYYY-MM-DD'), 563.75, 3601.78, 755.49, 413.23);
INSERT INTO welldata.PRODUCTION (UWI, PROD_DATE, OIL_BBL, GAS_MCF, WATER_BBL, HOURS_ON) VALUES ('WELL00000000001', TO_DATE('2020-05-01','YYYY-MM-DD'), 2771.71, 1437.42, 808.68, 458.89);
INSERT INTO welldata.PRODUCTION (UWI, PROD_DATE, OIL_BBL, GAS_MCF, WATER_BBL, HOURS_ON) VALUES ('WELL00000000001', TO_DATE('2020-06-01','YYYY-MM-DD'), 471.17, 5471.67, 224.05, 656.19);
INSERT INTO welldata.PRODUCTION (UWI, PROD_DATE, OIL_BBL, GAS_MCF, WATER_BBL, HOURS_ON) VALUES ('WELL00000000001', TO_DATE('2020-07-01','YYYY-MM-DD'), 1078.2, 1066.29, 723.26, 437.42);
INSERT INTO welldata.PRODUCTION (UWI, PROD_DATE, OIL_BBL, GAS_MCF, WATER_BBL, HOURS_ON) VALUES ('WELL00000000001', TO_DATE('2020-08-01','YYYY-MM-DD'), 2667.31, 10814.38, 325.08, 665.01);
INSERT INTO welldata.PRODUCTION (UWI, PROD_DATE, OIL_BBL, GAS_MCF, WATER_BBL, HOURS_ON) VALUES ('WELL00000000001', TO_DATE('2020-09-01','YYYY-MM-DD'), 64.92, 10488.19, 82.39, 611.81);
INSERT INTO welldata.PRODUCTION (UWI, PROD_DATE, OIL_BBL, GAS_MCF, WATER_BBL, HOURS_ON) VALUES ('WELL00000000001', TO_DATE('2020-10-01','YYYY-MM-DD'), 608.72, 11979.54, 1223.86, 582.89);
INSERT INTO welldata.PRODUCTION (UWI, PROD_DATE, OIL_BBL, GAS_MCF, WATER_BBL, HOURS_ON) VALUES ('WELL00000000001', TO_DATE('2020-11-01','YYYY-MM-DD'), 374.94, 6064.19, 175.1, 551.18);
INSERT INTO welldata.PRODUCTION (UWI, PROD_DATE, OIL_BBL, GAS_MCF, WATER_BBL, HOURS_ON) VALUES ('WELL00000000001', TO_DATE('2020-12-01','YYYY-MM-DD'), 2982.48, 7888.66, 984.91, 520.23);
INSERT INTO welldata.PRODUCTION (UWI, PROD_DATE, OIL_BBL, GAS_MCF, WATER_BBL, HOURS_ON) VALUES ('WELL00000000001', TO_DATE('2021-01-01','YYYY-MM-DD'), 471.02, 5634.78, 536.37, 570.37);
INSERT INTO welldata.PRODUCTION (UWI, PROD_DATE, OIL_BBL, GAS_MCF, WATER_BBL, HOURS_ON) VALUES ('WELL00000000001', TO_DATE('2021-02-01','YYYY-MM-DD'), 1263.59, 5583.9, 832.52, 243.56);
INSERT INTO welldata.PRODUCTION (UWI, PROD_DATE, OIL_BBL, GAS_MCF, WATER_BBL, HOURS_ON) VALUES ('WELL00000000001', TO_DATE('2021-03-01','YYYY-MM-DD'), 242.61, 3646.23, 50.85, 521.68);
INSERT INTO welldata.PRODUCTION (UWI, PROD_DATE, OIL_BBL, GAS_MCF, WATER_BBL, HOURS_ON) VALUES ('WELL00000000001', TO_DATE('2021-04-01','YYYY-MM-DD'), 1397.45, 9288.08, 860.27, 152.51);
INSERT INTO welldata.PRODUCTION (UWI, PROD_DATE, OIL_BBL, GAS_MCF, WATER_BBL, HOURS_ON) VALUES ('WELL00000000001', TO_DATE('2021-05-01','YYYY-MM-DD'), 2454.47, 12301.2, 31.23, 378.11);
INSERT INTO welldata.PRODUCTION (UWI, PROD_DATE, OIL_BBL, GAS_MCF, WATER_BBL, HOURS_ON) VALUES ('WELL00000000001', TO_DATE('2021-06-01','YYYY-MM-DD'), 2367.89, 6290.14, 1292.48, 537.12);
INSERT INTO welldata.PRODUCTION (UWI, PROD_DATE, OIL_BBL, GAS_MCF, WATER_BBL, HOURS_ON) VALUES ('WELL00000000001', TO_DATE('2021-07-01','YYYY-MM-DD'), 1998.86, 13595.92, 1172.86, 470.98);
INSERT INTO welldata.PRODUCTION (UWI, PROD_DATE, OIL_BBL, GAS_MCF, WATER_BBL, HOURS_ON) VALUES ('WELL00000000001', TO_DATE('2021-08-01','YYYY-MM-DD'), 189.54, 6871.65, 1039.33, 433.9);
INSERT INTO welldata.PRODUCTION (UWI, PROD_DATE, OIL_BBL, GAS_MCF, WATER_BBL, HOURS_ON) VALUES ('WELL00000000001', TO_DATE('2021-09-01','YYYY-MM-DD'), 1774.97, 5305.35, 1264.96, 267.26);
INSERT INTO welldata.PRODUCTION (UWI, PROD_DATE, OIL_BBL, GAS_MCF, WATER_BBL, HOURS_ON) VALUES ('WELL00000000001', TO_DATE('2021-10-01','YYYY-MM-DD'), 1936.64, 6607.63, 240.13, 131.45);
INSERT INTO welldata.PRODUCTION (UWI, PROD_DATE, OIL_BBL, GAS_MCF, WATER_BBL, HOURS_ON) VALUES ('WELL00000000001', TO_DATE('2021-11-01','YYYY-MM-DD'), 433.26, 4394.41, 719.1, 136.06);
INSERT INTO welldata.PRODUCTION (UWI, PROD_DATE, OIL_BBL, GAS_MCF, WATER_BBL, HOURS_ON) VALUES ('WELL00000000001', TO_DATE('2021-12-01','YYYY-MM-DD'), 248.05, 11966.51, 1470.75, 378.6);
INSERT INTO welldata.PRODUCTION (UWI, PROD_DATE, OIL_BBL, GAS_MCF, WATER_BBL, HOURS_ON) VALUES ('WELL00000000001', TO_DATE('2022-01-01','YYYY-MM-DD'), 1435.87, 9080.15, 163.37, 443.21);
INSERT INTO welldata.PRODUCTION (UWI, PROD_DATE, OIL_BBL, GAS_MCF, WATER_BBL, HOURS_ON) VALUES ('WELL00000000001', TO_DATE('2022-02-01','YYYY-MM-DD'), 2038.35, 14169.66, 971.89, 446.94);
INSERT INTO welldata.PRODUCTION (UWI, PROD_DATE, OIL_BBL, GAS_MCF, WATER_BBL, HOURS_ON) VALUES ('WELL00000000001', TO_DATE('2022-03-01','YYYY-MM-DD'), 1259.86, 13686.15, 794.56, 406.55);
INSERT INTO welldata.PRODUCTION (UWI, PROD_DATE, OIL_BBL, GAS_MCF, WATER_BBL, HOURS_ON) VALUES ('WELL00000000001', TO_DATE('2022-04-01','YYYY-MM-DD'), 2214.64, 6624.19, 119.53, 475.1);
INSERT INTO welldata.PRODUCTION (UWI, PROD_DATE, OIL_BBL, GAS_MCF, WATER_BBL, HOURS_ON) VALUES ('WELL00000000001', TO_DATE('2022-05-01','YYYY-MM-DD'), 2604.74, 5602.77, 162.34, 183.43);
INSERT INTO welldata.PRODUCTION (UWI, PROD_DATE, OIL_BBL, GAS_MCF, WATER_BBL, HOURS_ON) VALUES ('WELL00000000001', TO_DATE('2022-06-01','YYYY-MM-DD'), 2723.68, 1755.24, 988.22, 172.5);
INSERT INTO welldata.PRODUCTION (UWI, PROD_DATE, OIL_BBL, GAS_MCF, WATER_BBL, HOURS_ON) VALUES ('WELL00000000001', TO_DATE('2022-07-01','YYYY-MM-DD'), 1561.49, 13676.77, 367.02, 304.42);
INSERT INTO welldata.PRODUCTION (UWI, PROD_DATE, OIL_BBL, GAS_MCF, WATER_BBL, HOURS_ON) VALUES ('WELL00000000001', TO_DATE('2022-08-01','YYYY-MM-DD'), 1853.51, 8644.78, 849.51, 355.22);
INSERT INTO welldata.PRODUCTION (UWI, PROD_DATE, OIL_BBL, GAS_MCF, WATER_BBL, HOURS_ON) VALUES ('WELL00000000001', TO_DATE('2022-09-01','YYYY-MM-DD'), 170.64, 8969.0, 429.61, 492.25);
INSERT INTO welldata.PRODUCTION (UWI, PROD_DATE, OIL_BBL, GAS_MCF, WATER_BBL, HOURS_ON) VALUES ('WELL00000000001', TO_DATE('2022-10-01','YYYY-MM-DD'), 1341.77, 4102.41, 1493.77, 312.98);
INSERT INTO welldata.PRODUCTION (UWI, PROD_DATE, OIL_BBL, GAS_MCF, WATER_BBL, HOURS_ON) VALUES ('WELL00000000001', TO_DATE('2022-11-01','YYYY-MM-DD'), 2914.59, 7217.88, 810.34, 281.33);
INSERT INTO welldata.PRODUCTION (UWI, PROD_DATE, OIL_BBL, GAS_MCF, WATER_BBL, HOURS_ON) VALUES ('WELL00000000001', TO_DATE('2022-12-01','YYYY-MM-DD'), 562.75, 10621.58, 694.2, 471.1);
INSERT INTO welldata.PRODUCTION (UWI, PROD_DATE, OIL_BBL, GAS_MCF, WATER_BBL, HOURS_ON) VALUES ('WELL00000000001', TO_DATE('2023-01-01','YYYY-MM-DD'), 588.65, 7698.5, 994.86, 575.85);
INSERT INTO welldata.PRODUCTION (UWI, PROD_DATE, OIL_BBL, GAS_MCF, WATER_BBL, HOURS_ON) VALUES ('WELL00000000001', TO_DATE('2023-02-01','YYYY-MM-DD'), 2016.31, 6265.45, 1034.16, 478.12);
INSERT INTO welldata.PRODUCTION (UWI, PROD_DATE, OIL_BBL, GAS_MCF, WATER_BBL, HOURS_ON) VALUES ('WELL00000000001', TO_DATE('2023-03-01','YYYY-MM-DD'), 1458.34, 9491.49, 473.42, 157.9);
INSERT INTO welldata.PRODUCTION (UWI, PROD_DATE, OIL_BBL, GAS_MCF, WATER_BBL, HOURS_ON) VALUES ('WELL00000000001', TO_DATE('2023-04-01','YYYY-MM-DD'), 486.12, 14593.52, 1341.21, 616.22);
INSERT INTO welldata.PRODUCTION (UWI, PROD_DATE, OIL_BBL, GAS_MCF, WATER_BBL, HOURS_ON) VALUES ('WELL00000000001', TO_DATE('2023-05-01','YYYY-MM-DD'), 814.56, 12598.9, 1188.55, 444.73);
INSERT INTO welldata.PRODUCTION (UWI, PROD_DATE, OIL_BBL, GAS_MCF, WATER_BBL, HOURS_ON) VALUES ('WELL00000000001', TO_DATE('2023-06-01','YYYY-MM-DD'), 943.81, 1691.79, 1496.73, 719.26);
INSERT INTO welldata.PRODUCTION (UWI, PROD_DATE, OIL_BBL, GAS_MCF, WATER_BBL, HOURS_ON) VALUES ('WELL00000000001', TO_DATE('2023-07-01','YYYY-MM-DD'), 2560.19, 6741.73, 1099.87, 666.3);
INSERT INTO welldata.PRODUCTION (UWI, PROD_DATE, OIL_BBL, GAS_MCF, WATER_BBL, HOURS_ON) VALUES ('WELL00000000001', TO_DATE('2023-08-01','YYYY-MM-DD'), 1648.87, 1964.41, 1464.88, 442.64);
INSERT INTO welldata.PRODUCTION (UWI, PROD_DATE, OIL_BBL, GAS_MCF, WATER_BBL, HOURS_ON) VALUES ('WELL00000000001', TO_DATE('2023-09-01','YYYY-MM-DD'), 2320.4, 9375.43, 115.87, 397.18);
INSERT INTO welldata.PRODUCTION (UWI, PROD_DATE, OIL_BBL, GAS_MCF, WATER_BBL, HOURS_ON) VALUES ('WELL00000000001', TO_DATE('2023-10-01','YYYY-MM-DD'), 85.33, 4061.91, 1443.07, 534.88);
INSERT INTO welldata.PRODUCTION (UWI, PROD_DATE, OIL_BBL, GAS_MCF, WATER_BBL, HOURS_ON) VALUES ('WELL00000000001', TO_DATE('2023-11-01','YYYY-MM-DD'), 1718.79, 1769.45, 1034.16, 483.27);
INSERT INTO welldata.PRODUCTION (UWI, PROD_DATE, OIL_BBL, GAS_MCF, WATER_BBL, HOURS_ON) VALUES ('WELL00000000001', TO_DATE('2023-12-01','YYYY-MM-DD'), 1930.52, 10356.19, 1393.29, 388.42);
INSERT INTO welldata.PRODUCTION (UWI, PROD_DATE, OIL_BBL, GAS_MCF, WATER_BBL, HOURS_ON) VALUES ('WELL00000000001', TO_DATE('2024-01-01','YYYY-MM-DD'), 1852.46, 7993.44, 891.76, 527.61);
INSERT INTO welldata.PRODUCTION (UWI, PROD_DATE, OIL_BBL, GAS_MCF, WATER_BBL, HOURS_ON) VALUES ('WELL00000000001', TO_DATE('2024-02-01','YYYY-MM-DD'), 604.49, 927.63, 192.17, 145.63);
INSERT INTO welldata.PRODUCTION (UWI, PROD_DATE, OIL_BBL, GAS_MCF, WATER_BBL, HOURS_ON) VALUES ('WELL00000000001', TO_DATE('2024-03-01','YYYY-MM-DD'), 1687.53, 4646.12, 1181.28, 217.14);
INSERT INTO welldata.PRODUCTION (UWI, PROD_DATE, OIL_BBL, GAS_MCF, WATER_BBL, HOURS_ON) VALUES ('WELL00000000001', TO_DATE('2024-04-01','YYYY-MM-DD'), 493.04, 12997.54, 152.71, 331.73);
INSERT INTO welldata.PRODUCTION (UWI, PROD_DATE, OIL_BBL, GAS_MCF, WATER_BBL, HOURS_ON) VALUES ('WELL00000000001', TO_DATE('2024-05-01','YYYY-MM-DD'), 2085.65, 8484.43, 414.89, 200.82);
INSERT INTO welldata.PRODUCTION (UWI, PROD_DATE, OIL_BBL, GAS_MCF, WATER_BBL, HOURS_ON) VALUES ('WELL00000000001', TO_DATE('2024-06-01','YYYY-MM-DD'), 1754.34, 3796.99, 1287.01, 278.91);
INSERT INTO welldata.PRODUCTION (UWI, PROD_DATE, OIL_BBL, GAS_MCF, WATER_BBL, HOURS_ON) VALUES ('WELL00000000001', TO_DATE('2024-07-01','YYYY-MM-DD'), 2802.64, 424.23, 924.16, 289.4);
INSERT INTO welldata.PRODUCTION (UWI, PROD_DATE, OIL_BBL, GAS_MCF, WATER_BBL, HOURS_ON) VALUES ('WELL00000000001', TO_DATE('2024-08-01','YYYY-MM-DD'), 1450.11, 6604.1, 1217.47, 231.16);
INSERT INTO welldata.PRODUCTION (UWI, PROD_DATE, OIL_BBL, GAS_MCF, WATER_BBL, HOURS_ON) VALUES ('WELL00000000001', TO_DATE('2024-09-01','YYYY-MM-DD'), 2315.01, 607.3, 962.37, 614.2);
INSERT INTO welldata.PRODUCTION (UWI, PROD_DATE, OIL_BBL, GAS_MCF, WATER_BBL, HOURS_ON) VALUES ('WELL00000000001', TO_DATE('2024-10-01','YYYY-MM-DD'), 1316.76, 12751.24, 545.08, 332.99);
INSERT INTO welldata.PRODUCTION (UWI, PROD_DATE, OIL_BBL, GAS_MCF, WATER_BBL, HOURS_ON) VALUES ('WELL00000000001', TO_DATE('2024-11-01','YYYY-MM-DD'), 2736.97, 14856.92, 1188.0, 257.68);
INSERT INTO welldata.PRODUCTION (UWI, PROD_DATE, OIL_BBL, GAS_MCF, WATER_BBL, HOURS_ON) VALUES ('WELL00000000001', TO_DATE('2024-12-01','YYYY-MM-DD'), 2829.97, 5546.48, 1304.14, 313.13);
INSERT INTO welldata.FORMATION_TOPS (UWI, FORMATION, TOP_DEPTH_M, BASE_DEPTH_M, LITHOLOGY) VALUES ('WELL00000000001', 'Rajahmundry', 611, 773, 'SANDSTONE');
INSERT INTO welldata.FORMATION_TOPS (UWI, FORMATION, TOP_DEPTH_M, BASE_DEPTH_M, LITHOLOGY) VALUES ('WELL00000000001', 'Bengal', 963, 1092, 'LIMESTONE');
INSERT INTO welldata.FORMATION_TOPS (UWI, FORMATION, TOP_DEPTH_M, BASE_DEPTH_M, LITHOLOGY) VALUES ('WELL00000000001', 'Sanchore', 1433, 1678, 'SHALE');
INSERT INTO welldata.FORMATION_TOPS (UWI, FORMATION, TOP_DEPTH_M, BASE_DEPTH_M, LITHOLOGY) VALUES ('WELL00000000001', 'Barmer', 1209, 1503, 'DOLOMITE');
INSERT INTO welldata.CORE_ANALYSIS (UWI, CORE_RUN, TOP_DEPTH_M, BASE_DEPTH_M, GRAIN_DENSITY, BULK_DENSITY, RECOVERY_PCT) VALUES ('WELL00000000001', 1, 2053, 2083, 2.6417, 2.0313, 88.07);
INSERT INTO welldata.CORE_ANALYSIS (UWI, CORE_RUN, TOP_DEPTH_M, BASE_DEPTH_M, GRAIN_DENSITY, BULK_DENSITY, RECOVERY_PCT) VALUES ('WELL00000000001', 2, 1396, 1452, 2.7395, 2.2448, 68.27);
INSERT INTO welldata.WELL (UWI, WELL_NAME, OPERATOR, COUNTRY, BASIN, FIELD_NAME, SPUD_DATE, COMPLETION_DATE, WELL_TYPE, WELL_STATUS, SURFACE_LAT, SURFACE_LON, TOTAL_DEPTH_M, KB_ELEVATION_M) VALUES ('WELL00000000002', 'RELI-CA-002', 'Reliance', 'India', 'Cambay', 'Cambay Field 1', TO_DATE('2017-04-04','YYYY-MM-DD'), TO_DATE('2019-12-08','YYYY-MM-DD'), 'EXPLORATION', 'SUSPENDED', 18.563098, 75.2154, 3572, 76.82);
INSERT INTO welldata.BOREHOLE (UBHI, UWI, BOREHOLE_NAME, BOREHOLE_TYPE, TOP_DEPTH_M, BASE_DEPTH_M) VALUES ('WELL00000000002-BH1', 'WELL00000000002', 'RELI-CA-002-BH1', 'VERTICAL', 893, 1784);
INSERT INTO welldata.PETROPHYSICS (UBHI, SAMPLE_DEPTH_M, POROSITY, PERMEABILITY, WATER_SAT, FORMATION) VALUES ('WELL00000000002-BH1', 1000, 0.1497, 389.2636, 0.2291, 'Barmer');
INSERT INTO welldata.PETROPHYSICS (UBHI, SAMPLE_DEPTH_M, POROSITY, PERMEABILITY, WATER_SAT, FORMATION) VALUES ('WELL00000000002-BH1', 1020, 0.0882, 150.3441, 0.2993, 'Barmer');
INSERT INTO welldata.PETROPHYSICS (UBHI, SAMPLE_DEPTH_M, POROSITY, PERMEABILITY, WATER_SAT, FORMATION) VALUES ('WELL00000000002-BH1', 1040, 0.1361, 437.3181, 0.6523, 'Rajahmundry');
INSERT INTO welldata.PETROPHYSICS (UBHI, SAMPLE_DEPTH_M, POROSITY, PERMEABILITY, WATER_SAT, FORMATION) VALUES ('WELL00000000002-BH1', 1060, 0.0546, 174.9467, 0.408, 'Rajahmundry');
INSERT INTO welldata.PETROPHYSICS (UBHI, SAMPLE_DEPTH_M, POROSITY, PERMEABILITY, WATER_SAT, FORMATION) VALUES ('WELL00000000002-BH1', 1080, 0.1621, 345.2548, 0.3455, 'Bengal');
INSERT INTO welldata.PETROPHYSICS (UBHI, SAMPLE_DEPTH_M, POROSITY, PERMEABILITY, WATER_SAT, FORMATION) VALUES ('WELL00000000002-BH1', 1100, 0.1748, 329.9845, 0.2082, 'Sanchore');
INSERT INTO welldata.PETROPHYSICS (UBHI, SAMPLE_DEPTH_M, POROSITY, PERMEABILITY, WATER_SAT, FORMATION) VALUES ('WELL00000000002-BH1', 1120, 0.1375, 436.9101, 0.1667, 'Bengal');
INSERT INTO welldata.PETROPHYSICS (UBHI, SAMPLE_DEPTH_M, POROSITY, PERMEABILITY, WATER_SAT, FORMATION) VALUES ('WELL00000000002-BH1', 1140, 0.1623, 169.2569, 0.1871, 'Rajahmundry');
INSERT INTO welldata.PETROPHYSICS (UBHI, SAMPLE_DEPTH_M, POROSITY, PERMEABILITY, WATER_SAT, FORMATION) VALUES ('WELL00000000002-BH1', 1160, 0.1866, 156.4908, 0.1755, 'Rajahmundry');
INSERT INTO welldata.PETROPHYSICS (UBHI, SAMPLE_DEPTH_M, POROSITY, PERMEABILITY, WATER_SAT, FORMATION) VALUES ('WELL00000000002-BH1', 1180, 0.169, 279.3707, 0.6603, 'Bengal');
INSERT INTO welldata.PETROPHYSICS (UBHI, SAMPLE_DEPTH_M, POROSITY, PERMEABILITY, WATER_SAT, FORMATION) VALUES ('WELL00000000002-BH1', 1200, 0.1847, 444.725, 0.5306, 'Bengal');
INSERT INTO welldata.PETROPHYSICS (UBHI, SAMPLE_DEPTH_M, POROSITY, PERMEABILITY, WATER_SAT, FORMATION) VALUES ('WELL00000000002-BH1', 1220, 0.2114, 264.5555, 0.544, 'Sanchore');
INSERT INTO welldata.PETROPHYSICS (UBHI, SAMPLE_DEPTH_M, POROSITY, PERMEABILITY, WATER_SAT, FORMATION) VALUES ('WELL00000000002-BH1', 1240, 0.2467, 38.1115, 0.3892, 'Bengal');
INSERT INTO welldata.PETROPHYSICS (UBHI, SAMPLE_DEPTH_M, POROSITY, PERMEABILITY, WATER_SAT, FORMATION) VALUES ('WELL00000000002-BH1', 1260, 0.1159, 408.7651, 0.2766, 'Rajahmundry');
INSERT INTO welldata.PETROPHYSICS (UBHI, SAMPLE_DEPTH_M, POROSITY, PERMEABILITY, WATER_SAT, FORMATION) VALUES ('WELL00000000002-BH1', 1280, 0.2253, 324.6643, 0.3238, 'Barmer');
INSERT INTO welldata.PETROPHYSICS (UBHI, SAMPLE_DEPTH_M, POROSITY, PERMEABILITY, WATER_SAT, FORMATION) VALUES ('WELL00000000002-BH1', 1300, 0.1657, 321.6635, 0.4837, 'Rajahmundry');
INSERT INTO welldata.PETROPHYSICS (UBHI, SAMPLE_DEPTH_M, POROSITY, PERMEABILITY, WATER_SAT, FORMATION) VALUES ('WELL00000000002-BH1', 1320, 0.0861, 109.6008, 0.2785, 'Sanchore');
INSERT INTO welldata.PETROPHYSICS (UBHI, SAMPLE_DEPTH_M, POROSITY, PERMEABILITY, WATER_SAT, FORMATION) VALUES ('WELL00000000002-BH1', 1340, 0.0514, 393.5289, 0.5261, 'Barmer');
INSERT INTO welldata.PETROPHYSICS (UBHI, SAMPLE_DEPTH_M, POROSITY, PERMEABILITY, WATER_SAT, FORMATION) VALUES ('WELL00000000002-BH1', 1360, 0.0674, 302.8803, 0.2166, 'Rajahmundry');
INSERT INTO welldata.PETROPHYSICS (UBHI, SAMPLE_DEPTH_M, POROSITY, PERMEABILITY, WATER_SAT, FORMATION) VALUES ('WELL00000000002-BH1', 1380, 0.1457, 327.9144, 0.4857, 'Barmer');
INSERT INTO welldata.PETROPHYSICS (UBHI, SAMPLE_DEPTH_M, POROSITY, PERMEABILITY, WATER_SAT, FORMATION) VALUES ('WELL00000000002-BH1', 1400, 0.0732, 7.2882, 0.2323, 'Rajahmundry');
INSERT INTO welldata.PETROPHYSICS (UBHI, SAMPLE_DEPTH_M, POROSITY, PERMEABILITY, WATER_SAT, FORMATION) VALUES ('WELL00000000002-BH1', 1420, 0.1245, 444.0532, 0.3813, 'Barmer');
INSERT INTO welldata.PETROPHYSICS (UBHI, SAMPLE_DEPTH_M, POROSITY, PERMEABILITY, WATER_SAT, FORMATION) VALUES ('WELL00000000002-BH1', 1440, 0.2223, 253.295, 0.2299, 'Bengal');
INSERT INTO welldata.PETROPHYSICS (UBHI, SAMPLE_DEPTH_M, POROSITY, PERMEABILITY, WATER_SAT, FORMATION) VALUES ('WELL00000000002-BH1', 1460, 0.0925, 178.6642, 0.6782, 'Barmer');
INSERT INTO welldata.PETROPHYSICS (UBHI, SAMPLE_DEPTH_M, POROSITY, PERMEABILITY, WATER_SAT, FORMATION) VALUES ('WELL00000000002-BH1', 1480, 0.0715, 184.9015, 0.3838, 'Sanchore');
INSERT INTO welldata.PETROPHYSICS (UBHI, SAMPLE_DEPTH_M, POROSITY, PERMEABILITY, WATER_SAT, FORMATION) VALUES ('WELL00000000002-BH1', 1500, 0.2698, 409.3154, 0.1637, 'Sanchore');
INSERT INTO welldata.PETROPHYSICS (UBHI, SAMPLE_DEPTH_M, POROSITY, PERMEABILITY, WATER_SAT, FORMATION) VALUES ('WELL00000000002-BH1', 1520, 0.0952, 94.9995, 0.2488, 'Barmer');
INSERT INTO welldata.PETROPHYSICS (UBHI, SAMPLE_DEPTH_M, POROSITY, PERMEABILITY, WATER_SAT, FORMATION) VALUES ('WELL00000000002-BH1', 1540, 0.2099, 193.5962, 0.7234, 'Bengal');
INSERT INTO welldata.PETROPHYSICS (UBHI, SAMPLE_DEPTH_M, POROSITY, PERMEABILITY, WATER_SAT, FORMATION) VALUES ('WELL00000000002-BH1', 1560, 0.2495, 28.6453, 0.3527, 'Barmer');
INSERT INTO welldata.PETROPHYSICS (UBHI, SAMPLE_DEPTH_M, POROSITY, PERMEABILITY, WATER_SAT, FORMATION) VALUES ('WELL00000000002-BH1', 1580, 0.2432, 199.4385, 0.7151, 'Sanchore');
INSERT INTO welldata.PETROPHYSICS (UBHI, SAMPLE_DEPTH_M, POROSITY, PERMEABILITY, WATER_SAT, FORMATION) VALUES ('WELL00000000002-BH1', 1600, 0.0834, 390.5249, 0.528, 'Sanchore');
INSERT INTO welldata.PETROPHYSICS (UBHI, SAMPLE_DEPTH_M, POROSITY, PERMEABILITY, WATER_SAT, FORMATION) VALUES ('WELL00000000002-BH1', 1620, 0.2748, 207.1898, 0.2161, 'Bengal');
INSERT INTO welldata.PETROPHYSICS (UBHI, SAMPLE_DEPTH_M, POROSITY, PERMEABILITY, WATER_SAT, FORMATION) VALUES ('WELL00000000002-BH1', 1640, 0.1064, 265.2766, 0.6104, 'Sanchore');
INSERT INTO welldata.PETROPHYSICS (UBHI, SAMPLE_DEPTH_M, POROSITY, PERMEABILITY, WATER_SAT, FORMATION) VALUES ('WELL00000000002-BH1', 1660, 0.2151, 220.2207, 0.3802, 'Sanchore');
INSERT INTO welldata.PETROPHYSICS (UBHI, SAMPLE_DEPTH_M, POROSITY, PERMEABILITY, WATER_SAT, FORMATION) VALUES ('WELL00000000002-BH1', 1680, 0.1901, 298.2519, 0.2813, 'Rajahmundry');
INSERT INTO welldata.PETROPHYSICS (UBHI, SAMPLE_DEPTH_M, POROSITY, PERMEABILITY, WATER_SAT, FORMATION) VALUES ('WELL00000000002-BH1', 1700, 0.2478, 305.1806, 0.5488, 'Rajahmundry');
INSERT INTO welldata.PETROPHYSICS (UBHI, SAMPLE_DEPTH_M, POROSITY, PERMEABILITY, WATER_SAT, FORMATION) VALUES ('WELL00000000002-BH1', 1720, 0.0542, 125.5103, 0.3112, 'Bengal');
INSERT INTO welldata.PETROPHYSICS (UBHI, SAMPLE_DEPTH_M, POROSITY, PERMEABILITY, WATER_SAT, FORMATION) VALUES ('WELL00000000002-BH1', 1740, 0.1491, 153.9022, 0.6586, 'Bengal');
INSERT INTO welldata.PETROPHYSICS (UBHI, SAMPLE_DEPTH_M, POROSITY, PERMEABILITY, WATER_SAT, FORMATION) VALUES ('WELL00000000002-BH1', 1760, 0.1457, 89.2601, 0.2419, 'Bengal');
INSERT INTO welldata.PETROPHYSICS (UBHI, SAMPLE_DEPTH_M, POROSITY, PERMEABILITY, WATER_SAT, FORMATION) VALUES ('WELL00000000002-BH1', 1780, 0.149, 367.3807, 0.466, 'Rajahmundry');
INSERT INTO welldata.PETROPHYSICS (UBHI, SAMPLE_DEPTH_M, POROSITY, PERMEABILITY, WATER_SAT, FORMATION) VALUES ('WELL00000000002-BH1', 1800, 0.0853, 18.3603, 0.6559, 'Barmer');
INSERT INTO welldata.PETROPHYSICS (UBHI, SAMPLE_DEPTH_M, POROSITY, PERMEABILITY, WATER_SAT, FORMATION) VALUES ('WELL00000000002-BH1', 1820, 0.1755, 10.8579, 0.4335, 'Barmer');
INSERT INTO welldata.PETROPHYSICS (UBHI, SAMPLE_DEPTH_M, POROSITY, PERMEABILITY, WATER_SAT, FORMATION) VALUES ('WELL00000000002-BH1', 1840, 0.1041, 185.9034, 0.4388, 'Sanchore');
INSERT INTO welldata.PETROPHYSICS (UBHI, SAMPLE_DEPTH_M, POROSITY, PERMEABILITY, WATER_SAT, FORMATION) VALUES ('WELL00000000002-BH1', 1860, 0.1087, 161.539, 0.4768, 'Bengal');
INSERT INTO welldata.PETROPHYSICS (UBHI, SAMPLE_DEPTH_M, POROSITY, PERMEABILITY, WATER_SAT, FORMATION) VALUES ('WELL00000000002-BH1', 1880, 0.0785, 448.3345, 0.6305, 'Sanchore');
INSERT INTO welldata.PETROPHYSICS (UBHI, SAMPLE_DEPTH_M, POROSITY, PERMEABILITY, WATER_SAT, FORMATION) VALUES ('WELL00000000002-BH1', 1900, 0.0765, 173.0245, 0.2535, 'Rajahmundry');
INSERT INTO welldata.PETROPHYSICS (UBHI, SAMPLE_DEPTH_M, POROSITY, PERMEABILITY, WATER_SAT, FORMATION) VALUES ('WELL00000000002-BH1', 1920, 0.0539, 23.1769, 0.4334, 'Bengal');
INSERT INTO welldata.PETROPHYSICS (UBHI, SAMPLE_DEPTH_M, POROSITY, PERMEABILITY, WATER_SAT, FORMATION) VALUES ('WELL00000000002-BH1', 1940, 0.2496, 421.3659, 0.3834, 'Rajahmundry');
INSERT INTO welldata.PETROPHYSICS (UBHI, SAMPLE_DEPTH_M, POROSITY, PERMEABILITY, WATER_SAT, FORMATION) VALUES ('WELL00000000002-BH1', 1960, 0.1435, 407.2745, 0.5973, 'Sanchore');
INSERT INTO welldata.PETROPHYSICS (UBHI, SAMPLE_DEPTH_M, POROSITY, PERMEABILITY, WATER_SAT, FORMATION) VALUES ('WELL00000000002-BH1', 1980, 0.2721, 30.3678, 0.5058, 'Sanchore');
INSERT INTO welldata.PETROPHYSICS (UBHI, SAMPLE_DEPTH_M, POROSITY, PERMEABILITY, WATER_SAT, FORMATION) VALUES ('WELL00000000002-BH1', 2000, 0.1676, 214.8191, 0.5727, 'Sanchore');
INSERT INTO welldata.PETROPHYSICS (UBHI, SAMPLE_DEPTH_M, POROSITY, PERMEABILITY, WATER_SAT, FORMATION) VALUES ('WELL00000000002-BH1', 2020, 0.1118, 382.3111, 0.233, 'Barmer');
INSERT INTO welldata.PETROPHYSICS (UBHI, SAMPLE_DEPTH_M, POROSITY, PERMEABILITY, WATER_SAT, FORMATION) VALUES ('WELL00000000002-BH1', 2040, 0.0458, 112.0301, 0.2781, 'Barmer');
INSERT INTO welldata.PETROPHYSICS (UBHI, SAMPLE_DEPTH_M, POROSITY, PERMEABILITY, WATER_SAT, FORMATION) VALUES ('WELL00000000002-BH1', 2060, 0.2621, 405.1619, 0.1987, 'Rajahmundry');
INSERT INTO welldata.PETROPHYSICS (UBHI, SAMPLE_DEPTH_M, POROSITY, PERMEABILITY, WATER_SAT, FORMATION) VALUES ('WELL00000000002-BH1', 2080, 0.2674, 40.9663, 0.1891, 'Bengal');
INSERT INTO welldata.PETROPHYSICS (UBHI, SAMPLE_DEPTH_M, POROSITY, PERMEABILITY, WATER_SAT, FORMATION) VALUES ('WELL00000000002-BH1', 2100, 0.2076, 386.9965, 0.5588, 'Barmer');
INSERT INTO welldata.PETROPHYSICS (UBHI, SAMPLE_DEPTH_M, POROSITY, PERMEABILITY, WATER_SAT, FORMATION) VALUES ('WELL00000000002-BH1', 2120, 0.2144, 140.7872, 0.5615, 'Rajahmundry');
INSERT INTO welldata.PETROPHYSICS (UBHI, SAMPLE_DEPTH_M, POROSITY, PERMEABILITY, WATER_SAT, FORMATION) VALUES ('WELL00000000002-BH1', 2140, 0.2251, 388.8972, 0.6935, 'Barmer');
INSERT INTO welldata.PETROPHYSICS (UBHI, SAMPLE_DEPTH_M, POROSITY, PERMEABILITY, WATER_SAT, FORMATION) VALUES ('WELL00000000002-BH1', 2160, 0.2066, 341.5753, 0.1807, 'Barmer');
INSERT INTO welldata.PETROPHYSICS (UBHI, SAMPLE_DEPTH_M, POROSITY, PERMEABILITY, WATER_SAT, FORMATION) VALUES ('WELL00000000002-BH1', 2180, 0.2166, 385.9861, 0.7467, 'Rajahmundry');
INSERT INTO welldata.PETROPHYSICS (UBHI, SAMPLE_DEPTH_M, POROSITY, PERMEABILITY, WATER_SAT, FORMATION) VALUES ('WELL00000000002-BH1', 2200, 0.2229, 156.7726, 0.3927, 'Rajahmundry');
INSERT INTO welldata.PETROPHYSICS (UBHI, SAMPLE_DEPTH_M, POROSITY, PERMEABILITY, WATER_SAT, FORMATION) VALUES ('WELL00000000002-BH1', 2220, 0.2377, 74.8687, 0.4922, 'Sanchore');
INSERT INTO welldata.PETROPHYSICS (UBHI, SAMPLE_DEPTH_M, POROSITY, PERMEABILITY, WATER_SAT, FORMATION) VALUES ('WELL00000000002-BH1', 2240, 0.227, 175.9188, 0.7142, 'Barmer');
INSERT INTO welldata.PETROPHYSICS (UBHI, SAMPLE_DEPTH_M, POROSITY, PERMEABILITY, WATER_SAT, FORMATION) VALUES ('WELL00000000002-BH1', 2260, 0.1608, 289.0891, 0.5131, 'Barmer');
INSERT INTO welldata.PETROPHYSICS (UBHI, SAMPLE_DEPTH_M, POROSITY, PERMEABILITY, WATER_SAT, FORMATION) VALUES ('WELL00000000002-BH1', 2280, 0.0783, 285.1464, 0.3113, 'Sanchore');
INSERT INTO welldata.PETROPHYSICS (UBHI, SAMPLE_DEPTH_M, POROSITY, PERMEABILITY, WATER_SAT, FORMATION) VALUES ('WELL00000000002-BH1', 2300, 0.1523, 68.1898, 0.2945, 'Bengal');
INSERT INTO welldata.PETROPHYSICS (UBHI, SAMPLE_DEPTH_M, POROSITY, PERMEABILITY, WATER_SAT, FORMATION) VALUES ('WELL00000000002-BH1', 2320, 0.2147, 260.6078, 0.2184, 'Sanchore');
INSERT INTO welldata.PETROPHYSICS (UBHI, SAMPLE_DEPTH_M, POROSITY, PERMEABILITY, WATER_SAT, FORMATION) VALUES ('WELL00000000002-BH1', 2340, 0.274, 276.4036, 0.6428, 'Bengal');
INSERT INTO welldata.PETROPHYSICS (UBHI, SAMPLE_DEPTH_M, POROSITY, PERMEABILITY, WATER_SAT, FORMATION) VALUES ('WELL00000000002-BH1', 2360, 0.1245, 272.1762, 0.646, 'Bengal');
INSERT INTO welldata.PETROPHYSICS (UBHI, SAMPLE_DEPTH_M, POROSITY, PERMEABILITY, WATER_SAT, FORMATION) VALUES ('WELL00000000002-BH1', 2380, 0.2695, 363.6967, 0.3287, 'Barmer');
INSERT INTO welldata.PETROPHYSICS (UBHI, SAMPLE_DEPTH_M, POROSITY, PERMEABILITY, WATER_SAT, FORMATION) VALUES ('WELL00000000002-BH1', 2400, 0.1717, 266.1633, 0.5233, 'Sanchore');
INSERT INTO welldata.PETROPHYSICS (UBHI, SAMPLE_DEPTH_M, POROSITY, PERMEABILITY, WATER_SAT, FORMATION) VALUES ('WELL00000000002-BH1', 2420, 0.1135, 299.4993, 0.2254, 'Rajahmundry');
INSERT INTO welldata.PETROPHYSICS (UBHI, SAMPLE_DEPTH_M, POROSITY, PERMEABILITY, WATER_SAT, FORMATION) VALUES ('WELL00000000002-BH1', 2440, 0.2348, 69.9783, 0.2183, 'Sanchore');
INSERT INTO welldata.PETROPHYSICS (UBHI, SAMPLE_DEPTH_M, POROSITY, PERMEABILITY, WATER_SAT, FORMATION) VALUES ('WELL00000000002-BH1', 2460, 0.174, 423.0843, 0.1545, 'Barmer');
INSERT INTO welldata.PETROPHYSICS (UBHI, SAMPLE_DEPTH_M, POROSITY, PERMEABILITY, WATER_SAT, FORMATION) VALUES ('WELL00000000002-BH1', 2480, 0.256, 198.0516, 0.3002, 'Sanchore');
INSERT INTO welldata.PETROPHYSICS (UBHI, SAMPLE_DEPTH_M, POROSITY, PERMEABILITY, WATER_SAT, FORMATION) VALUES ('WELL00000000002-BH1', 2500, 0.2407, 108.9953, 0.3582, 'Rajahmundry');
INSERT INTO welldata.PETROPHYSICS (UBHI, SAMPLE_DEPTH_M, POROSITY, PERMEABILITY, WATER_SAT, FORMATION) VALUES ('WELL00000000002-BH1', 2520, 0.0617, 359.8033, 0.3156, 'Bengal');
INSERT INTO welldata.PETROPHYSICS (UBHI, SAMPLE_DEPTH_M, POROSITY, PERMEABILITY, WATER_SAT, FORMATION) VALUES ('WELL00000000002-BH1', 2540, 0.2376, 299.8962, 0.6285, 'Bengal');
INSERT INTO welldata.PETROPHYSICS (UBHI, SAMPLE_DEPTH_M, POROSITY, PERMEABILITY, WATER_SAT, FORMATION) VALUES ('WELL00000000002-BH1', 2560, 0.2193, 255.1405, 0.2396, 'Bengal');
INSERT INTO welldata.PETROPHYSICS (UBHI, SAMPLE_DEPTH_M, POROSITY, PERMEABILITY, WATER_SAT, FORMATION) VALUES ('WELL00000000002-BH1', 2580, 0.1221, 409.2094, 0.6526, 'Bengal');
INSERT INTO welldata.PETROPHYSICS (UBHI, SAMPLE_DEPTH_M, POROSITY, PERMEABILITY, WATER_SAT, FORMATION) VALUES ('WELL00000000002-BH1', 2600, 0.1423, 166.1337, 0.7415, 'Bengal');
INSERT INTO welldata.PETROPHYSICS (UBHI, SAMPLE_DEPTH_M, POROSITY, PERMEABILITY, WATER_SAT, FORMATION) VALUES ('WELL00000000002-BH1', 2620, 0.2042, 184.7318, 0.7497, 'Sanchore');
INSERT INTO welldata.PETROPHYSICS (UBHI, SAMPLE_DEPTH_M, POROSITY, PERMEABILITY, WATER_SAT, FORMATION) VALUES ('WELL00000000002-BH1', 2640, 0.1872, 418.0872, 0.704, 'Barmer');
INSERT INTO welldata.PETROPHYSICS (UBHI, SAMPLE_DEPTH_M, POROSITY, PERMEABILITY, WATER_SAT, FORMATION) VALUES ('WELL00000000002-BH1', 2660, 0.2121, 47.8707, 0.4687, 'Rajahmundry');
INSERT INTO welldata.PETROPHYSICS (UBHI, SAMPLE_DEPTH_M, POROSITY, PERMEABILITY, WATER_SAT, FORMATION) VALUES ('WELL00000000002-BH1', 2680, 0.2435, 190.5447, 0.5227, 'Rajahmundry');
INSERT INTO welldata.PETROPHYSICS (UBHI, SAMPLE_DEPTH_M, POROSITY, PERMEABILITY, WATER_SAT, FORMATION) VALUES ('WELL00000000002-BH1', 2700, 0.2008, 177.2621, 0.2093, 'Bengal');
INSERT INTO welldata.PETROPHYSICS (UBHI, SAMPLE_DEPTH_M, POROSITY, PERMEABILITY, WATER_SAT, FORMATION) VALUES ('WELL00000000002-BH1', 2720, 0.2724, 350.4188, 0.6663, 'Sanchore');
INSERT INTO welldata.PETROPHYSICS (UBHI, SAMPLE_DEPTH_M, POROSITY, PERMEABILITY, WATER_SAT, FORMATION) VALUES ('WELL00000000002-BH1', 2740, 0.1542, 196.4389, 0.4628, 'Bengal');
INSERT INTO welldata.PETROPHYSICS (UBHI, SAMPLE_DEPTH_M, POROSITY, PERMEABILITY, WATER_SAT, FORMATION) VALUES ('WELL00000000002-BH1', 2760, 0.1593, 118.9539, 0.3239, 'Sanchore');
INSERT INTO welldata.PETROPHYSICS (UBHI, SAMPLE_DEPTH_M, POROSITY, PERMEABILITY, WATER_SAT, FORMATION) VALUES ('WELL00000000002-BH1', 2780, 0.2658, 374.8542, 0.4469, 'Bengal');
INSERT INTO welldata.PETROPHYSICS (UBHI, SAMPLE_DEPTH_M, POROSITY, PERMEABILITY, WATER_SAT, FORMATION) VALUES ('WELL00000000002-BH1', 2800, 0.2732, 142.706, 0.4637, 'Sanchore');
INSERT INTO welldata.PETROPHYSICS (UBHI, SAMPLE_DEPTH_M, POROSITY, PERMEABILITY, WATER_SAT, FORMATION) VALUES ('WELL00000000002-BH1', 2820, 0.071, 4.7828, 0.2949, 'Sanchore');
INSERT INTO welldata.PETROPHYSICS (UBHI, SAMPLE_DEPTH_M, POROSITY, PERMEABILITY, WATER_SAT, FORMATION) VALUES ('WELL00000000002-BH1', 2840, 0.0478, 8.6601, 0.4161, 'Bengal');
INSERT INTO welldata.PETROPHYSICS (UBHI, SAMPLE_DEPTH_M, POROSITY, PERMEABILITY, WATER_SAT, FORMATION) VALUES ('WELL00000000002-BH1', 2860, 0.2445, 193.0402, 0.5277, 'Rajahmundry');
INSERT INTO welldata.PETROPHYSICS (UBHI, SAMPLE_DEPTH_M, POROSITY, PERMEABILITY, WATER_SAT, FORMATION) VALUES ('WELL00000000002-BH1', 2880, 0.1312, 196.3251, 0.6958, 'Bengal');
INSERT INTO welldata.PETROPHYSICS (UBHI, SAMPLE_DEPTH_M, POROSITY, PERMEABILITY, WATER_SAT, FORMATION) VALUES ('WELL00000000002-BH1', 2900, 0.1791, 303.4468, 0.3519, 'Barmer');
INSERT INTO welldata.PETROPHYSICS (UBHI, SAMPLE_DEPTH_M, POROSITY, PERMEABILITY, WATER_SAT, FORMATION) VALUES ('WELL00000000002-BH1', 2920, 0.2481, 361.1223, 0.4014, 'Barmer');
INSERT INTO welldata.PETROPHYSICS (UBHI, SAMPLE_DEPTH_M, POROSITY, PERMEABILITY, WATER_SAT, FORMATION) VALUES ('WELL00000000002-BH1', 2940, 0.2274, 80.9755, 0.3016, 'Barmer');
INSERT INTO welldata.PETROPHYSICS (UBHI, SAMPLE_DEPTH_M, POROSITY, PERMEABILITY, WATER_SAT, FORMATION) VALUES ('WELL00000000002-BH1', 2960, 0.1545, 367.4891, 0.4793, 'Bengal');
INSERT INTO welldata.PETROPHYSICS (UBHI, SAMPLE_DEPTH_M, POROSITY, PERMEABILITY, WATER_SAT, FORMATION) VALUES ('WELL00000000002-BH1', 2980, 0.0407, 171.8113, 0.2081, 'Bengal');
INSERT INTO welldata.PETROPHYSICS (UBHI, SAMPLE_DEPTH_M, POROSITY, PERMEABILITY, WATER_SAT, FORMATION) VALUES ('WELL00000000002-BH1', 3000, 0.1674, 325.0063, 0.2822, 'Barmer');
INSERT INTO welldata.BOREHOLE (UBHI, UWI, BOREHOLE_NAME, BOREHOLE_TYPE, TOP_DEPTH_M, BASE_DEPTH_M) VALUES ('WELL00000000002-BH2', 'WELL00000000002', 'RELI-CA-002-BH2', 'HORIZONTAL', 509, 1696);
INSERT INTO welldata.PETROPHYSICS (UBHI, SAMPLE_DEPTH_M, POROSITY, PERMEABILITY, WATER_SAT, FORMATION) VALUES ('WELL00000000002-BH2', 1000, 0.041, 187.1217, 0.5201, 'Bengal');
INSERT INTO welldata.PETROPHYSICS (UBHI, SAMPLE_DEPTH_M, POROSITY, PERMEABILITY, WATER_SAT, FORMATION) VALUES ('WELL00000000002-BH2', 1020, 0.0858, 100.0136, 0.5169, 'Sanchore');
INSERT INTO welldata.PETROPHYSICS (UBHI, SAMPLE_DEPTH_M, POROSITY, PERMEABILITY, WATER_SAT, FORMATION) VALUES ('WELL00000000002-BH2', 1040, 0.237, 111.4084, 0.3255, 'Sanchore');
INSERT INTO welldata.PETROPHYSICS (UBHI, SAMPLE_DEPTH_M, POROSITY, PERMEABILITY, WATER_SAT, FORMATION) VALUES ('WELL00000000002-BH2', 1060, 0.1268, 326.203, 0.4502, 'Bengal');
INSERT INTO welldata.PETROPHYSICS (UBHI, SAMPLE_DEPTH_M, POROSITY, PERMEABILITY, WATER_SAT, FORMATION) VALUES ('WELL00000000002-BH2', 1080, 0.0925, 76.0095, 0.3432, 'Bengal');
INSERT INTO welldata.PETROPHYSICS (UBHI, SAMPLE_DEPTH_M, POROSITY, PERMEABILITY, WATER_SAT, FORMATION) VALUES ('WELL00000000002-BH2', 1100, 0.1018, 285.8849, 0.3753, 'Rajahmundry');
INSERT INTO welldata.PETROPHYSICS (UBHI, SAMPLE_DEPTH_M, POROSITY, PERMEABILITY, WATER_SAT, FORMATION) VALUES ('WELL00000000002-BH2', 1120, 0.2683, 165.0113, 0.6173, 'Sanchore');
INSERT INTO welldata.PETROPHYSICS (UBHI, SAMPLE_DEPTH_M, POROSITY, PERMEABILITY, WATER_SAT, FORMATION) VALUES ('WELL00000000002-BH2', 1140, 0.156, 68.7816, 0.4981, 'Bengal');
INSERT INTO welldata.PETROPHYSICS (UBHI, SAMPLE_DEPTH_M, POROSITY, PERMEABILITY, WATER_SAT, FORMATION) VALUES ('WELL00000000002-BH2', 1160, 0.09, 388.5767, 0.1742, 'Sanchore');
INSERT INTO welldata.PETROPHYSICS (UBHI, SAMPLE_DEPTH_M, POROSITY, PERMEABILITY, WATER_SAT, FORMATION) VALUES ('WELL00000000002-BH2', 1180, 0.2283, 367.0399, 0.6947, 'Barmer');
INSERT INTO welldata.PETROPHYSICS (UBHI, SAMPLE_DEPTH_M, POROSITY, PERMEABILITY, WATER_SAT, FORMATION) VALUES ('WELL00000000002-BH2', 1200, 0.218, 387.9024, 0.3235, 'Rajahmundry');
INSERT INTO welldata.PETROPHYSICS (UBHI, SAMPLE_DEPTH_M, POROSITY, PERMEABILITY, WATER_SAT, FORMATION) VALUES ('WELL00000000002-BH2', 1220, 0.1764, 317.4205, 0.2239, 'Barmer');
INSERT INTO welldata.PETROPHYSICS (UBHI, SAMPLE_DEPTH_M, POROSITY, PERMEABILITY, WATER_SAT, FORMATION) VALUES ('WELL00000000002-BH2', 1240, 0.2462, 215.027, 0.2537, 'Bengal');
INSERT INTO welldata.PETROPHYSICS (UBHI, SAMPLE_DEPTH_M, POROSITY, PERMEABILITY, WATER_SAT, FORMATION) VALUES ('WELL00000000002-BH2', 1260, 0.2343, 389.8855, 0.377, 'Barmer');
INSERT INTO welldata.PETROPHYSICS (UBHI, SAMPLE_DEPTH_M, POROSITY, PERMEABILITY, WATER_SAT, FORMATION) VALUES ('WELL00000000002-BH2', 1280, 0.2231, 53.8631, 0.7335, 'Rajahmundry');
INSERT INTO welldata.PETROPHYSICS (UBHI, SAMPLE_DEPTH_M, POROSITY, PERMEABILITY, WATER_SAT, FORMATION) VALUES ('WELL00000000002-BH2', 1300, 0.2639, 295.4716, 0.2388, 'Rajahmundry');
INSERT INTO welldata.PETROPHYSICS (UBHI, SAMPLE_DEPTH_M, POROSITY, PERMEABILITY, WATER_SAT, FORMATION) VALUES ('WELL00000000002-BH2', 1320, 0.0575, 87.0825, 0.6086, 'Barmer');
INSERT INTO welldata.PETROPHYSICS (UBHI, SAMPLE_DEPTH_M, POROSITY, PERMEABILITY, WATER_SAT, FORMATION) VALUES ('WELL00000000002-BH2', 1340, 0.1848, 361.5407, 0.2957, 'Rajahmundry');
INSERT INTO welldata.PETROPHYSICS (UBHI, SAMPLE_DEPTH_M, POROSITY, PERMEABILITY, WATER_SAT, FORMATION) VALUES ('WELL00000000002-BH2', 1360, 0.1716, 434.8047, 0.745, 'Sanchore');
INSERT INTO welldata.PETROPHYSICS (UBHI, SAMPLE_DEPTH_M, POROSITY, PERMEABILITY, WATER_SAT, FORMATION) VALUES ('WELL00000000002-BH2', 1380, 0.1441, 250.6109, 0.4954, 'Bengal');
INSERT INTO welldata.PETROPHYSICS (UBHI, SAMPLE_DEPTH_M, POROSITY, PERMEABILITY, WATER_SAT, FORMATION) VALUES ('WELL00000000002-BH2', 1400, 0.218, 165.5393, 0.4163, 'Barmer');
INSERT INTO welldata.PETROPHYSICS (UBHI, SAMPLE_DEPTH_M, POROSITY, PERMEABILITY, WATER_SAT, FORMATION) VALUES ('WELL00000000002-BH2', 1420, 0.2776, 388.3548, 0.428, 'Barmer');
INSERT INTO welldata.PETROPHYSICS (UBHI, SAMPLE_DEPTH_M, POROSITY, PERMEABILITY, WATER_SAT, FORMATION) VALUES ('WELL00000000002-BH2', 1440, 0.1686, 269.0522, 0.2262, 'Bengal');
INSERT INTO welldata.PETROPHYSICS (UBHI, SAMPLE_DEPTH_M, POROSITY, PERMEABILITY, WATER_SAT, FORMATION) VALUES ('WELL00000000002-BH2', 1460, 0.2431, 230.4725, 0.5526, 'Sanchore');
INSERT INTO welldata.PETROPHYSICS (UBHI, SAMPLE_DEPTH_M, POROSITY, PERMEABILITY, WATER_SAT, FORMATION) VALUES ('WELL00000000002-BH2', 1480, 0.1142, 134.7987, 0.2765, 'Rajahmundry');
INSERT INTO welldata.PETROPHYSICS (UBHI, SAMPLE_DEPTH_M, POROSITY, PERMEABILITY, WATER_SAT, FORMATION) VALUES ('WELL00000000002-BH2', 1500, 0.0805, 23.0394, 0.3793, 'Bengal');
INSERT INTO welldata.PETROPHYSICS (UBHI, SAMPLE_DEPTH_M, POROSITY, PERMEABILITY, WATER_SAT, FORMATION) VALUES ('WELL00000000002-BH2', 1520, 0.1285, 386.1484, 0.1673, 'Barmer');
INSERT INTO welldata.PETROPHYSICS (UBHI, SAMPLE_DEPTH_M, POROSITY, PERMEABILITY, WATER_SAT, FORMATION) VALUES ('WELL00000000002-BH2', 1540, 0.2716, 293.9506, 0.2698, 'Sanchore');
INSERT INTO welldata.PETROPHYSICS (UBHI, SAMPLE_DEPTH_M, POROSITY, PERMEABILITY, WATER_SAT, FORMATION) VALUES ('WELL00000000002-BH2', 1560, 0.1485, 64.6897, 0.7462, 'Barmer');
INSERT INTO welldata.PETROPHYSICS (UBHI, SAMPLE_DEPTH_M, POROSITY, PERMEABILITY, WATER_SAT, FORMATION) VALUES ('WELL00000000002-BH2', 1580, 0.2413, 165.0445, 0.1726, 'Barmer');
INSERT INTO welldata.PETROPHYSICS (UBHI, SAMPLE_DEPTH_M, POROSITY, PERMEABILITY, WATER_SAT, FORMATION) VALUES ('WELL00000000002-BH2', 1600, 0.0873, 439.5769, 0.3531, 'Sanchore');
INSERT INTO welldata.PETROPHYSICS (UBHI, SAMPLE_DEPTH_M, POROSITY, PERMEABILITY, WATER_SAT, FORMATION) VALUES ('WELL00000000002-BH2', 1620, 0.2222, 408.0634, 0.319, 'Rajahmundry');
INSERT INTO welldata.PETROPHYSICS (UBHI, SAMPLE_DEPTH_M, POROSITY, PERMEABILITY, WATER_SAT, FORMATION) VALUES ('WELL00000000002-BH2', 1640, 0.1495, 36.2928, 0.5827, 'Rajahmundry');
INSERT INTO welldata.PETROPHYSICS (UBHI, SAMPLE_DEPTH_M, POROSITY, PERMEABILITY, WATER_SAT, FORMATION) VALUES ('WELL00000000002-BH2', 1660, 0.1485, 336.544, 0.6857, 'Barmer');
INSERT INTO welldata.PETROPHYSICS (UBHI, SAMPLE_DEPTH_M, POROSITY, PERMEABILITY, WATER_SAT, FORMATION) VALUES ('WELL00000000002-BH2', 1680, 0.1084, 263.0394, 0.3747, 'Rajahmundry');
INSERT INTO welldata.PETROPHYSICS (UBHI, SAMPLE_DEPTH_M, POROSITY, PERMEABILITY, WATER_SAT, FORMATION) VALUES ('WELL00000000002-BH2', 1700, 0.208, 134.7009, 0.7295, 'Bengal');
INSERT INTO welldata.PETROPHYSICS (UBHI, SAMPLE_DEPTH_M, POROSITY, PERMEABILITY, WATER_SAT, FORMATION) VALUES ('WELL00000000002-BH2', 1720, 0.0522, 8.4645, 0.2592, 'Barmer');
INSERT INTO welldata.PETROPHYSICS (UBHI, SAMPLE_DEPTH_M, POROSITY, PERMEABILITY, WATER_SAT, FORMATION) VALUES ('WELL00000000002-BH2', 1740, 0.2713, 323.0901, 0.2999, 'Rajahmundry');
INSERT INTO welldata.PETROPHYSICS (UBHI, SAMPLE_DEPTH_M, POROSITY, PERMEABILITY, WATER_SAT, FORMATION) VALUES ('WELL00000000002-BH2', 1760, 0.0494, 49.9593, 0.5654, 'Bengal');
INSERT INTO welldata.PETROPHYSICS (UBHI, SAMPLE_DEPTH_M, POROSITY, PERMEABILITY, WATER_SAT, FORMATION) VALUES ('WELL00000000002-BH2', 1780, 0.0414, 68.2794, 0.6187, 'Bengal');
INSERT INTO welldata.PETROPHYSICS (UBHI, SAMPLE_DEPTH_M, POROSITY, PERMEABILITY, WATER_SAT, FORMATION) VALUES ('WELL00000000002-BH2', 1800, 0.2691, 442.7194, 0.6574, 'Bengal');
INSERT INTO welldata.PETROPHYSICS (UBHI, SAMPLE_DEPTH_M, POROSITY, PERMEABILITY, WATER_SAT, FORMATION) VALUES ('WELL00000000002-BH2', 1820, 0.0866, 61.6697, 0.6812, 'Rajahmundry');
INSERT INTO welldata.PETROPHYSICS (UBHI, SAMPLE_DEPTH_M, POROSITY, PERMEABILITY, WATER_SAT, FORMATION) VALUES ('WELL00000000002-BH2', 1840, 0.1246, 404.4479, 0.5703, 'Rajahmundry');
INSERT INTO welldata.PETROPHYSICS (UBHI, SAMPLE_DEPTH_M, POROSITY, PERMEABILITY, WATER_SAT, FORMATION) VALUES ('WELL00000000002-BH2', 1860, 0.1143, 60.2404, 0.4057, 'Sanchore');
INSERT INTO welldata.PETROPHYSICS (UBHI, SAMPLE_DEPTH_M, POROSITY, PERMEABILITY, WATER_SAT, FORMATION) VALUES ('WELL00000000002-BH2', 1880, 0.2739, 3.6899, 0.288, 'Rajahmundry');
INSERT INTO welldata.PETROPHYSICS (UBHI, SAMPLE_DEPTH_M, POROSITY, PERMEABILITY, WATER_SAT, FORMATION) VALUES ('WELL00000000002-BH2', 1900, 0.0406, 353.8189, 0.2973, 'Barmer');
INSERT INTO welldata.PETROPHYSICS (UBHI, SAMPLE_DEPTH_M, POROSITY, PERMEABILITY, WATER_SAT, FORMATION) VALUES ('WELL00000000002-BH2', 1920, 0.1825, 380.0637, 0.3161, 'Bengal');
INSERT INTO welldata.PETROPHYSICS (UBHI, SAMPLE_DEPTH_M, POROSITY, PERMEABILITY, WATER_SAT, FORMATION) VALUES ('WELL00000000002-BH2', 1940, 0.0607, 419.5203, 0.6873, 'Bengal');
INSERT INTO welldata.PETROPHYSICS (UBHI, SAMPLE_DEPTH_M, POROSITY, PERMEABILITY, WATER_SAT, FORMATION) VALUES ('WELL00000000002-BH2', 1960, 0.1435, 160.4312, 0.6857, 'Bengal');
INSERT INTO welldata.PETROPHYSICS (UBHI, SAMPLE_DEPTH_M, POROSITY, PERMEABILITY, WATER_SAT, FORMATION) VALUES ('WELL00000000002-BH2', 1980, 0.1866, 449.671, 0.4088, 'Rajahmundry');
INSERT INTO welldata.PETROPHYSICS (UBHI, SAMPLE_DEPTH_M, POROSITY, PERMEABILITY, WATER_SAT, FORMATION) VALUES ('WELL00000000002-BH2', 2000, 0.1796, 193.7115, 0.5224, 'Rajahmundry');
INSERT INTO welldata.PETROPHYSICS (UBHI, SAMPLE_DEPTH_M, POROSITY, PERMEABILITY, WATER_SAT, FORMATION) VALUES ('WELL00000000002-BH2', 2020, 0.1232, 53.8076, 0.3476, 'Bengal');
INSERT INTO welldata.PETROPHYSICS (UBHI, SAMPLE_DEPTH_M, POROSITY, PERMEABILITY, WATER_SAT, FORMATION) VALUES ('WELL00000000002-BH2', 2040, 0.086, 317.4171, 0.5196, 'Bengal');
INSERT INTO welldata.PETROPHYSICS (UBHI, SAMPLE_DEPTH_M, POROSITY, PERMEABILITY, WATER_SAT, FORMATION) VALUES ('WELL00000000002-BH2', 2060, 0.1038, 265.2628, 0.7126, 'Barmer');
INSERT INTO welldata.PETROPHYSICS (UBHI, SAMPLE_DEPTH_M, POROSITY, PERMEABILITY, WATER_SAT, FORMATION) VALUES ('WELL00000000002-BH2', 2080, 0.0738, 362.3298, 0.3659, 'Sanchore');
INSERT INTO welldata.PETROPHYSICS (UBHI, SAMPLE_DEPTH_M, POROSITY, PERMEABILITY, WATER_SAT, FORMATION) VALUES ('WELL00000000002-BH2', 2100, 0.2044, 313.4888, 0.2899, 'Barmer');
INSERT INTO welldata.PETROPHYSICS (UBHI, SAMPLE_DEPTH_M, POROSITY, PERMEABILITY, WATER_SAT, FORMATION) VALUES ('WELL00000000002-BH2', 2120, 0.0549, 91.8905, 0.1611, 'Bengal');
INSERT INTO welldata.PETROPHYSICS (UBHI, SAMPLE_DEPTH_M, POROSITY, PERMEABILITY, WATER_SAT, FORMATION) VALUES ('WELL00000000002-BH2', 2140, 0.0797, 105.7043, 0.2818, 'Rajahmundry');
INSERT INTO welldata.PETROPHYSICS (UBHI, SAMPLE_DEPTH_M, POROSITY, PERMEABILITY, WATER_SAT, FORMATION) VALUES ('WELL00000000002-BH2', 2160, 0.0741, 119.9654, 0.3665, 'Bengal');
INSERT INTO welldata.PETROPHYSICS (UBHI, SAMPLE_DEPTH_M, POROSITY, PERMEABILITY, WATER_SAT, FORMATION) VALUES ('WELL00000000002-BH2', 2180, 0.1716, 384.2863, 0.425, 'Sanchore');
INSERT INTO welldata.PETROPHYSICS (UBHI, SAMPLE_DEPTH_M, POROSITY, PERMEABILITY, WATER_SAT, FORMATION) VALUES ('WELL00000000002-BH2', 2200, 0.1136, 173.2871, 0.3268, 'Rajahmundry');
INSERT INTO welldata.PETROPHYSICS (UBHI, SAMPLE_DEPTH_M, POROSITY, PERMEABILITY, WATER_SAT, FORMATION) VALUES ('WELL00000000002-BH2', 2220, 0.1418, 93.9341, 0.5285, 'Bengal');
INSERT INTO welldata.PETROPHYSICS (UBHI, SAMPLE_DEPTH_M, POROSITY, PERMEABILITY, WATER_SAT, FORMATION) VALUES ('WELL00000000002-BH2', 2240, 0.0916, 133.3028, 0.6674, 'Barmer');
INSERT INTO welldata.PETROPHYSICS (UBHI, SAMPLE_DEPTH_M, POROSITY, PERMEABILITY, WATER_SAT, FORMATION) VALUES ('WELL00000000002-BH2', 2260, 0.1304, 330.2793, 0.1943, 'Sanchore');
INSERT INTO welldata.PETROPHYSICS (UBHI, SAMPLE_DEPTH_M, POROSITY, PERMEABILITY, WATER_SAT, FORMATION) VALUES ('WELL00000000002-BH2', 2280, 0.2355, 186.5155, 0.261, 'Barmer');
INSERT INTO welldata.PETROPHYSICS (UBHI, SAMPLE_DEPTH_M, POROSITY, PERMEABILITY, WATER_SAT, FORMATION) VALUES ('WELL00000000002-BH2', 2300, 0.2612, 6.4408, 0.311, 'Barmer');
INSERT INTO welldata.PETROPHYSICS (UBHI, SAMPLE_DEPTH_M, POROSITY, PERMEABILITY, WATER_SAT, FORMATION) VALUES ('WELL00000000002-BH2', 2320, 0.0914, 200.9836, 0.279, 'Rajahmundry');
INSERT INTO welldata.PETROPHYSICS (UBHI, SAMPLE_DEPTH_M, POROSITY, PERMEABILITY, WATER_SAT, FORMATION) VALUES ('WELL00000000002-BH2', 2340, 0.142, 236.5753, 0.6299, 'Bengal');
INSERT INTO welldata.PETROPHYSICS (UBHI, SAMPLE_DEPTH_M, POROSITY, PERMEABILITY, WATER_SAT, FORMATION) VALUES ('WELL00000000002-BH2', 2360, 0.1972, 139.5942, 0.4353, 'Rajahmundry');
INSERT INTO welldata.PETROPHYSICS (UBHI, SAMPLE_DEPTH_M, POROSITY, PERMEABILITY, WATER_SAT, FORMATION) VALUES ('WELL00000000002-BH2', 2380, 0.1446, 163.5452, 0.2807, 'Sanchore');
INSERT INTO welldata.PETROPHYSICS (UBHI, SAMPLE_DEPTH_M, POROSITY, PERMEABILITY, WATER_SAT, FORMATION) VALUES ('WELL00000000002-BH2', 2400, 0.2758, 280.5794, 0.3207, 'Barmer');
INSERT INTO welldata.PETROPHYSICS (UBHI, SAMPLE_DEPTH_M, POROSITY, PERMEABILITY, WATER_SAT, FORMATION) VALUES ('WELL00000000002-BH2', 2420, 0.1645, 369.1978, 0.6532, 'Sanchore');
INSERT INTO welldata.PETROPHYSICS (UBHI, SAMPLE_DEPTH_M, POROSITY, PERMEABILITY, WATER_SAT, FORMATION) VALUES ('WELL00000000002-BH2', 2440, 0.1388, 13.6923, 0.4076, 'Bengal');
INSERT INTO welldata.PETROPHYSICS (UBHI, SAMPLE_DEPTH_M, POROSITY, PERMEABILITY, WATER_SAT, FORMATION) VALUES ('WELL00000000002-BH2', 2460, 0.2309, 415.2304, 0.3253, 'Barmer');
INSERT INTO welldata.PETROPHYSICS (UBHI, SAMPLE_DEPTH_M, POROSITY, PERMEABILITY, WATER_SAT, FORMATION) VALUES ('WELL00000000002-BH2', 2480, 0.1076, 301.7902, 0.5631, 'Rajahmundry');
INSERT INTO welldata.PETROPHYSICS (UBHI, SAMPLE_DEPTH_M, POROSITY, PERMEABILITY, WATER_SAT, FORMATION) VALUES ('WELL00000000002-BH2', 2500, 0.1644, 366.5556, 0.2165, 'Rajahmundry');
INSERT INTO welldata.PETROPHYSICS (UBHI, SAMPLE_DEPTH_M, POROSITY, PERMEABILITY, WATER_SAT, FORMATION) VALUES ('WELL00000000002-BH2', 2520, 0.2324, 14.2641, 0.3207, 'Bengal');
INSERT INTO welldata.PETROPHYSICS (UBHI, SAMPLE_DEPTH_M, POROSITY, PERMEABILITY, WATER_SAT, FORMATION) VALUES ('WELL00000000002-BH2', 2540, 0.2764, 152.2678, 0.6401, 'Rajahmundry');
INSERT INTO welldata.PETROPHYSICS (UBHI, SAMPLE_DEPTH_M, POROSITY, PERMEABILITY, WATER_SAT, FORMATION) VALUES ('WELL00000000002-BH2', 2560, 0.0802, 12.3902, 0.7309, 'Rajahmundry');
INSERT INTO welldata.PETROPHYSICS (UBHI, SAMPLE_DEPTH_M, POROSITY, PERMEABILITY, WATER_SAT, FORMATION) VALUES ('WELL00000000002-BH2', 2580, 0.2359, 11.0342, 0.5209, 'Barmer');
INSERT INTO welldata.PETROPHYSICS (UBHI, SAMPLE_DEPTH_M, POROSITY, PERMEABILITY, WATER_SAT, FORMATION) VALUES ('WELL00000000002-BH2', 2600, 0.0615, 390.0002, 0.3623, 'Rajahmundry');
INSERT INTO welldata.PETROPHYSICS (UBHI, SAMPLE_DEPTH_M, POROSITY, PERMEABILITY, WATER_SAT, FORMATION) VALUES ('WELL00000000002-BH2', 2620, 0.2752, 57.2926, 0.4325, 'Barmer');
INSERT INTO welldata.PETROPHYSICS (UBHI, SAMPLE_DEPTH_M, POROSITY, PERMEABILITY, WATER_SAT, FORMATION) VALUES ('WELL00000000002-BH2', 2640, 0.2281, 23.5113, 0.6835, 'Bengal');
INSERT INTO welldata.PETROPHYSICS (UBHI, SAMPLE_DEPTH_M, POROSITY, PERMEABILITY, WATER_SAT, FORMATION) VALUES ('WELL00000000002-BH2', 2660, 0.0599, 162.8552, 0.5055, 'Sanchore');
INSERT INTO welldata.PETROPHYSICS (UBHI, SAMPLE_DEPTH_M, POROSITY, PERMEABILITY, WATER_SAT, FORMATION) VALUES ('WELL00000000002-BH2', 2680, 0.0781, 72.306, 0.6126, 'Bengal');
INSERT INTO welldata.PETROPHYSICS (UBHI, SAMPLE_DEPTH_M, POROSITY, PERMEABILITY, WATER_SAT, FORMATION) VALUES ('WELL00000000002-BH2', 2700, 0.1578, 207.6133, 0.4501, 'Barmer');
INSERT INTO welldata.PETROPHYSICS (UBHI, SAMPLE_DEPTH_M, POROSITY, PERMEABILITY, WATER_SAT, FORMATION) VALUES ('WELL00000000002-BH2', 2720, 0.2341, 376.651, 0.7101, 'Bengal');
INSERT INTO welldata.PETROPHYSICS (UBHI, SAMPLE_DEPTH_M, POROSITY, PERMEABILITY, WATER_SAT, FORMATION) VALUES ('WELL00000000002-BH2', 2740, 0.0898, 348.7631, 0.5661, 'Barmer');
INSERT INTO welldata.PETROPHYSICS (UBHI, SAMPLE_DEPTH_M, POROSITY, PERMEABILITY, WATER_SAT, FORMATION) VALUES ('WELL00000000002-BH2', 2760, 0.1346, 287.6303, 0.4045, 'Barmer');
INSERT INTO welldata.PETROPHYSICS (UBHI, SAMPLE_DEPTH_M, POROSITY, PERMEABILITY, WATER_SAT, FORMATION) VALUES ('WELL00000000002-BH2', 2780, 0.1307, 429.0299, 0.3146, 'Bengal');
INSERT INTO welldata.PETROPHYSICS (UBHI, SAMPLE_DEPTH_M, POROSITY, PERMEABILITY, WATER_SAT, FORMATION) VALUES ('WELL00000000002-BH2', 2800, 0.1234, 101.74, 0.2437, 'Barmer');
INSERT INTO welldata.PETROPHYSICS (UBHI, SAMPLE_DEPTH_M, POROSITY, PERMEABILITY, WATER_SAT, FORMATION) VALUES ('WELL00000000002-BH2', 2820, 0.1985, 278.0931, 0.6918, 'Rajahmundry');
INSERT INTO welldata.PETROPHYSICS (UBHI, SAMPLE_DEPTH_M, POROSITY, PERMEABILITY, WATER_SAT, FORMATION) VALUES ('WELL00000000002-BH2', 2840, 0.2506, 59.0806, 0.3009, 'Bengal');
INSERT INTO welldata.PETROPHYSICS (UBHI, SAMPLE_DEPTH_M, POROSITY, PERMEABILITY, WATER_SAT, FORMATION) VALUES ('WELL00000000002-BH2', 2860, 0.0881, 308.7995, 0.2451, 'Rajahmundry');
INSERT INTO welldata.PETROPHYSICS (UBHI, SAMPLE_DEPTH_M, POROSITY, PERMEABILITY, WATER_SAT, FORMATION) VALUES ('WELL00000000002-BH2', 2880, 0.2799, 407.0375, 0.1836, 'Barmer');
INSERT INTO welldata.PETROPHYSICS (UBHI, SAMPLE_DEPTH_M, POROSITY, PERMEABILITY, WATER_SAT, FORMATION) VALUES ('WELL00000000002-BH2', 2900, 0.2482, 406.0873, 0.4233, 'Rajahmundry');
INSERT INTO welldata.PETROPHYSICS (UBHI, SAMPLE_DEPTH_M, POROSITY, PERMEABILITY, WATER_SAT, FORMATION) VALUES ('WELL00000000002-BH2', 2920, 0.2293, 203.6134, 0.1763, 'Bengal');
INSERT INTO welldata.PETROPHYSICS (UBHI, SAMPLE_DEPTH_M, POROSITY, PERMEABILITY, WATER_SAT, FORMATION) VALUES ('WELL00000000002-BH2', 2940, 0.1005, 105.1528, 0.6208, 'Barmer');
INSERT INTO welldata.PETROPHYSICS (UBHI, SAMPLE_DEPTH_M, POROSITY, PERMEABILITY, WATER_SAT, FORMATION) VALUES ('WELL00000000002-BH2', 2960, 0.1943, 106.2597, 0.6106, 'Bengal');
INSERT INTO welldata.PETROPHYSICS (UBHI, SAMPLE_DEPTH_M, POROSITY, PERMEABILITY, WATER_SAT, FORMATION) VALUES ('WELL00000000002-BH2', 2980, 0.2649, 88.0963, 0.3694, 'Bengal');
INSERT INTO welldata.PETROPHYSICS (UBHI, SAMPLE_DEPTH_M, POROSITY, PERMEABILITY, WATER_SAT, FORMATION) VALUES ('WELL00000000002-BH2', 3000, 0.2382, 134.0273, 0.2314, 'Sanchore');
INSERT INTO welldata.PRODUCTION (UWI, PROD_DATE, OIL_BBL, GAS_MCF, WATER_BBL, HOURS_ON) VALUES ('WELL00000000002', TO_DATE('2015-01-01','YYYY-MM-DD'), 461.04, 12422.15, 1479.0, 709.9);
INSERT INTO welldata.PRODUCTION (UWI, PROD_DATE, OIL_BBL, GAS_MCF, WATER_BBL, HOURS_ON) VALUES ('WELL00000000002', TO_DATE('2015-02-01','YYYY-MM-DD'), 933.13, 1596.58, 1150.78, 384.03);
INSERT INTO welldata.PRODUCTION (UWI, PROD_DATE, OIL_BBL, GAS_MCF, WATER_BBL, HOURS_ON) VALUES ('WELL00000000002', TO_DATE('2015-03-01','YYYY-MM-DD'), 1938.01, 1556.97, 1446.83, 357.21);
INSERT INTO welldata.PRODUCTION (UWI, PROD_DATE, OIL_BBL, GAS_MCF, WATER_BBL, HOURS_ON) VALUES ('WELL00000000002', TO_DATE('2015-04-01','YYYY-MM-DD'), 2898.36, 214.6, 454.93, 401.61);
INSERT INTO welldata.PRODUCTION (UWI, PROD_DATE, OIL_BBL, GAS_MCF, WATER_BBL, HOURS_ON) VALUES ('WELL00000000002', TO_DATE('2015-05-01','YYYY-MM-DD'), 1138.68, 3218.87, 1470.83, 448.88);
INSERT INTO welldata.PRODUCTION (UWI, PROD_DATE, OIL_BBL, GAS_MCF, WATER_BBL, HOURS_ON) VALUES ('WELL00000000002', TO_DATE('2015-06-01','YYYY-MM-DD'), 2813.42, 7832.77, 1183.57, 505.1);
INSERT INTO welldata.PRODUCTION (UWI, PROD_DATE, OIL_BBL, GAS_MCF, WATER_BBL, HOURS_ON) VALUES ('WELL00000000002', TO_DATE('2015-07-01','YYYY-MM-DD'), 456.48, 10504.13, 1126.48, 550.11);
INSERT INTO welldata.PRODUCTION (UWI, PROD_DATE, OIL_BBL, GAS_MCF, WATER_BBL, HOURS_ON) VALUES ('WELL00000000002', TO_DATE('2015-08-01','YYYY-MM-DD'), 1499.44, 824.75, 1248.57, 701.15);
INSERT INTO welldata.PRODUCTION (UWI, PROD_DATE, OIL_BBL, GAS_MCF, WATER_BBL, HOURS_ON) VALUES ('WELL00000000002', TO_DATE('2015-09-01','YYYY-MM-DD'), 246.86, 734.93, 659.27, 562.18);
INSERT INTO welldata.PRODUCTION (UWI, PROD_DATE, OIL_BBL, GAS_MCF, WATER_BBL, HOURS_ON) VALUES ('WELL00000000002', TO_DATE('2015-10-01','YYYY-MM-DD'), 1375.64, 12292.27, 1322.62, 477.33);
INSERT INTO welldata.PRODUCTION (UWI, PROD_DATE, OIL_BBL, GAS_MCF, WATER_BBL, HOURS_ON) VALUES ('WELL00000000002', TO_DATE('2015-11-01','YYYY-MM-DD'), 1868.09, 9695.25, 569.23, 242.15);
INSERT INTO welldata.PRODUCTION (UWI, PROD_DATE, OIL_BBL, GAS_MCF, WATER_BBL, HOURS_ON) VALUES ('WELL00000000002', TO_DATE('2015-12-01','YYYY-MM-DD'), 2735.48, 3967.16, 1243.29, 430.86);
INSERT INTO welldata.PRODUCTION (UWI, PROD_DATE, OIL_BBL, GAS_MCF, WATER_BBL, HOURS_ON) VALUES ('WELL00000000002', TO_DATE('2016-01-01','YYYY-MM-DD'), 2231.2, 11833.11, 1327.02, 623.0);
INSERT INTO welldata.PRODUCTION (UWI, PROD_DATE, OIL_BBL, GAS_MCF, WATER_BBL, HOURS_ON) VALUES ('WELL00000000002', TO_DATE('2016-02-01','YYYY-MM-DD'), 1016.42, 12531.61, 1306.36, 505.16);
INSERT INTO welldata.PRODUCTION (UWI, PROD_DATE, OIL_BBL, GAS_MCF, WATER_BBL, HOURS_ON) VALUES ('WELL00000000002', TO_DATE('2016-03-01','YYYY-MM-DD'), 635.51, 14777.77, 1202.38, 350.52);
INSERT INTO welldata.PRODUCTION (UWI, PROD_DATE, OIL_BBL, GAS_MCF, WATER_BBL, HOURS_ON) VALUES ('WELL00000000002', TO_DATE('2016-04-01','YYYY-MM-DD'), 943.88, 12237.69, 996.28, 344.65);
INSERT INTO welldata.PRODUCTION (UWI, PROD_DATE, OIL_BBL, GAS_MCF, WATER_BBL, HOURS_ON) VALUES ('WELL00000000002', TO_DATE('2016-05-01','YYYY-MM-DD'), 2725.21, 14850.6, 1024.25, 618.92);
INSERT INTO welldata.PRODUCTION (UWI, PROD_DATE, OIL_BBL, GAS_MCF, WATER_BBL, HOURS_ON) VALUES ('WELL00000000002', TO_DATE('2016-06-01','YYYY-MM-DD'), 1810.01, 4643.75, 1201.87, 540.14);
INSERT INTO welldata.PRODUCTION (UWI, PROD_DATE, OIL_BBL, GAS_MCF, WATER_BBL, HOURS_ON) VALUES ('WELL00000000002', TO_DATE('2016-07-01','YYYY-MM-DD'), 2648.89, 5284.17, 1409.26, 536.9);
INSERT INTO welldata.PRODUCTION (UWI, PROD_DATE, OIL_BBL, GAS_MCF, WATER_BBL, HOURS_ON) VALUES ('WELL00000000002', TO_DATE('2016-08-01','YYYY-MM-DD'), 2263.87, 12653.01, 693.59, 623.48);
INSERT INTO welldata.PRODUCTION (UWI, PROD_DATE, OIL_BBL, GAS_MCF, WATER_BBL, HOURS_ON) VALUES ('WELL00000000002', TO_DATE('2016-09-01','YYYY-MM-DD'), 2678.43, 14566.61, 907.12, 157.04);
INSERT INTO welldata.PRODUCTION (UWI, PROD_DATE, OIL_BBL, GAS_MCF, WATER_BBL, HOURS_ON) VALUES ('WELL00000000002', TO_DATE('2016-10-01','YYYY-MM-DD'), 762.14, 3039.39, 228.02, 347.17);
INSERT INTO welldata.PRODUCTION (UWI, PROD_DATE, OIL_BBL, GAS_MCF, WATER_BBL, HOURS_ON) VALUES ('WELL00000000002', TO_DATE('2016-11-01','YYYY-MM-DD'), 1783.6, 14846.02, 141.77, 694.37);
INSERT INTO welldata.PRODUCTION (UWI, PROD_DATE, OIL_BBL, GAS_MCF, WATER_BBL, HOURS_ON) VALUES ('WELL00000000002', TO_DATE('2016-12-01','YYYY-MM-DD'), 1663.6, 12035.51, 1245.34, 332.17);
INSERT INTO welldata.PRODUCTION (UWI, PROD_DATE, OIL_BBL, GAS_MCF, WATER_BBL, HOURS_ON) VALUES ('WELL00000000002', TO_DATE('2017-01-01','YYYY-MM-DD'), 2123.19, 11185.2, 506.97, 674.78);
INSERT INTO welldata.PRODUCTION (UWI, PROD_DATE, OIL_BBL, GAS_MCF, WATER_BBL, HOURS_ON) VALUES ('WELL00000000002', TO_DATE('2017-02-01','YYYY-MM-DD'), 2651.74, 263.83, 1284.75, 352.11);
INSERT INTO welldata.PRODUCTION (UWI, PROD_DATE, OIL_BBL, GAS_MCF, WATER_BBL, HOURS_ON) VALUES ('WELL00000000002', TO_DATE('2017-03-01','YYYY-MM-DD'), 2874.37, 971.02, 1267.39, 426.96);
INSERT INTO welldata.PRODUCTION (UWI, PROD_DATE, OIL_BBL, GAS_MCF, WATER_BBL, HOURS_ON) VALUES ('WELL00000000002', TO_DATE('2017-04-01','YYYY-MM-DD'), 865.55, 7425.65, 1254.69, 376.99);
INSERT INTO welldata.PRODUCTION (UWI, PROD_DATE, OIL_BBL, GAS_MCF, WATER_BBL, HOURS_ON) VALUES ('WELL00000000002', TO_DATE('2017-05-01','YYYY-MM-DD'), 1394.32, 13271.14, 1264.07, 252.11);
INSERT INTO welldata.PRODUCTION (UWI, PROD_DATE, OIL_BBL, GAS_MCF, WATER_BBL, HOURS_ON) VALUES ('WELL00000000002', TO_DATE('2017-06-01','YYYY-MM-DD'), 1558.91, 6074.22, 303.95, 240.84);
INSERT INTO welldata.PRODUCTION (UWI, PROD_DATE, OIL_BBL, GAS_MCF, WATER_BBL, HOURS_ON) VALUES ('WELL00000000002', TO_DATE('2017-07-01','YYYY-MM-DD'), 379.79, 2592.02, 644.07, 271.74);
INSERT INTO welldata.PRODUCTION (UWI, PROD_DATE, OIL_BBL, GAS_MCF, WATER_BBL, HOURS_ON) VALUES ('WELL00000000002', TO_DATE('2017-08-01','YYYY-MM-DD'), 2189.36, 1482.72, 374.8, 697.01);
INSERT INTO welldata.PRODUCTION (UWI, PROD_DATE, OIL_BBL, GAS_MCF, WATER_BBL, HOURS_ON) VALUES ('WELL00000000002', TO_DATE('2017-09-01','YYYY-MM-DD'), 1733.2, 2840.23, 1235.39, 130.15);
INSERT INTO welldata.PRODUCTION (UWI, PROD_DATE, OIL_BBL, GAS_MCF, WATER_BBL, HOURS_ON) VALUES ('WELL00000000002', TO_DATE('2017-10-01','YYYY-MM-DD'), 950.62, 2164.21, 629.03, 400.28);
INSERT INTO welldata.PRODUCTION (UWI, PROD_DATE, OIL_BBL, GAS_MCF, WATER_BBL, HOURS_ON) VALUES ('WELL00000000002', TO_DATE('2017-11-01','YYYY-MM-DD'), 2752.62, 7483.95, 1350.83, 694.81);
INSERT INTO welldata.PRODUCTION (UWI, PROD_DATE, OIL_BBL, GAS_MCF, WATER_BBL, HOURS_ON) VALUES ('WELL00000000002', TO_DATE('2017-12-01','YYYY-MM-DD'), 181.86, 1679.47, 1219.51, 296.47);
INSERT INTO welldata.PRODUCTION (UWI, PROD_DATE, OIL_BBL, GAS_MCF, WATER_BBL, HOURS_ON) VALUES ('WELL00000000002', TO_DATE('2018-01-01','YYYY-MM-DD'), 1416.92, 9856.58, 652.34, 640.06);
INSERT INTO welldata.PRODUCTION (UWI, PROD_DATE, OIL_BBL, GAS_MCF, WATER_BBL, HOURS_ON) VALUES ('WELL00000000002', TO_DATE('2018-02-01','YYYY-MM-DD'), 128.64, 4011.17, 111.56, 275.62);
INSERT INTO welldata.PRODUCTION (UWI, PROD_DATE, OIL_BBL, GAS_MCF, WATER_BBL, HOURS_ON) VALUES ('WELL00000000002', TO_DATE('2018-03-01','YYYY-MM-DD'), 2958.7, 527.6, 824.91, 250.98);
INSERT INTO welldata.PRODUCTION (UWI, PROD_DATE, OIL_BBL, GAS_MCF, WATER_BBL, HOURS_ON) VALUES ('WELL00000000002', TO_DATE('2018-04-01','YYYY-MM-DD'), 2236.68, 2542.17, 1120.81, 431.75);
INSERT INTO welldata.PRODUCTION (UWI, PROD_DATE, OIL_BBL, GAS_MCF, WATER_BBL, HOURS_ON) VALUES ('WELL00000000002', TO_DATE('2018-05-01','YYYY-MM-DD'), 2890.31, 1281.8, 794.8, 666.23);
INSERT INTO welldata.PRODUCTION (UWI, PROD_DATE, OIL_BBL, GAS_MCF, WATER_BBL, HOURS_ON) VALUES ('WELL00000000002', TO_DATE('2018-06-01','YYYY-MM-DD'), 1586.86, 6444.19, 1386.85, 617.3);
INSERT INTO welldata.PRODUCTION (UWI, PROD_DATE, OIL_BBL, GAS_MCF, WATER_BBL, HOURS_ON) VALUES ('WELL00000000002', TO_DATE('2018-07-01','YYYY-MM-DD'), 2355.96, 6152.89, 505.04, 289.2);
INSERT INTO welldata.PRODUCTION (UWI, PROD_DATE, OIL_BBL, GAS_MCF, WATER_BBL, HOURS_ON) VALUES ('WELL00000000002', TO_DATE('2018-08-01','YYYY-MM-DD'), 2922.46, 1257.15, 219.96, 499.5);
INSERT INTO welldata.PRODUCTION (UWI, PROD_DATE, OIL_BBL, GAS_MCF, WATER_BBL, HOURS_ON) VALUES ('WELL00000000002', TO_DATE('2018-09-01','YYYY-MM-DD'), 2656.1, 14686.71, 921.07, 636.18);
INSERT INTO welldata.PRODUCTION (UWI, PROD_DATE, OIL_BBL, GAS_MCF, WATER_BBL, HOURS_ON) VALUES ('WELL00000000002', TO_DATE('2018-10-01','YYYY-MM-DD'), 1123.06, 7779.44, 1157.84, 224.88);
INSERT INTO welldata.PRODUCTION (UWI, PROD_DATE, OIL_BBL, GAS_MCF, WATER_BBL, HOURS_ON) VALUES ('WELL00000000002', TO_DATE('2018-11-01','YYYY-MM-DD'), 2121.85, 6427.11, 87.3, 333.64);
INSERT INTO welldata.PRODUCTION (UWI, PROD_DATE, OIL_BBL, GAS_MCF, WATER_BBL, HOURS_ON) VALUES ('WELL00000000002', TO_DATE('2018-12-01','YYYY-MM-DD'), 2235.73, 12014.02, 1033.34, 554.0);
INSERT INTO welldata.PRODUCTION (UWI, PROD_DATE, OIL_BBL, GAS_MCF, WATER_BBL, HOURS_ON) VALUES ('WELL00000000002', TO_DATE('2019-01-01','YYYY-MM-DD'), 1141.52, 4720.29, 609.92, 382.97);
INSERT INTO welldata.PRODUCTION (UWI, PROD_DATE, OIL_BBL, GAS_MCF, WATER_BBL, HOURS_ON) VALUES ('WELL00000000002', TO_DATE('2019-02-01','YYYY-MM-DD'), 1012.19, 13293.78, 1056.82, 210.91);
INSERT INTO welldata.PRODUCTION (UWI, PROD_DATE, OIL_BBL, GAS_MCF, WATER_BBL, HOURS_ON) VALUES ('WELL00000000002', TO_DATE('2019-03-01','YYYY-MM-DD'), 441.72, 7219.02, 962.76, 536.36);
INSERT INTO welldata.PRODUCTION (UWI, PROD_DATE, OIL_BBL, GAS_MCF, WATER_BBL, HOURS_ON) VALUES ('WELL00000000002', TO_DATE('2019-04-01','YYYY-MM-DD'), 1310.17, 8706.44, 915.76, 296.5);
INSERT INTO welldata.PRODUCTION (UWI, PROD_DATE, OIL_BBL, GAS_MCF, WATER_BBL, HOURS_ON) VALUES ('WELL00000000002', TO_DATE('2019-05-01','YYYY-MM-DD'), 2425.92, 5235.36, 214.47, 206.98);
INSERT INTO welldata.PRODUCTION (UWI, PROD_DATE, OIL_BBL, GAS_MCF, WATER_BBL, HOURS_ON) VALUES ('WELL00000000002', TO_DATE('2019-06-01','YYYY-MM-DD'), 1962.46, 7167.16, 1270.55, 646.13);
INSERT INTO welldata.PRODUCTION (UWI, PROD_DATE, OIL_BBL, GAS_MCF, WATER_BBL, HOURS_ON) VALUES ('WELL00000000002', TO_DATE('2019-07-01','YYYY-MM-DD'), 736.45, 11722.89, 1030.3, 457.57);
INSERT INTO welldata.PRODUCTION (UWI, PROD_DATE, OIL_BBL, GAS_MCF, WATER_BBL, HOURS_ON) VALUES ('WELL00000000002', TO_DATE('2019-08-01','YYYY-MM-DD'), 2987.02, 2632.42, 641.59, 365.94);
INSERT INTO welldata.PRODUCTION (UWI, PROD_DATE, OIL_BBL, GAS_MCF, WATER_BBL, HOURS_ON) VALUES ('WELL00000000002', TO_DATE('2019-09-01','YYYY-MM-DD'), 845.86, 9291.5, 1286.35, 407.88);
INSERT INTO welldata.PRODUCTION (UWI, PROD_DATE, OIL_BBL, GAS_MCF, WATER_BBL, HOURS_ON) VALUES ('WELL00000000002', TO_DATE('2019-10-01','YYYY-MM-DD'), 288.96, 4014.24, 1084.78, 395.63);
INSERT INTO welldata.PRODUCTION (UWI, PROD_DATE, OIL_BBL, GAS_MCF, WATER_BBL, HOURS_ON) VALUES ('WELL00000000002', TO_DATE('2019-11-01','YYYY-MM-DD'), 184.61, 3871.04, 804.71, 313.21);
INSERT INTO welldata.PRODUCTION (UWI, PROD_DATE, OIL_BBL, GAS_MCF, WATER_BBL, HOURS_ON) VALUES ('WELL00000000002', TO_DATE('2019-12-01','YYYY-MM-DD'), 657.62, 5780.91, 184.08, 652.11);
INSERT INTO welldata.PRODUCTION (UWI, PROD_DATE, OIL_BBL, GAS_MCF, WATER_BBL, HOURS_ON) VALUES ('WELL00000000002', TO_DATE('2020-01-01','YYYY-MM-DD'), 998.0, 7088.37, 791.02, 389.46);
INSERT INTO welldata.PRODUCTION (UWI, PROD_DATE, OIL_BBL, GAS_MCF, WATER_BBL, HOURS_ON) VALUES ('WELL00000000002', TO_DATE('2020-02-01','YYYY-MM-DD'), 2769.02, 2400.7, 751.1, 213.53);
INSERT INTO welldata.PRODUCTION (UWI, PROD_DATE, OIL_BBL, GAS_MCF, WATER_BBL, HOURS_ON) VALUES ('WELL00000000002', TO_DATE('2020-03-01','YYYY-MM-DD'), 229.42, 10597.23, 514.95, 564.14);
INSERT INTO welldata.PRODUCTION (UWI, PROD_DATE, OIL_BBL, GAS_MCF, WATER_BBL, HOURS_ON) VALUES ('WELL00000000002', TO_DATE('2020-04-01','YYYY-MM-DD'), 1489.83, 650.47, 139.1, 136.01);
INSERT INTO welldata.PRODUCTION (UWI, PROD_DATE, OIL_BBL, GAS_MCF, WATER_BBL, HOURS_ON) VALUES ('WELL00000000002', TO_DATE('2020-05-01','YYYY-MM-DD'), 1747.78, 6130.6, 451.63, 300.14);
INSERT INTO welldata.PRODUCTION (UWI, PROD_DATE, OIL_BBL, GAS_MCF, WATER_BBL, HOURS_ON) VALUES ('WELL00000000002', TO_DATE('2020-06-01','YYYY-MM-DD'), 1323.94, 12988.01, 1339.56, 614.36);
INSERT INTO welldata.PRODUCTION (UWI, PROD_DATE, OIL_BBL, GAS_MCF, WATER_BBL, HOURS_ON) VALUES ('WELL00000000002', TO_DATE('2020-07-01','YYYY-MM-DD'), 2250.34, 1894.17, 570.23, 612.98);
INSERT INTO welldata.PRODUCTION (UWI, PROD_DATE, OIL_BBL, GAS_MCF, WATER_BBL, HOURS_ON) VALUES ('WELL00000000002', TO_DATE('2020-08-01','YYYY-MM-DD'), 649.59, 10906.86, 180.92, 608.94);
INSERT INTO welldata.PRODUCTION (UWI, PROD_DATE, OIL_BBL, GAS_MCF, WATER_BBL, HOURS_ON) VALUES ('WELL00000000002', TO_DATE('2020-09-01','YYYY-MM-DD'), 811.99, 3944.32, 1447.67, 186.24);
INSERT INTO welldata.PRODUCTION (UWI, PROD_DATE, OIL_BBL, GAS_MCF, WATER_BBL, HOURS_ON) VALUES ('WELL00000000002', TO_DATE('2020-10-01','YYYY-MM-DD'), 2704.32, 4494.04, 433.87, 206.66);
INSERT INTO welldata.PRODUCTION (UWI, PROD_DATE, OIL_BBL, GAS_MCF, WATER_BBL, HOURS_ON) VALUES ('WELL00000000002', TO_DATE('2020-11-01','YYYY-MM-DD'), 220.01, 5744.8, 677.73, 307.83);
INSERT INTO welldata.PRODUCTION (UWI, PROD_DATE, OIL_BBL, GAS_MCF, WATER_BBL, HOURS_ON) VALUES ('WELL00000000002', TO_DATE('2020-12-01','YYYY-MM-DD'), 70.41, 13377.11, 1266.87, 497.5);
INSERT INTO welldata.PRODUCTION (UWI, PROD_DATE, OIL_BBL, GAS_MCF, WATER_BBL, HOURS_ON) VALUES ('WELL00000000002', TO_DATE('2021-01-01','YYYY-MM-DD'), 452.37, 2334.54, 738.11, 223.1);
INSERT INTO welldata.PRODUCTION (UWI, PROD_DATE, OIL_BBL, GAS_MCF, WATER_BBL, HOURS_ON) VALUES ('WELL00000000002', TO_DATE('2021-02-01','YYYY-MM-DD'), 880.37, 3366.88, 1158.81, 520.97);
INSERT INTO welldata.PRODUCTION (UWI, PROD_DATE, OIL_BBL, GAS_MCF, WATER_BBL, HOURS_ON) VALUES ('WELL00000000002', TO_DATE('2021-03-01','YYYY-MM-DD'), 662.01, 14226.2, 913.72, 595.9);
INSERT INTO welldata.PRODUCTION (UWI, PROD_DATE, OIL_BBL, GAS_MCF, WATER_BBL, HOURS_ON) VALUES ('WELL00000000002', TO_DATE('2021-04-01','YYYY-MM-DD'), 2029.9, 7005.38, 715.2, 376.33);
INSERT INTO welldata.PRODUCTION (UWI, PROD_DATE, OIL_BBL, GAS_MCF, WATER_BBL, HOURS_ON) VALUES ('WELL00000000002', TO_DATE('2021-05-01','YYYY-MM-DD'), 251.37, 14140.27, 529.88, 153.32);
INSERT INTO welldata.PRODUCTION (UWI, PROD_DATE, OIL_BBL, GAS_MCF, WATER_BBL, HOURS_ON) VALUES ('WELL00000000002', TO_DATE('2021-06-01','YYYY-MM-DD'), 356.71, 5814.88, 1077.98, 419.93);
INSERT INTO welldata.PRODUCTION (UWI, PROD_DATE, OIL_BBL, GAS_MCF, WATER_BBL, HOURS_ON) VALUES ('WELL00000000002', TO_DATE('2021-07-01','YYYY-MM-DD'), 1026.1, 13600.4, 121.35, 280.99);
INSERT INTO welldata.PRODUCTION (UWI, PROD_DATE, OIL_BBL, GAS_MCF, WATER_BBL, HOURS_ON) VALUES ('WELL00000000002', TO_DATE('2021-08-01','YYYY-MM-DD'), 2657.39, 7081.86, 708.91, 168.06);
INSERT INTO welldata.PRODUCTION (UWI, PROD_DATE, OIL_BBL, GAS_MCF, WATER_BBL, HOURS_ON) VALUES ('WELL00000000002', TO_DATE('2021-09-01','YYYY-MM-DD'), 1810.98, 10950.31, 1260.9, 188.07);
INSERT INTO welldata.PRODUCTION (UWI, PROD_DATE, OIL_BBL, GAS_MCF, WATER_BBL, HOURS_ON) VALUES ('WELL00000000002', TO_DATE('2021-10-01','YYYY-MM-DD'), 1735.46, 12257.23, 1340.35, 175.9);
INSERT INTO welldata.PRODUCTION (UWI, PROD_DATE, OIL_BBL, GAS_MCF, WATER_BBL, HOURS_ON) VALUES ('WELL00000000002', TO_DATE('2021-11-01','YYYY-MM-DD'), 476.39, 13597.64, 585.79, 374.23);
INSERT INTO welldata.PRODUCTION (UWI, PROD_DATE, OIL_BBL, GAS_MCF, WATER_BBL, HOURS_ON) VALUES ('WELL00000000002', TO_DATE('2021-12-01','YYYY-MM-DD'), 2212.82, 3351.87, 236.99, 455.88);
INSERT INTO welldata.PRODUCTION (UWI, PROD_DATE, OIL_BBL, GAS_MCF, WATER_BBL, HOURS_ON) VALUES ('WELL00000000002', TO_DATE('2022-01-01','YYYY-MM-DD'), 1871.47, 14033.24, 170.11, 507.24);
INSERT INTO welldata.PRODUCTION (UWI, PROD_DATE, OIL_BBL, GAS_MCF, WATER_BBL, HOURS_ON) VALUES ('WELL00000000002', TO_DATE('2022-02-01','YYYY-MM-DD'), 416.85, 8786.71, 972.35, 370.05);
INSERT INTO welldata.PRODUCTION (UWI, PROD_DATE, OIL_BBL, GAS_MCF, WATER_BBL, HOURS_ON) VALUES ('WELL00000000002', TO_DATE('2022-03-01','YYYY-MM-DD'), 1213.88, 6266.36, 1237.44, 629.78);
INSERT INTO welldata.PRODUCTION (UWI, PROD_DATE, OIL_BBL, GAS_MCF, WATER_BBL, HOURS_ON) VALUES ('WELL00000000002', TO_DATE('2022-04-01','YYYY-MM-DD'), 1380.77, 11187.58, 665.05, 384.37);
INSERT INTO welldata.PRODUCTION (UWI, PROD_DATE, OIL_BBL, GAS_MCF, WATER_BBL, HOURS_ON) VALUES ('WELL00000000002', TO_DATE('2022-05-01','YYYY-MM-DD'), 1886.55, 9162.83, 696.7, 406.87);
INSERT INTO welldata.PRODUCTION (UWI, PROD_DATE, OIL_BBL, GAS_MCF, WATER_BBL, HOURS_ON) VALUES ('WELL00000000002', TO_DATE('2022-06-01','YYYY-MM-DD'), 2592.16, 5047.45, 947.88, 204.67);
INSERT INTO welldata.PRODUCTION (UWI, PROD_DATE, OIL_BBL, GAS_MCF, WATER_BBL, HOURS_ON) VALUES ('WELL00000000002', TO_DATE('2022-07-01','YYYY-MM-DD'), 2934.23, 748.54, 1175.02, 219.89);
INSERT INTO welldata.PRODUCTION (UWI, PROD_DATE, OIL_BBL, GAS_MCF, WATER_BBL, HOURS_ON) VALUES ('WELL00000000002', TO_DATE('2022-08-01','YYYY-MM-DD'), 1993.97, 167.26, 503.84, 144.72);
INSERT INTO welldata.PRODUCTION (UWI, PROD_DATE, OIL_BBL, GAS_MCF, WATER_BBL, HOURS_ON) VALUES ('WELL00000000002', TO_DATE('2022-09-01','YYYY-MM-DD'), 1294.51, 9324.16, 45.61, 449.68);
INSERT INTO welldata.PRODUCTION (UWI, PROD_DATE, OIL_BBL, GAS_MCF, WATER_BBL, HOURS_ON) VALUES ('WELL00000000002', TO_DATE('2022-10-01','YYYY-MM-DD'), 1235.13, 13100.31, 604.89, 136.5);
INSERT INTO welldata.PRODUCTION (UWI, PROD_DATE, OIL_BBL, GAS_MCF, WATER_BBL, HOURS_ON) VALUES ('WELL00000000002', TO_DATE('2022-11-01','YYYY-MM-DD'), 758.44, 13136.3, 739.39, 354.31);
INSERT INTO welldata.PRODUCTION (UWI, PROD_DATE, OIL_BBL, GAS_MCF, WATER_BBL, HOURS_ON) VALUES ('WELL00000000002', TO_DATE('2022-12-01','YYYY-MM-DD'), 975.99, 4397.97, 226.06, 459.66);
INSERT INTO welldata.PRODUCTION (UWI, PROD_DATE, OIL_BBL, GAS_MCF, WATER_BBL, HOURS_ON) VALUES ('WELL00000000002', TO_DATE('2023-01-01','YYYY-MM-DD'), 462.9, 2205.64, 235.75, 262.17);
INSERT INTO welldata.PRODUCTION (UWI, PROD_DATE, OIL_BBL, GAS_MCF, WATER_BBL, HOURS_ON) VALUES ('WELL00000000002', TO_DATE('2023-02-01','YYYY-MM-DD'), 2687.74, 3055.75, 65.39, 689.88);
INSERT INTO welldata.PRODUCTION (UWI, PROD_DATE, OIL_BBL, GAS_MCF, WATER_BBL, HOURS_ON) VALUES ('WELL00000000002', TO_DATE('2023-03-01','YYYY-MM-DD'), 1494.56, 14552.76, 1185.68, 401.81);
INSERT INTO welldata.PRODUCTION (UWI, PROD_DATE, OIL_BBL, GAS_MCF, WATER_BBL, HOURS_ON) VALUES ('WELL00000000002', TO_DATE('2023-04-01','YYYY-MM-DD'), 1312.87, 107.35, 641.66, 263.14);
INSERT INTO welldata.PRODUCTION (UWI, PROD_DATE, OIL_BBL, GAS_MCF, WATER_BBL, HOURS_ON) VALUES ('WELL00000000002', TO_DATE('2023-05-01','YYYY-MM-DD'), 1168.08, 12887.83, 936.09, 685.4);
INSERT INTO welldata.PRODUCTION (UWI, PROD_DATE, OIL_BBL, GAS_MCF, WATER_BBL, HOURS_ON) VALUES ('WELL00000000002', TO_DATE('2023-06-01','YYYY-MM-DD'), 2317.66, 12812.61, 180.95, 427.95);
INSERT INTO welldata.PRODUCTION (UWI, PROD_DATE, OIL_BBL, GAS_MCF, WATER_BBL, HOURS_ON) VALUES ('WELL00000000002', TO_DATE('2023-07-01','YYYY-MM-DD'), 2476.47, 11676.69, 1232.35, 377.08);
INSERT INTO welldata.PRODUCTION (UWI, PROD_DATE, OIL_BBL, GAS_MCF, WATER_BBL, HOURS_ON) VALUES ('WELL00000000002', TO_DATE('2023-08-01','YYYY-MM-DD'), 431.19, 7864.17, 860.19, 577.42);
INSERT INTO welldata.PRODUCTION (UWI, PROD_DATE, OIL_BBL, GAS_MCF, WATER_BBL, HOURS_ON) VALUES ('WELL00000000002', TO_DATE('2023-09-01','YYYY-MM-DD'), 1133.84, 13472.0, 1317.54, 569.04);
INSERT INTO welldata.PRODUCTION (UWI, PROD_DATE, OIL_BBL, GAS_MCF, WATER_BBL, HOURS_ON) VALUES ('WELL00000000002', TO_DATE('2023-10-01','YYYY-MM-DD'), 2246.7, 14846.63, 154.88, 329.91);
INSERT INTO welldata.PRODUCTION (UWI, PROD_DATE, OIL_BBL, GAS_MCF, WATER_BBL, HOURS_ON) VALUES ('WELL00000000002', TO_DATE('2023-11-01','YYYY-MM-DD'), 1353.6, 6385.9, 1020.87, 383.49);
INSERT INTO welldata.PRODUCTION (UWI, PROD_DATE, OIL_BBL, GAS_MCF, WATER_BBL, HOURS_ON) VALUES ('WELL00000000002', TO_DATE('2023-12-01','YYYY-MM-DD'), 1161.05, 519.98, 90.9, 412.79);
INSERT INTO welldata.PRODUCTION (UWI, PROD_DATE, OIL_BBL, GAS_MCF, WATER_BBL, HOURS_ON) VALUES ('WELL00000000002', TO_DATE('2024-01-01','YYYY-MM-DD'), 1001.74, 3542.16, 48.95, 166.24);
INSERT INTO welldata.PRODUCTION (UWI, PROD_DATE, OIL_BBL, GAS_MCF, WATER_BBL, HOURS_ON) VALUES ('WELL00000000002', TO_DATE('2024-02-01','YYYY-MM-DD'), 579.75, 7179.5, 362.03, 395.81);
INSERT INTO welldata.PRODUCTION (UWI, PROD_DATE, OIL_BBL, GAS_MCF, WATER_BBL, HOURS_ON) VALUES ('WELL00000000002', TO_DATE('2024-03-01','YYYY-MM-DD'), 2236.44, 1226.13, 949.96, 573.97);
INSERT INTO welldata.PRODUCTION (UWI, PROD_DATE, OIL_BBL, GAS_MCF, WATER_BBL, HOURS_ON) VALUES ('WELL00000000002', TO_DATE('2024-04-01','YYYY-MM-DD'), 2718.61, 14911.63, 296.59, 146.11);
INSERT INTO welldata.PRODUCTION (UWI, PROD_DATE, OIL_BBL, GAS_MCF, WATER_BBL, HOURS_ON) VALUES ('WELL00000000002', TO_DATE('2024-05-01','YYYY-MM-DD'), 1963.62, 8202.17, 1360.49, 477.18);
INSERT INTO welldata.PRODUCTION (UWI, PROD_DATE, OIL_BBL, GAS_MCF, WATER_BBL, HOURS_ON) VALUES ('WELL00000000002', TO_DATE('2024-06-01','YYYY-MM-DD'), 2475.59, 264.81, 715.81, 239.07);
INSERT INTO welldata.PRODUCTION (UWI, PROD_DATE, OIL_BBL, GAS_MCF, WATER_BBL, HOURS_ON) VALUES ('WELL00000000002', TO_DATE('2024-07-01','YYYY-MM-DD'), 585.46, 1173.89, 1419.57, 354.97);
INSERT INTO welldata.PRODUCTION (UWI, PROD_DATE, OIL_BBL, GAS_MCF, WATER_BBL, HOURS_ON) VALUES ('WELL00000000002', TO_DATE('2024-08-01','YYYY-MM-DD'), 2401.22, 11632.49, 1215.88, 301.44);
INSERT INTO welldata.PRODUCTION (UWI, PROD_DATE, OIL_BBL, GAS_MCF, WATER_BBL, HOURS_ON) VALUES ('WELL00000000002', TO_DATE('2024-09-01','YYYY-MM-DD'), 2315.03, 6873.17, 1403.18, 528.36);
INSERT INTO welldata.PRODUCTION (UWI, PROD_DATE, OIL_BBL, GAS_MCF, WATER_BBL, HOURS_ON) VALUES ('WELL00000000002', TO_DATE('2024-10-01','YYYY-MM-DD'), 2698.57, 14305.51, 548.92, 334.07);
INSERT INTO welldata.PRODUCTION (UWI, PROD_DATE, OIL_BBL, GAS_MCF, WATER_BBL, HOURS_ON) VALUES ('WELL00000000002', TO_DATE('2024-11-01','YYYY-MM-DD'), 58.45, 12507.06, 934.04, 218.66);
INSERT INTO welldata.PRODUCTION (UWI, PROD_DATE, OIL_BBL, GAS_MCF, WATER_BBL, HOURS_ON) VALUES ('WELL00000000002', TO_DATE('2024-12-01','YYYY-MM-DD'), 1886.14, 14148.93, 1389.99, 714.59);
INSERT INTO welldata.FORMATION_TOPS (UWI, FORMATION, TOP_DEPTH_M, BASE_DEPTH_M, LITHOLOGY) VALUES ('WELL00000000002', 'Rajahmundry', 672, 897, 'SANDSTONE');
INSERT INTO welldata.FORMATION_TOPS (UWI, FORMATION, TOP_DEPTH_M, BASE_DEPTH_M, LITHOLOGY) VALUES ('WELL00000000002', 'Bengal', 956, 1007, 'LIMESTONE');
INSERT INTO welldata.FORMATION_TOPS (UWI, FORMATION, TOP_DEPTH_M, BASE_DEPTH_M, LITHOLOGY) VALUES ('WELL00000000002', 'Sanchore', 1046, 1192, 'SHALE');
INSERT INTO welldata.FORMATION_TOPS (UWI, FORMATION, TOP_DEPTH_M, BASE_DEPTH_M, LITHOLOGY) VALUES ('WELL00000000002', 'Barmer', 1363, 1522, 'DOLOMITE');
INSERT INTO welldata.CORE_ANALYSIS (UWI, CORE_RUN, TOP_DEPTH_M, BASE_DEPTH_M, GRAIN_DENSITY, BULK_DENSITY, RECOVERY_PCT) VALUES ('WELL00000000002', 1, 2083, 2113, 2.5174, 2.388, 51.75);
INSERT INTO welldata.CORE_ANALYSIS (UWI, CORE_RUN, TOP_DEPTH_M, BASE_DEPTH_M, GRAIN_DENSITY, BULK_DENSITY, RECOVERY_PCT) VALUES ('WELL00000000002', 2, 1740, 1806, 2.5667, 2.2766, 80.82);
INSERT INTO welldata.WELL (UWI, WELL_NAME, OPERATOR, COUNTRY, BASIN, FIELD_NAME, SPUD_DATE, COMPLETION_DATE, WELL_TYPE, WELL_STATUS, SURFACE_LAT, SURFACE_LON, TOTAL_DEPTH_M, KB_ELEVATION_M) VALUES ('WELL00000000003', 'CAIR-RA-003', 'Cairn India', 'India', 'Rajasthan', 'Rajasthan Field 1', TO_DATE('2012-10-04','YYYY-MM-DD'), NULL, 'APPRAISAL', 'ACTIVE', 19.3313, 77.391492, 1925, 12.46);
INSERT INTO welldata.BOREHOLE (UBHI, UWI, BOREHOLE_NAME, BOREHOLE_TYPE, TOP_DEPTH_M, BASE_DEPTH_M) VALUES ('WELL00000000003-BH1', 'WELL00000000003', 'CAIR-RA-003-BH1', 'HORIZONTAL', 539, 1657);
INSERT INTO welldata.PETROPHYSICS (UBHI, SAMPLE_DEPTH_M, POROSITY, PERMEABILITY, WATER_SAT, FORMATION) VALUES ('WELL00000000003-BH1', 1000, 0.0759, 91.4269, 0.2569, 'Rajahmundry');
INSERT INTO welldata.PETROPHYSICS (UBHI, SAMPLE_DEPTH_M, POROSITY, PERMEABILITY, WATER_SAT, FORMATION) VALUES ('WELL00000000003-BH1', 1020, 0.1472, 225.9393, 0.5744, 'Bengal');
INSERT INTO welldata.PETROPHYSICS (UBHI, SAMPLE_DEPTH_M, POROSITY, PERMEABILITY, WATER_SAT, FORMATION) VALUES ('WELL00000000003-BH1', 1040, 0.0984, 203.5459, 0.445, 'Sanchore');
INSERT INTO welldata.PETROPHYSICS (UBHI, SAMPLE_DEPTH_M, POROSITY, PERMEABILITY, WATER_SAT, FORMATION) VALUES ('WELL00000000003-BH1', 1060, 0.1039, 188.9611, 0.2189, 'Rajahmundry');
INSERT INTO welldata.PETROPHYSICS (UBHI, SAMPLE_DEPTH_M, POROSITY, PERMEABILITY, WATER_SAT, FORMATION) VALUES ('WELL00000000003-BH1', 1080, 0.0502, 13.3552, 0.2986, 'Sanchore');
INSERT INTO welldata.PETROPHYSICS (UBHI, SAMPLE_DEPTH_M, POROSITY, PERMEABILITY, WATER_SAT, FORMATION) VALUES ('WELL00000000003-BH1', 1100, 0.1211, 40.3274, 0.2551, 'Rajahmundry');
INSERT INTO welldata.PETROPHYSICS (UBHI, SAMPLE_DEPTH_M, POROSITY, PERMEABILITY, WATER_SAT, FORMATION) VALUES ('WELL00000000003-BH1', 1120, 0.1309, 156.0888, 0.5023, 'Rajahmundry');
INSERT INTO welldata.PETROPHYSICS (UBHI, SAMPLE_DEPTH_M, POROSITY, PERMEABILITY, WATER_SAT, FORMATION) VALUES ('WELL00000000003-BH1', 1140, 0.1654, 36.5838, 0.5023, 'Sanchore');
INSERT INTO welldata.PETROPHYSICS (UBHI, SAMPLE_DEPTH_M, POROSITY, PERMEABILITY, WATER_SAT, FORMATION) VALUES ('WELL00000000003-BH1', 1160, 0.2343, 56.1345, 0.2504, 'Barmer');
INSERT INTO welldata.PETROPHYSICS (UBHI, SAMPLE_DEPTH_M, POROSITY, PERMEABILITY, WATER_SAT, FORMATION) VALUES ('WELL00000000003-BH1', 1180, 0.1441, 171.5597, 0.4922, 'Sanchore');
INSERT INTO welldata.PETROPHYSICS (UBHI, SAMPLE_DEPTH_M, POROSITY, PERMEABILITY, WATER_SAT, FORMATION) VALUES ('WELL00000000003-BH1', 1200, 0.2462, 52.8882, 0.684, 'Sanchore');
INSERT INTO welldata.PETROPHYSICS (UBHI, SAMPLE_DEPTH_M, POROSITY, PERMEABILITY, WATER_SAT, FORMATION) VALUES ('WELL00000000003-BH1', 1220, 0.1808, 439.9275, 0.5264, 'Sanchore');
INSERT INTO welldata.PETROPHYSICS (UBHI, SAMPLE_DEPTH_M, POROSITY, PERMEABILITY, WATER_SAT, FORMATION) VALUES ('WELL00000000003-BH1', 1240, 0.1038, 363.683, 0.5287, 'Bengal');
INSERT INTO welldata.PETROPHYSICS (UBHI, SAMPLE_DEPTH_M, POROSITY, PERMEABILITY, WATER_SAT, FORMATION) VALUES ('WELL00000000003-BH1', 1260, 0.0532, 206.325, 0.4226, 'Bengal');
INSERT INTO welldata.PETROPHYSICS (UBHI, SAMPLE_DEPTH_M, POROSITY, PERMEABILITY, WATER_SAT, FORMATION) VALUES ('WELL00000000003-BH1', 1280, 0.1082, 437.6421, 0.2841, 'Sanchore');
INSERT INTO welldata.PETROPHYSICS (UBHI, SAMPLE_DEPTH_M, POROSITY, PERMEABILITY, WATER_SAT, FORMATION) VALUES ('WELL00000000003-BH1', 1300, 0.2272, 230.4079, 0.4688, 'Barmer');
INSERT INTO welldata.PETROPHYSICS (UBHI, SAMPLE_DEPTH_M, POROSITY, PERMEABILITY, WATER_SAT, FORMATION) VALUES ('WELL00000000003-BH1', 1320, 0.1845, 329.5075, 0.2059, 'Bengal');
INSERT INTO welldata.PETROPHYSICS (UBHI, SAMPLE_DEPTH_M, POROSITY, PERMEABILITY, WATER_SAT, FORMATION) VALUES ('WELL00000000003-BH1', 1340, 0.1006, 436.3443, 0.1553, 'Sanchore');
INSERT INTO welldata.PETROPHYSICS (UBHI, SAMPLE_DEPTH_M, POROSITY, PERMEABILITY, WATER_SAT, FORMATION) VALUES ('WELL00000000003-BH1', 1360, 0.0809, 116.8827, 0.3941, 'Barmer');
INSERT INTO welldata.PETROPHYSICS (UBHI, SAMPLE_DEPTH_M, POROSITY, PERMEABILITY, WATER_SAT, FORMATION) VALUES ('WELL00000000003-BH1', 1380, 0.0934, 151.8037, 0.3815, 'Sanchore');
INSERT INTO welldata.PETROPHYSICS (UBHI, SAMPLE_DEPTH_M, POROSITY, PERMEABILITY, WATER_SAT, FORMATION) VALUES ('WELL00000000003-BH1', 1400, 0.098, 184.5047, 0.6015, 'Barmer');
INSERT INTO welldata.PETROPHYSICS (UBHI, SAMPLE_DEPTH_M, POROSITY, PERMEABILITY, WATER_SAT, FORMATION) VALUES ('WELL00000000003-BH1', 1420, 0.1761, 84.4026, 0.2152, 'Bengal');
INSERT INTO welldata.PETROPHYSICS (UBHI, SAMPLE_DEPTH_M, POROSITY, PERMEABILITY, WATER_SAT, FORMATION) VALUES ('WELL00000000003-BH1', 1440, 0.1238, 318.3369, 0.6997, 'Sanchore');
INSERT INTO welldata.PETROPHYSICS (UBHI, SAMPLE_DEPTH_M, POROSITY, PERMEABILITY, WATER_SAT, FORMATION) VALUES ('WELL00000000003-BH1', 1460, 0.0708, 281.8423, 0.3713, 'Barmer');
INSERT INTO welldata.PETROPHYSICS (UBHI, SAMPLE_DEPTH_M, POROSITY, PERMEABILITY, WATER_SAT, FORMATION) VALUES ('WELL00000000003-BH1', 1480, 0.0576, 210.1576, 0.2395, 'Rajahmundry');
INSERT INTO welldata.PETROPHYSICS (UBHI, SAMPLE_DEPTH_M, POROSITY, PERMEABILITY, WATER_SAT, FORMATION) VALUES ('WELL00000000003-BH1', 1500, 0.2458, 316.6805, 0.6326, 'Barmer');
INSERT INTO welldata.PETROPHYSICS (UBHI, SAMPLE_DEPTH_M, POROSITY, PERMEABILITY, WATER_SAT, FORMATION) VALUES ('WELL00000000003-BH1', 1520, 0.2288, 44.6311, 0.3136, 'Bengal');
INSERT INTO welldata.PETROPHYSICS (UBHI, SAMPLE_DEPTH_M, POROSITY, PERMEABILITY, WATER_SAT, FORMATION) VALUES ('WELL00000000003-BH1', 1540, 0.2403, 17.6246, 0.5525, 'Barmer');
INSERT INTO welldata.PETROPHYSICS (UBHI, SAMPLE_DEPTH_M, POROSITY, PERMEABILITY, WATER_SAT, FORMATION) VALUES ('WELL00000000003-BH1', 1560, 0.1125, 117.1924, 0.1993, 'Rajahmundry');
INSERT INTO welldata.PETROPHYSICS (UBHI, SAMPLE_DEPTH_M, POROSITY, PERMEABILITY, WATER_SAT, FORMATION) VALUES ('WELL00000000003-BH1', 1580, 0.1425, 263.4807, 0.6723, 'Bengal');
INSERT INTO welldata.PETROPHYSICS (UBHI, SAMPLE_DEPTH_M, POROSITY, PERMEABILITY, WATER_SAT, FORMATION) VALUES ('WELL00000000003-BH1', 1600, 0.1102, 272.244, 0.727, 'Rajahmundry');
INSERT INTO welldata.PETROPHYSICS (UBHI, SAMPLE_DEPTH_M, POROSITY, PERMEABILITY, WATER_SAT, FORMATION) VALUES ('WELL00000000003-BH1', 1620, 0.2432, 255.8565, 0.6685, 'Rajahmundry');
INSERT INTO welldata.PETROPHYSICS (UBHI, SAMPLE_DEPTH_M, POROSITY, PERMEABILITY, WATER_SAT, FORMATION) VALUES ('WELL00000000003-BH1', 1640, 0.0863, 14.9668, 0.2297, 'Barmer');
INSERT INTO welldata.PETROPHYSICS (UBHI, SAMPLE_DEPTH_M, POROSITY, PERMEABILITY, WATER_SAT, FORMATION) VALUES ('WELL00000000003-BH1', 1660, 0.2055, 196.2901, 0.3266, 'Sanchore');
INSERT INTO welldata.PETROPHYSICS (UBHI, SAMPLE_DEPTH_M, POROSITY, PERMEABILITY, WATER_SAT, FORMATION) VALUES ('WELL00000000003-BH1', 1680, 0.048, 423.7902, 0.55, 'Bengal');
INSERT INTO welldata.PETROPHYSICS (UBHI, SAMPLE_DEPTH_M, POROSITY, PERMEABILITY, WATER_SAT, FORMATION) VALUES ('WELL00000000003-BH1', 1700, 0.0718, 301.6265, 0.4831, 'Rajahmundry');
INSERT INTO welldata.PETROPHYSICS (UBHI, SAMPLE_DEPTH_M, POROSITY, PERMEABILITY, WATER_SAT, FORMATION) VALUES ('WELL00000000003-BH1', 1720, 0.2684, 28.9199, 0.7449, 'Sanchore');
INSERT INTO welldata.PETROPHYSICS (UBHI, SAMPLE_DEPTH_M, POROSITY, PERMEABILITY, WATER_SAT, FORMATION) VALUES ('WELL00000000003-BH1', 1740, 0.1125, 367.554, 0.4902, 'Barmer');
INSERT INTO welldata.PETROPHYSICS (UBHI, SAMPLE_DEPTH_M, POROSITY, PERMEABILITY, WATER_SAT, FORMATION) VALUES ('WELL00000000003-BH1', 1760, 0.2423, 28.2547, 0.6659, 'Barmer');
INSERT INTO welldata.PETROPHYSICS (UBHI, SAMPLE_DEPTH_M, POROSITY, PERMEABILITY, WATER_SAT, FORMATION) VALUES ('WELL00000000003-BH1', 1780, 0.1585, 280.2525, 0.24, 'Rajahmundry');
INSERT INTO welldata.PETROPHYSICS (UBHI, SAMPLE_DEPTH_M, POROSITY, PERMEABILITY, WATER_SAT, FORMATION) VALUES ('WELL00000000003-BH1', 1800, 0.0746, 142.3456, 0.4149, 'Barmer');
INSERT INTO welldata.PETROPHYSICS (UBHI, SAMPLE_DEPTH_M, POROSITY, PERMEABILITY, WATER_SAT, FORMATION) VALUES ('WELL00000000003-BH1', 1820, 0.2672, 446.938, 0.5207, 'Rajahmundry');
INSERT INTO welldata.PETROPHYSICS (UBHI, SAMPLE_DEPTH_M, POROSITY, PERMEABILITY, WATER_SAT, FORMATION) VALUES ('WELL00000000003-BH1', 1840, 0.2724, 250.5372, 0.7224, 'Rajahmundry');
INSERT INTO welldata.PETROPHYSICS (UBHI, SAMPLE_DEPTH_M, POROSITY, PERMEABILITY, WATER_SAT, FORMATION) VALUES ('WELL00000000003-BH1', 1860, 0.2143, 90.3973, 0.2483, 'Rajahmundry');
INSERT INTO welldata.PETROPHYSICS (UBHI, SAMPLE_DEPTH_M, POROSITY, PERMEABILITY, WATER_SAT, FORMATION) VALUES ('WELL00000000003-BH1', 1880, 0.248, 156.6983, 0.373, 'Bengal');
INSERT INTO welldata.PETROPHYSICS (UBHI, SAMPLE_DEPTH_M, POROSITY, PERMEABILITY, WATER_SAT, FORMATION) VALUES ('WELL00000000003-BH1', 1900, 0.1315, 82.1112, 0.3089, 'Bengal');
INSERT INTO welldata.PETROPHYSICS (UBHI, SAMPLE_DEPTH_M, POROSITY, PERMEABILITY, WATER_SAT, FORMATION) VALUES ('WELL00000000003-BH1', 1920, 0.254, 264.0498, 0.3992, 'Barmer');
INSERT INTO welldata.PETROPHYSICS (UBHI, SAMPLE_DEPTH_M, POROSITY, PERMEABILITY, WATER_SAT, FORMATION) VALUES ('WELL00000000003-BH1', 1940, 0.0641, 131.0919, 0.4784, 'Sanchore');
INSERT INTO welldata.PETROPHYSICS (UBHI, SAMPLE_DEPTH_M, POROSITY, PERMEABILITY, WATER_SAT, FORMATION) VALUES ('WELL00000000003-BH1', 1960, 0.2542, 432.3944, 0.7256, 'Barmer');
INSERT INTO welldata.PETROPHYSICS (UBHI, SAMPLE_DEPTH_M, POROSITY, PERMEABILITY, WATER_SAT, FORMATION) VALUES ('WELL00000000003-BH1', 1980, 0.1041, 199.1935, 0.4935, 'Rajahmundry');
INSERT INTO welldata.PETROPHYSICS (UBHI, SAMPLE_DEPTH_M, POROSITY, PERMEABILITY, WATER_SAT, FORMATION) VALUES ('WELL00000000003-BH1', 2000, 0.0975, 336.7605, 0.6425, 'Sanchore');
INSERT INTO welldata.PETROPHYSICS (UBHI, SAMPLE_DEPTH_M, POROSITY, PERMEABILITY, WATER_SAT, FORMATION) VALUES ('WELL00000000003-BH1', 2020, 0.251, 362.7837, 0.4251, 'Sanchore');
INSERT INTO welldata.PETROPHYSICS (UBHI, SAMPLE_DEPTH_M, POROSITY, PERMEABILITY, WATER_SAT, FORMATION) VALUES ('WELL00000000003-BH1', 2040, 0.1706, 342.6791, 0.7082, 'Barmer');
INSERT INTO welldata.PETROPHYSICS (UBHI, SAMPLE_DEPTH_M, POROSITY, PERMEABILITY, WATER_SAT, FORMATION) VALUES ('WELL00000000003-BH1', 2060, 0.0901, 315.4397, 0.4093, 'Barmer');
INSERT INTO welldata.PETROPHYSICS (UBHI, SAMPLE_DEPTH_M, POROSITY, PERMEABILITY, WATER_SAT, FORMATION) VALUES ('WELL00000000003-BH1', 2080, 0.1619, 428.5576, 0.3377, 'Bengal');
INSERT INTO welldata.PETROPHYSICS (UBHI, SAMPLE_DEPTH_M, POROSITY, PERMEABILITY, WATER_SAT, FORMATION) VALUES ('WELL00000000003-BH1', 2100, 0.2694, 33.8898, 0.2862, 'Sanchore');
INSERT INTO welldata.PETROPHYSICS (UBHI, SAMPLE_DEPTH_M, POROSITY, PERMEABILITY, WATER_SAT, FORMATION) VALUES ('WELL00000000003-BH1', 2120, 0.2466, 421.3884, 0.3568, 'Barmer');
INSERT INTO welldata.PETROPHYSICS (UBHI, SAMPLE_DEPTH_M, POROSITY, PERMEABILITY, WATER_SAT, FORMATION) VALUES ('WELL00000000003-BH1', 2140, 0.0743, 151.6086, 0.6745, 'Sanchore');
INSERT INTO welldata.PETROPHYSICS (UBHI, SAMPLE_DEPTH_M, POROSITY, PERMEABILITY, WATER_SAT, FORMATION) VALUES ('WELL00000000003-BH1', 2160, 0.1298, 141.0155, 0.2864, 'Barmer');
INSERT INTO welldata.PETROPHYSICS (UBHI, SAMPLE_DEPTH_M, POROSITY, PERMEABILITY, WATER_SAT, FORMATION) VALUES ('WELL00000000003-BH1', 2180, 0.2318, 306.5986, 0.5457, 'Bengal');
INSERT INTO welldata.PETROPHYSICS (UBHI, SAMPLE_DEPTH_M, POROSITY, PERMEABILITY, WATER_SAT, FORMATION) VALUES ('WELL00000000003-BH1', 2200, 0.221, 112.8915, 0.1576, 'Sanchore');
INSERT INTO welldata.PETROPHYSICS (UBHI, SAMPLE_DEPTH_M, POROSITY, PERMEABILITY, WATER_SAT, FORMATION) VALUES ('WELL00000000003-BH1', 2220, 0.0905, 276.7781, 0.4811, 'Barmer');
INSERT INTO welldata.PETROPHYSICS (UBHI, SAMPLE_DEPTH_M, POROSITY, PERMEABILITY, WATER_SAT, FORMATION) VALUES ('WELL00000000003-BH1', 2240, 0.2602, 173.8566, 0.4605, 'Bengal');
INSERT INTO welldata.PETROPHYSICS (UBHI, SAMPLE_DEPTH_M, POROSITY, PERMEABILITY, WATER_SAT, FORMATION) VALUES ('WELL00000000003-BH1', 2260, 0.2575, 429.336, 0.7187, 'Barmer');
INSERT INTO welldata.PETROPHYSICS (UBHI, SAMPLE_DEPTH_M, POROSITY, PERMEABILITY, WATER_SAT, FORMATION) VALUES ('WELL00000000003-BH1', 2280, 0.1847, 153.1603, 0.4372, 'Bengal');
INSERT INTO welldata.PETROPHYSICS (UBHI, SAMPLE_DEPTH_M, POROSITY, PERMEABILITY, WATER_SAT, FORMATION) VALUES ('WELL00000000003-BH1', 2300, 0.2596, 69.9438, 0.1561, 'Sanchore');
INSERT INTO welldata.PETROPHYSICS (UBHI, SAMPLE_DEPTH_M, POROSITY, PERMEABILITY, WATER_SAT, FORMATION) VALUES ('WELL00000000003-BH1', 2320, 0.1095, 403.7562, 0.3211, 'Bengal');
INSERT INTO welldata.PETROPHYSICS (UBHI, SAMPLE_DEPTH_M, POROSITY, PERMEABILITY, WATER_SAT, FORMATION) VALUES ('WELL00000000003-BH1', 2340, 0.2478, 201.902, 0.2769, 'Bengal');
INSERT INTO welldata.PETROPHYSICS (UBHI, SAMPLE_DEPTH_M, POROSITY, PERMEABILITY, WATER_SAT, FORMATION) VALUES ('WELL00000000003-BH1', 2360, 0.1982, 345.9264, 0.5537, 'Rajahmundry');
INSERT INTO welldata.PETROPHYSICS (UBHI, SAMPLE_DEPTH_M, POROSITY, PERMEABILITY, WATER_SAT, FORMATION) VALUES ('WELL00000000003-BH1', 2380, 0.0496, 216.9676, 0.3638, 'Sanchore');
INSERT INTO welldata.PETROPHYSICS (UBHI, SAMPLE_DEPTH_M, POROSITY, PERMEABILITY, WATER_SAT, FORMATION) VALUES ('WELL00000000003-BH1', 2400, 0.2267, 60.2774, 0.3987, 'Rajahmundry');
INSERT INTO welldata.PETROPHYSICS (UBHI, SAMPLE_DEPTH_M, POROSITY, PERMEABILITY, WATER_SAT, FORMATION) VALUES ('WELL00000000003-BH1', 2420, 0.2566, 283.2448, 0.4157, 'Rajahmundry');
INSERT INTO welldata.PETROPHYSICS (UBHI, SAMPLE_DEPTH_M, POROSITY, PERMEABILITY, WATER_SAT, FORMATION) VALUES ('WELL00000000003-BH1', 2440, 0.133, 128.6743, 0.5634, 'Bengal');
INSERT INTO welldata.PETROPHYSICS (UBHI, SAMPLE_DEPTH_M, POROSITY, PERMEABILITY, WATER_SAT, FORMATION) VALUES ('WELL00000000003-BH1', 2460, 0.0984, 217.9163, 0.354, 'Barmer');
INSERT INTO welldata.PETROPHYSICS (UBHI, SAMPLE_DEPTH_M, POROSITY, PERMEABILITY, WATER_SAT, FORMATION) VALUES ('WELL00000000003-BH1', 2480, 0.0777, 23.9181, 0.4335, 'Rajahmundry');
INSERT INTO welldata.PETROPHYSICS (UBHI, SAMPLE_DEPTH_M, POROSITY, PERMEABILITY, WATER_SAT, FORMATION) VALUES ('WELL00000000003-BH1', 2500, 0.2363, 346.0833, 0.2957, 'Bengal');
INSERT INTO welldata.PETROPHYSICS (UBHI, SAMPLE_DEPTH_M, POROSITY, PERMEABILITY, WATER_SAT, FORMATION) VALUES ('WELL00000000003-BH1', 2520, 0.0893, 414.7136, 0.3213, 'Barmer');
INSERT INTO welldata.PETROPHYSICS (UBHI, SAMPLE_DEPTH_M, POROSITY, PERMEABILITY, WATER_SAT, FORMATION) VALUES ('WELL00000000003-BH1', 2540, 0.0733, 140.8953, 0.3368, 'Sanchore');
INSERT INTO welldata.PETROPHYSICS (UBHI, SAMPLE_DEPTH_M, POROSITY, PERMEABILITY, WATER_SAT, FORMATION) VALUES ('WELL00000000003-BH1', 2560, 0.221, 141.0122, 0.424, 'Rajahmundry');
INSERT INTO welldata.PETROPHYSICS (UBHI, SAMPLE_DEPTH_M, POROSITY, PERMEABILITY, WATER_SAT, FORMATION) VALUES ('WELL00000000003-BH1', 2580, 0.1299, 154.5909, 0.6939, 'Rajahmundry');
INSERT INTO welldata.PETROPHYSICS (UBHI, SAMPLE_DEPTH_M, POROSITY, PERMEABILITY, WATER_SAT, FORMATION) VALUES ('WELL00000000003-BH1', 2600, 0.0791, 192.0425, 0.3889, 'Sanchore');
INSERT INTO welldata.PETROPHYSICS (UBHI, SAMPLE_DEPTH_M, POROSITY, PERMEABILITY, WATER_SAT, FORMATION) VALUES ('WELL00000000003-BH1', 2620, 0.1814, 195.9115, 0.5337, 'Rajahmundry');
INSERT INTO welldata.PETROPHYSICS (UBHI, SAMPLE_DEPTH_M, POROSITY, PERMEABILITY, WATER_SAT, FORMATION) VALUES ('WELL00000000003-BH1', 2640, 0.0973, 404.6885, 0.6269, 'Barmer');
INSERT INTO welldata.PETROPHYSICS (UBHI, SAMPLE_DEPTH_M, POROSITY, PERMEABILITY, WATER_SAT, FORMATION) VALUES ('WELL00000000003-BH1', 2660, 0.1017, 156.9803, 0.3499, 'Sanchore');
INSERT INTO welldata.PETROPHYSICS (UBHI, SAMPLE_DEPTH_M, POROSITY, PERMEABILITY, WATER_SAT, FORMATION) VALUES ('WELL00000000003-BH1', 2680, 0.1979, 326.6614, 0.5956, 'Bengal');
INSERT INTO welldata.PETROPHYSICS (UBHI, SAMPLE_DEPTH_M, POROSITY, PERMEABILITY, WATER_SAT, FORMATION) VALUES ('WELL00000000003-BH1', 2700, 0.1105, 415.4672, 0.574, 'Bengal');
INSERT INTO welldata.PETROPHYSICS (UBHI, SAMPLE_DEPTH_M, POROSITY, PERMEABILITY, WATER_SAT, FORMATION) VALUES ('WELL00000000003-BH1', 2720, 0.052, 261.6583, 0.3536, 'Rajahmundry');
INSERT INTO welldata.PETROPHYSICS (UBHI, SAMPLE_DEPTH_M, POROSITY, PERMEABILITY, WATER_SAT, FORMATION) VALUES ('WELL00000000003-BH1', 2740, 0.2034, 195.0076, 0.5175, 'Sanchore');
INSERT INTO welldata.PETROPHYSICS (UBHI, SAMPLE_DEPTH_M, POROSITY, PERMEABILITY, WATER_SAT, FORMATION) VALUES ('WELL00000000003-BH1', 2760, 0.2001, 434.206, 0.6808, 'Bengal');
INSERT INTO welldata.PETROPHYSICS (UBHI, SAMPLE_DEPTH_M, POROSITY, PERMEABILITY, WATER_SAT, FORMATION) VALUES ('WELL00000000003-BH1', 2780, 0.085, 377.5198, 0.1529, 'Barmer');
INSERT INTO welldata.PETROPHYSICS (UBHI, SAMPLE_DEPTH_M, POROSITY, PERMEABILITY, WATER_SAT, FORMATION) VALUES ('WELL00000000003-BH1', 2800, 0.1298, 379.6341, 0.5105, 'Barmer');
INSERT INTO welldata.PETROPHYSICS (UBHI, SAMPLE_DEPTH_M, POROSITY, PERMEABILITY, WATER_SAT, FORMATION) VALUES ('WELL00000000003-BH1', 2820, 0.1522, 448.027, 0.487, 'Barmer');
INSERT INTO welldata.PETROPHYSICS (UBHI, SAMPLE_DEPTH_M, POROSITY, PERMEABILITY, WATER_SAT, FORMATION) VALUES ('WELL00000000003-BH1', 2840, 0.0956, 223.4505, 0.3925, 'Rajahmundry');
INSERT INTO welldata.PETROPHYSICS (UBHI, SAMPLE_DEPTH_M, POROSITY, PERMEABILITY, WATER_SAT, FORMATION) VALUES ('WELL00000000003-BH1', 2860, 0.2058, 148.8392, 0.2346, 'Barmer');
INSERT INTO welldata.PETROPHYSICS (UBHI, SAMPLE_DEPTH_M, POROSITY, PERMEABILITY, WATER_SAT, FORMATION) VALUES ('WELL00000000003-BH1', 2880, 0.2698, 328.3623, 0.6202, 'Barmer');
INSERT INTO welldata.PETROPHYSICS (UBHI, SAMPLE_DEPTH_M, POROSITY, PERMEABILITY, WATER_SAT, FORMATION) VALUES ('WELL00000000003-BH1', 2900, 0.0519, 138.997, 0.3498, 'Rajahmundry');
INSERT INTO welldata.PETROPHYSICS (UBHI, SAMPLE_DEPTH_M, POROSITY, PERMEABILITY, WATER_SAT, FORMATION) VALUES ('WELL00000000003-BH1', 2920, 0.221, 199.8184, 0.3951, 'Bengal');
INSERT INTO welldata.PETROPHYSICS (UBHI, SAMPLE_DEPTH_M, POROSITY, PERMEABILITY, WATER_SAT, FORMATION) VALUES ('WELL00000000003-BH1', 2940, 0.2161, 282.1656, 0.169, 'Bengal');
INSERT INTO welldata.PETROPHYSICS (UBHI, SAMPLE_DEPTH_M, POROSITY, PERMEABILITY, WATER_SAT, FORMATION) VALUES ('WELL00000000003-BH1', 2960, 0.2556, 271.2784, 0.4646, 'Barmer');
INSERT INTO welldata.PETROPHYSICS (UBHI, SAMPLE_DEPTH_M, POROSITY, PERMEABILITY, WATER_SAT, FORMATION) VALUES ('WELL00000000003-BH1', 2980, 0.1952, 278.7471, 0.1989, 'Sanchore');
INSERT INTO welldata.PETROPHYSICS (UBHI, SAMPLE_DEPTH_M, POROSITY, PERMEABILITY, WATER_SAT, FORMATION) VALUES ('WELL00000000003-BH1', 3000, 0.0678, 443.2342, 0.5437, 'Barmer');
INSERT INTO welldata.BOREHOLE (UBHI, UWI, BOREHOLE_NAME, BOREHOLE_TYPE, TOP_DEPTH_M, BASE_DEPTH_M) VALUES ('WELL00000000003-BH2', 'WELL00000000003', 'CAIR-RA-003-BH2', 'DIRECTIONAL', 824, 1455);
INSERT INTO welldata.PETROPHYSICS (UBHI, SAMPLE_DEPTH_M, POROSITY, PERMEABILITY, WATER_SAT, FORMATION) VALUES ('WELL00000000003-BH2', 1000, 0.2384, 104.0774, 0.5353, 'Barmer');
INSERT INTO welldata.PETROPHYSICS (UBHI, SAMPLE_DEPTH_M, POROSITY, PERMEABILITY, WATER_SAT, FORMATION) VALUES ('WELL00000000003-BH2', 1020, 0.132, 161.5933, 0.1626, 'Barmer');
INSERT INTO welldata.PETROPHYSICS (UBHI, SAMPLE_DEPTH_M, POROSITY, PERMEABILITY, WATER_SAT, FORMATION) VALUES ('WELL00000000003-BH2', 1040, 0.0816, 274.0568, 0.1909, 'Sanchore');
INSERT INTO welldata.PETROPHYSICS (UBHI, SAMPLE_DEPTH_M, POROSITY, PERMEABILITY, WATER_SAT, FORMATION) VALUES ('WELL00000000003-BH2', 1060, 0.2437, 58.4363, 0.7095, 'Rajahmundry');
INSERT INTO welldata.PETROPHYSICS (UBHI, SAMPLE_DEPTH_M, POROSITY, PERMEABILITY, WATER_SAT, FORMATION) VALUES ('WELL00000000003-BH2', 1080, 0.0814, 348.8434, 0.5196, 'Rajahmundry');
INSERT INTO welldata.PETROPHYSICS (UBHI, SAMPLE_DEPTH_M, POROSITY, PERMEABILITY, WATER_SAT, FORMATION) VALUES ('WELL00000000003-BH2', 1100, 0.0515, 389.7306, 0.5387, 'Rajahmundry');
INSERT INTO welldata.PETROPHYSICS (UBHI, SAMPLE_DEPTH_M, POROSITY, PERMEABILITY, WATER_SAT, FORMATION) VALUES ('WELL00000000003-BH2', 1120, 0.1061, 201.9384, 0.3583, 'Bengal');
INSERT INTO welldata.PETROPHYSICS (UBHI, SAMPLE_DEPTH_M, POROSITY, PERMEABILITY, WATER_SAT, FORMATION) VALUES ('WELL00000000003-BH2', 1140, 0.1766, 100.8471, 0.2427, 'Rajahmundry');
INSERT INTO welldata.PETROPHYSICS (UBHI, SAMPLE_DEPTH_M, POROSITY, PERMEABILITY, WATER_SAT, FORMATION) VALUES ('WELL00000000003-BH2', 1160, 0.1832, 323.8889, 0.5237, 'Bengal');
INSERT INTO welldata.PETROPHYSICS (UBHI, SAMPLE_DEPTH_M, POROSITY, PERMEABILITY, WATER_SAT, FORMATION) VALUES ('WELL00000000003-BH2', 1180, 0.2562, 279.4028, 0.4929, 'Barmer');
INSERT INTO welldata.PETROPHYSICS (UBHI, SAMPLE_DEPTH_M, POROSITY, PERMEABILITY, WATER_SAT, FORMATION) VALUES ('WELL00000000003-BH2', 1200, 0.2286, 409.9475, 0.427, 'Bengal');
INSERT INTO welldata.PETROPHYSICS (UBHI, SAMPLE_DEPTH_M, POROSITY, PERMEABILITY, WATER_SAT, FORMATION) VALUES ('WELL00000000003-BH2', 1220, 0.0481, 391.1325, 0.58, 'Barmer');
INSERT INTO welldata.PETROPHYSICS (UBHI, SAMPLE_DEPTH_M, POROSITY, PERMEABILITY, WATER_SAT, FORMATION) VALUES ('WELL00000000003-BH2', 1240, 0.1999, 429.9315, 0.4967, 'Barmer');
INSERT INTO welldata.PETROPHYSICS (UBHI, SAMPLE_DEPTH_M, POROSITY, PERMEABILITY, WATER_SAT, FORMATION) VALUES ('WELL00000000003-BH2', 1260, 0.2018, 114.2811, 0.5592, 'Bengal');
INSERT INTO welldata.PETROPHYSICS (UBHI, SAMPLE_DEPTH_M, POROSITY, PERMEABILITY, WATER_SAT, FORMATION) VALUES ('WELL00000000003-BH2', 1280, 0.098, 218.818, 0.4274, 'Rajahmundry');
INSERT INTO welldata.PETROPHYSICS (UBHI, SAMPLE_DEPTH_M, POROSITY, PERMEABILITY, WATER_SAT, FORMATION) VALUES ('WELL00000000003-BH2', 1300, 0.1346, 256.9148, 0.6126, 'Bengal');
INSERT INTO welldata.PETROPHYSICS (UBHI, SAMPLE_DEPTH_M, POROSITY, PERMEABILITY, WATER_SAT, FORMATION) VALUES ('WELL00000000003-BH2', 1320, 0.2708, 377.0858, 0.7422, 'Rajahmundry');
INSERT INTO welldata.PETROPHYSICS (UBHI, SAMPLE_DEPTH_M, POROSITY, PERMEABILITY, WATER_SAT, FORMATION) VALUES ('WELL00000000003-BH2', 1340, 0.2076, 432.3899, 0.5855, 'Bengal');
INSERT INTO welldata.PETROPHYSICS (UBHI, SAMPLE_DEPTH_M, POROSITY, PERMEABILITY, WATER_SAT, FORMATION) VALUES ('WELL00000000003-BH2', 1360, 0.107, 72.7867, 0.552, 'Rajahmundry');
INSERT INTO welldata.PETROPHYSICS (UBHI, SAMPLE_DEPTH_M, POROSITY, PERMEABILITY, WATER_SAT, FORMATION) VALUES ('WELL00000000003-BH2', 1380, 0.0629, 54.1068, 0.4534, 'Bengal');
INSERT INTO welldata.PETROPHYSICS (UBHI, SAMPLE_DEPTH_M, POROSITY, PERMEABILITY, WATER_SAT, FORMATION) VALUES ('WELL00000000003-BH2', 1400, 0.1796, 234.4603, 0.6209, 'Bengal');
INSERT INTO welldata.PETROPHYSICS (UBHI, SAMPLE_DEPTH_M, POROSITY, PERMEABILITY, WATER_SAT, FORMATION) VALUES ('WELL00000000003-BH2', 1420, 0.1783, 422.7156, 0.6423, 'Sanchore');
INSERT INTO welldata.PETROPHYSICS (UBHI, SAMPLE_DEPTH_M, POROSITY, PERMEABILITY, WATER_SAT, FORMATION) VALUES ('WELL00000000003-BH2', 1440, 0.0767, 254.6938, 0.1907, 'Sanchore');
INSERT INTO welldata.PETROPHYSICS (UBHI, SAMPLE_DEPTH_M, POROSITY, PERMEABILITY, WATER_SAT, FORMATION) VALUES ('WELL00000000003-BH2', 1460, 0.209, 408.4566, 0.7104, 'Sanchore');
INSERT INTO welldata.PETROPHYSICS (UBHI, SAMPLE_DEPTH_M, POROSITY, PERMEABILITY, WATER_SAT, FORMATION) VALUES ('WELL00000000003-BH2', 1480, 0.1341, 303.7147, 0.7122, 'Bengal');
INSERT INTO welldata.PETROPHYSICS (UBHI, SAMPLE_DEPTH_M, POROSITY, PERMEABILITY, WATER_SAT, FORMATION) VALUES ('WELL00000000003-BH2', 1500, 0.1486, 321.1219, 0.2956, 'Bengal');
INSERT INTO welldata.PETROPHYSICS (UBHI, SAMPLE_DEPTH_M, POROSITY, PERMEABILITY, WATER_SAT, FORMATION) VALUES ('WELL00000000003-BH2', 1520, 0.0871, 285.7321, 0.4108, 'Sanchore');
INSERT INTO welldata.PETROPHYSICS (UBHI, SAMPLE_DEPTH_M, POROSITY, PERMEABILITY, WATER_SAT, FORMATION) VALUES ('WELL00000000003-BH2', 1540, 0.2265, 79.3293, 0.2634, 'Barmer');
INSERT INTO welldata.PETROPHYSICS (UBHI, SAMPLE_DEPTH_M, POROSITY, PERMEABILITY, WATER_SAT, FORMATION) VALUES ('WELL00000000003-BH2', 1560, 0.1715, 186.0039, 0.2377, 'Bengal');
INSERT INTO welldata.PETROPHYSICS (UBHI, SAMPLE_DEPTH_M, POROSITY, PERMEABILITY, WATER_SAT, FORMATION) VALUES ('WELL00000000003-BH2', 1580, 0.1875, 147.4149, 0.1691, 'Rajahmundry');
INSERT INTO welldata.PETROPHYSICS (UBHI, SAMPLE_DEPTH_M, POROSITY, PERMEABILITY, WATER_SAT, FORMATION) VALUES ('WELL00000000003-BH2', 1600, 0.2635, 283.6273, 0.3083, 'Barmer');
INSERT INTO welldata.PETROPHYSICS (UBHI, SAMPLE_DEPTH_M, POROSITY, PERMEABILITY, WATER_SAT, FORMATION) VALUES ('WELL00000000003-BH2', 1620, 0.1233, 154.0953, 0.2969, 'Rajahmundry');
INSERT INTO welldata.PETROPHYSICS (UBHI, SAMPLE_DEPTH_M, POROSITY, PERMEABILITY, WATER_SAT, FORMATION) VALUES ('WELL00000000003-BH2', 1640, 0.1583, 258.1679, 0.5095, 'Rajahmundry');
INSERT INTO welldata.PETROPHYSICS (UBHI, SAMPLE_DEPTH_M, POROSITY, PERMEABILITY, WATER_SAT, FORMATION) VALUES ('WELL00000000003-BH2', 1660, 0.172, 412.5975, 0.4003, 'Barmer');
INSERT INTO welldata.PETROPHYSICS (UBHI, SAMPLE_DEPTH_M, POROSITY, PERMEABILITY, WATER_SAT, FORMATION) VALUES ('WELL00000000003-BH2', 1680, 0.1384, 174.8551, 0.4848, 'Bengal');
INSERT INTO welldata.PETROPHYSICS (UBHI, SAMPLE_DEPTH_M, POROSITY, PERMEABILITY, WATER_SAT, FORMATION) VALUES ('WELL00000000003-BH2', 1700, 0.2132, 134.1098, 0.6873, 'Barmer');
INSERT INTO welldata.PETROPHYSICS (UBHI, SAMPLE_DEPTH_M, POROSITY, PERMEABILITY, WATER_SAT, FORMATION) VALUES ('WELL00000000003-BH2', 1720, 0.1936, 108.0287, 0.1923, 'Sanchore');
INSERT INTO welldata.PETROPHYSICS (UBHI, SAMPLE_DEPTH_M, POROSITY, PERMEABILITY, WATER_SAT, FORMATION) VALUES ('WELL00000000003-BH2', 1740, 0.2257, 72.7453, 0.6434, 'Rajahmundry');
INSERT INTO welldata.PETROPHYSICS (UBHI, SAMPLE_DEPTH_M, POROSITY, PERMEABILITY, WATER_SAT, FORMATION) VALUES ('WELL00000000003-BH2', 1760, 0.1131, 18.7513, 0.418, 'Rajahmundry');
INSERT INTO welldata.PETROPHYSICS (UBHI, SAMPLE_DEPTH_M, POROSITY, PERMEABILITY, WATER_SAT, FORMATION) VALUES ('WELL00000000003-BH2', 1780, 0.1969, 140.7204, 0.3169, 'Sanchore');
INSERT INTO welldata.PETROPHYSICS (UBHI, SAMPLE_DEPTH_M, POROSITY, PERMEABILITY, WATER_SAT, FORMATION) VALUES ('WELL00000000003-BH2', 1800, 0.2219, 193.2236, 0.2953, 'Sanchore');
INSERT INTO welldata.PETROPHYSICS (UBHI, SAMPLE_DEPTH_M, POROSITY, PERMEABILITY, WATER_SAT, FORMATION) VALUES ('WELL00000000003-BH2', 1820, 0.128, 304.4461, 0.5476, 'Sanchore');
INSERT INTO welldata.PETROPHYSICS (UBHI, SAMPLE_DEPTH_M, POROSITY, PERMEABILITY, WATER_SAT, FORMATION) VALUES ('WELL00000000003-BH2', 1840, 0.1324, 43.2894, 0.1513, 'Rajahmundry');
INSERT INTO welldata.PETROPHYSICS (UBHI, SAMPLE_DEPTH_M, POROSITY, PERMEABILITY, WATER_SAT, FORMATION) VALUES ('WELL00000000003-BH2', 1860, 0.1629, 180.3714, 0.4127, 'Rajahmundry');
INSERT INTO welldata.PETROPHYSICS (UBHI, SAMPLE_DEPTH_M, POROSITY, PERMEABILITY, WATER_SAT, FORMATION) VALUES ('WELL00000000003-BH2', 1880, 0.1299, 68.0307, 0.2226, 'Bengal');
INSERT INTO welldata.PETROPHYSICS (UBHI, SAMPLE_DEPTH_M, POROSITY, PERMEABILITY, WATER_SAT, FORMATION) VALUES ('WELL00000000003-BH2', 1900, 0.2315, 366.772, 0.6639, 'Rajahmundry');
INSERT INTO welldata.PETROPHYSICS (UBHI, SAMPLE_DEPTH_M, POROSITY, PERMEABILITY, WATER_SAT, FORMATION) VALUES ('WELL00000000003-BH2', 1920, 0.043, 410.5412, 0.4153, 'Bengal');
INSERT INTO welldata.PETROPHYSICS (UBHI, SAMPLE_DEPTH_M, POROSITY, PERMEABILITY, WATER_SAT, FORMATION) VALUES ('WELL00000000003-BH2', 1940, 0.1883, 48.7749, 0.637, 'Bengal');
INSERT INTO welldata.PETROPHYSICS (UBHI, SAMPLE_DEPTH_M, POROSITY, PERMEABILITY, WATER_SAT, FORMATION) VALUES ('WELL00000000003-BH2', 1960, 0.0453, 118.5925, 0.2896, 'Rajahmundry');
INSERT INTO welldata.PETROPHYSICS (UBHI, SAMPLE_DEPTH_M, POROSITY, PERMEABILITY, WATER_SAT, FORMATION) VALUES ('WELL00000000003-BH2', 1980, 0.2295, 321.9945, 0.4774, 'Rajahmundry');
INSERT INTO welldata.PETROPHYSICS (UBHI, SAMPLE_DEPTH_M, POROSITY, PERMEABILITY, WATER_SAT, FORMATION) VALUES ('WELL00000000003-BH2', 2000, 0.0818, 57.9332, 0.5539, 'Barmer');
INSERT INTO welldata.PETROPHYSICS (UBHI, SAMPLE_DEPTH_M, POROSITY, PERMEABILITY, WATER_SAT, FORMATION) VALUES ('WELL00000000003-BH2', 2020, 0.2471, 246.8501, 0.248, 'Bengal');
INSERT INTO welldata.PETROPHYSICS (UBHI, SAMPLE_DEPTH_M, POROSITY, PERMEABILITY, WATER_SAT, FORMATION) VALUES ('WELL00000000003-BH2', 2040, 0.1108, 106.6287, 0.4773, 'Sanchore');
INSERT INTO welldata.PETROPHYSICS (UBHI, SAMPLE_DEPTH_M, POROSITY, PERMEABILITY, WATER_SAT, FORMATION) VALUES ('WELL00000000003-BH2', 2060, 0.1708, 269.517, 0.6955, 'Bengal');
INSERT INTO welldata.PETROPHYSICS (UBHI, SAMPLE_DEPTH_M, POROSITY, PERMEABILITY, WATER_SAT, FORMATION) VALUES ('WELL00000000003-BH2', 2080, 0.2371, 319.5932, 0.6287, 'Barmer');
INSERT INTO welldata.PETROPHYSICS (UBHI, SAMPLE_DEPTH_M, POROSITY, PERMEABILITY, WATER_SAT, FORMATION) VALUES ('WELL00000000003-BH2', 2100, 0.0657, 287.3186, 0.6072, 'Bengal');
INSERT INTO welldata.PETROPHYSICS (UBHI, SAMPLE_DEPTH_M, POROSITY, PERMEABILITY, WATER_SAT, FORMATION) VALUES ('WELL00000000003-BH2', 2120, 0.0561, 384.8217, 0.5494, 'Rajahmundry');
INSERT INTO welldata.PETROPHYSICS (UBHI, SAMPLE_DEPTH_M, POROSITY, PERMEABILITY, WATER_SAT, FORMATION) VALUES ('WELL00000000003-BH2', 2140, 0.2243, 251.5879, 0.4213, 'Barmer');
INSERT INTO welldata.PETROPHYSICS (UBHI, SAMPLE_DEPTH_M, POROSITY, PERMEABILITY, WATER_SAT, FORMATION) VALUES ('WELL00000000003-BH2', 2160, 0.1249, 327.2563, 0.4258, 'Barmer');
INSERT INTO welldata.PETROPHYSICS (UBHI, SAMPLE_DEPTH_M, POROSITY, PERMEABILITY, WATER_SAT, FORMATION) VALUES ('WELL00000000003-BH2', 2180, 0.1171, 410.948, 0.3297, 'Barmer');
INSERT INTO welldata.PETROPHYSICS (UBHI, SAMPLE_DEPTH_M, POROSITY, PERMEABILITY, WATER_SAT, FORMATION) VALUES ('WELL00000000003-BH2', 2200, 0.2468, 124.7943, 0.3099, 'Sanchore');
INSERT INTO welldata.PETROPHYSICS (UBHI, SAMPLE_DEPTH_M, POROSITY, PERMEABILITY, WATER_SAT, FORMATION) VALUES ('WELL00000000003-BH2', 2220, 0.1483, 215.6372, 0.209, 'Barmer');
INSERT INTO welldata.PETROPHYSICS (UBHI, SAMPLE_DEPTH_M, POROSITY, PERMEABILITY, WATER_SAT, FORMATION) VALUES ('WELL00000000003-BH2', 2240, 0.2795, 179.5426, 0.3096, 'Barmer');
INSERT INTO welldata.PETROPHYSICS (UBHI, SAMPLE_DEPTH_M, POROSITY, PERMEABILITY, WATER_SAT, FORMATION) VALUES ('WELL00000000003-BH2', 2260, 0.1695, 365.3961, 0.5039, 'Bengal');
INSERT INTO welldata.PETROPHYSICS (UBHI, SAMPLE_DEPTH_M, POROSITY, PERMEABILITY, WATER_SAT, FORMATION) VALUES ('WELL00000000003-BH2', 2280, 0.0789, 432.1895, 0.6204, 'Bengal');
INSERT INTO welldata.PETROPHYSICS (UBHI, SAMPLE_DEPTH_M, POROSITY, PERMEABILITY, WATER_SAT, FORMATION) VALUES ('WELL00000000003-BH2', 2300, 0.1754, 105.4799, 0.6783, 'Rajahmundry');
INSERT INTO welldata.PETROPHYSICS (UBHI, SAMPLE_DEPTH_M, POROSITY, PERMEABILITY, WATER_SAT, FORMATION) VALUES ('WELL00000000003-BH2', 2320, 0.1859, 246.6778, 0.2238, 'Barmer');
INSERT INTO welldata.PETROPHYSICS (UBHI, SAMPLE_DEPTH_M, POROSITY, PERMEABILITY, WATER_SAT, FORMATION) VALUES ('WELL00000000003-BH2', 2340, 0.0823, 296.1833, 0.2643, 'Barmer');
INSERT INTO welldata.PETROPHYSICS (UBHI, SAMPLE_DEPTH_M, POROSITY, PERMEABILITY, WATER_SAT, FORMATION) VALUES ('WELL00000000003-BH2', 2360, 0.0829, 339.0623, 0.563, 'Sanchore');
INSERT INTO welldata.PETROPHYSICS (UBHI, SAMPLE_DEPTH_M, POROSITY, PERMEABILITY, WATER_SAT, FORMATION) VALUES ('WELL00000000003-BH2', 2380, 0.0724, 396.486, 0.5142, 'Bengal');
INSERT INTO welldata.PETROPHYSICS (UBHI, SAMPLE_DEPTH_M, POROSITY, PERMEABILITY, WATER_SAT, FORMATION) VALUES ('WELL00000000003-BH2', 2400, 0.2104, 251.2604, 0.3042, 'Sanchore');
INSERT INTO welldata.PETROPHYSICS (UBHI, SAMPLE_DEPTH_M, POROSITY, PERMEABILITY, WATER_SAT, FORMATION) VALUES ('WELL00000000003-BH2', 2420, 0.0879, 292.6678, 0.2282, 'Bengal');
INSERT INTO welldata.PETROPHYSICS (UBHI, SAMPLE_DEPTH_M, POROSITY, PERMEABILITY, WATER_SAT, FORMATION) VALUES ('WELL00000000003-BH2', 2440, 0.092, 340.2058, 0.4709, 'Bengal');
INSERT INTO welldata.PETROPHYSICS (UBHI, SAMPLE_DEPTH_M, POROSITY, PERMEABILITY, WATER_SAT, FORMATION) VALUES ('WELL00000000003-BH2', 2460, 0.2291, 23.5453, 0.6049, 'Sanchore');
INSERT INTO welldata.PETROPHYSICS (UBHI, SAMPLE_DEPTH_M, POROSITY, PERMEABILITY, WATER_SAT, FORMATION) VALUES ('WELL00000000003-BH2', 2480, 0.185, 110.6821, 0.5956, 'Rajahmundry');
INSERT INTO welldata.PETROPHYSICS (UBHI, SAMPLE_DEPTH_M, POROSITY, PERMEABILITY, WATER_SAT, FORMATION) VALUES ('WELL00000000003-BH2', 2500, 0.1613, 383.8428, 0.5806, 'Rajahmundry');
INSERT INTO welldata.PETROPHYSICS (UBHI, SAMPLE_DEPTH_M, POROSITY, PERMEABILITY, WATER_SAT, FORMATION) VALUES ('WELL00000000003-BH2', 2520, 0.1653, 417.0477, 0.547, 'Sanchore');
INSERT INTO welldata.PETROPHYSICS (UBHI, SAMPLE_DEPTH_M, POROSITY, PERMEABILITY, WATER_SAT, FORMATION) VALUES ('WELL00000000003-BH2', 2540, 0.1132, 13.9403, 0.4257, 'Barmer');
INSERT INTO welldata.PETROPHYSICS (UBHI, SAMPLE_DEPTH_M, POROSITY, PERMEABILITY, WATER_SAT, FORMATION) VALUES ('WELL00000000003-BH2', 2560, 0.1449, 304.1673, 0.465, 'Sanchore');
INSERT INTO welldata.PETROPHYSICS (UBHI, SAMPLE_DEPTH_M, POROSITY, PERMEABILITY, WATER_SAT, FORMATION) VALUES ('WELL00000000003-BH2', 2580, 0.1336, 244.426, 0.5864, 'Bengal');
INSERT INTO welldata.PETROPHYSICS (UBHI, SAMPLE_DEPTH_M, POROSITY, PERMEABILITY, WATER_SAT, FORMATION) VALUES ('WELL00000000003-BH2', 2600, 0.1387, 337.3962, 0.5366, 'Rajahmundry');
INSERT INTO welldata.PETROPHYSICS (UBHI, SAMPLE_DEPTH_M, POROSITY, PERMEABILITY, WATER_SAT, FORMATION) VALUES ('WELL00000000003-BH2', 2620, 0.0414, 63.7871, 0.285, 'Barmer');
INSERT INTO welldata.PETROPHYSICS (UBHI, SAMPLE_DEPTH_M, POROSITY, PERMEABILITY, WATER_SAT, FORMATION) VALUES ('WELL00000000003-BH2', 2640, 0.0479, 34.5835, 0.3601, 'Sanchore');
INSERT INTO welldata.PETROPHYSICS (UBHI, SAMPLE_DEPTH_M, POROSITY, PERMEABILITY, WATER_SAT, FORMATION) VALUES ('WELL00000000003-BH2', 2660, 0.1445, 292.9178, 0.7456, 'Bengal');
INSERT INTO welldata.PETROPHYSICS (UBHI, SAMPLE_DEPTH_M, POROSITY, PERMEABILITY, WATER_SAT, FORMATION) VALUES ('WELL00000000003-BH2', 2680, 0.1769, 196.1512, 0.6259, 'Barmer');
INSERT INTO welldata.PETROPHYSICS (UBHI, SAMPLE_DEPTH_M, POROSITY, PERMEABILITY, WATER_SAT, FORMATION) VALUES ('WELL00000000003-BH2', 2700, 0.2674, 376.8969, 0.2615, 'Barmer');
INSERT INTO welldata.PETROPHYSICS (UBHI, SAMPLE_DEPTH_M, POROSITY, PERMEABILITY, WATER_SAT, FORMATION) VALUES ('WELL00000000003-BH2', 2720, 0.116, 426.5526, 0.221, 'Rajahmundry');
INSERT INTO welldata.PETROPHYSICS (UBHI, SAMPLE_DEPTH_M, POROSITY, PERMEABILITY, WATER_SAT, FORMATION) VALUES ('WELL00000000003-BH2', 2740, 0.0654, 402.7012, 0.1849, 'Sanchore');
INSERT INTO welldata.PETROPHYSICS (UBHI, SAMPLE_DEPTH_M, POROSITY, PERMEABILITY, WATER_SAT, FORMATION) VALUES ('WELL00000000003-BH2', 2760, 0.0704, 239.2113, 0.218, 'Rajahmundry');
INSERT INTO welldata.PETROPHYSICS (UBHI, SAMPLE_DEPTH_M, POROSITY, PERMEABILITY, WATER_SAT, FORMATION) VALUES ('WELL00000000003-BH2', 2780, 0.1415, 251.8605, 0.5017, 'Barmer');
INSERT INTO welldata.PETROPHYSICS (UBHI, SAMPLE_DEPTH_M, POROSITY, PERMEABILITY, WATER_SAT, FORMATION) VALUES ('WELL00000000003-BH2', 2800, 0.2625, 338.2036, 0.4303, 'Bengal');
INSERT INTO welldata.PETROPHYSICS (UBHI, SAMPLE_DEPTH_M, POROSITY, PERMEABILITY, WATER_SAT, FORMATION) VALUES ('WELL00000000003-BH2', 2820, 0.2163, 344.1375, 0.7442, 'Bengal');
INSERT INTO welldata.PETROPHYSICS (UBHI, SAMPLE_DEPTH_M, POROSITY, PERMEABILITY, WATER_SAT, FORMATION) VALUES ('WELL00000000003-BH2', 2840, 0.2595, 83.0503, 0.2041, 'Bengal');
INSERT INTO welldata.PETROPHYSICS (UBHI, SAMPLE_DEPTH_M, POROSITY, PERMEABILITY, WATER_SAT, FORMATION) VALUES ('WELL00000000003-BH2', 2860, 0.2341, 152.7426, 0.546, 'Bengal');
INSERT INTO welldata.PETROPHYSICS (UBHI, SAMPLE_DEPTH_M, POROSITY, PERMEABILITY, WATER_SAT, FORMATION) VALUES ('WELL00000000003-BH2', 2880, 0.2259, 337.3804, 0.2886, 'Sanchore');
INSERT INTO welldata.PETROPHYSICS (UBHI, SAMPLE_DEPTH_M, POROSITY, PERMEABILITY, WATER_SAT, FORMATION) VALUES ('WELL00000000003-BH2', 2900, 0.1817, 233.0749, 0.2545, 'Rajahmundry');
INSERT INTO welldata.PETROPHYSICS (UBHI, SAMPLE_DEPTH_M, POROSITY, PERMEABILITY, WATER_SAT, FORMATION) VALUES ('WELL00000000003-BH2', 2920, 0.2707, 180.4731, 0.2853, 'Barmer');
INSERT INTO welldata.PETROPHYSICS (UBHI, SAMPLE_DEPTH_M, POROSITY, PERMEABILITY, WATER_SAT, FORMATION) VALUES ('WELL00000000003-BH2', 2940, 0.0693, 336.7843, 0.1642, 'Rajahmundry');
INSERT INTO welldata.PETROPHYSICS (UBHI, SAMPLE_DEPTH_M, POROSITY, PERMEABILITY, WATER_SAT, FORMATION) VALUES ('WELL00000000003-BH2', 2960, 0.1059, 319.5801, 0.1834, 'Sanchore');
INSERT INTO welldata.PETROPHYSICS (UBHI, SAMPLE_DEPTH_M, POROSITY, PERMEABILITY, WATER_SAT, FORMATION) VALUES ('WELL00000000003-BH2', 2980, 0.1034, 339.4779, 0.2876, 'Barmer');
INSERT INTO welldata.PETROPHYSICS (UBHI, SAMPLE_DEPTH_M, POROSITY, PERMEABILITY, WATER_SAT, FORMATION) VALUES ('WELL00000000003-BH2', 3000, 0.0932, 349.5919, 0.5296, 'Barmer');
INSERT INTO welldata.PRODUCTION (UWI, PROD_DATE, OIL_BBL, GAS_MCF, WATER_BBL, HOURS_ON) VALUES ('WELL00000000003', TO_DATE('2015-01-01','YYYY-MM-DD'), 1170.74, 3093.05, 937.66, 142.53);
INSERT INTO welldata.PRODUCTION (UWI, PROD_DATE, OIL_BBL, GAS_MCF, WATER_BBL, HOURS_ON) VALUES ('WELL00000000003', TO_DATE('2015-02-01','YYYY-MM-DD'), 471.93, 14782.69, 541.69, 600.43);
INSERT INTO welldata.PRODUCTION (UWI, PROD_DATE, OIL_BBL, GAS_MCF, WATER_BBL, HOURS_ON) VALUES ('WELL00000000003', TO_DATE('2015-03-01','YYYY-MM-DD'), 2915.99, 12861.64, 1197.15, 176.28);
INSERT INTO welldata.PRODUCTION (UWI, PROD_DATE, OIL_BBL, GAS_MCF, WATER_BBL, HOURS_ON) VALUES ('WELL00000000003', TO_DATE('2015-04-01','YYYY-MM-DD'), 2568.79, 3690.68, 1490.92, 130.64);
INSERT INTO welldata.PRODUCTION (UWI, PROD_DATE, OIL_BBL, GAS_MCF, WATER_BBL, HOURS_ON) VALUES ('WELL00000000003', TO_DATE('2015-05-01','YYYY-MM-DD'), 2036.78, 6575.19, 412.87, 324.49);
INSERT INTO welldata.PRODUCTION (UWI, PROD_DATE, OIL_BBL, GAS_MCF, WATER_BBL, HOURS_ON) VALUES ('WELL00000000003', TO_DATE('2015-06-01','YYYY-MM-DD'), 2168.53, 1340.08, 1122.87, 281.22);
INSERT INTO welldata.PRODUCTION (UWI, PROD_DATE, OIL_BBL, GAS_MCF, WATER_BBL, HOURS_ON) VALUES ('WELL00000000003', TO_DATE('2015-07-01','YYYY-MM-DD'), 1305.66, 14245.92, 1497.57, 616.73);
INSERT INTO welldata.PRODUCTION (UWI, PROD_DATE, OIL_BBL, GAS_MCF, WATER_BBL, HOURS_ON) VALUES ('WELL00000000003', TO_DATE('2015-08-01','YYYY-MM-DD'), 2506.43, 5633.85, 935.26, 578.53);
INSERT INTO welldata.PRODUCTION (UWI, PROD_DATE, OIL_BBL, GAS_MCF, WATER_BBL, HOURS_ON) VALUES ('WELL00000000003', TO_DATE('2015-09-01','YYYY-MM-DD'), 747.04, 10682.1, 279.28, 520.99);
INSERT INTO welldata.PRODUCTION (UWI, PROD_DATE, OIL_BBL, GAS_MCF, WATER_BBL, HOURS_ON) VALUES ('WELL00000000003', TO_DATE('2015-10-01','YYYY-MM-DD'), 2878.28, 14343.17, 1278.12, 235.85);
INSERT INTO welldata.PRODUCTION (UWI, PROD_DATE, OIL_BBL, GAS_MCF, WATER_BBL, HOURS_ON) VALUES ('WELL00000000003', TO_DATE('2015-11-01','YYYY-MM-DD'), 1906.59, 3540.48, 632.73, 559.16);
INSERT INTO welldata.PRODUCTION (UWI, PROD_DATE, OIL_BBL, GAS_MCF, WATER_BBL, HOURS_ON) VALUES ('WELL00000000003', TO_DATE('2015-12-01','YYYY-MM-DD'), 475.12, 10146.87, 710.05, 618.62);
INSERT INTO welldata.PRODUCTION (UWI, PROD_DATE, OIL_BBL, GAS_MCF, WATER_BBL, HOURS_ON) VALUES ('WELL00000000003', TO_DATE('2016-01-01','YYYY-MM-DD'), 1811.2, 12839.58, 1419.56, 600.71);
INSERT INTO welldata.PRODUCTION (UWI, PROD_DATE, OIL_BBL, GAS_MCF, WATER_BBL, HOURS_ON) VALUES ('WELL00000000003', TO_DATE('2016-02-01','YYYY-MM-DD'), 2149.1, 1591.39, 297.71, 157.76);
INSERT INTO welldata.PRODUCTION (UWI, PROD_DATE, OIL_BBL, GAS_MCF, WATER_BBL, HOURS_ON) VALUES ('WELL00000000003', TO_DATE('2016-03-01','YYYY-MM-DD'), 1735.95, 3332.31, 491.24, 354.69);
INSERT INTO welldata.PRODUCTION (UWI, PROD_DATE, OIL_BBL, GAS_MCF, WATER_BBL, HOURS_ON) VALUES ('WELL00000000003', TO_DATE('2016-04-01','YYYY-MM-DD'), 556.07, 4452.57, 433.28, 649.03);
INSERT INTO welldata.PRODUCTION (UWI, PROD_DATE, OIL_BBL, GAS_MCF, WATER_BBL, HOURS_ON) VALUES ('WELL00000000003', TO_DATE('2016-05-01','YYYY-MM-DD'), 723.56, 1878.89, 1423.43, 205.38);
INSERT INTO welldata.PRODUCTION (UWI, PROD_DATE, OIL_BBL, GAS_MCF, WATER_BBL, HOURS_ON) VALUES ('WELL00000000003', TO_DATE('2016-06-01','YYYY-MM-DD'), 2793.03, 5338.99, 903.57, 475.1);
INSERT INTO welldata.PRODUCTION (UWI, PROD_DATE, OIL_BBL, GAS_MCF, WATER_BBL, HOURS_ON) VALUES ('WELL00000000003', TO_DATE('2016-07-01','YYYY-MM-DD'), 2710.19, 7906.7, 153.7, 380.46);
INSERT INTO welldata.PRODUCTION (UWI, PROD_DATE, OIL_BBL, GAS_MCF, WATER_BBL, HOURS_ON) VALUES ('WELL00000000003', TO_DATE('2016-08-01','YYYY-MM-DD'), 1049.71, 7931.03, 819.75, 705.65);
INSERT INTO welldata.PRODUCTION (UWI, PROD_DATE, OIL_BBL, GAS_MCF, WATER_BBL, HOURS_ON) VALUES ('WELL00000000003', TO_DATE('2016-09-01','YYYY-MM-DD'), 1582.53, 4355.09, 784.67, 313.61);
INSERT INTO welldata.PRODUCTION (UWI, PROD_DATE, OIL_BBL, GAS_MCF, WATER_BBL, HOURS_ON) VALUES ('WELL00000000003', TO_DATE('2016-10-01','YYYY-MM-DD'), 488.79, 1593.14, 997.59, 211.06);
INSERT INTO welldata.PRODUCTION (UWI, PROD_DATE, OIL_BBL, GAS_MCF, WATER_BBL, HOURS_ON) VALUES ('WELL00000000003', TO_DATE('2016-11-01','YYYY-MM-DD'), 706.35, 4607.26, 644.42, 663.63);
INSERT INTO welldata.PRODUCTION (UWI, PROD_DATE, OIL_BBL, GAS_MCF, WATER_BBL, HOURS_ON) VALUES ('WELL00000000003', TO_DATE('2016-12-01','YYYY-MM-DD'), 827.48, 9460.89, 944.11, 640.61);
INSERT INTO welldata.PRODUCTION (UWI, PROD_DATE, OIL_BBL, GAS_MCF, WATER_BBL, HOURS_ON) VALUES ('WELL00000000003', TO_DATE('2017-01-01','YYYY-MM-DD'), 1940.81, 13946.17, 675.03, 153.87);
INSERT INTO welldata.PRODUCTION (UWI, PROD_DATE, OIL_BBL, GAS_MCF, WATER_BBL, HOURS_ON) VALUES ('WELL00000000003', TO_DATE('2017-02-01','YYYY-MM-DD'), 1702.95, 103.78, 1414.54, 298.74);
INSERT INTO welldata.PRODUCTION (UWI, PROD_DATE, OIL_BBL, GAS_MCF, WATER_BBL, HOURS_ON) VALUES ('WELL00000000003', TO_DATE('2017-03-01','YYYY-MM-DD'), 1528.24, 9682.27, 186.87, 337.72);
INSERT INTO welldata.PRODUCTION (UWI, PROD_DATE, OIL_BBL, GAS_MCF, WATER_BBL, HOURS_ON) VALUES ('WELL00000000003', TO_DATE('2017-04-01','YYYY-MM-DD'), 1131.09, 14310.49, 242.4, 610.05);
INSERT INTO welldata.PRODUCTION (UWI, PROD_DATE, OIL_BBL, GAS_MCF, WATER_BBL, HOURS_ON) VALUES ('WELL00000000003', TO_DATE('2017-05-01','YYYY-MM-DD'), 2027.3, 10951.11, 1215.53, 413.34);
INSERT INTO welldata.PRODUCTION (UWI, PROD_DATE, OIL_BBL, GAS_MCF, WATER_BBL, HOURS_ON) VALUES ('WELL00000000003', TO_DATE('2017-06-01','YYYY-MM-DD'), 2881.14, 8258.98, 541.45, 153.4);
INSERT INTO welldata.PRODUCTION (UWI, PROD_DATE, OIL_BBL, GAS_MCF, WATER_BBL, HOURS_ON) VALUES ('WELL00000000003', TO_DATE('2017-07-01','YYYY-MM-DD'), 396.87, 7504.66, 1036.02, 175.97);
INSERT INTO welldata.PRODUCTION (UWI, PROD_DATE, OIL_BBL, GAS_MCF, WATER_BBL, HOURS_ON) VALUES ('WELL00000000003', TO_DATE('2017-08-01','YYYY-MM-DD'), 230.34, 11001.86, 127.03, 126.71);
INSERT INTO welldata.PRODUCTION (UWI, PROD_DATE, OIL_BBL, GAS_MCF, WATER_BBL, HOURS_ON) VALUES ('WELL00000000003', TO_DATE('2017-09-01','YYYY-MM-DD'), 1804.38, 14686.19, 928.74, 696.83);
INSERT INTO welldata.PRODUCTION (UWI, PROD_DATE, OIL_BBL, GAS_MCF, WATER_BBL, HOURS_ON) VALUES ('WELL00000000003', TO_DATE('2017-10-01','YYYY-MM-DD'), 731.17, 10794.39, 840.28, 363.53);
INSERT INTO welldata.PRODUCTION (UWI, PROD_DATE, OIL_BBL, GAS_MCF, WATER_BBL, HOURS_ON) VALUES ('WELL00000000003', TO_DATE('2017-11-01','YYYY-MM-DD'), 1766.65, 10457.32, 251.62, 523.92);
INSERT INTO welldata.PRODUCTION (UWI, PROD_DATE, OIL_BBL, GAS_MCF, WATER_BBL, HOURS_ON) VALUES ('WELL00000000003', TO_DATE('2017-12-01','YYYY-MM-DD'), 2538.62, 933.96, 63.38, 674.1);
INSERT INTO welldata.PRODUCTION (UWI, PROD_DATE, OIL_BBL, GAS_MCF, WATER_BBL, HOURS_ON) VALUES ('WELL00000000003', TO_DATE('2018-01-01','YYYY-MM-DD'), 2011.23, 6834.3, 71.78, 542.89);
INSERT INTO welldata.PRODUCTION (UWI, PROD_DATE, OIL_BBL, GAS_MCF, WATER_BBL, HOURS_ON) VALUES ('WELL00000000003', TO_DATE('2018-02-01','YYYY-MM-DD'), 2398.84, 5798.93, 977.31, 579.99);
INSERT INTO welldata.PRODUCTION (UWI, PROD_DATE, OIL_BBL, GAS_MCF, WATER_BBL, HOURS_ON) VALUES ('WELL00000000003', TO_DATE('2018-03-01','YYYY-MM-DD'), 162.2, 7918.17, 292.76, 488.11);
INSERT INTO welldata.PRODUCTION (UWI, PROD_DATE, OIL_BBL, GAS_MCF, WATER_BBL, HOURS_ON) VALUES ('WELL00000000003', TO_DATE('2018-04-01','YYYY-MM-DD'), 882.14, 1869.17, 872.69, 230.81);
INSERT INTO welldata.PRODUCTION (UWI, PROD_DATE, OIL_BBL, GAS_MCF, WATER_BBL, HOURS_ON) VALUES ('WELL00000000003', TO_DATE('2018-05-01','YYYY-MM-DD'), 1799.77, 7229.62, 1146.19, 272.53);
INSERT INTO welldata.PRODUCTION (UWI, PROD_DATE, OIL_BBL, GAS_MCF, WATER_BBL, HOURS_ON) VALUES ('WELL00000000003', TO_DATE('2018-06-01','YYYY-MM-DD'), 2630.63, 8370.25, 1224.99, 526.5);
INSERT INTO welldata.PRODUCTION (UWI, PROD_DATE, OIL_BBL, GAS_MCF, WATER_BBL, HOURS_ON) VALUES ('WELL00000000003', TO_DATE('2018-07-01','YYYY-MM-DD'), 441.31, 3534.51, 517.71, 384.19);
INSERT INTO welldata.PRODUCTION (UWI, PROD_DATE, OIL_BBL, GAS_MCF, WATER_BBL, HOURS_ON) VALUES ('WELL00000000003', TO_DATE('2018-08-01','YYYY-MM-DD'), 1077.88, 11516.91, 1077.42, 126.77);
INSERT INTO welldata.PRODUCTION (UWI, PROD_DATE, OIL_BBL, GAS_MCF, WATER_BBL, HOURS_ON) VALUES ('WELL00000000003', TO_DATE('2018-09-01','YYYY-MM-DD'), 2767.93, 11011.14, 865.06, 624.8);
INSERT INTO welldata.PRODUCTION (UWI, PROD_DATE, OIL_BBL, GAS_MCF, WATER_BBL, HOURS_ON) VALUES ('WELL00000000003', TO_DATE('2018-10-01','YYYY-MM-DD'), 92.63, 8244.55, 1133.58, 657.19);
INSERT INTO welldata.PRODUCTION (UWI, PROD_DATE, OIL_BBL, GAS_MCF, WATER_BBL, HOURS_ON) VALUES ('WELL00000000003', TO_DATE('2018-11-01','YYYY-MM-DD'), 918.34, 14269.88, 945.12, 711.79);
INSERT INTO welldata.PRODUCTION (UWI, PROD_DATE, OIL_BBL, GAS_MCF, WATER_BBL, HOURS_ON) VALUES ('WELL00000000003', TO_DATE('2018-12-01','YYYY-MM-DD'), 1676.25, 13557.2, 874.04, 422.45);
INSERT INTO welldata.PRODUCTION (UWI, PROD_DATE, OIL_BBL, GAS_MCF, WATER_BBL, HOURS_ON) VALUES ('WELL00000000003', TO_DATE('2019-01-01','YYYY-MM-DD'), 2589.55, 10397.42, 837.66, 419.71);
INSERT INTO welldata.PRODUCTION (UWI, PROD_DATE, OIL_BBL, GAS_MCF, WATER_BBL, HOURS_ON) VALUES ('WELL00000000003', TO_DATE('2019-02-01','YYYY-MM-DD'), 1442.76, 5234.55, 624.26, 527.43);
INSERT INTO welldata.PRODUCTION (UWI, PROD_DATE, OIL_BBL, GAS_MCF, WATER_BBL, HOURS_ON) VALUES ('WELL00000000003', TO_DATE('2019-03-01','YYYY-MM-DD'), 341.25, 12344.12, 1214.79, 243.81);
INSERT INTO welldata.PRODUCTION (UWI, PROD_DATE, OIL_BBL, GAS_MCF, WATER_BBL, HOURS_ON) VALUES ('WELL00000000003', TO_DATE('2019-04-01','YYYY-MM-DD'), 2121.33, 9085.78, 889.55, 155.78);
INSERT INTO welldata.PRODUCTION (UWI, PROD_DATE, OIL_BBL, GAS_MCF, WATER_BBL, HOURS_ON) VALUES ('WELL00000000003', TO_DATE('2019-05-01','YYYY-MM-DD'), 2981.58, 3399.01, 1314.45, 713.1);
INSERT INTO welldata.PRODUCTION (UWI, PROD_DATE, OIL_BBL, GAS_MCF, WATER_BBL, HOURS_ON) VALUES ('WELL00000000003', TO_DATE('2019-06-01','YYYY-MM-DD'), 2381.07, 5714.45, 96.3, 150.66);
INSERT INTO welldata.PRODUCTION (UWI, PROD_DATE, OIL_BBL, GAS_MCF, WATER_BBL, HOURS_ON) VALUES ('WELL00000000003', TO_DATE('2019-07-01','YYYY-MM-DD'), 2298.0, 13143.66, 1325.58, 570.28);
INSERT INTO welldata.PRODUCTION (UWI, PROD_DATE, OIL_BBL, GAS_MCF, WATER_BBL, HOURS_ON) VALUES ('WELL00000000003', TO_DATE('2019-08-01','YYYY-MM-DD'), 869.19, 13151.17, 877.8, 538.9);
INSERT INTO welldata.PRODUCTION (UWI, PROD_DATE, OIL_BBL, GAS_MCF, WATER_BBL, HOURS_ON) VALUES ('WELL00000000003', TO_DATE('2019-09-01','YYYY-MM-DD'), 355.07, 12785.7, 535.04, 400.09);
INSERT INTO welldata.PRODUCTION (UWI, PROD_DATE, OIL_BBL, GAS_MCF, WATER_BBL, HOURS_ON) VALUES ('WELL00000000003', TO_DATE('2019-10-01','YYYY-MM-DD'), 2201.99, 6348.76, 1064.0, 657.3);
INSERT INTO welldata.PRODUCTION (UWI, PROD_DATE, OIL_BBL, GAS_MCF, WATER_BBL, HOURS_ON) VALUES ('WELL00000000003', TO_DATE('2019-11-01','YYYY-MM-DD'), 2810.34, 493.82, 1128.82, 708.72);
INSERT INTO welldata.PRODUCTION (UWI, PROD_DATE, OIL_BBL, GAS_MCF, WATER_BBL, HOURS_ON) VALUES ('WELL00000000003', TO_DATE('2019-12-01','YYYY-MM-DD'), 2602.88, 10034.71, 291.63, 168.55);
INSERT INTO welldata.PRODUCTION (UWI, PROD_DATE, OIL_BBL, GAS_MCF, WATER_BBL, HOURS_ON) VALUES ('WELL00000000003', TO_DATE('2020-01-01','YYYY-MM-DD'), 1812.98, 11220.29, 925.59, 135.78);
INSERT INTO welldata.PRODUCTION (UWI, PROD_DATE, OIL_BBL, GAS_MCF, WATER_BBL, HOURS_ON) VALUES ('WELL00000000003', TO_DATE('2020-02-01','YYYY-MM-DD'), 612.72, 12820.89, 110.08, 359.1);
INSERT INTO welldata.PRODUCTION (UWI, PROD_DATE, OIL_BBL, GAS_MCF, WATER_BBL, HOURS_ON) VALUES ('WELL00000000003', TO_DATE('2020-03-01','YYYY-MM-DD'), 845.27, 6383.48, 1382.24, 653.73);
INSERT INTO welldata.PRODUCTION (UWI, PROD_DATE, OIL_BBL, GAS_MCF, WATER_BBL, HOURS_ON) VALUES ('WELL00000000003', TO_DATE('2020-04-01','YYYY-MM-DD'), 1383.18, 1136.5, 327.67, 138.43);
INSERT INTO welldata.PRODUCTION (UWI, PROD_DATE, OIL_BBL, GAS_MCF, WATER_BBL, HOURS_ON) VALUES ('WELL00000000003', TO_DATE('2020-05-01','YYYY-MM-DD'), 1264.99, 12603.27, 670.71, 226.75);
INSERT INTO welldata.PRODUCTION (UWI, PROD_DATE, OIL_BBL, GAS_MCF, WATER_BBL, HOURS_ON) VALUES ('WELL00000000003', TO_DATE('2020-06-01','YYYY-MM-DD'), 615.06, 1482.96, 1048.26, 337.17);
INSERT INTO welldata.PRODUCTION (UWI, PROD_DATE, OIL_BBL, GAS_MCF, WATER_BBL, HOURS_ON) VALUES ('WELL00000000003', TO_DATE('2020-07-01','YYYY-MM-DD'), 2771.34, 10237.04, 803.84, 454.58);
INSERT INTO welldata.PRODUCTION (UWI, PROD_DATE, OIL_BBL, GAS_MCF, WATER_BBL, HOURS_ON) VALUES ('WELL00000000003', TO_DATE('2020-08-01','YYYY-MM-DD'), 72.32, 4257.82, 551.83, 136.78);
INSERT INTO welldata.PRODUCTION (UWI, PROD_DATE, OIL_BBL, GAS_MCF, WATER_BBL, HOURS_ON) VALUES ('WELL00000000003', TO_DATE('2020-09-01','YYYY-MM-DD'), 2973.85, 6436.68, 566.28, 523.55);
INSERT INTO welldata.PRODUCTION (UWI, PROD_DATE, OIL_BBL, GAS_MCF, WATER_BBL, HOURS_ON) VALUES ('WELL00000000003', TO_DATE('2020-10-01','YYYY-MM-DD'), 2469.59, 6995.97, 1075.24, 566.25);
INSERT INTO welldata.PRODUCTION (UWI, PROD_DATE, OIL_BBL, GAS_MCF, WATER_BBL, HOURS_ON) VALUES ('WELL00000000003', TO_DATE('2020-11-01','YYYY-MM-DD'), 375.57, 11031.15, 1148.47, 646.71);
INSERT INTO welldata.PRODUCTION (UWI, PROD_DATE, OIL_BBL, GAS_MCF, WATER_BBL, HOURS_ON) VALUES ('WELL00000000003', TO_DATE('2020-12-01','YYYY-MM-DD'), 667.78, 5202.29, 658.28, 542.66);
INSERT INTO welldata.PRODUCTION (UWI, PROD_DATE, OIL_BBL, GAS_MCF, WATER_BBL, HOURS_ON) VALUES ('WELL00000000003', TO_DATE('2021-01-01','YYYY-MM-DD'), 2339.07, 963.74, 159.24, 306.69);
INSERT INTO welldata.PRODUCTION (UWI, PROD_DATE, OIL_BBL, GAS_MCF, WATER_BBL, HOURS_ON) VALUES ('WELL00000000003', TO_DATE('2021-02-01','YYYY-MM-DD'), 2848.7, 12119.48, 554.71, 169.89);
INSERT INTO welldata.PRODUCTION (UWI, PROD_DATE, OIL_BBL, GAS_MCF, WATER_BBL, HOURS_ON) VALUES ('WELL00000000003', TO_DATE('2021-03-01','YYYY-MM-DD'), 953.69, 6692.35, 262.7, 463.38);
INSERT INTO welldata.PRODUCTION (UWI, PROD_DATE, OIL_BBL, GAS_MCF, WATER_BBL, HOURS_ON) VALUES ('WELL00000000003', TO_DATE('2021-04-01','YYYY-MM-DD'), 1623.26, 3058.18, 1450.6, 316.74);
INSERT INTO welldata.PRODUCTION (UWI, PROD_DATE, OIL_BBL, GAS_MCF, WATER_BBL, HOURS_ON) VALUES ('WELL00000000003', TO_DATE('2021-05-01','YYYY-MM-DD'), 1812.18, 8782.9, 627.18, 717.33);
INSERT INTO welldata.PRODUCTION (UWI, PROD_DATE, OIL_BBL, GAS_MCF, WATER_BBL, HOURS_ON) VALUES ('WELL00000000003', TO_DATE('2021-06-01','YYYY-MM-DD'), 1985.06, 5734.96, 863.26, 347.22);
INSERT INTO welldata.PRODUCTION (UWI, PROD_DATE, OIL_BBL, GAS_MCF, WATER_BBL, HOURS_ON) VALUES ('WELL00000000003', TO_DATE('2021-07-01','YYYY-MM-DD'), 881.12, 5412.09, 1255.44, 204.04);
INSERT INTO welldata.PRODUCTION (UWI, PROD_DATE, OIL_BBL, GAS_MCF, WATER_BBL, HOURS_ON) VALUES ('WELL00000000003', TO_DATE('2021-08-01','YYYY-MM-DD'), 1638.6, 4541.11, 1294.91, 176.86);
INSERT INTO welldata.PRODUCTION (UWI, PROD_DATE, OIL_BBL, GAS_MCF, WATER_BBL, HOURS_ON) VALUES ('WELL00000000003', TO_DATE('2021-09-01','YYYY-MM-DD'), 1487.73, 5318.32, 606.81, 611.75);
INSERT INTO welldata.PRODUCTION (UWI, PROD_DATE, OIL_BBL, GAS_MCF, WATER_BBL, HOURS_ON) VALUES ('WELL00000000003', TO_DATE('2021-10-01','YYYY-MM-DD'), 1997.69, 1365.34, 1457.55, 673.3);
INSERT INTO welldata.PRODUCTION (UWI, PROD_DATE, OIL_BBL, GAS_MCF, WATER_BBL, HOURS_ON) VALUES ('WELL00000000003', TO_DATE('2021-11-01','YYYY-MM-DD'), 226.68, 2405.58, 878.56, 697.14);
INSERT INTO welldata.PRODUCTION (UWI, PROD_DATE, OIL_BBL, GAS_MCF, WATER_BBL, HOURS_ON) VALUES ('WELL00000000003', TO_DATE('2021-12-01','YYYY-MM-DD'), 591.12, 1126.69, 602.46, 235.93);
INSERT INTO welldata.PRODUCTION (UWI, PROD_DATE, OIL_BBL, GAS_MCF, WATER_BBL, HOURS_ON) VALUES ('WELL00000000003', TO_DATE('2022-01-01','YYYY-MM-DD'), 1207.0, 5391.64, 889.6, 224.44);
INSERT INTO welldata.PRODUCTION (UWI, PROD_DATE, OIL_BBL, GAS_MCF, WATER_BBL, HOURS_ON) VALUES ('WELL00000000003', TO_DATE('2022-02-01','YYYY-MM-DD'), 1250.31, 13997.74, 365.54, 564.47);
INSERT INTO welldata.PRODUCTION (UWI, PROD_DATE, OIL_BBL, GAS_MCF, WATER_BBL, HOURS_ON) VALUES ('WELL00000000003', TO_DATE('2022-03-01','YYYY-MM-DD'), 1155.91, 9213.71, 31.97, 599.44);
INSERT INTO welldata.PRODUCTION (UWI, PROD_DATE, OIL_BBL, GAS_MCF, WATER_BBL, HOURS_ON) VALUES ('WELL00000000003', TO_DATE('2022-04-01','YYYY-MM-DD'), 2103.02, 4386.16, 1151.56, 280.56);
INSERT INTO welldata.PRODUCTION (UWI, PROD_DATE, OIL_BBL, GAS_MCF, WATER_BBL, HOURS_ON) VALUES ('WELL00000000003', TO_DATE('2022-05-01','YYYY-MM-DD'), 2765.94, 3166.82, 1149.23, 143.33);
INSERT INTO welldata.PRODUCTION (UWI, PROD_DATE, OIL_BBL, GAS_MCF, WATER_BBL, HOURS_ON) VALUES ('WELL00000000003', TO_DATE('2022-06-01','YYYY-MM-DD'), 2324.06, 1811.26, 1017.38, 150.85);
INSERT INTO welldata.PRODUCTION (UWI, PROD_DATE, OIL_BBL, GAS_MCF, WATER_BBL, HOURS_ON) VALUES ('WELL00000000003', TO_DATE('2022-07-01','YYYY-MM-DD'), 1967.39, 7517.35, 740.42, 489.75);
INSERT INTO welldata.PRODUCTION (UWI, PROD_DATE, OIL_BBL, GAS_MCF, WATER_BBL, HOURS_ON) VALUES ('WELL00000000003', TO_DATE('2022-08-01','YYYY-MM-DD'), 716.87, 10245.8, 634.37, 151.62);
INSERT INTO welldata.PRODUCTION (UWI, PROD_DATE, OIL_BBL, GAS_MCF, WATER_BBL, HOURS_ON) VALUES ('WELL00000000003', TO_DATE('2022-09-01','YYYY-MM-DD'), 2938.0, 14130.6, 86.44, 421.92);
INSERT INTO welldata.PRODUCTION (UWI, PROD_DATE, OIL_BBL, GAS_MCF, WATER_BBL, HOURS_ON) VALUES ('WELL00000000003', TO_DATE('2022-10-01','YYYY-MM-DD'), 1975.53, 2943.71, 948.88, 216.78);
INSERT INTO welldata.PRODUCTION (UWI, PROD_DATE, OIL_BBL, GAS_MCF, WATER_BBL, HOURS_ON) VALUES ('WELL00000000003', TO_DATE('2022-11-01','YYYY-MM-DD'), 680.34, 381.63, 950.1, 710.35);
INSERT INTO welldata.PRODUCTION (UWI, PROD_DATE, OIL_BBL, GAS_MCF, WATER_BBL, HOURS_ON) VALUES ('WELL00000000003', TO_DATE('2022-12-01','YYYY-MM-DD'), 1245.28, 5581.4, 513.64, 210.77);
INSERT INTO welldata.PRODUCTION (UWI, PROD_DATE, OIL_BBL, GAS_MCF, WATER_BBL, HOURS_ON) VALUES ('WELL00000000003', TO_DATE('2023-01-01','YYYY-MM-DD'), 1002.08, 10363.83, 954.15, 314.27);
INSERT INTO welldata.PRODUCTION (UWI, PROD_DATE, OIL_BBL, GAS_MCF, WATER_BBL, HOURS_ON) VALUES ('WELL00000000003', TO_DATE('2023-02-01','YYYY-MM-DD'), 1387.13, 13006.92, 260.23, 670.95);
INSERT INTO welldata.PRODUCTION (UWI, PROD_DATE, OIL_BBL, GAS_MCF, WATER_BBL, HOURS_ON) VALUES ('WELL00000000003', TO_DATE('2023-03-01','YYYY-MM-DD'), 2188.19, 7362.74, 1393.91, 635.23);
INSERT INTO welldata.PRODUCTION (UWI, PROD_DATE, OIL_BBL, GAS_MCF, WATER_BBL, HOURS_ON) VALUES ('WELL00000000003', TO_DATE('2023-04-01','YYYY-MM-DD'), 605.73, 9368.19, 629.25, 619.0);
INSERT INTO welldata.PRODUCTION (UWI, PROD_DATE, OIL_BBL, GAS_MCF, WATER_BBL, HOURS_ON) VALUES ('WELL00000000003', TO_DATE('2023-05-01','YYYY-MM-DD'), 373.56, 7796.78, 85.0, 570.59);
INSERT INTO welldata.PRODUCTION (UWI, PROD_DATE, OIL_BBL, GAS_MCF, WATER_BBL, HOURS_ON) VALUES ('WELL00000000003', TO_DATE('2023-06-01','YYYY-MM-DD'), 688.66, 8328.75, 1055.92, 611.12);
INSERT INTO welldata.PRODUCTION (UWI, PROD_DATE, OIL_BBL, GAS_MCF, WATER_BBL, HOURS_ON) VALUES ('WELL00000000003', TO_DATE('2023-07-01','YYYY-MM-DD'), 1290.31, 5089.28, 1366.43, 668.2);
INSERT INTO welldata.PRODUCTION (UWI, PROD_DATE, OIL_BBL, GAS_MCF, WATER_BBL, HOURS_ON) VALUES ('WELL00000000003', TO_DATE('2023-08-01','YYYY-MM-DD'), 1234.57, 13405.33, 1371.34, 281.52);
INSERT INTO welldata.PRODUCTION (UWI, PROD_DATE, OIL_BBL, GAS_MCF, WATER_BBL, HOURS_ON) VALUES ('WELL00000000003', TO_DATE('2023-09-01','YYYY-MM-DD'), 2569.99, 294.95, 680.8, 151.93);
INSERT INTO welldata.PRODUCTION (UWI, PROD_DATE, OIL_BBL, GAS_MCF, WATER_BBL, HOURS_ON) VALUES ('WELL00000000003', TO_DATE('2023-10-01','YYYY-MM-DD'), 1722.15, 11933.98, 1047.82, 450.79);
INSERT INTO welldata.PRODUCTION (UWI, PROD_DATE, OIL_BBL, GAS_MCF, WATER_BBL, HOURS_ON) VALUES ('WELL00000000003', TO_DATE('2023-11-01','YYYY-MM-DD'), 146.45, 2608.83, 1429.86, 516.83);
INSERT INTO welldata.PRODUCTION (UWI, PROD_DATE, OIL_BBL, GAS_MCF, WATER_BBL, HOURS_ON) VALUES ('WELL00000000003', TO_DATE('2023-12-01','YYYY-MM-DD'), 1409.75, 271.71, 832.0, 625.43);
INSERT INTO welldata.PRODUCTION (UWI, PROD_DATE, OIL_BBL, GAS_MCF, WATER_BBL, HOURS_ON) VALUES ('WELL00000000003', TO_DATE('2024-01-01','YYYY-MM-DD'), 716.15, 8023.47, 775.12, 506.24);
INSERT INTO welldata.PRODUCTION (UWI, PROD_DATE, OIL_BBL, GAS_MCF, WATER_BBL, HOURS_ON) VALUES ('WELL00000000003', TO_DATE('2024-02-01','YYYY-MM-DD'), 1796.59, 12442.5, 1454.46, 542.22);
INSERT INTO welldata.PRODUCTION (UWI, PROD_DATE, OIL_BBL, GAS_MCF, WATER_BBL, HOURS_ON) VALUES ('WELL00000000003', TO_DATE('2024-03-01','YYYY-MM-DD'), 2147.58, 7358.67, 514.08, 553.08);
INSERT INTO welldata.PRODUCTION (UWI, PROD_DATE, OIL_BBL, GAS_MCF, WATER_BBL, HOURS_ON) VALUES ('WELL00000000003', TO_DATE('2024-04-01','YYYY-MM-DD'), 677.44, 3739.03, 989.89, 655.97);
INSERT INTO welldata.PRODUCTION (UWI, PROD_DATE, OIL_BBL, GAS_MCF, WATER_BBL, HOURS_ON) VALUES ('WELL00000000003', TO_DATE('2024-05-01','YYYY-MM-DD'), 537.38, 4586.38, 136.51, 244.99);
INSERT INTO welldata.PRODUCTION (UWI, PROD_DATE, OIL_BBL, GAS_MCF, WATER_BBL, HOURS_ON) VALUES ('WELL00000000003', TO_DATE('2024-06-01','YYYY-MM-DD'), 2808.31, 1222.22, 1134.28, 585.21);
INSERT INTO welldata.PRODUCTION (UWI, PROD_DATE, OIL_BBL, GAS_MCF, WATER_BBL, HOURS_ON) VALUES ('WELL00000000003', TO_DATE('2024-07-01','YYYY-MM-DD'), 811.05, 5481.26, 228.63, 470.84);
INSERT INTO welldata.PRODUCTION (UWI, PROD_DATE, OIL_BBL, GAS_MCF, WATER_BBL, HOURS_ON) VALUES ('WELL00000000003', TO_DATE('2024-08-01','YYYY-MM-DD'), 755.1, 1212.36, 802.34, 224.29);
INSERT INTO welldata.PRODUCTION (UWI, PROD_DATE, OIL_BBL, GAS_MCF, WATER_BBL, HOURS_ON) VALUES ('WELL00000000003', TO_DATE('2024-09-01','YYYY-MM-DD'), 227.65, 8152.14, 84.17, 718.21);
INSERT INTO welldata.PRODUCTION (UWI, PROD_DATE, OIL_BBL, GAS_MCF, WATER_BBL, HOURS_ON) VALUES ('WELL00000000003', TO_DATE('2024-10-01','YYYY-MM-DD'), 1692.25, 8828.32, 726.46, 369.75);
INSERT INTO welldata.PRODUCTION (UWI, PROD_DATE, OIL_BBL, GAS_MCF, WATER_BBL, HOURS_ON) VALUES ('WELL00000000003', TO_DATE('2024-11-01','YYYY-MM-DD'), 1796.78, 1776.05, 1072.11, 635.12);
INSERT INTO welldata.PRODUCTION (UWI, PROD_DATE, OIL_BBL, GAS_MCF, WATER_BBL, HOURS_ON) VALUES ('WELL00000000003', TO_DATE('2024-12-01','YYYY-MM-DD'), 1536.39, 11214.56, 1135.43, 517.4);
INSERT INTO welldata.FORMATION_TOPS (UWI, FORMATION, TOP_DEPTH_M, BASE_DEPTH_M, LITHOLOGY) VALUES ('WELL00000000003', 'Rajahmundry', 632, 766, 'SANDSTONE');
INSERT INTO welldata.FORMATION_TOPS (UWI, FORMATION, TOP_DEPTH_M, BASE_DEPTH_M, LITHOLOGY) VALUES ('WELL00000000003', 'Bengal', 991, 1192, 'LIMESTONE');
INSERT INTO welldata.FORMATION_TOPS (UWI, FORMATION, TOP_DEPTH_M, BASE_DEPTH_M, LITHOLOGY) VALUES ('WELL00000000003', 'Sanchore', 1399, 1709, 'SHALE');
INSERT INTO welldata.FORMATION_TOPS (UWI, FORMATION, TOP_DEPTH_M, BASE_DEPTH_M, LITHOLOGY) VALUES ('WELL00000000003', 'Barmer', 1431, 1739, 'DOLOMITE');
INSERT INTO welldata.CORE_ANALYSIS (UWI, CORE_RUN, TOP_DEPTH_M, BASE_DEPTH_M, GRAIN_DENSITY, BULK_DENSITY, RECOVERY_PCT) VALUES ('WELL00000000003', 1, 2123, 2231, 2.6283, 1.924, 91.76);
INSERT INTO welldata.CORE_ANALYSIS (UWI, CORE_RUN, TOP_DEPTH_M, BASE_DEPTH_M, GRAIN_DENSITY, BULK_DENSITY, RECOVERY_PCT) VALUES ('WELL00000000003', 2, 930, 999, 2.6845, 2.1105, 68.55);
INSERT INTO welldata.WELL (UWI, WELL_NAME, OPERATOR, COUNTRY, BASIN, FIELD_NAME, SPUD_DATE, COMPLETION_DATE, WELL_TYPE, WELL_STATUS, SURFACE_LAT, SURFACE_LON, TOTAL_DEPTH_M, KB_ELEVATION_M) VALUES ('WELL00000000004', 'ONGC-KR-004', 'ONGC', 'India', 'Krishna-Godavari', 'Krishna Field 2', TO_DATE('2017-11-07','YYYY-MM-DD'), NULL, 'DEVELOPMENT', 'ACTIVE', 22.513336, 73.528596, 1918, 68.04);
INSERT INTO welldata.BOREHOLE (UBHI, UWI, BOREHOLE_NAME, BOREHOLE_TYPE, TOP_DEPTH_M, BASE_DEPTH_M) VALUES ('WELL00000000004-BH1', 'WELL00000000004', 'ONGC-KR-004-BH1', 'DIRECTIONAL', 795, 1386);
INSERT INTO welldata.PETROPHYSICS (UBHI, SAMPLE_DEPTH_M, POROSITY, PERMEABILITY, WATER_SAT, FORMATION) VALUES ('WELL00000000004-BH1', 1000, 0.2092, 449.6202, 0.6713, 'Barmer');
INSERT INTO welldata.PETROPHYSICS (UBHI, SAMPLE_DEPTH_M, POROSITY, PERMEABILITY, WATER_SAT, FORMATION) VALUES ('WELL00000000004-BH1', 1020, 0.2182, 151.3899, 0.3371, 'Rajahmundry');
INSERT INTO welldata.PETROPHYSICS (UBHI, SAMPLE_DEPTH_M, POROSITY, PERMEABILITY, WATER_SAT, FORMATION) VALUES ('WELL00000000004-BH1', 1040, 0.2221, 441.9905, 0.3594, 'Rajahmundry');
INSERT INTO welldata.PETROPHYSICS (UBHI, SAMPLE_DEPTH_M, POROSITY, PERMEABILITY, WATER_SAT, FORMATION) VALUES ('WELL00000000004-BH1', 1060, 0.2153, 227.3389, 0.2032, 'Sanchore');
INSERT INTO welldata.PETROPHYSICS (UBHI, SAMPLE_DEPTH_M, POROSITY, PERMEABILITY, WATER_SAT, FORMATION) VALUES ('WELL00000000004-BH1', 1080, 0.1722, 222.9486, 0.4415, 'Sanchore');
INSERT INTO welldata.PETROPHYSICS (UBHI, SAMPLE_DEPTH_M, POROSITY, PERMEABILITY, WATER_SAT, FORMATION) VALUES ('WELL00000000004-BH1', 1100, 0.2043, 137.2116, 0.5235, 'Bengal');
INSERT INTO welldata.PETROPHYSICS (UBHI, SAMPLE_DEPTH_M, POROSITY, PERMEABILITY, WATER_SAT, FORMATION) VALUES ('WELL00000000004-BH1', 1120, 0.1917, 84.8615, 0.1709, 'Sanchore');
INSERT INTO welldata.PETROPHYSICS (UBHI, SAMPLE_DEPTH_M, POROSITY, PERMEABILITY, WATER_SAT, FORMATION) VALUES ('WELL00000000004-BH1', 1140, 0.0903, 340.2122, 0.4661, 'Bengal');
INSERT INTO welldata.PETROPHYSICS (UBHI, SAMPLE_DEPTH_M, POROSITY, PERMEABILITY, WATER_SAT, FORMATION) VALUES ('WELL00000000004-BH1', 1160, 0.1753, 72.5061, 0.7222, 'Sanchore');
INSERT INTO welldata.PETROPHYSICS (UBHI, SAMPLE_DEPTH_M, POROSITY, PERMEABILITY, WATER_SAT, FORMATION) VALUES ('WELL00000000004-BH1', 1180, 0.08, 391.4588, 0.1692, 'Bengal');
INSERT INTO welldata.PETROPHYSICS (UBHI, SAMPLE_DEPTH_M, POROSITY, PERMEABILITY, WATER_SAT, FORMATION) VALUES ('WELL00000000004-BH1', 1200, 0.2468, 192.6443, 0.7117, 'Sanchore');
INSERT INTO welldata.PETROPHYSICS (UBHI, SAMPLE_DEPTH_M, POROSITY, PERMEABILITY, WATER_SAT, FORMATION) VALUES ('WELL00000000004-BH1', 1220, 0.1206, 446.1682, 0.3331, 'Bengal');
INSERT INTO welldata.PETROPHYSICS (UBHI, SAMPLE_DEPTH_M, POROSITY, PERMEABILITY, WATER_SAT, FORMATION) VALUES ('WELL00000000004-BH1', 1240, 0.2344, 209.5456, 0.6163, 'Rajahmundry');
INSERT INTO welldata.PETROPHYSICS (UBHI, SAMPLE_DEPTH_M, POROSITY, PERMEABILITY, WATER_SAT, FORMATION) VALUES ('WELL00000000004-BH1', 1260, 0.2256, 166.2551, 0.6986, 'Rajahmundry');
INSERT INTO welldata.PETROPHYSICS (UBHI, SAMPLE_DEPTH_M, POROSITY, PERMEABILITY, WATER_SAT, FORMATION) VALUES ('WELL00000000004-BH1', 1280, 0.0863, 257.7956, 0.2691, 'Bengal');
INSERT INTO welldata.PETROPHYSICS (UBHI, SAMPLE_DEPTH_M, POROSITY, PERMEABILITY, WATER_SAT, FORMATION) VALUES ('WELL00000000004-BH1', 1300, 0.0785, 361.9071, 0.4288, 'Barmer');
INSERT INTO welldata.PETROPHYSICS (UBHI, SAMPLE_DEPTH_M, POROSITY, PERMEABILITY, WATER_SAT, FORMATION) VALUES ('WELL00000000004-BH1', 1320, 0.1775, 412.4366, 0.3575, 'Bengal');
INSERT INTO welldata.PETROPHYSICS (UBHI, SAMPLE_DEPTH_M, POROSITY, PERMEABILITY, WATER_SAT, FORMATION) VALUES ('WELL00000000004-BH1', 1340, 0.2382, 447.0988, 0.2498, 'Rajahmundry');
INSERT INTO welldata.PETROPHYSICS (UBHI, SAMPLE_DEPTH_M, POROSITY, PERMEABILITY, WATER_SAT, FORMATION) VALUES ('WELL00000000004-BH1', 1360, 0.1111, 126.6003, 0.1858, 'Barmer');
INSERT INTO welldata.PETROPHYSICS (UBHI, SAMPLE_DEPTH_M, POROSITY, PERMEABILITY, WATER_SAT, FORMATION) VALUES ('WELL00000000004-BH1', 1380, 0.0489, 52.5143, 0.3831, 'Rajahmundry');
INSERT INTO welldata.PETROPHYSICS (UBHI, SAMPLE_DEPTH_M, POROSITY, PERMEABILITY, WATER_SAT, FORMATION) VALUES ('WELL00000000004-BH1', 1400, 0.0979, 392.8661, 0.5791, 'Barmer');
INSERT INTO welldata.PETROPHYSICS (UBHI, SAMPLE_DEPTH_M, POROSITY, PERMEABILITY, WATER_SAT, FORMATION) VALUES ('WELL00000000004-BH1', 1420, 0.1877, 324.3632, 0.2782, 'Barmer');
INSERT INTO welldata.PETROPHYSICS (UBHI, SAMPLE_DEPTH_M, POROSITY, PERMEABILITY, WATER_SAT, FORMATION) VALUES ('WELL00000000004-BH1', 1440, 0.1945, 421.6349, 0.6613, 'Barmer');
INSERT INTO welldata.PETROPHYSICS (UBHI, SAMPLE_DEPTH_M, POROSITY, PERMEABILITY, WATER_SAT, FORMATION) VALUES ('WELL00000000004-BH1', 1460, 0.0759, 315.1075, 0.3003, 'Rajahmundry');
INSERT INTO welldata.PETROPHYSICS (UBHI, SAMPLE_DEPTH_M, POROSITY, PERMEABILITY, WATER_SAT, FORMATION) VALUES ('WELL00000000004-BH1', 1480, 0.2743, 338.1475, 0.2443, 'Barmer');
INSERT INTO welldata.PETROPHYSICS (UBHI, SAMPLE_DEPTH_M, POROSITY, PERMEABILITY, WATER_SAT, FORMATION) VALUES ('WELL00000000004-BH1', 1500, 0.2569, 217.811, 0.5462, 'Rajahmundry');
INSERT INTO welldata.PETROPHYSICS (UBHI, SAMPLE_DEPTH_M, POROSITY, PERMEABILITY, WATER_SAT, FORMATION) VALUES ('WELL00000000004-BH1', 1520, 0.1109, 365.3123, 0.2093, 'Bengal');
INSERT INTO welldata.PETROPHYSICS (UBHI, SAMPLE_DEPTH_M, POROSITY, PERMEABILITY, WATER_SAT, FORMATION) VALUES ('WELL00000000004-BH1', 1540, 0.1175, 245.7067, 0.4179, 'Barmer');
INSERT INTO welldata.PETROPHYSICS (UBHI, SAMPLE_DEPTH_M, POROSITY, PERMEABILITY, WATER_SAT, FORMATION) VALUES ('WELL00000000004-BH1', 1560, 0.1015, 209.3612, 0.3774, 'Rajahmundry');
INSERT INTO welldata.PETROPHYSICS (UBHI, SAMPLE_DEPTH_M, POROSITY, PERMEABILITY, WATER_SAT, FORMATION) VALUES ('WELL00000000004-BH1', 1580, 0.0817, 412.8472, 0.4084, 'Rajahmundry');
INSERT INTO welldata.PETROPHYSICS (UBHI, SAMPLE_DEPTH_M, POROSITY, PERMEABILITY, WATER_SAT, FORMATION) VALUES ('WELL00000000004-BH1', 1600, 0.0495, 449.6271, 0.1661, 'Rajahmundry');
INSERT INTO welldata.PETROPHYSICS (UBHI, SAMPLE_DEPTH_M, POROSITY, PERMEABILITY, WATER_SAT, FORMATION) VALUES ('WELL00000000004-BH1', 1620, 0.1126, 182.9633, 0.454, 'Bengal');
INSERT INTO welldata.PETROPHYSICS (UBHI, SAMPLE_DEPTH_M, POROSITY, PERMEABILITY, WATER_SAT, FORMATION) VALUES ('WELL00000000004-BH1', 1640, 0.1997, 13.9875, 0.5748, 'Rajahmundry');
INSERT INTO welldata.PETROPHYSICS (UBHI, SAMPLE_DEPTH_M, POROSITY, PERMEABILITY, WATER_SAT, FORMATION) VALUES ('WELL00000000004-BH1', 1660, 0.0916, 334.3608, 0.3561, 'Rajahmundry');
INSERT INTO welldata.PETROPHYSICS (UBHI, SAMPLE_DEPTH_M, POROSITY, PERMEABILITY, WATER_SAT, FORMATION) VALUES ('WELL00000000004-BH1', 1680, 0.2647, 17.0777, 0.5464, 'Rajahmundry');
INSERT INTO welldata.PETROPHYSICS (UBHI, SAMPLE_DEPTH_M, POROSITY, PERMEABILITY, WATER_SAT, FORMATION) VALUES ('WELL00000000004-BH1', 1700, 0.1244, 145.7604, 0.2614, 'Bengal');
INSERT INTO welldata.PETROPHYSICS (UBHI, SAMPLE_DEPTH_M, POROSITY, PERMEABILITY, WATER_SAT, FORMATION) VALUES ('WELL00000000004-BH1', 1720, 0.1005, 91.1559, 0.5613, 'Bengal');
INSERT INTO welldata.PETROPHYSICS (UBHI, SAMPLE_DEPTH_M, POROSITY, PERMEABILITY, WATER_SAT, FORMATION) VALUES ('WELL00000000004-BH1', 1740, 0.2168, 250.4806, 0.2191, 'Bengal');
INSERT INTO welldata.PETROPHYSICS (UBHI, SAMPLE_DEPTH_M, POROSITY, PERMEABILITY, WATER_SAT, FORMATION) VALUES ('WELL00000000004-BH1', 1760, 0.1188, 358.8685, 0.6665, 'Bengal');
INSERT INTO welldata.PETROPHYSICS (UBHI, SAMPLE_DEPTH_M, POROSITY, PERMEABILITY, WATER_SAT, FORMATION) VALUES ('WELL00000000004-BH1', 1780, 0.256, 356.0228, 0.7061, 'Barmer');
INSERT INTO welldata.PETROPHYSICS (UBHI, SAMPLE_DEPTH_M, POROSITY, PERMEABILITY, WATER_SAT, FORMATION) VALUES ('WELL00000000004-BH1', 1800, 0.1901, 216.5645, 0.3119, 'Barmer');
INSERT INTO welldata.PETROPHYSICS (UBHI, SAMPLE_DEPTH_M, POROSITY, PERMEABILITY, WATER_SAT, FORMATION) VALUES ('WELL00000000004-BH1', 1820, 0.2102, 441.9798, 0.2997, 'Bengal');
INSERT INTO welldata.PETROPHYSICS (UBHI, SAMPLE_DEPTH_M, POROSITY, PERMEABILITY, WATER_SAT, FORMATION) VALUES ('WELL00000000004-BH1', 1840, 0.0482, 378.9085, 0.6456, 'Barmer');
INSERT INTO welldata.PETROPHYSICS (UBHI, SAMPLE_DEPTH_M, POROSITY, PERMEABILITY, WATER_SAT, FORMATION) VALUES ('WELL00000000004-BH1', 1860, 0.108, 328.7966, 0.4372, 'Rajahmundry');
INSERT INTO welldata.PETROPHYSICS (UBHI, SAMPLE_DEPTH_M, POROSITY, PERMEABILITY, WATER_SAT, FORMATION) VALUES ('WELL00000000004-BH1', 1880, 0.0964, 447.0259, 0.1914, 'Sanchore');
INSERT INTO welldata.PETROPHYSICS (UBHI, SAMPLE_DEPTH_M, POROSITY, PERMEABILITY, WATER_SAT, FORMATION) VALUES ('WELL00000000004-BH1', 1900, 0.0728, 161.1381, 0.2456, 'Rajahmundry');
INSERT INTO welldata.PETROPHYSICS (UBHI, SAMPLE_DEPTH_M, POROSITY, PERMEABILITY, WATER_SAT, FORMATION) VALUES ('WELL00000000004-BH1', 1920, 0.2354, 29.5885, 0.7148, 'Barmer');
INSERT INTO welldata.PETROPHYSICS (UBHI, SAMPLE_DEPTH_M, POROSITY, PERMEABILITY, WATER_SAT, FORMATION) VALUES ('WELL00000000004-BH1', 1940, 0.2216, 210.5423, 0.5596, 'Sanchore');
INSERT INTO welldata.PETROPHYSICS (UBHI, SAMPLE_DEPTH_M, POROSITY, PERMEABILITY, WATER_SAT, FORMATION) VALUES ('WELL00000000004-BH1', 1960, 0.0709, 9.1777, 0.6486, 'Bengal');
INSERT INTO welldata.PETROPHYSICS (UBHI, SAMPLE_DEPTH_M, POROSITY, PERMEABILITY, WATER_SAT, FORMATION) VALUES ('WELL00000000004-BH1', 1980, 0.2794, 287.8314, 0.7305, 'Barmer');
INSERT INTO welldata.PETROPHYSICS (UBHI, SAMPLE_DEPTH_M, POROSITY, PERMEABILITY, WATER_SAT, FORMATION) VALUES ('WELL00000000004-BH1', 2000, 0.056, 71.9828, 0.2723, 'Sanchore');
INSERT INTO welldata.PETROPHYSICS (UBHI, SAMPLE_DEPTH_M, POROSITY, PERMEABILITY, WATER_SAT, FORMATION) VALUES ('WELL00000000004-BH1', 2020, 0.0517, 204.8998, 0.6027, 'Rajahmundry');
INSERT INTO welldata.PETROPHYSICS (UBHI, SAMPLE_DEPTH_M, POROSITY, PERMEABILITY, WATER_SAT, FORMATION) VALUES ('WELL00000000004-BH1', 2040, 0.1214, 223.1805, 0.3894, 'Rajahmundry');
INSERT INTO welldata.PETROPHYSICS (UBHI, SAMPLE_DEPTH_M, POROSITY, PERMEABILITY, WATER_SAT, FORMATION) VALUES ('WELL00000000004-BH1', 2060, 0.1209, 199.2804, 0.5558, 'Barmer');
INSERT INTO welldata.PETROPHYSICS (UBHI, SAMPLE_DEPTH_M, POROSITY, PERMEABILITY, WATER_SAT, FORMATION) VALUES ('WELL00000000004-BH1', 2080, 0.0957, 289.404, 0.3315, 'Bengal');
INSERT INTO welldata.PETROPHYSICS (UBHI, SAMPLE_DEPTH_M, POROSITY, PERMEABILITY, WATER_SAT, FORMATION) VALUES ('WELL00000000004-BH1', 2100, 0.243, 3.1556, 0.4889, 'Barmer');
INSERT INTO welldata.PETROPHYSICS (UBHI, SAMPLE_DEPTH_M, POROSITY, PERMEABILITY, WATER_SAT, FORMATION) VALUES ('WELL00000000004-BH1', 2120, 0.2313, 116.9081, 0.6951, 'Barmer');
INSERT INTO welldata.PETROPHYSICS (UBHI, SAMPLE_DEPTH_M, POROSITY, PERMEABILITY, WATER_SAT, FORMATION) VALUES ('WELL00000000004-BH1', 2140, 0.2069, 413.6401, 0.6074, 'Barmer');
INSERT INTO welldata.PETROPHYSICS (UBHI, SAMPLE_DEPTH_M, POROSITY, PERMEABILITY, WATER_SAT, FORMATION) VALUES ('WELL00000000004-BH1', 2160, 0.1847, 178.3379, 0.4499, 'Bengal');
INSERT INTO welldata.PETROPHYSICS (UBHI, SAMPLE_DEPTH_M, POROSITY, PERMEABILITY, WATER_SAT, FORMATION) VALUES ('WELL00000000004-BH1', 2180, 0.0535, 310.6879, 0.6619, 'Bengal');
INSERT INTO welldata.PETROPHYSICS (UBHI, SAMPLE_DEPTH_M, POROSITY, PERMEABILITY, WATER_SAT, FORMATION) VALUES ('WELL00000000004-BH1', 2200, 0.053, 80.4581, 0.1757, 'Sanchore');
INSERT INTO welldata.PETROPHYSICS (UBHI, SAMPLE_DEPTH_M, POROSITY, PERMEABILITY, WATER_SAT, FORMATION) VALUES ('WELL00000000004-BH1', 2220, 0.1777, 115.1396, 0.7217, 'Bengal');
INSERT INTO welldata.PETROPHYSICS (UBHI, SAMPLE_DEPTH_M, POROSITY, PERMEABILITY, WATER_SAT, FORMATION) VALUES ('WELL00000000004-BH1', 2240, 0.1821, 97.1621, 0.255, 'Bengal');
INSERT INTO welldata.PETROPHYSICS (UBHI, SAMPLE_DEPTH_M, POROSITY, PERMEABILITY, WATER_SAT, FORMATION) VALUES ('WELL00000000004-BH1', 2260, 0.0407, 433.6115, 0.3498, 'Rajahmundry');
INSERT INTO welldata.PETROPHYSICS (UBHI, SAMPLE_DEPTH_M, POROSITY, PERMEABILITY, WATER_SAT, FORMATION) VALUES ('WELL00000000004-BH1', 2280, 0.0578, 403.4866, 0.3119, 'Rajahmundry');
INSERT INTO welldata.PETROPHYSICS (UBHI, SAMPLE_DEPTH_M, POROSITY, PERMEABILITY, WATER_SAT, FORMATION) VALUES ('WELL00000000004-BH1', 2300, 0.0835, 44.2995, 0.4946, 'Sanchore');
INSERT INTO welldata.PETROPHYSICS (UBHI, SAMPLE_DEPTH_M, POROSITY, PERMEABILITY, WATER_SAT, FORMATION) VALUES ('WELL00000000004-BH1', 2320, 0.2654, 341.5366, 0.4753, 'Bengal');
INSERT INTO welldata.PETROPHYSICS (UBHI, SAMPLE_DEPTH_M, POROSITY, PERMEABILITY, WATER_SAT, FORMATION) VALUES ('WELL00000000004-BH1', 2340, 0.2138, 433.0829, 0.3729, 'Barmer');
INSERT INTO welldata.PETROPHYSICS (UBHI, SAMPLE_DEPTH_M, POROSITY, PERMEABILITY, WATER_SAT, FORMATION) VALUES ('WELL00000000004-BH1', 2360, 0.206, 111.0033, 0.2253, 'Barmer');
INSERT INTO welldata.PETROPHYSICS (UBHI, SAMPLE_DEPTH_M, POROSITY, PERMEABILITY, WATER_SAT, FORMATION) VALUES ('WELL00000000004-BH1', 2380, 0.2523, 124.1106, 0.582, 'Bengal');
INSERT INTO welldata.PETROPHYSICS (UBHI, SAMPLE_DEPTH_M, POROSITY, PERMEABILITY, WATER_SAT, FORMATION) VALUES ('WELL00000000004-BH1', 2400, 0.1388, 321.9326, 0.1573, 'Barmer');
INSERT INTO welldata.PETROPHYSICS (UBHI, SAMPLE_DEPTH_M, POROSITY, PERMEABILITY, WATER_SAT, FORMATION) VALUES ('WELL00000000004-BH1', 2420, 0.1911, 75.9346, 0.3676, 'Rajahmundry');
INSERT INTO welldata.PETROPHYSICS (UBHI, SAMPLE_DEPTH_M, POROSITY, PERMEABILITY, WATER_SAT, FORMATION) VALUES ('WELL00000000004-BH1', 2440, 0.2214, 344.3682, 0.3702, 'Barmer');
INSERT INTO welldata.PETROPHYSICS (UBHI, SAMPLE_DEPTH_M, POROSITY, PERMEABILITY, WATER_SAT, FORMATION) VALUES ('WELL00000000004-BH1', 2460, 0.2619, 406.8096, 0.531, 'Rajahmundry');
INSERT INTO welldata.PETROPHYSICS (UBHI, SAMPLE_DEPTH_M, POROSITY, PERMEABILITY, WATER_SAT, FORMATION) VALUES ('WELL00000000004-BH1', 2480, 0.1262, 356.1403, 0.5289, 'Bengal');
INSERT INTO welldata.PETROPHYSICS (UBHI, SAMPLE_DEPTH_M, POROSITY, PERMEABILITY, WATER_SAT, FORMATION) VALUES ('WELL00000000004-BH1', 2500, 0.2675, 216.8223, 0.5382, 'Barmer');
INSERT INTO welldata.PETROPHYSICS (UBHI, SAMPLE_DEPTH_M, POROSITY, PERMEABILITY, WATER_SAT, FORMATION) VALUES ('WELL00000000004-BH1', 2520, 0.1335, 85.0434, 0.6249, 'Rajahmundry');
INSERT INTO welldata.PETROPHYSICS (UBHI, SAMPLE_DEPTH_M, POROSITY, PERMEABILITY, WATER_SAT, FORMATION) VALUES ('WELL00000000004-BH1', 2540, 0.0765, 24.1974, 0.7079, 'Bengal');
INSERT INTO welldata.PETROPHYSICS (UBHI, SAMPLE_DEPTH_M, POROSITY, PERMEABILITY, WATER_SAT, FORMATION) VALUES ('WELL00000000004-BH1', 2560, 0.1359, 155.1867, 0.4542, 'Barmer');
INSERT INTO welldata.PETROPHYSICS (UBHI, SAMPLE_DEPTH_M, POROSITY, PERMEABILITY, WATER_SAT, FORMATION) VALUES ('WELL00000000004-BH1', 2580, 0.2412, 357.9828, 0.512, 'Bengal');
INSERT INTO welldata.PETROPHYSICS (UBHI, SAMPLE_DEPTH_M, POROSITY, PERMEABILITY, WATER_SAT, FORMATION) VALUES ('WELL00000000004-BH1', 2600, 0.0635, 75.9968, 0.5609, 'Sanchore');
INSERT INTO welldata.PETROPHYSICS (UBHI, SAMPLE_DEPTH_M, POROSITY, PERMEABILITY, WATER_SAT, FORMATION) VALUES ('WELL00000000004-BH1', 2620, 0.1305, 15.4683, 0.5998, 'Bengal');
INSERT INTO welldata.PETROPHYSICS (UBHI, SAMPLE_DEPTH_M, POROSITY, PERMEABILITY, WATER_SAT, FORMATION) VALUES ('WELL00000000004-BH1', 2640, 0.2101, 79.1144, 0.5674, 'Sanchore');
INSERT INTO welldata.PETROPHYSICS (UBHI, SAMPLE_DEPTH_M, POROSITY, PERMEABILITY, WATER_SAT, FORMATION) VALUES ('WELL00000000004-BH1', 2660, 0.1601, 15.585, 0.6047, 'Sanchore');
INSERT INTO welldata.PETROPHYSICS (UBHI, SAMPLE_DEPTH_M, POROSITY, PERMEABILITY, WATER_SAT, FORMATION) VALUES ('WELL00000000004-BH1', 2680, 0.0829, 342.7047, 0.5863, 'Sanchore');
INSERT INTO welldata.PETROPHYSICS (UBHI, SAMPLE_DEPTH_M, POROSITY, PERMEABILITY, WATER_SAT, FORMATION) VALUES ('WELL00000000004-BH1', 2700, 0.2703, 13.7796, 0.6417, 'Sanchore');
INSERT INTO welldata.PETROPHYSICS (UBHI, SAMPLE_DEPTH_M, POROSITY, PERMEABILITY, WATER_SAT, FORMATION) VALUES ('WELL00000000004-BH1', 2720, 0.2042, 86.5166, 0.3426, 'Rajahmundry');
INSERT INTO welldata.PETROPHYSICS (UBHI, SAMPLE_DEPTH_M, POROSITY, PERMEABILITY, WATER_SAT, FORMATION) VALUES ('WELL00000000004-BH1', 2740, 0.1062, 250.5262, 0.4216, 'Rajahmundry');
INSERT INTO welldata.PETROPHYSICS (UBHI, SAMPLE_DEPTH_M, POROSITY, PERMEABILITY, WATER_SAT, FORMATION) VALUES ('WELL00000000004-BH1', 2760, 0.0975, 272.1013, 0.5519, 'Bengal');
INSERT INTO welldata.PETROPHYSICS (UBHI, SAMPLE_DEPTH_M, POROSITY, PERMEABILITY, WATER_SAT, FORMATION) VALUES ('WELL00000000004-BH1', 2780, 0.19, 315.7361, 0.23, 'Barmer');
INSERT INTO welldata.PETROPHYSICS (UBHI, SAMPLE_DEPTH_M, POROSITY, PERMEABILITY, WATER_SAT, FORMATION) VALUES ('WELL00000000004-BH1', 2800, 0.1619, 37.8738, 0.2836, 'Bengal');
INSERT INTO welldata.PETROPHYSICS (UBHI, SAMPLE_DEPTH_M, POROSITY, PERMEABILITY, WATER_SAT, FORMATION) VALUES ('WELL00000000004-BH1', 2820, 0.1088, 126.2813, 0.4809, 'Sanchore');
INSERT INTO welldata.PETROPHYSICS (UBHI, SAMPLE_DEPTH_M, POROSITY, PERMEABILITY, WATER_SAT, FORMATION) VALUES ('WELL00000000004-BH1', 2840, 0.2692, 447.0173, 0.3312, 'Barmer');
INSERT INTO welldata.PETROPHYSICS (UBHI, SAMPLE_DEPTH_M, POROSITY, PERMEABILITY, WATER_SAT, FORMATION) VALUES ('WELL00000000004-BH1', 2860, 0.0986, 98.0333, 0.2393, 'Rajahmundry');
INSERT INTO welldata.PETROPHYSICS (UBHI, SAMPLE_DEPTH_M, POROSITY, PERMEABILITY, WATER_SAT, FORMATION) VALUES ('WELL00000000004-BH1', 2880, 0.2204, 59.4661, 0.3874, 'Rajahmundry');
INSERT INTO welldata.PETROPHYSICS (UBHI, SAMPLE_DEPTH_M, POROSITY, PERMEABILITY, WATER_SAT, FORMATION) VALUES ('WELL00000000004-BH1', 2900, 0.0972, 211.8477, 0.5323, 'Bengal');
INSERT INTO welldata.PETROPHYSICS (UBHI, SAMPLE_DEPTH_M, POROSITY, PERMEABILITY, WATER_SAT, FORMATION) VALUES ('WELL00000000004-BH1', 2920, 0.1791, 316.2122, 0.2293, 'Bengal');
INSERT INTO welldata.PETROPHYSICS (UBHI, SAMPLE_DEPTH_M, POROSITY, PERMEABILITY, WATER_SAT, FORMATION) VALUES ('WELL00000000004-BH1', 2940, 0.1644, 245.7104, 0.2544, 'Rajahmundry');
INSERT INTO welldata.PETROPHYSICS (UBHI, SAMPLE_DEPTH_M, POROSITY, PERMEABILITY, WATER_SAT, FORMATION) VALUES ('WELL00000000004-BH1', 2960, 0.2789, 146.5033, 0.6822, 'Bengal');
INSERT INTO welldata.PETROPHYSICS (UBHI, SAMPLE_DEPTH_M, POROSITY, PERMEABILITY, WATER_SAT, FORMATION) VALUES ('WELL00000000004-BH1', 2980, 0.1992, 331.9662, 0.2252, 'Rajahmundry');
INSERT INTO welldata.PETROPHYSICS (UBHI, SAMPLE_DEPTH_M, POROSITY, PERMEABILITY, WATER_SAT, FORMATION) VALUES ('WELL00000000004-BH1', 3000, 0.2451, 82.0718, 0.1764, 'Rajahmundry');
INSERT INTO welldata.BOREHOLE (UBHI, UWI, BOREHOLE_NAME, BOREHOLE_TYPE, TOP_DEPTH_M, BASE_DEPTH_M) VALUES ('WELL00000000004-BH2', 'WELL00000000004', 'ONGC-KR-004-BH2', 'DIRECTIONAL', 755, 1306);
INSERT INTO welldata.PETROPHYSICS (UBHI, SAMPLE_DEPTH_M, POROSITY, PERMEABILITY, WATER_SAT, FORMATION) VALUES ('WELL00000000004-BH2', 1000, 0.0689, 140.4876, 0.6646, 'Sanchore');
INSERT INTO welldata.PETROPHYSICS (UBHI, SAMPLE_DEPTH_M, POROSITY, PERMEABILITY, WATER_SAT, FORMATION) VALUES ('WELL00000000004-BH2', 1020, 0.0789, 125.5519, 0.6702, 'Sanchore');
INSERT INTO welldata.PETROPHYSICS (UBHI, SAMPLE_DEPTH_M, POROSITY, PERMEABILITY, WATER_SAT, FORMATION) VALUES ('WELL00000000004-BH2', 1040, 0.1345, 206.1285, 0.5224, 'Barmer');
INSERT INTO welldata.PETROPHYSICS (UBHI, SAMPLE_DEPTH_M, POROSITY, PERMEABILITY, WATER_SAT, FORMATION) VALUES ('WELL00000000004-BH2', 1060, 0.2414, 270.9692, 0.5387, 'Rajahmundry');
INSERT INTO welldata.PETROPHYSICS (UBHI, SAMPLE_DEPTH_M, POROSITY, PERMEABILITY, WATER_SAT, FORMATION) VALUES ('WELL00000000004-BH2', 1080, 0.1377, 168.246, 0.5735, 'Bengal');
INSERT INTO welldata.PETROPHYSICS (UBHI, SAMPLE_DEPTH_M, POROSITY, PERMEABILITY, WATER_SAT, FORMATION) VALUES ('WELL00000000004-BH2', 1100, 0.0471, 17.5532, 0.4247, 'Barmer');
INSERT INTO welldata.PETROPHYSICS (UBHI, SAMPLE_DEPTH_M, POROSITY, PERMEABILITY, WATER_SAT, FORMATION) VALUES ('WELL00000000004-BH2', 1120, 0.2389, 269.3114, 0.5972, 'Bengal');
INSERT INTO welldata.PETROPHYSICS (UBHI, SAMPLE_DEPTH_M, POROSITY, PERMEABILITY, WATER_SAT, FORMATION) VALUES ('WELL00000000004-BH2', 1140, 0.2283, 283.1736, 0.3488, 'Barmer');
INSERT INTO welldata.PETROPHYSICS (UBHI, SAMPLE_DEPTH_M, POROSITY, PERMEABILITY, WATER_SAT, FORMATION) VALUES ('WELL00000000004-BH2', 1160, 0.0438, 375.4178, 0.7115, 'Bengal');
INSERT INTO welldata.PETROPHYSICS (UBHI, SAMPLE_DEPTH_M, POROSITY, PERMEABILITY, WATER_SAT, FORMATION) VALUES ('WELL00000000004-BH2', 1180, 0.0769, 34.7427, 0.2646, 'Barmer');
INSERT INTO welldata.PETROPHYSICS (UBHI, SAMPLE_DEPTH_M, POROSITY, PERMEABILITY, WATER_SAT, FORMATION) VALUES ('WELL00000000004-BH2', 1200, 0.055, 352.8654, 0.2679, 'Bengal');
INSERT INTO welldata.PETROPHYSICS (UBHI, SAMPLE_DEPTH_M, POROSITY, PERMEABILITY, WATER_SAT, FORMATION) VALUES ('WELL00000000004-BH2', 1220, 0.2095, 336.9992, 0.3466, 'Sanchore');
INSERT INTO welldata.PETROPHYSICS (UBHI, SAMPLE_DEPTH_M, POROSITY, PERMEABILITY, WATER_SAT, FORMATION) VALUES ('WELL00000000004-BH2', 1240, 0.1913, 284.9423, 0.6716, 'Sanchore');
INSERT INTO welldata.PETROPHYSICS (UBHI, SAMPLE_DEPTH_M, POROSITY, PERMEABILITY, WATER_SAT, FORMATION) VALUES ('WELL00000000004-BH2', 1260, 0.1298, 88.8395, 0.7357, 'Sanchore');
INSERT INTO welldata.PETROPHYSICS (UBHI, SAMPLE_DEPTH_M, POROSITY, PERMEABILITY, WATER_SAT, FORMATION) VALUES ('WELL00000000004-BH2', 1280, 0.0615, 85.855, 0.4193, 'Bengal');
INSERT INTO welldata.PETROPHYSICS (UBHI, SAMPLE_DEPTH_M, POROSITY, PERMEABILITY, WATER_SAT, FORMATION) VALUES ('WELL00000000004-BH2', 1300, 0.112, 229.8714, 0.1926, 'Bengal');
INSERT INTO welldata.PETROPHYSICS (UBHI, SAMPLE_DEPTH_M, POROSITY, PERMEABILITY, WATER_SAT, FORMATION) VALUES ('WELL00000000004-BH2', 1320, 0.2359, 98.9657, 0.3762, 'Sanchore');
INSERT INTO welldata.PETROPHYSICS (UBHI, SAMPLE_DEPTH_M, POROSITY, PERMEABILITY, WATER_SAT, FORMATION) VALUES ('WELL00000000004-BH2', 1340, 0.1614, 380.246, 0.3565, 'Rajahmundry');
INSERT INTO welldata.PETROPHYSICS (UBHI, SAMPLE_DEPTH_M, POROSITY, PERMEABILITY, WATER_SAT, FORMATION) VALUES ('WELL00000000004-BH2', 1360, 0.2794, 294.8009, 0.7054, 'Rajahmundry');
INSERT INTO welldata.PETROPHYSICS (UBHI, SAMPLE_DEPTH_M, POROSITY, PERMEABILITY, WATER_SAT, FORMATION) VALUES ('WELL00000000004-BH2', 1380, 0.1434, 172.9988, 0.1878, 'Bengal');
INSERT INTO welldata.PETROPHYSICS (UBHI, SAMPLE_DEPTH_M, POROSITY, PERMEABILITY, WATER_SAT, FORMATION) VALUES ('WELL00000000004-BH2', 1400, 0.2156, 353.6123, 0.2819, 'Barmer');
INSERT INTO welldata.PETROPHYSICS (UBHI, SAMPLE_DEPTH_M, POROSITY, PERMEABILITY, WATER_SAT, FORMATION) VALUES ('WELL00000000004-BH2', 1420, 0.0739, 299.3143, 0.7158, 'Bengal');
INSERT INTO welldata.PETROPHYSICS (UBHI, SAMPLE_DEPTH_M, POROSITY, PERMEABILITY, WATER_SAT, FORMATION) VALUES ('WELL00000000004-BH2', 1440, 0.2329, 35.7769, 0.4878, 'Barmer');
INSERT INTO welldata.PETROPHYSICS (UBHI, SAMPLE_DEPTH_M, POROSITY, PERMEABILITY, WATER_SAT, FORMATION) VALUES ('WELL00000000004-BH2', 1460, 0.1431, 38.0721, 0.2593, 'Barmer');
INSERT INTO welldata.PETROPHYSICS (UBHI, SAMPLE_DEPTH_M, POROSITY, PERMEABILITY, WATER_SAT, FORMATION) VALUES ('WELL00000000004-BH2', 1480, 0.2347, 75.3531, 0.4217, 'Rajahmundry');
INSERT INTO welldata.PETROPHYSICS (UBHI, SAMPLE_DEPTH_M, POROSITY, PERMEABILITY, WATER_SAT, FORMATION) VALUES ('WELL00000000004-BH2', 1500, 0.2283, 323.6206, 0.3205, 'Barmer');
INSERT INTO welldata.PETROPHYSICS (UBHI, SAMPLE_DEPTH_M, POROSITY, PERMEABILITY, WATER_SAT, FORMATION) VALUES ('WELL00000000004-BH2', 1520, 0.241, 209.4933, 0.421, 'Bengal');
INSERT INTO welldata.PETROPHYSICS (UBHI, SAMPLE_DEPTH_M, POROSITY, PERMEABILITY, WATER_SAT, FORMATION) VALUES ('WELL00000000004-BH2', 1540, 0.1779, 179.7153, 0.6987, 'Rajahmundry');
INSERT INTO welldata.PETROPHYSICS (UBHI, SAMPLE_DEPTH_M, POROSITY, PERMEABILITY, WATER_SAT, FORMATION) VALUES ('WELL00000000004-BH2', 1560, 0.1243, 214.535, 0.7011, 'Bengal');
INSERT INTO welldata.PETROPHYSICS (UBHI, SAMPLE_DEPTH_M, POROSITY, PERMEABILITY, WATER_SAT, FORMATION) VALUES ('WELL00000000004-BH2', 1580, 0.0678, 370.1043, 0.4941, 'Bengal');
INSERT INTO welldata.PETROPHYSICS (UBHI, SAMPLE_DEPTH_M, POROSITY, PERMEABILITY, WATER_SAT, FORMATION) VALUES ('WELL00000000004-BH2', 1600, 0.2373, 349.7427, 0.7276, 'Bengal');
INSERT INTO welldata.PETROPHYSICS (UBHI, SAMPLE_DEPTH_M, POROSITY, PERMEABILITY, WATER_SAT, FORMATION) VALUES ('WELL00000000004-BH2', 1620, 0.1766, 134.6417, 0.4638, 'Sanchore');
INSERT INTO welldata.PETROPHYSICS (UBHI, SAMPLE_DEPTH_M, POROSITY, PERMEABILITY, WATER_SAT, FORMATION) VALUES ('WELL00000000004-BH2', 1640, 0.1613, 288.5817, 0.2745, 'Sanchore');
INSERT INTO welldata.PETROPHYSICS (UBHI, SAMPLE_DEPTH_M, POROSITY, PERMEABILITY, WATER_SAT, FORMATION) VALUES ('WELL00000000004-BH2', 1660, 0.0489, 320.2198, 0.1706, 'Sanchore');
INSERT INTO welldata.PETROPHYSICS (UBHI, SAMPLE_DEPTH_M, POROSITY, PERMEABILITY, WATER_SAT, FORMATION) VALUES ('WELL00000000004-BH2', 1680, 0.1928, 133.2462, 0.3896, 'Sanchore');
INSERT INTO welldata.PETROPHYSICS (UBHI, SAMPLE_DEPTH_M, POROSITY, PERMEABILITY, WATER_SAT, FORMATION) VALUES ('WELL00000000004-BH2', 1700, 0.1158, 295.2311, 0.1828, 'Barmer');
INSERT INTO welldata.PETROPHYSICS (UBHI, SAMPLE_DEPTH_M, POROSITY, PERMEABILITY, WATER_SAT, FORMATION) VALUES ('WELL00000000004-BH2', 1720, 0.2489, 153.3718, 0.2849, 'Sanchore');
INSERT INTO welldata.PETROPHYSICS (UBHI, SAMPLE_DEPTH_M, POROSITY, PERMEABILITY, WATER_SAT, FORMATION) VALUES ('WELL00000000004-BH2', 1740, 0.2269, 209.8096, 0.3083, 'Barmer');
INSERT INTO welldata.PETROPHYSICS (UBHI, SAMPLE_DEPTH_M, POROSITY, PERMEABILITY, WATER_SAT, FORMATION) VALUES ('WELL00000000004-BH2', 1760, 0.183, 286.4605, 0.252, 'Bengal');
INSERT INTO welldata.PETROPHYSICS (UBHI, SAMPLE_DEPTH_M, POROSITY, PERMEABILITY, WATER_SAT, FORMATION) VALUES ('WELL00000000004-BH2', 1780, 0.2516, 442.4528, 0.2165, 'Rajahmundry');
INSERT INTO welldata.PETROPHYSICS (UBHI, SAMPLE_DEPTH_M, POROSITY, PERMEABILITY, WATER_SAT, FORMATION) VALUES ('WELL00000000004-BH2', 1800, 0.0619, 415.4029, 0.2872, 'Rajahmundry');
INSERT INTO welldata.PETROPHYSICS (UBHI, SAMPLE_DEPTH_M, POROSITY, PERMEABILITY, WATER_SAT, FORMATION) VALUES ('WELL00000000004-BH2', 1820, 0.1623, 261.4286, 0.1587, 'Sanchore');
INSERT INTO welldata.PETROPHYSICS (UBHI, SAMPLE_DEPTH_M, POROSITY, PERMEABILITY, WATER_SAT, FORMATION) VALUES ('WELL00000000004-BH2', 1840, 0.2412, 411.0361, 0.4428, 'Sanchore');
INSERT INTO welldata.PETROPHYSICS (UBHI, SAMPLE_DEPTH_M, POROSITY, PERMEABILITY, WATER_SAT, FORMATION) VALUES ('WELL00000000004-BH2', 1860, 0.0568, 377.3773, 0.3191, 'Sanchore');
INSERT INTO welldata.PETROPHYSICS (UBHI, SAMPLE_DEPTH_M, POROSITY, PERMEABILITY, WATER_SAT, FORMATION) VALUES ('WELL00000000004-BH2', 1880, 0.0809, 200.4218, 0.3004, 'Bengal');
INSERT INTO welldata.PETROPHYSICS (UBHI, SAMPLE_DEPTH_M, POROSITY, PERMEABILITY, WATER_SAT, FORMATION) VALUES ('WELL00000000004-BH2', 1900, 0.0698, 393.9974, 0.2289, 'Rajahmundry');
INSERT INTO welldata.PETROPHYSICS (UBHI, SAMPLE_DEPTH_M, POROSITY, PERMEABILITY, WATER_SAT, FORMATION) VALUES ('WELL00000000004-BH2', 1920, 0.063, 175.0648, 0.3774, 'Bengal');
INSERT INTO welldata.PETROPHYSICS (UBHI, SAMPLE_DEPTH_M, POROSITY, PERMEABILITY, WATER_SAT, FORMATION) VALUES ('WELL00000000004-BH2', 1940, 0.2737, 308.7309, 0.2103, 'Barmer');
INSERT INTO welldata.PETROPHYSICS (UBHI, SAMPLE_DEPTH_M, POROSITY, PERMEABILITY, WATER_SAT, FORMATION) VALUES ('WELL00000000004-BH2', 1960, 0.166, 161.9537, 0.565, 'Rajahmundry');
INSERT INTO welldata.PETROPHYSICS (UBHI, SAMPLE_DEPTH_M, POROSITY, PERMEABILITY, WATER_SAT, FORMATION) VALUES ('WELL00000000004-BH2', 1980, 0.1131, 305.4135, 0.4001, 'Bengal');
INSERT INTO welldata.PETROPHYSICS (UBHI, SAMPLE_DEPTH_M, POROSITY, PERMEABILITY, WATER_SAT, FORMATION) VALUES ('WELL00000000004-BH2', 2000, 0.2367, 10.445, 0.2634, 'Bengal');
INSERT INTO welldata.PETROPHYSICS (UBHI, SAMPLE_DEPTH_M, POROSITY, PERMEABILITY, WATER_SAT, FORMATION) VALUES ('WELL00000000004-BH2', 2020, 0.199, 297.2656, 0.3352, 'Bengal');
INSERT INTO welldata.PETROPHYSICS (UBHI, SAMPLE_DEPTH_M, POROSITY, PERMEABILITY, WATER_SAT, FORMATION) VALUES ('WELL00000000004-BH2', 2040, 0.1771, 438.2898, 0.7125, 'Barmer');
INSERT INTO welldata.PETROPHYSICS (UBHI, SAMPLE_DEPTH_M, POROSITY, PERMEABILITY, WATER_SAT, FORMATION) VALUES ('WELL00000000004-BH2', 2060, 0.2532, 209.0603, 0.6175, 'Sanchore');
INSERT INTO welldata.PETROPHYSICS (UBHI, SAMPLE_DEPTH_M, POROSITY, PERMEABILITY, WATER_SAT, FORMATION) VALUES ('WELL00000000004-BH2', 2080, 0.0967, 432.0936, 0.655, 'Sanchore');
INSERT INTO welldata.PETROPHYSICS (UBHI, SAMPLE_DEPTH_M, POROSITY, PERMEABILITY, WATER_SAT, FORMATION) VALUES ('WELL00000000004-BH2', 2100, 0.064, 150.7767, 0.177, 'Bengal');
INSERT INTO welldata.PETROPHYSICS (UBHI, SAMPLE_DEPTH_M, POROSITY, PERMEABILITY, WATER_SAT, FORMATION) VALUES ('WELL00000000004-BH2', 2120, 0.0707, 448.6976, 0.5048, 'Rajahmundry');
INSERT INTO welldata.PETROPHYSICS (UBHI, SAMPLE_DEPTH_M, POROSITY, PERMEABILITY, WATER_SAT, FORMATION) VALUES ('WELL00000000004-BH2', 2140, 0.1725, 407.1579, 0.4675, 'Barmer');
INSERT INTO welldata.PETROPHYSICS (UBHI, SAMPLE_DEPTH_M, POROSITY, PERMEABILITY, WATER_SAT, FORMATION) VALUES ('WELL00000000004-BH2', 2160, 0.1064, 143.5477, 0.3784, 'Bengal');
INSERT INTO welldata.PETROPHYSICS (UBHI, SAMPLE_DEPTH_M, POROSITY, PERMEABILITY, WATER_SAT, FORMATION) VALUES ('WELL00000000004-BH2', 2180, 0.2788, 302.1736, 0.2456, 'Rajahmundry');
INSERT INTO welldata.PETROPHYSICS (UBHI, SAMPLE_DEPTH_M, POROSITY, PERMEABILITY, WATER_SAT, FORMATION) VALUES ('WELL00000000004-BH2', 2200, 0.058, 241.5999, 0.2797, 'Bengal');
INSERT INTO welldata.PETROPHYSICS (UBHI, SAMPLE_DEPTH_M, POROSITY, PERMEABILITY, WATER_SAT, FORMATION) VALUES ('WELL00000000004-BH2', 2220, 0.2557, 74.7161, 0.6763, 'Bengal');
INSERT INTO welldata.PETROPHYSICS (UBHI, SAMPLE_DEPTH_M, POROSITY, PERMEABILITY, WATER_SAT, FORMATION) VALUES ('WELL00000000004-BH2', 2240, 0.0851, 206.8403, 0.3486, 'Rajahmundry');
INSERT INTO welldata.PETROPHYSICS (UBHI, SAMPLE_DEPTH_M, POROSITY, PERMEABILITY, WATER_SAT, FORMATION) VALUES ('WELL00000000004-BH2', 2260, 0.173, 78.0093, 0.2209, 'Rajahmundry');
INSERT INTO welldata.PETROPHYSICS (UBHI, SAMPLE_DEPTH_M, POROSITY, PERMEABILITY, WATER_SAT, FORMATION) VALUES ('WELL00000000004-BH2', 2280, 0.0736, 5.9005, 0.3949, 'Sanchore');
INSERT INTO welldata.PETROPHYSICS (UBHI, SAMPLE_DEPTH_M, POROSITY, PERMEABILITY, WATER_SAT, FORMATION) VALUES ('WELL00000000004-BH2', 2300, 0.2287, 270.5155, 0.4305, 'Sanchore');
INSERT INTO welldata.PETROPHYSICS (UBHI, SAMPLE_DEPTH_M, POROSITY, PERMEABILITY, WATER_SAT, FORMATION) VALUES ('WELL00000000004-BH2', 2320, 0.1073, 149.2855, 0.3314, 'Sanchore');
INSERT INTO welldata.PETROPHYSICS (UBHI, SAMPLE_DEPTH_M, POROSITY, PERMEABILITY, WATER_SAT, FORMATION) VALUES ('WELL00000000004-BH2', 2340, 0.2466, 415.6214, 0.3923, 'Sanchore');
INSERT INTO welldata.PETROPHYSICS (UBHI, SAMPLE_DEPTH_M, POROSITY, PERMEABILITY, WATER_SAT, FORMATION) VALUES ('WELL00000000004-BH2', 2360, 0.2626, 171.221, 0.287, 'Rajahmundry');
INSERT INTO welldata.PETROPHYSICS (UBHI, SAMPLE_DEPTH_M, POROSITY, PERMEABILITY, WATER_SAT, FORMATION) VALUES ('WELL00000000004-BH2', 2380, 0.125, 52.4128, 0.5181, 'Bengal');
INSERT INTO welldata.PETROPHYSICS (UBHI, SAMPLE_DEPTH_M, POROSITY, PERMEABILITY, WATER_SAT, FORMATION) VALUES ('WELL00000000004-BH2', 2400, 0.1507, 217.8804, 0.3849, 'Rajahmundry');
INSERT INTO welldata.PETROPHYSICS (UBHI, SAMPLE_DEPTH_M, POROSITY, PERMEABILITY, WATER_SAT, FORMATION) VALUES ('WELL00000000004-BH2', 2420, 0.1157, 407.6475, 0.2142, 'Barmer');
INSERT INTO welldata.PETROPHYSICS (UBHI, SAMPLE_DEPTH_M, POROSITY, PERMEABILITY, WATER_SAT, FORMATION) VALUES ('WELL00000000004-BH2', 2440, 0.2066, 243.1085, 0.4476, 'Bengal');
INSERT INTO welldata.PETROPHYSICS (UBHI, SAMPLE_DEPTH_M, POROSITY, PERMEABILITY, WATER_SAT, FORMATION) VALUES ('WELL00000000004-BH2', 2460, 0.2468, 12.9111, 0.741, 'Bengal');
INSERT INTO welldata.PETROPHYSICS (UBHI, SAMPLE_DEPTH_M, POROSITY, PERMEABILITY, WATER_SAT, FORMATION) VALUES ('WELL00000000004-BH2', 2480, 0.0833, 218.1748, 0.4797, 'Bengal');
INSERT INTO welldata.PETROPHYSICS (UBHI, SAMPLE_DEPTH_M, POROSITY, PERMEABILITY, WATER_SAT, FORMATION) VALUES ('WELL00000000004-BH2', 2500, 0.1612, 334.7325, 0.5969, 'Bengal');
INSERT INTO welldata.PETROPHYSICS (UBHI, SAMPLE_DEPTH_M, POROSITY, PERMEABILITY, WATER_SAT, FORMATION) VALUES ('WELL00000000004-BH2', 2520, 0.1682, 408.559, 0.3, 'Sanchore');
INSERT INTO welldata.PETROPHYSICS (UBHI, SAMPLE_DEPTH_M, POROSITY, PERMEABILITY, WATER_SAT, FORMATION) VALUES ('WELL00000000004-BH2', 2540, 0.1309, 299.2357, 0.582, 'Bengal');
INSERT INTO welldata.PETROPHYSICS (UBHI, SAMPLE_DEPTH_M, POROSITY, PERMEABILITY, WATER_SAT, FORMATION) VALUES ('WELL00000000004-BH2', 2560, 0.2722, 297.0706, 0.4913, 'Bengal');
INSERT INTO welldata.PETROPHYSICS (UBHI, SAMPLE_DEPTH_M, POROSITY, PERMEABILITY, WATER_SAT, FORMATION) VALUES ('WELL00000000004-BH2', 2580, 0.1526, 433.6522, 0.6886, 'Barmer');
INSERT INTO welldata.PETROPHYSICS (UBHI, SAMPLE_DEPTH_M, POROSITY, PERMEABILITY, WATER_SAT, FORMATION) VALUES ('WELL00000000004-BH2', 2600, 0.2405, 50.2597, 0.6275, 'Rajahmundry');
INSERT INTO welldata.PETROPHYSICS (UBHI, SAMPLE_DEPTH_M, POROSITY, PERMEABILITY, WATER_SAT, FORMATION) VALUES ('WELL00000000004-BH2', 2620, 0.1898, 125.5659, 0.1719, 'Barmer');
INSERT INTO welldata.PETROPHYSICS (UBHI, SAMPLE_DEPTH_M, POROSITY, PERMEABILITY, WATER_SAT, FORMATION) VALUES ('WELL00000000004-BH2', 2640, 0.2476, 95.5472, 0.5222, 'Rajahmundry');
INSERT INTO welldata.PETROPHYSICS (UBHI, SAMPLE_DEPTH_M, POROSITY, PERMEABILITY, WATER_SAT, FORMATION) VALUES ('WELL00000000004-BH2', 2660, 0.2016, 257.997, 0.5366, 'Bengal');
INSERT INTO welldata.PETROPHYSICS (UBHI, SAMPLE_DEPTH_M, POROSITY, PERMEABILITY, WATER_SAT, FORMATION) VALUES ('WELL00000000004-BH2', 2680, 0.2239, 393.9558, 0.5922, 'Sanchore');
INSERT INTO welldata.PETROPHYSICS (UBHI, SAMPLE_DEPTH_M, POROSITY, PERMEABILITY, WATER_SAT, FORMATION) VALUES ('WELL00000000004-BH2', 2700, 0.1262, 100.1971, 0.6852, 'Bengal');
INSERT INTO welldata.PETROPHYSICS (UBHI, SAMPLE_DEPTH_M, POROSITY, PERMEABILITY, WATER_SAT, FORMATION) VALUES ('WELL00000000004-BH2', 2720, 0.0781, 392.8878, 0.6927, 'Sanchore');
INSERT INTO welldata.PETROPHYSICS (UBHI, SAMPLE_DEPTH_M, POROSITY, PERMEABILITY, WATER_SAT, FORMATION) VALUES ('WELL00000000004-BH2', 2740, 0.0726, 162.0755, 0.5993, 'Bengal');
INSERT INTO welldata.PETROPHYSICS (UBHI, SAMPLE_DEPTH_M, POROSITY, PERMEABILITY, WATER_SAT, FORMATION) VALUES ('WELL00000000004-BH2', 2760, 0.0867, 177.7029, 0.1921, 'Barmer');
INSERT INTO welldata.PETROPHYSICS (UBHI, SAMPLE_DEPTH_M, POROSITY, PERMEABILITY, WATER_SAT, FORMATION) VALUES ('WELL00000000004-BH2', 2780, 0.2549, 64.3175, 0.7413, 'Barmer');
INSERT INTO welldata.PETROPHYSICS (UBHI, SAMPLE_DEPTH_M, POROSITY, PERMEABILITY, WATER_SAT, FORMATION) VALUES ('WELL00000000004-BH2', 2800, 0.1082, 85.3766, 0.1762, 'Sanchore');
INSERT INTO welldata.PETROPHYSICS (UBHI, SAMPLE_DEPTH_M, POROSITY, PERMEABILITY, WATER_SAT, FORMATION) VALUES ('WELL00000000004-BH2', 2820, 0.0527, 25.9878, 0.6425, 'Sanchore');
INSERT INTO welldata.PETROPHYSICS (UBHI, SAMPLE_DEPTH_M, POROSITY, PERMEABILITY, WATER_SAT, FORMATION) VALUES ('WELL00000000004-BH2', 2840, 0.101, 169.7574, 0.4079, 'Sanchore');
INSERT INTO welldata.PETROPHYSICS (UBHI, SAMPLE_DEPTH_M, POROSITY, PERMEABILITY, WATER_SAT, FORMATION) VALUES ('WELL00000000004-BH2', 2860, 0.1185, 294.3681, 0.7264, 'Bengal');
INSERT INTO welldata.PETROPHYSICS (UBHI, SAMPLE_DEPTH_M, POROSITY, PERMEABILITY, WATER_SAT, FORMATION) VALUES ('WELL00000000004-BH2', 2880, 0.1439, 246.5929, 0.5885, 'Rajahmundry');
INSERT INTO welldata.PETROPHYSICS (UBHI, SAMPLE_DEPTH_M, POROSITY, PERMEABILITY, WATER_SAT, FORMATION) VALUES ('WELL00000000004-BH2', 2900, 0.1673, 438.6726, 0.1655, 'Bengal');
INSERT INTO welldata.PETROPHYSICS (UBHI, SAMPLE_DEPTH_M, POROSITY, PERMEABILITY, WATER_SAT, FORMATION) VALUES ('WELL00000000004-BH2', 2920, 0.0937, 246.3274, 0.4214, 'Barmer');
INSERT INTO welldata.PETROPHYSICS (UBHI, SAMPLE_DEPTH_M, POROSITY, PERMEABILITY, WATER_SAT, FORMATION) VALUES ('WELL00000000004-BH2', 2940, 0.1445, 15.8402, 0.696, 'Rajahmundry');
INSERT INTO welldata.PETROPHYSICS (UBHI, SAMPLE_DEPTH_M, POROSITY, PERMEABILITY, WATER_SAT, FORMATION) VALUES ('WELL00000000004-BH2', 2960, 0.1074, 417.7297, 0.3713, 'Sanchore');
INSERT INTO welldata.PETROPHYSICS (UBHI, SAMPLE_DEPTH_M, POROSITY, PERMEABILITY, WATER_SAT, FORMATION) VALUES ('WELL00000000004-BH2', 2980, 0.2796, 177.0972, 0.4901, 'Rajahmundry');
INSERT INTO welldata.PETROPHYSICS (UBHI, SAMPLE_DEPTH_M, POROSITY, PERMEABILITY, WATER_SAT, FORMATION) VALUES ('WELL00000000004-BH2', 3000, 0.0508, 361.9241, 0.2663, 'Rajahmundry');
INSERT INTO welldata.PRODUCTION (UWI, PROD_DATE, OIL_BBL, GAS_MCF, WATER_BBL, HOURS_ON) VALUES ('WELL00000000004', TO_DATE('2015-01-01','YYYY-MM-DD'), 2899.22, 12821.61, 91.31, 529.85);
INSERT INTO welldata.PRODUCTION (UWI, PROD_DATE, OIL_BBL, GAS_MCF, WATER_BBL, HOURS_ON) VALUES ('WELL00000000004', TO_DATE('2015-02-01','YYYY-MM-DD'), 2913.29, 13864.93, 691.05, 223.32);
INSERT INTO welldata.PRODUCTION (UWI, PROD_DATE, OIL_BBL, GAS_MCF, WATER_BBL, HOURS_ON) VALUES ('WELL00000000004', TO_DATE('2015-03-01','YYYY-MM-DD'), 2601.47, 14294.35, 274.56, 204.12);
INSERT INTO welldata.PRODUCTION (UWI, PROD_DATE, OIL_BBL, GAS_MCF, WATER_BBL, HOURS_ON) VALUES ('WELL00000000004', TO_DATE('2015-04-01','YYYY-MM-DD'), 2952.75, 3615.24, 204.17, 271.48);
INSERT INTO welldata.PRODUCTION (UWI, PROD_DATE, OIL_BBL, GAS_MCF, WATER_BBL, HOURS_ON) VALUES ('WELL00000000004', TO_DATE('2015-05-01','YYYY-MM-DD'), 2998.12, 2719.34, 100.25, 655.38);
INSERT INTO welldata.PRODUCTION (UWI, PROD_DATE, OIL_BBL, GAS_MCF, WATER_BBL, HOURS_ON) VALUES ('WELL00000000004', TO_DATE('2015-06-01','YYYY-MM-DD'), 2111.11, 799.43, 228.77, 123.55);
INSERT INTO welldata.PRODUCTION (UWI, PROD_DATE, OIL_BBL, GAS_MCF, WATER_BBL, HOURS_ON) VALUES ('WELL00000000004', TO_DATE('2015-07-01','YYYY-MM-DD'), 2004.83, 13996.14, 66.9, 127.66);
INSERT INTO welldata.PRODUCTION (UWI, PROD_DATE, OIL_BBL, GAS_MCF, WATER_BBL, HOURS_ON) VALUES ('WELL00000000004', TO_DATE('2015-08-01','YYYY-MM-DD'), 580.31, 689.8, 86.65, 406.85);
INSERT INTO welldata.PRODUCTION (UWI, PROD_DATE, OIL_BBL, GAS_MCF, WATER_BBL, HOURS_ON) VALUES ('WELL00000000004', TO_DATE('2015-09-01','YYYY-MM-DD'), 2851.65, 6804.43, 420.36, 409.31);
INSERT INTO welldata.PRODUCTION (UWI, PROD_DATE, OIL_BBL, GAS_MCF, WATER_BBL, HOURS_ON) VALUES ('WELL00000000004', TO_DATE('2015-10-01','YYYY-MM-DD'), 2539.23, 13543.6, 1190.82, 457.18);
INSERT INTO welldata.PRODUCTION (UWI, PROD_DATE, OIL_BBL, GAS_MCF, WATER_BBL, HOURS_ON) VALUES ('WELL00000000004', TO_DATE('2015-11-01','YYYY-MM-DD'), 1857.73, 3426.31, 1149.88, 368.37);
INSERT INTO welldata.PRODUCTION (UWI, PROD_DATE, OIL_BBL, GAS_MCF, WATER_BBL, HOURS_ON) VALUES ('WELL00000000004', TO_DATE('2015-12-01','YYYY-MM-DD'), 116.83, 11661.3, 1078.29, 383.02);
INSERT INTO welldata.PRODUCTION (UWI, PROD_DATE, OIL_BBL, GAS_MCF, WATER_BBL, HOURS_ON) VALUES ('WELL00000000004', TO_DATE('2016-01-01','YYYY-MM-DD'), 2185.7, 5959.69, 238.75, 226.52);
INSERT INTO welldata.PRODUCTION (UWI, PROD_DATE, OIL_BBL, GAS_MCF, WATER_BBL, HOURS_ON) VALUES ('WELL00000000004', TO_DATE('2016-02-01','YYYY-MM-DD'), 566.79, 4833.31, 342.5, 536.39);
INSERT INTO welldata.PRODUCTION (UWI, PROD_DATE, OIL_BBL, GAS_MCF, WATER_BBL, HOURS_ON) VALUES ('WELL00000000004', TO_DATE('2016-03-01','YYYY-MM-DD'), 339.72, 11128.42, 1373.83, 137.63);
INSERT INTO welldata.PRODUCTION (UWI, PROD_DATE, OIL_BBL, GAS_MCF, WATER_BBL, HOURS_ON) VALUES ('WELL00000000004', TO_DATE('2016-04-01','YYYY-MM-DD'), 2760.05, 4818.94, 1007.73, 595.36);
INSERT INTO welldata.PRODUCTION (UWI, PROD_DATE, OIL_BBL, GAS_MCF, WATER_BBL, HOURS_ON) VALUES ('WELL00000000004', TO_DATE('2016-05-01','YYYY-MM-DD'), 432.82, 9284.03, 535.47, 558.33);
INSERT INTO welldata.PRODUCTION (UWI, PROD_DATE, OIL_BBL, GAS_MCF, WATER_BBL, HOURS_ON) VALUES ('WELL00000000004', TO_DATE('2016-06-01','YYYY-MM-DD'), 2565.91, 2483.82, 633.44, 384.94);
INSERT INTO welldata.PRODUCTION (UWI, PROD_DATE, OIL_BBL, GAS_MCF, WATER_BBL, HOURS_ON) VALUES ('WELL00000000004', TO_DATE('2016-07-01','YYYY-MM-DD'), 549.33, 5486.58, 1165.61, 278.93);
INSERT INTO welldata.PRODUCTION (UWI, PROD_DATE, OIL_BBL, GAS_MCF, WATER_BBL, HOURS_ON) VALUES ('WELL00000000004', TO_DATE('2016-08-01','YYYY-MM-DD'), 2903.83, 14466.98, 543.81, 332.96);
INSERT INTO welldata.PRODUCTION (UWI, PROD_DATE, OIL_BBL, GAS_MCF, WATER_BBL, HOURS_ON) VALUES ('WELL00000000004', TO_DATE('2016-09-01','YYYY-MM-DD'), 1997.38, 2564.93, 873.34, 285.26);
INSERT INTO welldata.PRODUCTION (UWI, PROD_DATE, OIL_BBL, GAS_MCF, WATER_BBL, HOURS_ON) VALUES ('WELL00000000004', TO_DATE('2016-10-01','YYYY-MM-DD'), 565.72, 7969.99, 407.75, 266.49);
INSERT INTO welldata.PRODUCTION (UWI, PROD_DATE, OIL_BBL, GAS_MCF, WATER_BBL, HOURS_ON) VALUES ('WELL00000000004', TO_DATE('2016-11-01','YYYY-MM-DD'), 1915.71, 3170.62, 1018.23, 527.71);
INSERT INTO welldata.PRODUCTION (UWI, PROD_DATE, OIL_BBL, GAS_MCF, WATER_BBL, HOURS_ON) VALUES ('WELL00000000004', TO_DATE('2016-12-01','YYYY-MM-DD'), 1979.57, 10061.08, 485.79, 223.08);
INSERT INTO welldata.PRODUCTION (UWI, PROD_DATE, OIL_BBL, GAS_MCF, WATER_BBL, HOURS_ON) VALUES ('WELL00000000004', TO_DATE('2017-01-01','YYYY-MM-DD'), 1137.77, 158.21, 38.42, 479.28);
INSERT INTO welldata.PRODUCTION (UWI, PROD_DATE, OIL_BBL, GAS_MCF, WATER_BBL, HOURS_ON) VALUES ('WELL00000000004', TO_DATE('2017-02-01','YYYY-MM-DD'), 2278.4, 14753.28, 1055.67, 686.51);
INSERT INTO welldata.PRODUCTION (UWI, PROD_DATE, OIL_BBL, GAS_MCF, WATER_BBL, HOURS_ON) VALUES ('WELL00000000004', TO_DATE('2017-03-01','YYYY-MM-DD'), 2970.68, 13597.55, 1028.41, 711.4);
INSERT INTO welldata.PRODUCTION (UWI, PROD_DATE, OIL_BBL, GAS_MCF, WATER_BBL, HOURS_ON) VALUES ('WELL00000000004', TO_DATE('2017-04-01','YYYY-MM-DD'), 298.27, 8669.6, 151.09, 182.3);
INSERT INTO welldata.PRODUCTION (UWI, PROD_DATE, OIL_BBL, GAS_MCF, WATER_BBL, HOURS_ON) VALUES ('WELL00000000004', TO_DATE('2017-05-01','YYYY-MM-DD'), 581.82, 5477.05, 1328.95, 252.19);
INSERT INTO welldata.PRODUCTION (UWI, PROD_DATE, OIL_BBL, GAS_MCF, WATER_BBL, HOURS_ON) VALUES ('WELL00000000004', TO_DATE('2017-06-01','YYYY-MM-DD'), 1139.49, 6292.81, 830.35, 382.63);
INSERT INTO welldata.PRODUCTION (UWI, PROD_DATE, OIL_BBL, GAS_MCF, WATER_BBL, HOURS_ON) VALUES ('WELL00000000004', TO_DATE('2017-07-01','YYYY-MM-DD'), 2533.31, 12159.65, 1374.64, 439.72);
INSERT INTO welldata.PRODUCTION (UWI, PROD_DATE, OIL_BBL, GAS_MCF, WATER_BBL, HOURS_ON) VALUES ('WELL00000000004', TO_DATE('2017-08-01','YYYY-MM-DD'), 2779.72, 10605.14, 1134.88, 395.57);
INSERT INTO welldata.PRODUCTION (UWI, PROD_DATE, OIL_BBL, GAS_MCF, WATER_BBL, HOURS_ON) VALUES ('WELL00000000004', TO_DATE('2017-09-01','YYYY-MM-DD'), 1742.21, 5858.21, 549.02, 656.84);
INSERT INTO welldata.PRODUCTION (UWI, PROD_DATE, OIL_BBL, GAS_MCF, WATER_BBL, HOURS_ON) VALUES ('WELL00000000004', TO_DATE('2017-10-01','YYYY-MM-DD'), 363.88, 6759.5, 191.62, 585.85);
INSERT INTO welldata.PRODUCTION (UWI, PROD_DATE, OIL_BBL, GAS_MCF, WATER_BBL, HOURS_ON) VALUES ('WELL00000000004', TO_DATE('2017-11-01','YYYY-MM-DD'), 2370.62, 7270.08, 699.91, 233.66);
INSERT INTO welldata.PRODUCTION (UWI, PROD_DATE, OIL_BBL, GAS_MCF, WATER_BBL, HOURS_ON) VALUES ('WELL00000000004', TO_DATE('2017-12-01','YYYY-MM-DD'), 2478.89, 5680.73, 1125.32, 359.79);
INSERT INTO welldata.PRODUCTION (UWI, PROD_DATE, OIL_BBL, GAS_MCF, WATER_BBL, HOURS_ON) VALUES ('WELL00000000004', TO_DATE('2018-01-01','YYYY-MM-DD'), 1577.79, 566.96, 797.85, 166.26);
INSERT INTO welldata.PRODUCTION (UWI, PROD_DATE, OIL_BBL, GAS_MCF, WATER_BBL, HOURS_ON) VALUES ('WELL00000000004', TO_DATE('2018-02-01','YYYY-MM-DD'), 1885.25, 13738.81, 41.36, 411.03);
INSERT INTO welldata.PRODUCTION (UWI, PROD_DATE, OIL_BBL, GAS_MCF, WATER_BBL, HOURS_ON) VALUES ('WELL00000000004', TO_DATE('2018-03-01','YYYY-MM-DD'), 974.19, 12406.72, 1296.5, 223.66);
INSERT INTO welldata.PRODUCTION (UWI, PROD_DATE, OIL_BBL, GAS_MCF, WATER_BBL, HOURS_ON) VALUES ('WELL00000000004', TO_DATE('2018-04-01','YYYY-MM-DD'), 1025.19, 3725.65, 67.21, 296.51);
INSERT INTO welldata.PRODUCTION (UWI, PROD_DATE, OIL_BBL, GAS_MCF, WATER_BBL, HOURS_ON) VALUES ('WELL00000000004', TO_DATE('2018-05-01','YYYY-MM-DD'), 2806.14, 468.35, 1485.03, 523.78);
INSERT INTO welldata.PRODUCTION (UWI, PROD_DATE, OIL_BBL, GAS_MCF, WATER_BBL, HOURS_ON) VALUES ('WELL00000000004', TO_DATE('2018-06-01','YYYY-MM-DD'), 1368.5, 9387.93, 485.67, 313.33);
INSERT INTO welldata.PRODUCTION (UWI, PROD_DATE, OIL_BBL, GAS_MCF, WATER_BBL, HOURS_ON) VALUES ('WELL00000000004', TO_DATE('2018-07-01','YYYY-MM-DD'), 436.04, 12110.77, 1431.92, 584.3);
INSERT INTO welldata.PRODUCTION (UWI, PROD_DATE, OIL_BBL, GAS_MCF, WATER_BBL, HOURS_ON) VALUES ('WELL00000000004', TO_DATE('2018-08-01','YYYY-MM-DD'), 1695.01, 9236.82, 1304.85, 310.24);
INSERT INTO welldata.PRODUCTION (UWI, PROD_DATE, OIL_BBL, GAS_MCF, WATER_BBL, HOURS_ON) VALUES ('WELL00000000004', TO_DATE('2018-09-01','YYYY-MM-DD'), 1949.93, 2710.18, 1477.52, 144.92);
INSERT INTO welldata.PRODUCTION (UWI, PROD_DATE, OIL_BBL, GAS_MCF, WATER_BBL, HOURS_ON) VALUES ('WELL00000000004', TO_DATE('2018-10-01','YYYY-MM-DD'), 2421.1, 358.28, 840.33, 712.45);
INSERT INTO welldata.PRODUCTION (UWI, PROD_DATE, OIL_BBL, GAS_MCF, WATER_BBL, HOURS_ON) VALUES ('WELL00000000004', TO_DATE('2018-11-01','YYYY-MM-DD'), 457.33, 9985.92, 1489.36, 441.48);
INSERT INTO welldata.PRODUCTION (UWI, PROD_DATE, OIL_BBL, GAS_MCF, WATER_BBL, HOURS_ON) VALUES ('WELL00000000004', TO_DATE('2018-12-01','YYYY-MM-DD'), 1387.32, 4028.58, 514.94, 182.53);
INSERT INTO welldata.PRODUCTION (UWI, PROD_DATE, OIL_BBL, GAS_MCF, WATER_BBL, HOURS_ON) VALUES ('WELL00000000004', TO_DATE('2019-01-01','YYYY-MM-DD'), 1289.29, 9612.08, 661.11, 142.07);
INSERT INTO welldata.PRODUCTION (UWI, PROD_DATE, OIL_BBL, GAS_MCF, WATER_BBL, HOURS_ON) VALUES ('WELL00000000004', TO_DATE('2019-02-01','YYYY-MM-DD'), 1873.09, 14611.64, 1314.11, 444.53);
INSERT INTO welldata.PRODUCTION (UWI, PROD_DATE, OIL_BBL, GAS_MCF, WATER_BBL, HOURS_ON) VALUES ('WELL00000000004', TO_DATE('2019-03-01','YYYY-MM-DD'), 72.41, 1809.73, 594.38, 710.58);
INSERT INTO welldata.PRODUCTION (UWI, PROD_DATE, OIL_BBL, GAS_MCF, WATER_BBL, HOURS_ON) VALUES ('WELL00000000004', TO_DATE('2019-04-01','YYYY-MM-DD'), 2128.87, 4468.05, 662.33, 335.63);
INSERT INTO welldata.PRODUCTION (UWI, PROD_DATE, OIL_BBL, GAS_MCF, WATER_BBL, HOURS_ON) VALUES ('WELL00000000004', TO_DATE('2019-05-01','YYYY-MM-DD'), 1350.91, 6599.19, 146.19, 473.68);
INSERT INTO welldata.PRODUCTION (UWI, PROD_DATE, OIL_BBL, GAS_MCF, WATER_BBL, HOURS_ON) VALUES ('WELL00000000004', TO_DATE('2019-06-01','YYYY-MM-DD'), 925.41, 4450.44, 118.08, 524.08);
INSERT INTO welldata.PRODUCTION (UWI, PROD_DATE, OIL_BBL, GAS_MCF, WATER_BBL, HOURS_ON) VALUES ('WELL00000000004', TO_DATE('2019-07-01','YYYY-MM-DD'), 351.57, 10225.42, 1093.95, 438.23);
INSERT INTO welldata.PRODUCTION (UWI, PROD_DATE, OIL_BBL, GAS_MCF, WATER_BBL, HOURS_ON) VALUES ('WELL00000000004', TO_DATE('2019-08-01','YYYY-MM-DD'), 2298.56, 11633.42, 1168.16, 229.59);
INSERT INTO welldata.PRODUCTION (UWI, PROD_DATE, OIL_BBL, GAS_MCF, WATER_BBL, HOURS_ON) VALUES ('WELL00000000004', TO_DATE('2019-09-01','YYYY-MM-DD'), 2573.82, 14255.72, 792.89, 130.49);
INSERT INTO welldata.PRODUCTION (UWI, PROD_DATE, OIL_BBL, GAS_MCF, WATER_BBL, HOURS_ON) VALUES ('WELL00000000004', TO_DATE('2019-10-01','YYYY-MM-DD'), 2379.7, 14661.93, 860.15, 432.2);
INSERT INTO welldata.PRODUCTION (UWI, PROD_DATE, OIL_BBL, GAS_MCF, WATER_BBL, HOURS_ON) VALUES ('WELL00000000004', TO_DATE('2019-11-01','YYYY-MM-DD'), 320.31, 6925.15, 338.52, 340.8);
INSERT INTO welldata.PRODUCTION (UWI, PROD_DATE, OIL_BBL, GAS_MCF, WATER_BBL, HOURS_ON) VALUES ('WELL00000000004', TO_DATE('2019-12-01','YYYY-MM-DD'), 378.1, 3568.42, 1400.66, 708.69);
INSERT INTO welldata.PRODUCTION (UWI, PROD_DATE, OIL_BBL, GAS_MCF, WATER_BBL, HOURS_ON) VALUES ('WELL00000000004', TO_DATE('2020-01-01','YYYY-MM-DD'), 538.17, 14531.66, 320.11, 276.99);
INSERT INTO welldata.PRODUCTION (UWI, PROD_DATE, OIL_BBL, GAS_MCF, WATER_BBL, HOURS_ON) VALUES ('WELL00000000004', TO_DATE('2020-02-01','YYYY-MM-DD'), 2783.65, 9195.84, 404.37, 147.94);
INSERT INTO welldata.PRODUCTION (UWI, PROD_DATE, OIL_BBL, GAS_MCF, WATER_BBL, HOURS_ON) VALUES ('WELL00000000004', TO_DATE('2020-03-01','YYYY-MM-DD'), 1016.21, 7277.12, 678.66, 149.1);
INSERT INTO welldata.PRODUCTION (UWI, PROD_DATE, OIL_BBL, GAS_MCF, WATER_BBL, HOURS_ON) VALUES ('WELL00000000004', TO_DATE('2020-04-01','YYYY-MM-DD'), 1422.16, 5485.05, 529.11, 237.78);
INSERT INTO welldata.PRODUCTION (UWI, PROD_DATE, OIL_BBL, GAS_MCF, WATER_BBL, HOURS_ON) VALUES ('WELL00000000004', TO_DATE('2020-05-01','YYYY-MM-DD'), 2448.99, 2371.66, 1365.26, 640.64);
INSERT INTO welldata.PRODUCTION (UWI, PROD_DATE, OIL_BBL, GAS_MCF, WATER_BBL, HOURS_ON) VALUES ('WELL00000000004', TO_DATE('2020-06-01','YYYY-MM-DD'), 2560.76, 6224.23, 411.21, 526.95);
INSERT INTO welldata.PRODUCTION (UWI, PROD_DATE, OIL_BBL, GAS_MCF, WATER_BBL, HOURS_ON) VALUES ('WELL00000000004', TO_DATE('2020-07-01','YYYY-MM-DD'), 2017.41, 1938.99, 353.41, 562.88);
INSERT INTO welldata.PRODUCTION (UWI, PROD_DATE, OIL_BBL, GAS_MCF, WATER_BBL, HOURS_ON) VALUES ('WELL00000000004', TO_DATE('2020-08-01','YYYY-MM-DD'), 1447.66, 2156.13, 849.99, 429.25);
INSERT INTO welldata.PRODUCTION (UWI, PROD_DATE, OIL_BBL, GAS_MCF, WATER_BBL, HOURS_ON) VALUES ('WELL00000000004', TO_DATE('2020-09-01','YYYY-MM-DD'), 1091.85, 4316.28, 1137.66, 217.27);
INSERT INTO welldata.PRODUCTION (UWI, PROD_DATE, OIL_BBL, GAS_MCF, WATER_BBL, HOURS_ON) VALUES ('WELL00000000004', TO_DATE('2020-10-01','YYYY-MM-DD'), 1134.32, 12042.31, 339.44, 148.28);
INSERT INTO welldata.PRODUCTION (UWI, PROD_DATE, OIL_BBL, GAS_MCF, WATER_BBL, HOURS_ON) VALUES ('WELL00000000004', TO_DATE('2020-11-01','YYYY-MM-DD'), 815.7, 5065.91, 292.47, 290.41);
INSERT INTO welldata.PRODUCTION (UWI, PROD_DATE, OIL_BBL, GAS_MCF, WATER_BBL, HOURS_ON) VALUES ('WELL00000000004', TO_DATE('2020-12-01','YYYY-MM-DD'), 1843.07, 5759.97, 320.69, 540.4);
INSERT INTO welldata.PRODUCTION (UWI, PROD_DATE, OIL_BBL, GAS_MCF, WATER_BBL, HOURS_ON) VALUES ('WELL00000000004', TO_DATE('2021-01-01','YYYY-MM-DD'), 1103.34, 10426.69, 747.03, 290.41);
INSERT INTO welldata.PRODUCTION (UWI, PROD_DATE, OIL_BBL, GAS_MCF, WATER_BBL, HOURS_ON) VALUES ('WELL00000000004', TO_DATE('2021-02-01','YYYY-MM-DD'), 2655.93, 3931.35, 676.84, 511.2);
INSERT INTO welldata.PRODUCTION (UWI, PROD_DATE, OIL_BBL, GAS_MCF, WATER_BBL, HOURS_ON) VALUES ('WELL00000000004', TO_DATE('2021-03-01','YYYY-MM-DD'), 2335.47, 3153.44, 586.51, 599.19);
INSERT INTO welldata.PRODUCTION (UWI, PROD_DATE, OIL_BBL, GAS_MCF, WATER_BBL, HOURS_ON) VALUES ('WELL00000000004', TO_DATE('2021-04-01','YYYY-MM-DD'), 1694.24, 1764.18, 593.62, 580.71);
INSERT INTO welldata.PRODUCTION (UWI, PROD_DATE, OIL_BBL, GAS_MCF, WATER_BBL, HOURS_ON) VALUES ('WELL00000000004', TO_DATE('2021-05-01','YYYY-MM-DD'), 713.48, 1092.92, 71.03, 499.88);
INSERT INTO welldata.PRODUCTION (UWI, PROD_DATE, OIL_BBL, GAS_MCF, WATER_BBL, HOURS_ON) VALUES ('WELL00000000004', TO_DATE('2021-06-01','YYYY-MM-DD'), 1938.89, 10931.82, 1176.35, 540.54);
INSERT INTO welldata.PRODUCTION (UWI, PROD_DATE, OIL_BBL, GAS_MCF, WATER_BBL, HOURS_ON) VALUES ('WELL00000000004', TO_DATE('2021-07-01','YYYY-MM-DD'), 2925.43, 12458.57, 459.62, 574.86);
INSERT INTO welldata.PRODUCTION (UWI, PROD_DATE, OIL_BBL, GAS_MCF, WATER_BBL, HOURS_ON) VALUES ('WELL00000000004', TO_DATE('2021-08-01','YYYY-MM-DD'), 806.99, 9864.97, 901.02, 353.73);
INSERT INTO welldata.PRODUCTION (UWI, PROD_DATE, OIL_BBL, GAS_MCF, WATER_BBL, HOURS_ON) VALUES ('WELL00000000004', TO_DATE('2021-09-01','YYYY-MM-DD'), 152.84, 12980.96, 1459.27, 610.5);
INSERT INTO welldata.PRODUCTION (UWI, PROD_DATE, OIL_BBL, GAS_MCF, WATER_BBL, HOURS_ON) VALUES ('WELL00000000004', TO_DATE('2021-10-01','YYYY-MM-DD'), 869.07, 673.27, 1168.52, 261.38);
INSERT INTO welldata.PRODUCTION (UWI, PROD_DATE, OIL_BBL, GAS_MCF, WATER_BBL, HOURS_ON) VALUES ('WELL00000000004', TO_DATE('2021-11-01','YYYY-MM-DD'), 2638.89, 10966.4, 1026.67, 323.44);
INSERT INTO welldata.PRODUCTION (UWI, PROD_DATE, OIL_BBL, GAS_MCF, WATER_BBL, HOURS_ON) VALUES ('WELL00000000004', TO_DATE('2021-12-01','YYYY-MM-DD'), 1389.07, 14901.86, 1133.36, 348.76);
INSERT INTO welldata.PRODUCTION (UWI, PROD_DATE, OIL_BBL, GAS_MCF, WATER_BBL, HOURS_ON) VALUES ('WELL00000000004', TO_DATE('2022-01-01','YYYY-MM-DD'), 333.67, 8213.55, 1415.89, 529.41);
INSERT INTO welldata.PRODUCTION (UWI, PROD_DATE, OIL_BBL, GAS_MCF, WATER_BBL, HOURS_ON) VALUES ('WELL00000000004', TO_DATE('2022-02-01','YYYY-MM-DD'), 2289.7, 11861.04, 1405.74, 670.69);
INSERT INTO welldata.PRODUCTION (UWI, PROD_DATE, OIL_BBL, GAS_MCF, WATER_BBL, HOURS_ON) VALUES ('WELL00000000004', TO_DATE('2022-03-01','YYYY-MM-DD'), 1358.61, 342.54, 649.95, 139.15);
INSERT INTO welldata.PRODUCTION (UWI, PROD_DATE, OIL_BBL, GAS_MCF, WATER_BBL, HOURS_ON) VALUES ('WELL00000000004', TO_DATE('2022-04-01','YYYY-MM-DD'), 2899.98, 4851.39, 298.3, 603.8);
INSERT INTO welldata.PRODUCTION (UWI, PROD_DATE, OIL_BBL, GAS_MCF, WATER_BBL, HOURS_ON) VALUES ('WELL00000000004', TO_DATE('2022-05-01','YYYY-MM-DD'), 2305.29, 7162.22, 726.61, 515.19);
INSERT INTO welldata.PRODUCTION (UWI, PROD_DATE, OIL_BBL, GAS_MCF, WATER_BBL, HOURS_ON) VALUES ('WELL00000000004', TO_DATE('2022-06-01','YYYY-MM-DD'), 1974.82, 11636.12, 1076.36, 221.58);
INSERT INTO welldata.PRODUCTION (UWI, PROD_DATE, OIL_BBL, GAS_MCF, WATER_BBL, HOURS_ON) VALUES ('WELL00000000004', TO_DATE('2022-07-01','YYYY-MM-DD'), 1786.11, 10148.65, 537.89, 634.08);
INSERT INTO welldata.PRODUCTION (UWI, PROD_DATE, OIL_BBL, GAS_MCF, WATER_BBL, HOURS_ON) VALUES ('WELL00000000004', TO_DATE('2022-08-01','YYYY-MM-DD'), 1024.1, 3256.99, 199.38, 190.84);
INSERT INTO welldata.PRODUCTION (UWI, PROD_DATE, OIL_BBL, GAS_MCF, WATER_BBL, HOURS_ON) VALUES ('WELL00000000004', TO_DATE('2022-09-01','YYYY-MM-DD'), 1692.22, 9350.88, 227.88, 346.83);
INSERT INTO welldata.PRODUCTION (UWI, PROD_DATE, OIL_BBL, GAS_MCF, WATER_BBL, HOURS_ON) VALUES ('WELL00000000004', TO_DATE('2022-10-01','YYYY-MM-DD'), 2554.77, 11736.27, 695.25, 343.44);
INSERT INTO welldata.PRODUCTION (UWI, PROD_DATE, OIL_BBL, GAS_MCF, WATER_BBL, HOURS_ON) VALUES ('WELL00000000004', TO_DATE('2022-11-01','YYYY-MM-DD'), 1663.69, 9440.32, 1011.84, 565.25);
INSERT INTO welldata.PRODUCTION (UWI, PROD_DATE, OIL_BBL, GAS_MCF, WATER_BBL, HOURS_ON) VALUES ('WELL00000000004', TO_DATE('2022-12-01','YYYY-MM-DD'), 2867.97, 6107.08, 1423.19, 168.48);
INSERT INTO welldata.PRODUCTION (UWI, PROD_DATE, OIL_BBL, GAS_MCF, WATER_BBL, HOURS_ON) VALUES ('WELL00000000004', TO_DATE('2023-01-01','YYYY-MM-DD'), 1697.66, 5378.41, 213.05, 411.92);
INSERT INTO welldata.PRODUCTION (UWI, PROD_DATE, OIL_BBL, GAS_MCF, WATER_BBL, HOURS_ON) VALUES ('WELL00000000004', TO_DATE('2023-02-01','YYYY-MM-DD'), 1267.73, 5305.58, 109.9, 330.45);
INSERT INTO welldata.PRODUCTION (UWI, PROD_DATE, OIL_BBL, GAS_MCF, WATER_BBL, HOURS_ON) VALUES ('WELL00000000004', TO_DATE('2023-03-01','YYYY-MM-DD'), 653.61, 861.38, 970.08, 295.06);
INSERT INTO welldata.PRODUCTION (UWI, PROD_DATE, OIL_BBL, GAS_MCF, WATER_BBL, HOURS_ON) VALUES ('WELL00000000004', TO_DATE('2023-04-01','YYYY-MM-DD'), 1604.02, 6120.56, 1424.51, 145.38);
INSERT INTO welldata.PRODUCTION (UWI, PROD_DATE, OIL_BBL, GAS_MCF, WATER_BBL, HOURS_ON) VALUES ('WELL00000000004', TO_DATE('2023-05-01','YYYY-MM-DD'), 187.52, 13064.6, 1151.82, 633.04);
INSERT INTO welldata.PRODUCTION (UWI, PROD_DATE, OIL_BBL, GAS_MCF, WATER_BBL, HOURS_ON) VALUES ('WELL00000000004', TO_DATE('2023-06-01','YYYY-MM-DD'), 2161.66, 8940.64, 591.89, 491.44);
INSERT INTO welldata.PRODUCTION (UWI, PROD_DATE, OIL_BBL, GAS_MCF, WATER_BBL, HOURS_ON) VALUES ('WELL00000000004', TO_DATE('2023-07-01','YYYY-MM-DD'), 1073.35, 6798.12, 563.6, 605.43);
INSERT INTO welldata.PRODUCTION (UWI, PROD_DATE, OIL_BBL, GAS_MCF, WATER_BBL, HOURS_ON) VALUES ('WELL00000000004', TO_DATE('2023-08-01','YYYY-MM-DD'), 411.79, 13042.32, 1219.86, 161.07);
INSERT INTO welldata.PRODUCTION (UWI, PROD_DATE, OIL_BBL, GAS_MCF, WATER_BBL, HOURS_ON) VALUES ('WELL00000000004', TO_DATE('2023-09-01','YYYY-MM-DD'), 210.28, 495.07, 165.75, 696.33);
INSERT INTO welldata.PRODUCTION (UWI, PROD_DATE, OIL_BBL, GAS_MCF, WATER_BBL, HOURS_ON) VALUES ('WELL00000000004', TO_DATE('2023-10-01','YYYY-MM-DD'), 1254.4, 13399.14, 888.13, 266.14);
INSERT INTO welldata.PRODUCTION (UWI, PROD_DATE, OIL_BBL, GAS_MCF, WATER_BBL, HOURS_ON) VALUES ('WELL00000000004', TO_DATE('2023-11-01','YYYY-MM-DD'), 1599.73, 3596.95, 1489.78, 391.04);
INSERT INTO welldata.PRODUCTION (UWI, PROD_DATE, OIL_BBL, GAS_MCF, WATER_BBL, HOURS_ON) VALUES ('WELL00000000004', TO_DATE('2023-12-01','YYYY-MM-DD'), 1345.22, 297.33, 1161.13, 590.52);
INSERT INTO welldata.PRODUCTION (UWI, PROD_DATE, OIL_BBL, GAS_MCF, WATER_BBL, HOURS_ON) VALUES ('WELL00000000004', TO_DATE('2024-01-01','YYYY-MM-DD'), 653.58, 10379.9, 1296.14, 311.27);
INSERT INTO welldata.PRODUCTION (UWI, PROD_DATE, OIL_BBL, GAS_MCF, WATER_BBL, HOURS_ON) VALUES ('WELL00000000004', TO_DATE('2024-02-01','YYYY-MM-DD'), 799.01, 12766.57, 1001.25, 710.15);
INSERT INTO welldata.PRODUCTION (UWI, PROD_DATE, OIL_BBL, GAS_MCF, WATER_BBL, HOURS_ON) VALUES ('WELL00000000004', TO_DATE('2024-03-01','YYYY-MM-DD'), 2135.67, 1187.3, 816.63, 608.65);
INSERT INTO welldata.PRODUCTION (UWI, PROD_DATE, OIL_BBL, GAS_MCF, WATER_BBL, HOURS_ON) VALUES ('WELL00000000004', TO_DATE('2024-04-01','YYYY-MM-DD'), 519.48, 6508.4, 1480.83, 253.55);
INSERT INTO welldata.PRODUCTION (UWI, PROD_DATE, OIL_BBL, GAS_MCF, WATER_BBL, HOURS_ON) VALUES ('WELL00000000004', TO_DATE('2024-05-01','YYYY-MM-DD'), 81.82, 5747.26, 120.63, 381.19);
INSERT INTO welldata.PRODUCTION (UWI, PROD_DATE, OIL_BBL, GAS_MCF, WATER_BBL, HOURS_ON) VALUES ('WELL00000000004', TO_DATE('2024-06-01','YYYY-MM-DD'), 1961.66, 1866.58, 755.43, 407.93);
INSERT INTO welldata.PRODUCTION (UWI, PROD_DATE, OIL_BBL, GAS_MCF, WATER_BBL, HOURS_ON) VALUES ('WELL00000000004', TO_DATE('2024-07-01','YYYY-MM-DD'), 2709.27, 2692.66, 858.51, 638.36);
INSERT INTO welldata.PRODUCTION (UWI, PROD_DATE, OIL_BBL, GAS_MCF, WATER_BBL, HOURS_ON) VALUES ('WELL00000000004', TO_DATE('2024-08-01','YYYY-MM-DD'), 825.99, 4764.45, 1365.31, 530.15);
INSERT INTO welldata.PRODUCTION (UWI, PROD_DATE, OIL_BBL, GAS_MCF, WATER_BBL, HOURS_ON) VALUES ('WELL00000000004', TO_DATE('2024-09-01','YYYY-MM-DD'), 718.48, 14433.82, 905.16, 685.26);
INSERT INTO welldata.PRODUCTION (UWI, PROD_DATE, OIL_BBL, GAS_MCF, WATER_BBL, HOURS_ON) VALUES ('WELL00000000004', TO_DATE('2024-10-01','YYYY-MM-DD'), 884.5, 10473.2, 614.07, 447.33);
INSERT INTO welldata.PRODUCTION (UWI, PROD_DATE, OIL_BBL, GAS_MCF, WATER_BBL, HOURS_ON) VALUES ('WELL00000000004', TO_DATE('2024-11-01','YYYY-MM-DD'), 1424.58, 12360.29, 841.82, 243.71);
INSERT INTO welldata.PRODUCTION (UWI, PROD_DATE, OIL_BBL, GAS_MCF, WATER_BBL, HOURS_ON) VALUES ('WELL00000000004', TO_DATE('2024-12-01','YYYY-MM-DD'), 2618.12, 14428.14, 1244.31, 236.73);
INSERT INTO welldata.FORMATION_TOPS (UWI, FORMATION, TOP_DEPTH_M, BASE_DEPTH_M, LITHOLOGY) VALUES ('WELL00000000004', 'Rajahmundry', 658, 1028, 'SANDSTONE');
INSERT INTO welldata.FORMATION_TOPS (UWI, FORMATION, TOP_DEPTH_M, BASE_DEPTH_M, LITHOLOGY) VALUES ('WELL00000000004', 'Bengal', 776, 859, 'LIMESTONE');
INSERT INTO welldata.FORMATION_TOPS (UWI, FORMATION, TOP_DEPTH_M, BASE_DEPTH_M, LITHOLOGY) VALUES ('WELL00000000004', 'Sanchore', 1168, 1336, 'SHALE');
INSERT INTO welldata.FORMATION_TOPS (UWI, FORMATION, TOP_DEPTH_M, BASE_DEPTH_M, LITHOLOGY) VALUES ('WELL00000000004', 'Barmer', 1315, 1662, 'DOLOMITE');
INSERT INTO welldata.CORE_ANALYSIS (UWI, CORE_RUN, TOP_DEPTH_M, BASE_DEPTH_M, GRAIN_DENSITY, BULK_DENSITY, RECOVERY_PCT) VALUES ('WELL00000000004', 1, 1548, 1603, 2.7548, 2.2247, 96.4);
INSERT INTO welldata.CORE_ANALYSIS (UWI, CORE_RUN, TOP_DEPTH_M, BASE_DEPTH_M, GRAIN_DENSITY, BULK_DENSITY, RECOVERY_PCT) VALUES ('WELL00000000004', 2, 1735, 1773, 2.6578, 1.9771, 59.37);
INSERT INTO welldata.WELL (UWI, WELL_NAME, OPERATOR, COUNTRY, BASIN, FIELD_NAME, SPUD_DATE, COMPLETION_DATE, WELL_TYPE, WELL_STATUS, SURFACE_LAT, SURFACE_LON, TOTAL_DEPTH_M, KB_ELEVATION_M) VALUES ('WELL00000000005', 'RELI-CA-005', 'Reliance', 'India', 'Cambay', 'Cambay Field 2', TO_DATE('2016-04-22','YYYY-MM-DD'), TO_DATE('2019-05-18','YYYY-MM-DD'), 'DEVELOPMENT', 'SUSPENDED', 22.377508, 69.000003, 2986, 111.92);
INSERT INTO welldata.BOREHOLE (UBHI, UWI, BOREHOLE_NAME, BOREHOLE_TYPE, TOP_DEPTH_M, BASE_DEPTH_M) VALUES ('WELL00000000005-BH1', 'WELL00000000005', 'RELI-CA-005-BH1', 'DIRECTIONAL', 572, 1421);
INSERT INTO welldata.PETROPHYSICS (UBHI, SAMPLE_DEPTH_M, POROSITY, PERMEABILITY, WATER_SAT, FORMATION) VALUES ('WELL00000000005-BH1', 1000, 0.2575, 24.7244, 0.634, 'Bengal');
INSERT INTO welldata.PETROPHYSICS (UBHI, SAMPLE_DEPTH_M, POROSITY, PERMEABILITY, WATER_SAT, FORMATION) VALUES ('WELL00000000005-BH1', 1020, 0.1856, 347.226, 0.6394, 'Rajahmundry');
INSERT INTO welldata.PETROPHYSICS (UBHI, SAMPLE_DEPTH_M, POROSITY, PERMEABILITY, WATER_SAT, FORMATION) VALUES ('WELL00000000005-BH1', 1040, 0.1056, 10.5767, 0.4617, 'Bengal');
INSERT INTO welldata.PETROPHYSICS (UBHI, SAMPLE_DEPTH_M, POROSITY, PERMEABILITY, WATER_SAT, FORMATION) VALUES ('WELL00000000005-BH1', 1060, 0.254, 134.2023, 0.4672, 'Barmer');
INSERT INTO welldata.PETROPHYSICS (UBHI, SAMPLE_DEPTH_M, POROSITY, PERMEABILITY, WATER_SAT, FORMATION) VALUES ('WELL00000000005-BH1', 1080, 0.2239, 339.5765, 0.3959, 'Sanchore');
INSERT INTO welldata.PETROPHYSICS (UBHI, SAMPLE_DEPTH_M, POROSITY, PERMEABILITY, WATER_SAT, FORMATION) VALUES ('WELL00000000005-BH1', 1100, 0.1064, 157.9751, 0.1553, 'Barmer');
INSERT INTO welldata.PETROPHYSICS (UBHI, SAMPLE_DEPTH_M, POROSITY, PERMEABILITY, WATER_SAT, FORMATION) VALUES ('WELL00000000005-BH1', 1120, 0.0632, 15.2936, 0.6942, 'Sanchore');
INSERT INTO welldata.PETROPHYSICS (UBHI, SAMPLE_DEPTH_M, POROSITY, PERMEABILITY, WATER_SAT, FORMATION) VALUES ('WELL00000000005-BH1', 1140, 0.125, 82.4473, 0.669, 'Sanchore');
INSERT INTO welldata.PETROPHYSICS (UBHI, SAMPLE_DEPTH_M, POROSITY, PERMEABILITY, WATER_SAT, FORMATION) VALUES ('WELL00000000005-BH1', 1160, 0.1368, 359.4923, 0.5416, 'Rajahmundry');
INSERT INTO welldata.PETROPHYSICS (UBHI, SAMPLE_DEPTH_M, POROSITY, PERMEABILITY, WATER_SAT, FORMATION) VALUES ('WELL00000000005-BH1', 1180, 0.0747, 172.4451, 0.6635, 'Barmer');
INSERT INTO welldata.PETROPHYSICS (UBHI, SAMPLE_DEPTH_M, POROSITY, PERMEABILITY, WATER_SAT, FORMATION) VALUES ('WELL00000000005-BH1', 1200, 0.217, 214.0145, 0.7023, 'Bengal');
INSERT INTO welldata.PETROPHYSICS (UBHI, SAMPLE_DEPTH_M, POROSITY, PERMEABILITY, WATER_SAT, FORMATION) VALUES ('WELL00000000005-BH1', 1220, 0.0548, 165.3375, 0.5903, 'Barmer');
INSERT INTO welldata.PETROPHYSICS (UBHI, SAMPLE_DEPTH_M, POROSITY, PERMEABILITY, WATER_SAT, FORMATION) VALUES ('WELL00000000005-BH1', 1240, 0.2281, 167.3816, 0.4977, 'Sanchore');
INSERT INTO welldata.PETROPHYSICS (UBHI, SAMPLE_DEPTH_M, POROSITY, PERMEABILITY, WATER_SAT, FORMATION) VALUES ('WELL00000000005-BH1', 1260, 0.1513, 386.1651, 0.2248, 'Bengal');
INSERT INTO welldata.PETROPHYSICS (UBHI, SAMPLE_DEPTH_M, POROSITY, PERMEABILITY, WATER_SAT, FORMATION) VALUES ('WELL00000000005-BH1', 1280, 0.2123, 231.9135, 0.5479, 'Barmer');
INSERT INTO welldata.PETROPHYSICS (UBHI, SAMPLE_DEPTH_M, POROSITY, PERMEABILITY, WATER_SAT, FORMATION) VALUES ('WELL00000000005-BH1', 1300, 0.1473, 246.4239, 0.4022, 'Rajahmundry');
INSERT INTO welldata.PETROPHYSICS (UBHI, SAMPLE_DEPTH_M, POROSITY, PERMEABILITY, WATER_SAT, FORMATION) VALUES ('WELL00000000005-BH1', 1320, 0.0488, 26.7703, 0.557, 'Barmer');
INSERT INTO welldata.PETROPHYSICS (UBHI, SAMPLE_DEPTH_M, POROSITY, PERMEABILITY, WATER_SAT, FORMATION) VALUES ('WELL00000000005-BH1', 1340, 0.1031, 309.0786, 0.5439, 'Barmer');
INSERT INTO welldata.PETROPHYSICS (UBHI, SAMPLE_DEPTH_M, POROSITY, PERMEABILITY, WATER_SAT, FORMATION) VALUES ('WELL00000000005-BH1', 1360, 0.0705, 144.3492, 0.5557, 'Barmer');
INSERT INTO welldata.PETROPHYSICS (UBHI, SAMPLE_DEPTH_M, POROSITY, PERMEABILITY, WATER_SAT, FORMATION) VALUES ('WELL00000000005-BH1', 1380, 0.1985, 397.0825, 0.4149, 'Bengal');
INSERT INTO welldata.PETROPHYSICS (UBHI, SAMPLE_DEPTH_M, POROSITY, PERMEABILITY, WATER_SAT, FORMATION) VALUES ('WELL00000000005-BH1', 1400, 0.1916, 136.9521, 0.7313, 'Bengal');
INSERT INTO welldata.PETROPHYSICS (UBHI, SAMPLE_DEPTH_M, POROSITY, PERMEABILITY, WATER_SAT, FORMATION) VALUES ('WELL00000000005-BH1', 1420, 0.0682, 361.8024, 0.6154, 'Sanchore');
INSERT INTO welldata.PETROPHYSICS (UBHI, SAMPLE_DEPTH_M, POROSITY, PERMEABILITY, WATER_SAT, FORMATION) VALUES ('WELL00000000005-BH1', 1440, 0.1829, 261.1951, 0.1878, 'Bengal');
INSERT INTO welldata.PETROPHYSICS (UBHI, SAMPLE_DEPTH_M, POROSITY, PERMEABILITY, WATER_SAT, FORMATION) VALUES ('WELL00000000005-BH1', 1460, 0.0799, 368.4133, 0.6607, 'Sanchore');
INSERT INTO welldata.PETROPHYSICS (UBHI, SAMPLE_DEPTH_M, POROSITY, PERMEABILITY, WATER_SAT, FORMATION) VALUES ('WELL00000000005-BH1', 1480, 0.2591, 298.0856, 0.156, 'Sanchore');
INSERT INTO welldata.PETROPHYSICS (UBHI, SAMPLE_DEPTH_M, POROSITY, PERMEABILITY, WATER_SAT, FORMATION) VALUES ('WELL00000000005-BH1', 1500, 0.0457, 162.8968, 0.1958, 'Bengal');
INSERT INTO welldata.PETROPHYSICS (UBHI, SAMPLE_DEPTH_M, POROSITY, PERMEABILITY, WATER_SAT, FORMATION) VALUES ('WELL00000000005-BH1', 1520, 0.0979, 114.3518, 0.589, 'Sanchore');
INSERT INTO welldata.PETROPHYSICS (UBHI, SAMPLE_DEPTH_M, POROSITY, PERMEABILITY, WATER_SAT, FORMATION) VALUES ('WELL00000000005-BH1', 1540, 0.169, 327.1758, 0.2692, 'Barmer');
INSERT INTO welldata.PETROPHYSICS (UBHI, SAMPLE_DEPTH_M, POROSITY, PERMEABILITY, WATER_SAT, FORMATION) VALUES ('WELL00000000005-BH1', 1560, 0.1861, 14.9022, 0.5119, 'Barmer');
INSERT INTO welldata.PETROPHYSICS (UBHI, SAMPLE_DEPTH_M, POROSITY, PERMEABILITY, WATER_SAT, FORMATION) VALUES ('WELL00000000005-BH1', 1580, 0.0971, 232.7174, 0.2553, 'Bengal');
INSERT INTO welldata.PETROPHYSICS (UBHI, SAMPLE_DEPTH_M, POROSITY, PERMEABILITY, WATER_SAT, FORMATION) VALUES ('WELL00000000005-BH1', 1600, 0.1368, 232.7502, 0.5718, 'Sanchore');
INSERT INTO welldata.PETROPHYSICS (UBHI, SAMPLE_DEPTH_M, POROSITY, PERMEABILITY, WATER_SAT, FORMATION) VALUES ('WELL00000000005-BH1', 1620, 0.1762, 33.7536, 0.2388, 'Sanchore');
INSERT INTO welldata.PETROPHYSICS (UBHI, SAMPLE_DEPTH_M, POROSITY, PERMEABILITY, WATER_SAT, FORMATION) VALUES ('WELL00000000005-BH1', 1640, 0.212, 449.0243, 0.6265, 'Sanchore');
INSERT INTO welldata.PETROPHYSICS (UBHI, SAMPLE_DEPTH_M, POROSITY, PERMEABILITY, WATER_SAT, FORMATION) VALUES ('WELL00000000005-BH1', 1660, 0.272, 234.6744, 0.237, 'Bengal');
INSERT INTO welldata.PETROPHYSICS (UBHI, SAMPLE_DEPTH_M, POROSITY, PERMEABILITY, WATER_SAT, FORMATION) VALUES ('WELL00000000005-BH1', 1680, 0.07, 145.7899, 0.5109, 'Bengal');
INSERT INTO welldata.PETROPHYSICS (UBHI, SAMPLE_DEPTH_M, POROSITY, PERMEABILITY, WATER_SAT, FORMATION) VALUES ('WELL00000000005-BH1', 1700, 0.2598, 407.5524, 0.1762, 'Sanchore');
INSERT INTO welldata.PETROPHYSICS (UBHI, SAMPLE_DEPTH_M, POROSITY, PERMEABILITY, WATER_SAT, FORMATION) VALUES ('WELL00000000005-BH1', 1720, 0.1121, 357.1146, 0.5919, 'Rajahmundry');
INSERT INTO welldata.PETROPHYSICS (UBHI, SAMPLE_DEPTH_M, POROSITY, PERMEABILITY, WATER_SAT, FORMATION) VALUES ('WELL00000000005-BH1', 1740, 0.2569, 162.633, 0.4968, 'Rajahmundry');
INSERT INTO welldata.PETROPHYSICS (UBHI, SAMPLE_DEPTH_M, POROSITY, PERMEABILITY, WATER_SAT, FORMATION) VALUES ('WELL00000000005-BH1', 1760, 0.1374, 95.6977, 0.6597, 'Bengal');
INSERT INTO welldata.PETROPHYSICS (UBHI, SAMPLE_DEPTH_M, POROSITY, PERMEABILITY, WATER_SAT, FORMATION) VALUES ('WELL00000000005-BH1', 1780, 0.1233, 168.577, 0.2536, 'Barmer');
INSERT INTO welldata.PETROPHYSICS (UBHI, SAMPLE_DEPTH_M, POROSITY, PERMEABILITY, WATER_SAT, FORMATION) VALUES ('WELL00000000005-BH1', 1800, 0.045, 423.4729, 0.6753, 'Bengal');
INSERT INTO welldata.PETROPHYSICS (UBHI, SAMPLE_DEPTH_M, POROSITY, PERMEABILITY, WATER_SAT, FORMATION) VALUES ('WELL00000000005-BH1', 1820, 0.2267, 282.3916, 0.4194, 'Rajahmundry');
INSERT INTO welldata.PETROPHYSICS (UBHI, SAMPLE_DEPTH_M, POROSITY, PERMEABILITY, WATER_SAT, FORMATION) VALUES ('WELL00000000005-BH1', 1840, 0.0525, 42.3529, 0.2797, 'Barmer');
INSERT INTO welldata.PETROPHYSICS (UBHI, SAMPLE_DEPTH_M, POROSITY, PERMEABILITY, WATER_SAT, FORMATION) VALUES ('WELL00000000005-BH1', 1860, 0.2437, 177.9111, 0.2887, 'Rajahmundry');
INSERT INTO welldata.PETROPHYSICS (UBHI, SAMPLE_DEPTH_M, POROSITY, PERMEABILITY, WATER_SAT, FORMATION) VALUES ('WELL00000000005-BH1', 1880, 0.0912, 14.7607, 0.413, 'Sanchore');
INSERT INTO welldata.PETROPHYSICS (UBHI, SAMPLE_DEPTH_M, POROSITY, PERMEABILITY, WATER_SAT, FORMATION) VALUES ('WELL00000000005-BH1', 1900, 0.2768, 166.5285, 0.4874, 'Sanchore');
INSERT INTO welldata.PETROPHYSICS (UBHI, SAMPLE_DEPTH_M, POROSITY, PERMEABILITY, WATER_SAT, FORMATION) VALUES ('WELL00000000005-BH1', 1920, 0.0509, 281.5745, 0.5264, 'Rajahmundry');
INSERT INTO welldata.PETROPHYSICS (UBHI, SAMPLE_DEPTH_M, POROSITY, PERMEABILITY, WATER_SAT, FORMATION) VALUES ('WELL00000000005-BH1', 1940, 0.2417, 336.8762, 0.3364, 'Barmer');
INSERT INTO welldata.PETROPHYSICS (UBHI, SAMPLE_DEPTH_M, POROSITY, PERMEABILITY, WATER_SAT, FORMATION) VALUES ('WELL00000000005-BH1', 1960, 0.1971, 31.6139, 0.5189, 'Rajahmundry');
INSERT INTO welldata.PETROPHYSICS (UBHI, SAMPLE_DEPTH_M, POROSITY, PERMEABILITY, WATER_SAT, FORMATION) VALUES ('WELL00000000005-BH1', 1980, 0.2034, 380.7959, 0.2253, 'Bengal');
INSERT INTO welldata.PETROPHYSICS (UBHI, SAMPLE_DEPTH_M, POROSITY, PERMEABILITY, WATER_SAT, FORMATION) VALUES ('WELL00000000005-BH1', 2000, 0.0768, 88.6978, 0.6892, 'Barmer');
INSERT INTO welldata.PETROPHYSICS (UBHI, SAMPLE_DEPTH_M, POROSITY, PERMEABILITY, WATER_SAT, FORMATION) VALUES ('WELL00000000005-BH1', 2020, 0.208, 56.0682, 0.7439, 'Rajahmundry');
INSERT INTO welldata.PETROPHYSICS (UBHI, SAMPLE_DEPTH_M, POROSITY, PERMEABILITY, WATER_SAT, FORMATION) VALUES ('WELL00000000005-BH1', 2040, 0.1095, 311.9424, 0.2574, 'Bengal');
INSERT INTO welldata.PETROPHYSICS (UBHI, SAMPLE_DEPTH_M, POROSITY, PERMEABILITY, WATER_SAT, FORMATION) VALUES ('WELL00000000005-BH1', 2060, 0.0667, 256.4761, 0.2584, 'Rajahmundry');
INSERT INTO welldata.PETROPHYSICS (UBHI, SAMPLE_DEPTH_M, POROSITY, PERMEABILITY, WATER_SAT, FORMATION) VALUES ('WELL00000000005-BH1', 2080, 0.2409, 234.397, 0.4569, 'Bengal');
INSERT INTO welldata.PETROPHYSICS (UBHI, SAMPLE_DEPTH_M, POROSITY, PERMEABILITY, WATER_SAT, FORMATION) VALUES ('WELL00000000005-BH1', 2100, 0.1612, 41.0488, 0.2608, 'Sanchore');
INSERT INTO welldata.PETROPHYSICS (UBHI, SAMPLE_DEPTH_M, POROSITY, PERMEABILITY, WATER_SAT, FORMATION) VALUES ('WELL00000000005-BH1', 2120, 0.0403, 6.2829, 0.6568, 'Bengal');
INSERT INTO welldata.PETROPHYSICS (UBHI, SAMPLE_DEPTH_M, POROSITY, PERMEABILITY, WATER_SAT, FORMATION) VALUES ('WELL00000000005-BH1', 2140, 0.0602, 128.847, 0.1882, 'Rajahmundry');
INSERT INTO welldata.PETROPHYSICS (UBHI, SAMPLE_DEPTH_M, POROSITY, PERMEABILITY, WATER_SAT, FORMATION) VALUES ('WELL00000000005-BH1', 2160, 0.1857, 6.61, 0.6231, 'Rajahmundry');
INSERT INTO welldata.PETROPHYSICS (UBHI, SAMPLE_DEPTH_M, POROSITY, PERMEABILITY, WATER_SAT, FORMATION) VALUES ('WELL00000000005-BH1', 2180, 0.2571, 170.4652, 0.2509, 'Barmer');
INSERT INTO welldata.PETROPHYSICS (UBHI, SAMPLE_DEPTH_M, POROSITY, PERMEABILITY, WATER_SAT, FORMATION) VALUES ('WELL00000000005-BH1', 2200, 0.2201, 280.8053, 0.3147, 'Sanchore');
INSERT INTO welldata.PETROPHYSICS (UBHI, SAMPLE_DEPTH_M, POROSITY, PERMEABILITY, WATER_SAT, FORMATION) VALUES ('WELL00000000005-BH1', 2220, 0.041, 354.7754, 0.3131, 'Bengal');
INSERT INTO welldata.PETROPHYSICS (UBHI, SAMPLE_DEPTH_M, POROSITY, PERMEABILITY, WATER_SAT, FORMATION) VALUES ('WELL00000000005-BH1', 2240, 0.1687, 111.092, 0.294, 'Bengal');
INSERT INTO welldata.PETROPHYSICS (UBHI, SAMPLE_DEPTH_M, POROSITY, PERMEABILITY, WATER_SAT, FORMATION) VALUES ('WELL00000000005-BH1', 2260, 0.1441, 291.5266, 0.3651, 'Rajahmundry');
INSERT INTO welldata.PETROPHYSICS (UBHI, SAMPLE_DEPTH_M, POROSITY, PERMEABILITY, WATER_SAT, FORMATION) VALUES ('WELL00000000005-BH1', 2280, 0.043, 223.357, 0.7481, 'Sanchore');
INSERT INTO welldata.PETROPHYSICS (UBHI, SAMPLE_DEPTH_M, POROSITY, PERMEABILITY, WATER_SAT, FORMATION) VALUES ('WELL00000000005-BH1', 2300, 0.1393, 354.2953, 0.7031, 'Rajahmundry');
INSERT INTO welldata.PETROPHYSICS (UBHI, SAMPLE_DEPTH_M, POROSITY, PERMEABILITY, WATER_SAT, FORMATION) VALUES ('WELL00000000005-BH1', 2320, 0.1724, 322.757, 0.5986, 'Sanchore');
INSERT INTO welldata.PETROPHYSICS (UBHI, SAMPLE_DEPTH_M, POROSITY, PERMEABILITY, WATER_SAT, FORMATION) VALUES ('WELL00000000005-BH1', 2340, 0.0689, 408.909, 0.2619, 'Rajahmundry');
INSERT INTO welldata.PETROPHYSICS (UBHI, SAMPLE_DEPTH_M, POROSITY, PERMEABILITY, WATER_SAT, FORMATION) VALUES ('WELL00000000005-BH1', 2360, 0.0794, 92.0014, 0.3008, 'Barmer');
INSERT INTO welldata.PETROPHYSICS (UBHI, SAMPLE_DEPTH_M, POROSITY, PERMEABILITY, WATER_SAT, FORMATION) VALUES ('WELL00000000005-BH1', 2380, 0.1867, 354.8461, 0.2571, 'Bengal');
INSERT INTO welldata.PETROPHYSICS (UBHI, SAMPLE_DEPTH_M, POROSITY, PERMEABILITY, WATER_SAT, FORMATION) VALUES ('WELL00000000005-BH1', 2400, 0.0947, 382.1995, 0.7263, 'Bengal');
INSERT INTO welldata.PETROPHYSICS (UBHI, SAMPLE_DEPTH_M, POROSITY, PERMEABILITY, WATER_SAT, FORMATION) VALUES ('WELL00000000005-BH1', 2420, 0.2186, 161.9149, 0.3513, 'Bengal');
INSERT INTO welldata.PETROPHYSICS (UBHI, SAMPLE_DEPTH_M, POROSITY, PERMEABILITY, WATER_SAT, FORMATION) VALUES ('WELL00000000005-BH1', 2440, 0.2263, 165.4412, 0.3274, 'Sanchore');
INSERT INTO welldata.PETROPHYSICS (UBHI, SAMPLE_DEPTH_M, POROSITY, PERMEABILITY, WATER_SAT, FORMATION) VALUES ('WELL00000000005-BH1', 2460, 0.0876, 302.8996, 0.3694, 'Rajahmundry');
INSERT INTO welldata.PETROPHYSICS (UBHI, SAMPLE_DEPTH_M, POROSITY, PERMEABILITY, WATER_SAT, FORMATION) VALUES ('WELL00000000005-BH1', 2480, 0.1547, 285.7713, 0.1918, 'Rajahmundry');
INSERT INTO welldata.PETROPHYSICS (UBHI, SAMPLE_DEPTH_M, POROSITY, PERMEABILITY, WATER_SAT, FORMATION) VALUES ('WELL00000000005-BH1', 2500, 0.2373, 15.6162, 0.4548, 'Barmer');
INSERT INTO welldata.PETROPHYSICS (UBHI, SAMPLE_DEPTH_M, POROSITY, PERMEABILITY, WATER_SAT, FORMATION) VALUES ('WELL00000000005-BH1', 2520, 0.1126, 307.819, 0.7163, 'Bengal');
INSERT INTO welldata.PETROPHYSICS (UBHI, SAMPLE_DEPTH_M, POROSITY, PERMEABILITY, WATER_SAT, FORMATION) VALUES ('WELL00000000005-BH1', 2540, 0.2206, 37.5972, 0.4912, 'Sanchore');
INSERT INTO welldata.PETROPHYSICS (UBHI, SAMPLE_DEPTH_M, POROSITY, PERMEABILITY, WATER_SAT, FORMATION) VALUES ('WELL00000000005-BH1', 2560, 0.2317, 281.3938, 0.4014, 'Rajahmundry');
INSERT INTO welldata.PETROPHYSICS (UBHI, SAMPLE_DEPTH_M, POROSITY, PERMEABILITY, WATER_SAT, FORMATION) VALUES ('WELL00000000005-BH1', 2580, 0.0933, 177.7523, 0.6652, 'Barmer');
INSERT INTO welldata.PETROPHYSICS (UBHI, SAMPLE_DEPTH_M, POROSITY, PERMEABILITY, WATER_SAT, FORMATION) VALUES ('WELL00000000005-BH1', 2600, 0.2701, 120.8772, 0.2387, 'Rajahmundry');
INSERT INTO welldata.PETROPHYSICS (UBHI, SAMPLE_DEPTH_M, POROSITY, PERMEABILITY, WATER_SAT, FORMATION) VALUES ('WELL00000000005-BH1', 2620, 0.1134, 413.7569, 0.5484, 'Bengal');
INSERT INTO welldata.PETROPHYSICS (UBHI, SAMPLE_DEPTH_M, POROSITY, PERMEABILITY, WATER_SAT, FORMATION) VALUES ('WELL00000000005-BH1', 2640, 0.104, 212.0475, 0.3069, 'Sanchore');
INSERT INTO welldata.PETROPHYSICS (UBHI, SAMPLE_DEPTH_M, POROSITY, PERMEABILITY, WATER_SAT, FORMATION) VALUES ('WELL00000000005-BH1', 2660, 0.188, 29.6007, 0.498, 'Sanchore');
INSERT INTO welldata.PETROPHYSICS (UBHI, SAMPLE_DEPTH_M, POROSITY, PERMEABILITY, WATER_SAT, FORMATION) VALUES ('WELL00000000005-BH1', 2680, 0.1114, 65.2012, 0.1816, 'Rajahmundry');
INSERT INTO welldata.PETROPHYSICS (UBHI, SAMPLE_DEPTH_M, POROSITY, PERMEABILITY, WATER_SAT, FORMATION) VALUES ('WELL00000000005-BH1', 2700, 0.0623, 120.0123, 0.2287, 'Barmer');
INSERT INTO welldata.PETROPHYSICS (UBHI, SAMPLE_DEPTH_M, POROSITY, PERMEABILITY, WATER_SAT, FORMATION) VALUES ('WELL00000000005-BH1', 2720, 0.1307, 122.9927, 0.2328, 'Barmer');
INSERT INTO welldata.PETROPHYSICS (UBHI, SAMPLE_DEPTH_M, POROSITY, PERMEABILITY, WATER_SAT, FORMATION) VALUES ('WELL00000000005-BH1', 2740, 0.1281, 72.7122, 0.3104, 'Bengal');
INSERT INTO welldata.PETROPHYSICS (UBHI, SAMPLE_DEPTH_M, POROSITY, PERMEABILITY, WATER_SAT, FORMATION) VALUES ('WELL00000000005-BH1', 2760, 0.0667, 341.3807, 0.7319, 'Sanchore');
INSERT INTO welldata.PETROPHYSICS (UBHI, SAMPLE_DEPTH_M, POROSITY, PERMEABILITY, WATER_SAT, FORMATION) VALUES ('WELL00000000005-BH1', 2780, 0.2351, 232.0939, 0.2047, 'Barmer');
INSERT INTO welldata.PETROPHYSICS (UBHI, SAMPLE_DEPTH_M, POROSITY, PERMEABILITY, WATER_SAT, FORMATION) VALUES ('WELL00000000005-BH1', 2800, 0.0817, 394.0019, 0.493, 'Sanchore');
INSERT INTO welldata.PETROPHYSICS (UBHI, SAMPLE_DEPTH_M, POROSITY, PERMEABILITY, WATER_SAT, FORMATION) VALUES ('WELL00000000005-BH1', 2820, 0.1146, 41.0959, 0.2782, 'Rajahmundry');
INSERT INTO welldata.PETROPHYSICS (UBHI, SAMPLE_DEPTH_M, POROSITY, PERMEABILITY, WATER_SAT, FORMATION) VALUES ('WELL00000000005-BH1', 2840, 0.0997, 192.0163, 0.2271, 'Sanchore');
INSERT INTO welldata.PETROPHYSICS (UBHI, SAMPLE_DEPTH_M, POROSITY, PERMEABILITY, WATER_SAT, FORMATION) VALUES ('WELL00000000005-BH1', 2860, 0.2094, 221.1184, 0.6157, 'Sanchore');
INSERT INTO welldata.PETROPHYSICS (UBHI, SAMPLE_DEPTH_M, POROSITY, PERMEABILITY, WATER_SAT, FORMATION) VALUES ('WELL00000000005-BH1', 2880, 0.1747, 435.4692, 0.6607, 'Barmer');
INSERT INTO welldata.PETROPHYSICS (UBHI, SAMPLE_DEPTH_M, POROSITY, PERMEABILITY, WATER_SAT, FORMATION) VALUES ('WELL00000000005-BH1', 2900, 0.2203, 155.8823, 0.2299, 'Sanchore');
INSERT INTO welldata.PETROPHYSICS (UBHI, SAMPLE_DEPTH_M, POROSITY, PERMEABILITY, WATER_SAT, FORMATION) VALUES ('WELL00000000005-BH1', 2920, 0.1619, 84.5555, 0.7376, 'Bengal');
INSERT INTO welldata.PETROPHYSICS (UBHI, SAMPLE_DEPTH_M, POROSITY, PERMEABILITY, WATER_SAT, FORMATION) VALUES ('WELL00000000005-BH1', 2940, 0.2313, 130.1439, 0.28, 'Sanchore');
INSERT INTO welldata.PETROPHYSICS (UBHI, SAMPLE_DEPTH_M, POROSITY, PERMEABILITY, WATER_SAT, FORMATION) VALUES ('WELL00000000005-BH1', 2960, 0.2758, 120.3599, 0.2681, 'Sanchore');
INSERT INTO welldata.PETROPHYSICS (UBHI, SAMPLE_DEPTH_M, POROSITY, PERMEABILITY, WATER_SAT, FORMATION) VALUES ('WELL00000000005-BH1', 2980, 0.091, 394.0003, 0.5511, 'Rajahmundry');
INSERT INTO welldata.PETROPHYSICS (UBHI, SAMPLE_DEPTH_M, POROSITY, PERMEABILITY, WATER_SAT, FORMATION) VALUES ('WELL00000000005-BH1', 3000, 0.2338, 341.3865, 0.3827, 'Bengal');
INSERT INTO welldata.BOREHOLE (UBHI, UWI, BOREHOLE_NAME, BOREHOLE_TYPE, TOP_DEPTH_M, BASE_DEPTH_M) VALUES ('WELL00000000005-BH2', 'WELL00000000005', 'RELI-CA-005-BH2', 'DIRECTIONAL', 872, 1923);
INSERT INTO welldata.PETROPHYSICS (UBHI, SAMPLE_DEPTH_M, POROSITY, PERMEABILITY, WATER_SAT, FORMATION) VALUES ('WELL00000000005-BH2', 1000, 0.0481, 58.8947, 0.4364, 'Barmer');
INSERT INTO welldata.PETROPHYSICS (UBHI, SAMPLE_DEPTH_M, POROSITY, PERMEABILITY, WATER_SAT, FORMATION) VALUES ('WELL00000000005-BH2', 1020, 0.2194, 110.9412, 0.1933, 'Rajahmundry');
INSERT INTO welldata.PETROPHYSICS (UBHI, SAMPLE_DEPTH_M, POROSITY, PERMEABILITY, WATER_SAT, FORMATION) VALUES ('WELL00000000005-BH2', 1040, 0.1685, 145.1701, 0.2826, 'Bengal');
INSERT INTO welldata.PETROPHYSICS (UBHI, SAMPLE_DEPTH_M, POROSITY, PERMEABILITY, WATER_SAT, FORMATION) VALUES ('WELL00000000005-BH2', 1060, 0.1066, 78.4604, 0.5971, 'Barmer');
INSERT INTO welldata.PETROPHYSICS (UBHI, SAMPLE_DEPTH_M, POROSITY, PERMEABILITY, WATER_SAT, FORMATION) VALUES ('WELL00000000005-BH2', 1080, 0.2731, 421.9972, 0.275, 'Sanchore');
INSERT INTO welldata.PETROPHYSICS (UBHI, SAMPLE_DEPTH_M, POROSITY, PERMEABILITY, WATER_SAT, FORMATION) VALUES ('WELL00000000005-BH2', 1100, 0.1596, 335.8301, 0.2508, 'Bengal');
INSERT INTO welldata.PETROPHYSICS (UBHI, SAMPLE_DEPTH_M, POROSITY, PERMEABILITY, WATER_SAT, FORMATION) VALUES ('WELL00000000005-BH2', 1120, 0.2615, 359.4637, 0.3135, 'Bengal');
INSERT INTO welldata.PETROPHYSICS (UBHI, SAMPLE_DEPTH_M, POROSITY, PERMEABILITY, WATER_SAT, FORMATION) VALUES ('WELL00000000005-BH2', 1140, 0.0508, 389.9368, 0.5653, 'Rajahmundry');
INSERT INTO welldata.PETROPHYSICS (UBHI, SAMPLE_DEPTH_M, POROSITY, PERMEABILITY, WATER_SAT, FORMATION) VALUES ('WELL00000000005-BH2', 1160, 0.1509, 374.2217, 0.3692, 'Bengal');
INSERT INTO welldata.PETROPHYSICS (UBHI, SAMPLE_DEPTH_M, POROSITY, PERMEABILITY, WATER_SAT, FORMATION) VALUES ('WELL00000000005-BH2', 1180, 0.2681, 55.2837, 0.2431, 'Rajahmundry');
INSERT INTO welldata.PETROPHYSICS (UBHI, SAMPLE_DEPTH_M, POROSITY, PERMEABILITY, WATER_SAT, FORMATION) VALUES ('WELL00000000005-BH2', 1200, 0.2024, 31.8775, 0.3938, 'Barmer');
INSERT INTO welldata.PETROPHYSICS (UBHI, SAMPLE_DEPTH_M, POROSITY, PERMEABILITY, WATER_SAT, FORMATION) VALUES ('WELL00000000005-BH2', 1220, 0.2137, 356.5612, 0.3784, 'Rajahmundry');
INSERT INTO welldata.PETROPHYSICS (UBHI, SAMPLE_DEPTH_M, POROSITY, PERMEABILITY, WATER_SAT, FORMATION) VALUES ('WELL00000000005-BH2', 1240, 0.2334, 393.1103, 0.1691, 'Bengal');
INSERT INTO welldata.PETROPHYSICS (UBHI, SAMPLE_DEPTH_M, POROSITY, PERMEABILITY, WATER_SAT, FORMATION) VALUES ('WELL00000000005-BH2', 1260, 0.2388, 321.3821, 0.4776, 'Bengal');
INSERT INTO welldata.PETROPHYSICS (UBHI, SAMPLE_DEPTH_M, POROSITY, PERMEABILITY, WATER_SAT, FORMATION) VALUES ('WELL00000000005-BH2', 1280, 0.1744, 139.1249, 0.1894, 'Barmer');
INSERT INTO welldata.PETROPHYSICS (UBHI, SAMPLE_DEPTH_M, POROSITY, PERMEABILITY, WATER_SAT, FORMATION) VALUES ('WELL00000000005-BH2', 1300, 0.249, 146.3612, 0.495, 'Bengal');
INSERT INTO welldata.PETROPHYSICS (UBHI, SAMPLE_DEPTH_M, POROSITY, PERMEABILITY, WATER_SAT, FORMATION) VALUES ('WELL00000000005-BH2', 1320, 0.1483, 234.8905, 0.6332, 'Bengal');
INSERT INTO welldata.PETROPHYSICS (UBHI, SAMPLE_DEPTH_M, POROSITY, PERMEABILITY, WATER_SAT, FORMATION) VALUES ('WELL00000000005-BH2', 1340, 0.0662, 286.8836, 0.5296, 'Rajahmundry');
INSERT INTO welldata.PETROPHYSICS (UBHI, SAMPLE_DEPTH_M, POROSITY, PERMEABILITY, WATER_SAT, FORMATION) VALUES ('WELL00000000005-BH2', 1360, 0.1698, 322.8831, 0.326, 'Bengal');
INSERT INTO welldata.PETROPHYSICS (UBHI, SAMPLE_DEPTH_M, POROSITY, PERMEABILITY, WATER_SAT, FORMATION) VALUES ('WELL00000000005-BH2', 1380, 0.1723, 82.1319, 0.5628, 'Sanchore');
INSERT INTO welldata.PETROPHYSICS (UBHI, SAMPLE_DEPTH_M, POROSITY, PERMEABILITY, WATER_SAT, FORMATION) VALUES ('WELL00000000005-BH2', 1400, 0.1403, 31.9328, 0.4702, 'Barmer');
INSERT INTO welldata.PETROPHYSICS (UBHI, SAMPLE_DEPTH_M, POROSITY, PERMEABILITY, WATER_SAT, FORMATION) VALUES ('WELL00000000005-BH2', 1420, 0.1084, 398.2291, 0.5988, 'Bengal');
INSERT INTO welldata.PETROPHYSICS (UBHI, SAMPLE_DEPTH_M, POROSITY, PERMEABILITY, WATER_SAT, FORMATION) VALUES ('WELL00000000005-BH2', 1440, 0.0737, 270.3267, 0.6732, 'Sanchore');
INSERT INTO welldata.PETROPHYSICS (UBHI, SAMPLE_DEPTH_M, POROSITY, PERMEABILITY, WATER_SAT, FORMATION) VALUES ('WELL00000000005-BH2', 1460, 0.211, 26.6538, 0.5223, 'Sanchore');
INSERT INTO welldata.PETROPHYSICS (UBHI, SAMPLE_DEPTH_M, POROSITY, PERMEABILITY, WATER_SAT, FORMATION) VALUES ('WELL00000000005-BH2', 1480, 0.0406, 185.7183, 0.32, 'Rajahmundry');
INSERT INTO welldata.PETROPHYSICS (UBHI, SAMPLE_DEPTH_M, POROSITY, PERMEABILITY, WATER_SAT, FORMATION) VALUES ('WELL00000000005-BH2', 1500, 0.1056, 388.0813, 0.6191, 'Barmer');
INSERT INTO welldata.PETROPHYSICS (UBHI, SAMPLE_DEPTH_M, POROSITY, PERMEABILITY, WATER_SAT, FORMATION) VALUES ('WELL00000000005-BH2', 1520, 0.2427, 126.3817, 0.6557, 'Bengal');
INSERT INTO welldata.PETROPHYSICS (UBHI, SAMPLE_DEPTH_M, POROSITY, PERMEABILITY, WATER_SAT, FORMATION) VALUES ('WELL00000000005-BH2', 1540, 0.0708, 85.1655, 0.2909, 'Rajahmundry');
INSERT INTO welldata.PETROPHYSICS (UBHI, SAMPLE_DEPTH_M, POROSITY, PERMEABILITY, WATER_SAT, FORMATION) VALUES ('WELL00000000005-BH2', 1560, 0.1391, 357.7818, 0.5829, 'Bengal');
INSERT INTO welldata.PETROPHYSICS (UBHI, SAMPLE_DEPTH_M, POROSITY, PERMEABILITY, WATER_SAT, FORMATION) VALUES ('WELL00000000005-BH2', 1580, 0.095, 189.6128, 0.6696, 'Barmer');
INSERT INTO welldata.PETROPHYSICS (UBHI, SAMPLE_DEPTH_M, POROSITY, PERMEABILITY, WATER_SAT, FORMATION) VALUES ('WELL00000000005-BH2', 1600, 0.1486, 129.3694, 0.3911, 'Barmer');
INSERT INTO welldata.PETROPHYSICS (UBHI, SAMPLE_DEPTH_M, POROSITY, PERMEABILITY, WATER_SAT, FORMATION) VALUES ('WELL00000000005-BH2', 1620, 0.2734, 265.3622, 0.5627, 'Barmer');
INSERT INTO welldata.PETROPHYSICS (UBHI, SAMPLE_DEPTH_M, POROSITY, PERMEABILITY, WATER_SAT, FORMATION) VALUES ('WELL00000000005-BH2', 1640, 0.1567, 437.1352, 0.2187, 'Bengal');
INSERT INTO welldata.PETROPHYSICS (UBHI, SAMPLE_DEPTH_M, POROSITY, PERMEABILITY, WATER_SAT, FORMATION) VALUES ('WELL00000000005-BH2', 1660, 0.1775, 77.5828, 0.2597, 'Sanchore');
INSERT INTO welldata.PETROPHYSICS (UBHI, SAMPLE_DEPTH_M, POROSITY, PERMEABILITY, WATER_SAT, FORMATION) VALUES ('WELL00000000005-BH2', 1680, 0.2184, 334.6555, 0.4424, 'Sanchore');
INSERT INTO welldata.PETROPHYSICS (UBHI, SAMPLE_DEPTH_M, POROSITY, PERMEABILITY, WATER_SAT, FORMATION) VALUES ('WELL00000000005-BH2', 1700, 0.072, 364.5544, 0.3335, 'Rajahmundry');
INSERT INTO welldata.PETROPHYSICS (UBHI, SAMPLE_DEPTH_M, POROSITY, PERMEABILITY, WATER_SAT, FORMATION) VALUES ('WELL00000000005-BH2', 1720, 0.1509, 146.3275, 0.7017, 'Bengal');
INSERT INTO welldata.PETROPHYSICS (UBHI, SAMPLE_DEPTH_M, POROSITY, PERMEABILITY, WATER_SAT, FORMATION) VALUES ('WELL00000000005-BH2', 1740, 0.1393, 141.5969, 0.5294, 'Bengal');
INSERT INTO welldata.PETROPHYSICS (UBHI, SAMPLE_DEPTH_M, POROSITY, PERMEABILITY, WATER_SAT, FORMATION) VALUES ('WELL00000000005-BH2', 1760, 0.1441, 77.8623, 0.544, 'Rajahmundry');
INSERT INTO welldata.PETROPHYSICS (UBHI, SAMPLE_DEPTH_M, POROSITY, PERMEABILITY, WATER_SAT, FORMATION) VALUES ('WELL00000000005-BH2', 1780, 0.1256, 214.0314, 0.6038, 'Rajahmundry');
INSERT INTO welldata.PETROPHYSICS (UBHI, SAMPLE_DEPTH_M, POROSITY, PERMEABILITY, WATER_SAT, FORMATION) VALUES ('WELL00000000005-BH2', 1800, 0.2092, 234.6032, 0.4825, 'Rajahmundry');
INSERT INTO welldata.PETROPHYSICS (UBHI, SAMPLE_DEPTH_M, POROSITY, PERMEABILITY, WATER_SAT, FORMATION) VALUES ('WELL00000000005-BH2', 1820, 0.0928, 194.3008, 0.4852, 'Bengal');
INSERT INTO welldata.PETROPHYSICS (UBHI, SAMPLE_DEPTH_M, POROSITY, PERMEABILITY, WATER_SAT, FORMATION) VALUES ('WELL00000000005-BH2', 1840, 0.1316, 50.3326, 0.5964, 'Barmer');
INSERT INTO welldata.PETROPHYSICS (UBHI, SAMPLE_DEPTH_M, POROSITY, PERMEABILITY, WATER_SAT, FORMATION) VALUES ('WELL00000000005-BH2', 1860, 0.2071, 366.9588, 0.6535, 'Rajahmundry');
INSERT INTO welldata.PETROPHYSICS (UBHI, SAMPLE_DEPTH_M, POROSITY, PERMEABILITY, WATER_SAT, FORMATION) VALUES ('WELL00000000005-BH2', 1880, 0.2529, 408.4016, 0.183, 'Rajahmundry');
INSERT INTO welldata.PETROPHYSICS (UBHI, SAMPLE_DEPTH_M, POROSITY, PERMEABILITY, WATER_SAT, FORMATION) VALUES ('WELL00000000005-BH2', 1900, 0.2011, 409.6186, 0.3239, 'Barmer');
INSERT INTO welldata.PETROPHYSICS (UBHI, SAMPLE_DEPTH_M, POROSITY, PERMEABILITY, WATER_SAT, FORMATION) VALUES ('WELL00000000005-BH2', 1920, 0.2098, 309.7733, 0.187, 'Rajahmundry');
INSERT INTO welldata.PETROPHYSICS (UBHI, SAMPLE_DEPTH_M, POROSITY, PERMEABILITY, WATER_SAT, FORMATION) VALUES ('WELL00000000005-BH2', 1940, 0.2353, 429.4293, 0.2557, 'Sanchore');
INSERT INTO welldata.PETROPHYSICS (UBHI, SAMPLE_DEPTH_M, POROSITY, PERMEABILITY, WATER_SAT, FORMATION) VALUES ('WELL00000000005-BH2', 1960, 0.2506, 271.0061, 0.7228, 'Rajahmundry');
INSERT INTO welldata.PETROPHYSICS (UBHI, SAMPLE_DEPTH_M, POROSITY, PERMEABILITY, WATER_SAT, FORMATION) VALUES ('WELL00000000005-BH2', 1980, 0.2636, 1.4107, 0.4519, 'Rajahmundry');
INSERT INTO welldata.PETROPHYSICS (UBHI, SAMPLE_DEPTH_M, POROSITY, PERMEABILITY, WATER_SAT, FORMATION) VALUES ('WELL00000000005-BH2', 2000, 0.2306, 370.5851, 0.2926, 'Barmer');
INSERT INTO welldata.PETROPHYSICS (UBHI, SAMPLE_DEPTH_M, POROSITY, PERMEABILITY, WATER_SAT, FORMATION) VALUES ('WELL00000000005-BH2', 2020, 0.1084, 21.9089, 0.6328, 'Rajahmundry');
INSERT INTO welldata.PETROPHYSICS (UBHI, SAMPLE_DEPTH_M, POROSITY, PERMEABILITY, WATER_SAT, FORMATION) VALUES ('WELL00000000005-BH2', 2040, 0.0675, 51.3305, 0.7435, 'Rajahmundry');
INSERT INTO welldata.PETROPHYSICS (UBHI, SAMPLE_DEPTH_M, POROSITY, PERMEABILITY, WATER_SAT, FORMATION) VALUES ('WELL00000000005-BH2', 2060, 0.0509, 246.3653, 0.5081, 'Rajahmundry');
INSERT INTO welldata.PETROPHYSICS (UBHI, SAMPLE_DEPTH_M, POROSITY, PERMEABILITY, WATER_SAT, FORMATION) VALUES ('WELL00000000005-BH2', 2080, 0.064, 153.3472, 0.241, 'Barmer');
INSERT INTO welldata.PETROPHYSICS (UBHI, SAMPLE_DEPTH_M, POROSITY, PERMEABILITY, WATER_SAT, FORMATION) VALUES ('WELL00000000005-BH2', 2100, 0.0636, 23.798, 0.1799, 'Rajahmundry');
INSERT INTO welldata.PETROPHYSICS (UBHI, SAMPLE_DEPTH_M, POROSITY, PERMEABILITY, WATER_SAT, FORMATION) VALUES ('WELL00000000005-BH2', 2120, 0.1905, 251.5045, 0.5977, 'Sanchore');
INSERT INTO welldata.PETROPHYSICS (UBHI, SAMPLE_DEPTH_M, POROSITY, PERMEABILITY, WATER_SAT, FORMATION) VALUES ('WELL00000000005-BH2', 2140, 0.2259, 345.5337, 0.5183, 'Barmer');
INSERT INTO welldata.PETROPHYSICS (UBHI, SAMPLE_DEPTH_M, POROSITY, PERMEABILITY, WATER_SAT, FORMATION) VALUES ('WELL00000000005-BH2', 2160, 0.2188, 305.6571, 0.5206, 'Bengal');
INSERT INTO welldata.PETROPHYSICS (UBHI, SAMPLE_DEPTH_M, POROSITY, PERMEABILITY, WATER_SAT, FORMATION) VALUES ('WELL00000000005-BH2', 2180, 0.1853, 186.7322, 0.3462, 'Barmer');
INSERT INTO welldata.PETROPHYSICS (UBHI, SAMPLE_DEPTH_M, POROSITY, PERMEABILITY, WATER_SAT, FORMATION) VALUES ('WELL00000000005-BH2', 2200, 0.0404, 328.3672, 0.7425, 'Bengal');
INSERT INTO welldata.PETROPHYSICS (UBHI, SAMPLE_DEPTH_M, POROSITY, PERMEABILITY, WATER_SAT, FORMATION) VALUES ('WELL00000000005-BH2', 2220, 0.0641, 366.7779, 0.2275, 'Sanchore');
INSERT INTO welldata.PETROPHYSICS (UBHI, SAMPLE_DEPTH_M, POROSITY, PERMEABILITY, WATER_SAT, FORMATION) VALUES ('WELL00000000005-BH2', 2240, 0.1807, 178.4478, 0.7055, 'Rajahmundry');
INSERT INTO welldata.PETROPHYSICS (UBHI, SAMPLE_DEPTH_M, POROSITY, PERMEABILITY, WATER_SAT, FORMATION) VALUES ('WELL00000000005-BH2', 2260, 0.2406, 98.1558, 0.3301, 'Sanchore');
INSERT INTO welldata.PETROPHYSICS (UBHI, SAMPLE_DEPTH_M, POROSITY, PERMEABILITY, WATER_SAT, FORMATION) VALUES ('WELL00000000005-BH2', 2280, 0.2666, 334.5115, 0.253, 'Barmer');
INSERT INTO welldata.PETROPHYSICS (UBHI, SAMPLE_DEPTH_M, POROSITY, PERMEABILITY, WATER_SAT, FORMATION) VALUES ('WELL00000000005-BH2', 2300, 0.1461, 427.3124, 0.5042, 'Rajahmundry');
INSERT INTO welldata.PETROPHYSICS (UBHI, SAMPLE_DEPTH_M, POROSITY, PERMEABILITY, WATER_SAT, FORMATION) VALUES ('WELL00000000005-BH2', 2320, 0.1334, 331.2479, 0.517, 'Barmer');
INSERT INTO welldata.PETROPHYSICS (UBHI, SAMPLE_DEPTH_M, POROSITY, PERMEABILITY, WATER_SAT, FORMATION) VALUES ('WELL00000000005-BH2', 2340, 0.0962, 320.2858, 0.3829, 'Rajahmundry');
INSERT INTO welldata.PETROPHYSICS (UBHI, SAMPLE_DEPTH_M, POROSITY, PERMEABILITY, WATER_SAT, FORMATION) VALUES ('WELL00000000005-BH2', 2360, 0.187, 250.2886, 0.386, 'Rajahmundry');
INSERT INTO welldata.PETROPHYSICS (UBHI, SAMPLE_DEPTH_M, POROSITY, PERMEABILITY, WATER_SAT, FORMATION) VALUES ('WELL00000000005-BH2', 2380, 0.148, 129.8052, 0.3021, 'Barmer');
INSERT INTO welldata.PETROPHYSICS (UBHI, SAMPLE_DEPTH_M, POROSITY, PERMEABILITY, WATER_SAT, FORMATION) VALUES ('WELL00000000005-BH2', 2400, 0.1233, 387.4065, 0.1622, 'Rajahmundry');
INSERT INTO welldata.PETROPHYSICS (UBHI, SAMPLE_DEPTH_M, POROSITY, PERMEABILITY, WATER_SAT, FORMATION) VALUES ('WELL00000000005-BH2', 2420, 0.053, 120.0257, 0.3854, 'Bengal');
INSERT INTO welldata.PETROPHYSICS (UBHI, SAMPLE_DEPTH_M, POROSITY, PERMEABILITY, WATER_SAT, FORMATION) VALUES ('WELL00000000005-BH2', 2440, 0.1163, 134.1832, 0.6734, 'Rajahmundry');
INSERT INTO welldata.PETROPHYSICS (UBHI, SAMPLE_DEPTH_M, POROSITY, PERMEABILITY, WATER_SAT, FORMATION) VALUES ('WELL00000000005-BH2', 2460, 0.1044, 97.353, 0.5356, 'Sanchore');
INSERT INTO welldata.PETROPHYSICS (UBHI, SAMPLE_DEPTH_M, POROSITY, PERMEABILITY, WATER_SAT, FORMATION) VALUES ('WELL00000000005-BH2', 2480, 0.1544, 53.7516, 0.5125, 'Barmer');
INSERT INTO welldata.PETROPHYSICS (UBHI, SAMPLE_DEPTH_M, POROSITY, PERMEABILITY, WATER_SAT, FORMATION) VALUES ('WELL00000000005-BH2', 2500, 0.102, 97.5916, 0.5594, 'Barmer');
INSERT INTO welldata.PETROPHYSICS (UBHI, SAMPLE_DEPTH_M, POROSITY, PERMEABILITY, WATER_SAT, FORMATION) VALUES ('WELL00000000005-BH2', 2520, 0.0414, 31.1178, 0.425, 'Barmer');
INSERT INTO welldata.PETROPHYSICS (UBHI, SAMPLE_DEPTH_M, POROSITY, PERMEABILITY, WATER_SAT, FORMATION) VALUES ('WELL00000000005-BH2', 2540, 0.237, 61.5531, 0.1972, 'Bengal');
INSERT INTO welldata.PETROPHYSICS (UBHI, SAMPLE_DEPTH_M, POROSITY, PERMEABILITY, WATER_SAT, FORMATION) VALUES ('WELL00000000005-BH2', 2560, 0.1375, 236.1801, 0.448, 'Bengal');
INSERT INTO welldata.PETROPHYSICS (UBHI, SAMPLE_DEPTH_M, POROSITY, PERMEABILITY, WATER_SAT, FORMATION) VALUES ('WELL00000000005-BH2', 2580, 0.2221, 415.4989, 0.6304, 'Rajahmundry');
INSERT INTO welldata.PETROPHYSICS (UBHI, SAMPLE_DEPTH_M, POROSITY, PERMEABILITY, WATER_SAT, FORMATION) VALUES ('WELL00000000005-BH2', 2600, 0.123, 79.2404, 0.594, 'Rajahmundry');
INSERT INTO welldata.PETROPHYSICS (UBHI, SAMPLE_DEPTH_M, POROSITY, PERMEABILITY, WATER_SAT, FORMATION) VALUES ('WELL00000000005-BH2', 2620, 0.0916, 63.2223, 0.6969, 'Bengal');
INSERT INTO welldata.PETROPHYSICS (UBHI, SAMPLE_DEPTH_M, POROSITY, PERMEABILITY, WATER_SAT, FORMATION) VALUES ('WELL00000000005-BH2', 2640, 0.0979, 442.8866, 0.4583, 'Sanchore');
INSERT INTO welldata.PETROPHYSICS (UBHI, SAMPLE_DEPTH_M, POROSITY, PERMEABILITY, WATER_SAT, FORMATION) VALUES ('WELL00000000005-BH2', 2660, 0.2722, 389.6956, 0.5329, 'Barmer');
INSERT INTO welldata.PETROPHYSICS (UBHI, SAMPLE_DEPTH_M, POROSITY, PERMEABILITY, WATER_SAT, FORMATION) VALUES ('WELL00000000005-BH2', 2680, 0.1521, 326.926, 0.5426, 'Bengal');
INSERT INTO welldata.PETROPHYSICS (UBHI, SAMPLE_DEPTH_M, POROSITY, PERMEABILITY, WATER_SAT, FORMATION) VALUES ('WELL00000000005-BH2', 2700, 0.2731, 52.9627, 0.2317, 'Rajahmundry');
INSERT INTO welldata.PETROPHYSICS (UBHI, SAMPLE_DEPTH_M, POROSITY, PERMEABILITY, WATER_SAT, FORMATION) VALUES ('WELL00000000005-BH2', 2720, 0.2068, 127.6194, 0.5497, 'Rajahmundry');
INSERT INTO welldata.PETROPHYSICS (UBHI, SAMPLE_DEPTH_M, POROSITY, PERMEABILITY, WATER_SAT, FORMATION) VALUES ('WELL00000000005-BH2', 2740, 0.1056, 397.049, 0.6244, 'Barmer');
INSERT INTO welldata.PETROPHYSICS (UBHI, SAMPLE_DEPTH_M, POROSITY, PERMEABILITY, WATER_SAT, FORMATION) VALUES ('WELL00000000005-BH2', 2760, 0.1793, 91.4979, 0.6706, 'Barmer');
INSERT INTO welldata.PETROPHYSICS (UBHI, SAMPLE_DEPTH_M, POROSITY, PERMEABILITY, WATER_SAT, FORMATION) VALUES ('WELL00000000005-BH2', 2780, 0.0727, 342.9315, 0.4906, 'Sanchore');
INSERT INTO welldata.PETROPHYSICS (UBHI, SAMPLE_DEPTH_M, POROSITY, PERMEABILITY, WATER_SAT, FORMATION) VALUES ('WELL00000000005-BH2', 2800, 0.0463, 33.4176, 0.3937, 'Bengal');
INSERT INTO welldata.PETROPHYSICS (UBHI, SAMPLE_DEPTH_M, POROSITY, PERMEABILITY, WATER_SAT, FORMATION) VALUES ('WELL00000000005-BH2', 2820, 0.1957, 108.0119, 0.4543, 'Barmer');
INSERT INTO welldata.PETROPHYSICS (UBHI, SAMPLE_DEPTH_M, POROSITY, PERMEABILITY, WATER_SAT, FORMATION) VALUES ('WELL00000000005-BH2', 2840, 0.1213, 325.9111, 0.2467, 'Bengal');
INSERT INTO welldata.PETROPHYSICS (UBHI, SAMPLE_DEPTH_M, POROSITY, PERMEABILITY, WATER_SAT, FORMATION) VALUES ('WELL00000000005-BH2', 2860, 0.1726, 6.3952, 0.2372, 'Bengal');
INSERT INTO welldata.PETROPHYSICS (UBHI, SAMPLE_DEPTH_M, POROSITY, PERMEABILITY, WATER_SAT, FORMATION) VALUES ('WELL00000000005-BH2', 2880, 0.0885, 53.5829, 0.5303, 'Barmer');
INSERT INTO welldata.PETROPHYSICS (UBHI, SAMPLE_DEPTH_M, POROSITY, PERMEABILITY, WATER_SAT, FORMATION) VALUES ('WELL00000000005-BH2', 2900, 0.0921, 188.3977, 0.6349, 'Barmer');
INSERT INTO welldata.PETROPHYSICS (UBHI, SAMPLE_DEPTH_M, POROSITY, PERMEABILITY, WATER_SAT, FORMATION) VALUES ('WELL00000000005-BH2', 2920, 0.1498, 421.1366, 0.2948, 'Barmer');
INSERT INTO welldata.PETROPHYSICS (UBHI, SAMPLE_DEPTH_M, POROSITY, PERMEABILITY, WATER_SAT, FORMATION) VALUES ('WELL00000000005-BH2', 2940, 0.0462, 156.6813, 0.3137, 'Barmer');
INSERT INTO welldata.PETROPHYSICS (UBHI, SAMPLE_DEPTH_M, POROSITY, PERMEABILITY, WATER_SAT, FORMATION) VALUES ('WELL00000000005-BH2', 2960, 0.1825, 56.654, 0.2439, 'Bengal');
INSERT INTO welldata.PETROPHYSICS (UBHI, SAMPLE_DEPTH_M, POROSITY, PERMEABILITY, WATER_SAT, FORMATION) VALUES ('WELL00000000005-BH2', 2980, 0.2207, 445.0216, 0.3528, 'Sanchore');
INSERT INTO welldata.PETROPHYSICS (UBHI, SAMPLE_DEPTH_M, POROSITY, PERMEABILITY, WATER_SAT, FORMATION) VALUES ('WELL00000000005-BH2', 3000, 0.1388, 208.5944, 0.2929, 'Rajahmundry');
INSERT INTO welldata.PRODUCTION (UWI, PROD_DATE, OIL_BBL, GAS_MCF, WATER_BBL, HOURS_ON) VALUES ('WELL00000000005', TO_DATE('2015-01-01','YYYY-MM-DD'), 2755.37, 2267.43, 243.71, 469.06);
INSERT INTO welldata.PRODUCTION (UWI, PROD_DATE, OIL_BBL, GAS_MCF, WATER_BBL, HOURS_ON) VALUES ('WELL00000000005', TO_DATE('2015-02-01','YYYY-MM-DD'), 424.11, 6216.86, 948.49, 400.89);
INSERT INTO welldata.PRODUCTION (UWI, PROD_DATE, OIL_BBL, GAS_MCF, WATER_BBL, HOURS_ON) VALUES ('WELL00000000005', TO_DATE('2015-03-01','YYYY-MM-DD'), 1994.57, 148.98, 1160.46, 419.43);
INSERT INTO welldata.PRODUCTION (UWI, PROD_DATE, OIL_BBL, GAS_MCF, WATER_BBL, HOURS_ON) VALUES ('WELL00000000005', TO_DATE('2015-04-01','YYYY-MM-DD'), 1720.72, 12469.15, 949.91, 462.96);
INSERT INTO welldata.PRODUCTION (UWI, PROD_DATE, OIL_BBL, GAS_MCF, WATER_BBL, HOURS_ON) VALUES ('WELL00000000005', TO_DATE('2015-05-01','YYYY-MM-DD'), 1419.39, 852.16, 1133.4, 533.58);
INSERT INTO welldata.PRODUCTION (UWI, PROD_DATE, OIL_BBL, GAS_MCF, WATER_BBL, HOURS_ON) VALUES ('WELL00000000005', TO_DATE('2015-06-01','YYYY-MM-DD'), 2730.83, 2671.82, 670.31, 303.15);
INSERT INTO welldata.PRODUCTION (UWI, PROD_DATE, OIL_BBL, GAS_MCF, WATER_BBL, HOURS_ON) VALUES ('WELL00000000005', TO_DATE('2015-07-01','YYYY-MM-DD'), 946.66, 379.72, 721.74, 336.3);
INSERT INTO welldata.PRODUCTION (UWI, PROD_DATE, OIL_BBL, GAS_MCF, WATER_BBL, HOURS_ON) VALUES ('WELL00000000005', TO_DATE('2015-08-01','YYYY-MM-DD'), 1475.47, 1489.74, 733.24, 456.47);
INSERT INTO welldata.PRODUCTION (UWI, PROD_DATE, OIL_BBL, GAS_MCF, WATER_BBL, HOURS_ON) VALUES ('WELL00000000005', TO_DATE('2015-09-01','YYYY-MM-DD'), 1399.33, 6444.32, 1091.86, 570.38);
INSERT INTO welldata.PRODUCTION (UWI, PROD_DATE, OIL_BBL, GAS_MCF, WATER_BBL, HOURS_ON) VALUES ('WELL00000000005', TO_DATE('2015-10-01','YYYY-MM-DD'), 1020.2, 10836.86, 222.01, 277.44);
INSERT INTO welldata.PRODUCTION (UWI, PROD_DATE, OIL_BBL, GAS_MCF, WATER_BBL, HOURS_ON) VALUES ('WELL00000000005', TO_DATE('2015-11-01','YYYY-MM-DD'), 1045.08, 13033.01, 146.37, 443.94);
INSERT INTO welldata.PRODUCTION (UWI, PROD_DATE, OIL_BBL, GAS_MCF, WATER_BBL, HOURS_ON) VALUES ('WELL00000000005', TO_DATE('2015-12-01','YYYY-MM-DD'), 2158.84, 6703.64, 531.68, 658.55);
INSERT INTO welldata.PRODUCTION (UWI, PROD_DATE, OIL_BBL, GAS_MCF, WATER_BBL, HOURS_ON) VALUES ('WELL00000000005', TO_DATE('2016-01-01','YYYY-MM-DD'), 1480.02, 14467.55, 595.95, 188.58);
INSERT INTO welldata.PRODUCTION (UWI, PROD_DATE, OIL_BBL, GAS_MCF, WATER_BBL, HOURS_ON) VALUES ('WELL00000000005', TO_DATE('2016-02-01','YYYY-MM-DD'), 2105.8, 431.27, 1263.42, 277.06);
INSERT INTO welldata.PRODUCTION (UWI, PROD_DATE, OIL_BBL, GAS_MCF, WATER_BBL, HOURS_ON) VALUES ('WELL00000000005', TO_DATE('2016-03-01','YYYY-MM-DD'), 170.8, 11356.96, 1054.94, 382.42);
INSERT INTO welldata.PRODUCTION (UWI, PROD_DATE, OIL_BBL, GAS_MCF, WATER_BBL, HOURS_ON) VALUES ('WELL00000000005', TO_DATE('2016-04-01','YYYY-MM-DD'), 1264.62, 4832.09, 765.79, 249.95);
INSERT INTO welldata.PRODUCTION (UWI, PROD_DATE, OIL_BBL, GAS_MCF, WATER_BBL, HOURS_ON) VALUES ('WELL00000000005', TO_DATE('2016-05-01','YYYY-MM-DD'), 1818.59, 8739.17, 1415.11, 134.55);
INSERT INTO welldata.PRODUCTION (UWI, PROD_DATE, OIL_BBL, GAS_MCF, WATER_BBL, HOURS_ON) VALUES ('WELL00000000005', TO_DATE('2016-06-01','YYYY-MM-DD'), 1923.38, 7635.64, 1012.59, 258.3);
INSERT INTO welldata.PRODUCTION (UWI, PROD_DATE, OIL_BBL, GAS_MCF, WATER_BBL, HOURS_ON) VALUES ('WELL00000000005', TO_DATE('2016-07-01','YYYY-MM-DD'), 675.09, 2076.99, 301.3, 459.43);
INSERT INTO welldata.PRODUCTION (UWI, PROD_DATE, OIL_BBL, GAS_MCF, WATER_BBL, HOURS_ON) VALUES ('WELL00000000005', TO_DATE('2016-08-01','YYYY-MM-DD'), 160.06, 1294.84, 1434.48, 123.03);
INSERT INTO welldata.PRODUCTION (UWI, PROD_DATE, OIL_BBL, GAS_MCF, WATER_BBL, HOURS_ON) VALUES ('WELL00000000005', TO_DATE('2016-09-01','YYYY-MM-DD'), 971.04, 708.52, 667.34, 633.75);
INSERT INTO welldata.PRODUCTION (UWI, PROD_DATE, OIL_BBL, GAS_MCF, WATER_BBL, HOURS_ON) VALUES ('WELL00000000005', TO_DATE('2016-10-01','YYYY-MM-DD'), 2707.17, 7421.16, 1034.17, 427.43);
INSERT INTO welldata.PRODUCTION (UWI, PROD_DATE, OIL_BBL, GAS_MCF, WATER_BBL, HOURS_ON) VALUES ('WELL00000000005', TO_DATE('2016-11-01','YYYY-MM-DD'), 1807.85, 7796.09, 1371.97, 643.76);
INSERT INTO welldata.PRODUCTION (UWI, PROD_DATE, OIL_BBL, GAS_MCF, WATER_BBL, HOURS_ON) VALUES ('WELL00000000005', TO_DATE('2016-12-01','YYYY-MM-DD'), 2527.83, 4676.87, 1144.79, 480.54);
INSERT INTO welldata.PRODUCTION (UWI, PROD_DATE, OIL_BBL, GAS_MCF, WATER_BBL, HOURS_ON) VALUES ('WELL00000000005', TO_DATE('2017-01-01','YYYY-MM-DD'), 2648.53, 13063.77, 161.53, 316.9);
INSERT INTO welldata.PRODUCTION (UWI, PROD_DATE, OIL_BBL, GAS_MCF, WATER_BBL, HOURS_ON) VALUES ('WELL00000000005', TO_DATE('2017-02-01','YYYY-MM-DD'), 2546.47, 6383.9, 356.83, 216.19);
INSERT INTO welldata.PRODUCTION (UWI, PROD_DATE, OIL_BBL, GAS_MCF, WATER_BBL, HOURS_ON) VALUES ('WELL00000000005', TO_DATE('2017-03-01','YYYY-MM-DD'), 2325.59, 13040.76, 824.73, 392.65);
INSERT INTO welldata.PRODUCTION (UWI, PROD_DATE, OIL_BBL, GAS_MCF, WATER_BBL, HOURS_ON) VALUES ('WELL00000000005', TO_DATE('2017-04-01','YYYY-MM-DD'), 2521.84, 3668.3, 1307.27, 490.6);
INSERT INTO welldata.PRODUCTION (UWI, PROD_DATE, OIL_BBL, GAS_MCF, WATER_BBL, HOURS_ON) VALUES ('WELL00000000005', TO_DATE('2017-05-01','YYYY-MM-DD'), 2964.6, 6507.92, 1010.87, 654.84);
INSERT INTO welldata.PRODUCTION (UWI, PROD_DATE, OIL_BBL, GAS_MCF, WATER_BBL, HOURS_ON) VALUES ('WELL00000000005', TO_DATE('2017-06-01','YYYY-MM-DD'), 2832.22, 6588.09, 392.89, 488.57);
INSERT INTO welldata.PRODUCTION (UWI, PROD_DATE, OIL_BBL, GAS_MCF, WATER_BBL, HOURS_ON) VALUES ('WELL00000000005', TO_DATE('2017-07-01','YYYY-MM-DD'), 945.95, 13846.27, 1205.4, 551.31);
INSERT INTO welldata.PRODUCTION (UWI, PROD_DATE, OIL_BBL, GAS_MCF, WATER_BBL, HOURS_ON) VALUES ('WELL00000000005', TO_DATE('2017-08-01','YYYY-MM-DD'), 1754.73, 1697.34, 1417.84, 179.58);
INSERT INTO welldata.PRODUCTION (UWI, PROD_DATE, OIL_BBL, GAS_MCF, WATER_BBL, HOURS_ON) VALUES ('WELL00000000005', TO_DATE('2017-09-01','YYYY-MM-DD'), 505.69, 12239.91, 1001.71, 433.07);
INSERT INTO welldata.PRODUCTION (UWI, PROD_DATE, OIL_BBL, GAS_MCF, WATER_BBL, HOURS_ON) VALUES ('WELL00000000005', TO_DATE('2017-10-01','YYYY-MM-DD'), 2163.44, 2782.63, 1422.01, 389.85);
INSERT INTO welldata.PRODUCTION (UWI, PROD_DATE, OIL_BBL, GAS_MCF, WATER_BBL, HOURS_ON) VALUES ('WELL00000000005', TO_DATE('2017-11-01','YYYY-MM-DD'), 1249.95, 14213.1, 168.57, 443.3);
INSERT INTO welldata.PRODUCTION (UWI, PROD_DATE, OIL_BBL, GAS_MCF, WATER_BBL, HOURS_ON) VALUES ('WELL00000000005', TO_DATE('2017-12-01','YYYY-MM-DD'), 1932.21, 11557.94, 839.18, 337.59);
INSERT INTO welldata.PRODUCTION (UWI, PROD_DATE, OIL_BBL, GAS_MCF, WATER_BBL, HOURS_ON) VALUES ('WELL00000000005', TO_DATE('2018-01-01','YYYY-MM-DD'), 935.25, 7151.06, 1107.43, 398.99);
INSERT INTO welldata.PRODUCTION (UWI, PROD_DATE, OIL_BBL, GAS_MCF, WATER_BBL, HOURS_ON) VALUES ('WELL00000000005', TO_DATE('2018-02-01','YYYY-MM-DD'), 824.89, 11381.95, 507.82, 662.5);
INSERT INTO welldata.PRODUCTION (UWI, PROD_DATE, OIL_BBL, GAS_MCF, WATER_BBL, HOURS_ON) VALUES ('WELL00000000005', TO_DATE('2018-03-01','YYYY-MM-DD'), 1590.91, 8395.29, 468.58, 189.07);
INSERT INTO welldata.PRODUCTION (UWI, PROD_DATE, OIL_BBL, GAS_MCF, WATER_BBL, HOURS_ON) VALUES ('WELL00000000005', TO_DATE('2018-04-01','YYYY-MM-DD'), 184.33, 5846.58, 1299.99, 402.94);
INSERT INTO welldata.PRODUCTION (UWI, PROD_DATE, OIL_BBL, GAS_MCF, WATER_BBL, HOURS_ON) VALUES ('WELL00000000005', TO_DATE('2018-05-01','YYYY-MM-DD'), 2441.4, 1940.91, 1455.16, 320.46);
INSERT INTO welldata.PRODUCTION (UWI, PROD_DATE, OIL_BBL, GAS_MCF, WATER_BBL, HOURS_ON) VALUES ('WELL00000000005', TO_DATE('2018-06-01','YYYY-MM-DD'), 1187.29, 5586.3, 746.01, 159.67);
INSERT INTO welldata.PRODUCTION (UWI, PROD_DATE, OIL_BBL, GAS_MCF, WATER_BBL, HOURS_ON) VALUES ('WELL00000000005', TO_DATE('2018-07-01','YYYY-MM-DD'), 1386.01, 14752.02, 1158.51, 518.37);
INSERT INTO welldata.PRODUCTION (UWI, PROD_DATE, OIL_BBL, GAS_MCF, WATER_BBL, HOURS_ON) VALUES ('WELL00000000005', TO_DATE('2018-08-01','YYYY-MM-DD'), 2532.97, 13985.58, 1133.84, 599.46);
INSERT INTO welldata.PRODUCTION (UWI, PROD_DATE, OIL_BBL, GAS_MCF, WATER_BBL, HOURS_ON) VALUES ('WELL00000000005', TO_DATE('2018-09-01','YYYY-MM-DD'), 2563.72, 11460.59, 706.41, 700.9);
INSERT INTO welldata.PRODUCTION (UWI, PROD_DATE, OIL_BBL, GAS_MCF, WATER_BBL, HOURS_ON) VALUES ('WELL00000000005', TO_DATE('2018-10-01','YYYY-MM-DD'), 2745.65, 4383.18, 1287.23, 187.15);
INSERT INTO welldata.PRODUCTION (UWI, PROD_DATE, OIL_BBL, GAS_MCF, WATER_BBL, HOURS_ON) VALUES ('WELL00000000005', TO_DATE('2018-11-01','YYYY-MM-DD'), 509.51, 892.96, 57.05, 177.04);
INSERT INTO welldata.PRODUCTION (UWI, PROD_DATE, OIL_BBL, GAS_MCF, WATER_BBL, HOURS_ON) VALUES ('WELL00000000005', TO_DATE('2018-12-01','YYYY-MM-DD'), 2087.78, 1643.68, 1328.4, 595.85);
INSERT INTO welldata.PRODUCTION (UWI, PROD_DATE, OIL_BBL, GAS_MCF, WATER_BBL, HOURS_ON) VALUES ('WELL00000000005', TO_DATE('2019-01-01','YYYY-MM-DD'), 818.18, 348.89, 942.57, 611.43);
INSERT INTO welldata.PRODUCTION (UWI, PROD_DATE, OIL_BBL, GAS_MCF, WATER_BBL, HOURS_ON) VALUES ('WELL00000000005', TO_DATE('2019-02-01','YYYY-MM-DD'), 1525.85, 4420.69, 1370.95, 560.25);
INSERT INTO welldata.PRODUCTION (UWI, PROD_DATE, OIL_BBL, GAS_MCF, WATER_BBL, HOURS_ON) VALUES ('WELL00000000005', TO_DATE('2019-03-01','YYYY-MM-DD'), 1410.74, 2865.24, 1111.76, 497.56);
INSERT INTO welldata.PRODUCTION (UWI, PROD_DATE, OIL_BBL, GAS_MCF, WATER_BBL, HOURS_ON) VALUES ('WELL00000000005', TO_DATE('2019-04-01','YYYY-MM-DD'), 644.56, 14795.6, 605.62, 392.85);
INSERT INTO welldata.PRODUCTION (UWI, PROD_DATE, OIL_BBL, GAS_MCF, WATER_BBL, HOURS_ON) VALUES ('WELL00000000005', TO_DATE('2019-05-01','YYYY-MM-DD'), 2981.88, 10206.91, 122.3, 197.31);
INSERT INTO welldata.PRODUCTION (UWI, PROD_DATE, OIL_BBL, GAS_MCF, WATER_BBL, HOURS_ON) VALUES ('WELL00000000005', TO_DATE('2019-06-01','YYYY-MM-DD'), 2755.99, 14578.9, 68.25, 233.8);
INSERT INTO welldata.PRODUCTION (UWI, PROD_DATE, OIL_BBL, GAS_MCF, WATER_BBL, HOURS_ON) VALUES ('WELL00000000005', TO_DATE('2019-07-01','YYYY-MM-DD'), 1874.79, 2739.55, 851.99, 217.25);
INSERT INTO welldata.PRODUCTION (UWI, PROD_DATE, OIL_BBL, GAS_MCF, WATER_BBL, HOURS_ON) VALUES ('WELL00000000005', TO_DATE('2019-08-01','YYYY-MM-DD'), 512.89, 12719.71, 1044.31, 209.08);
INSERT INTO welldata.PRODUCTION (UWI, PROD_DATE, OIL_BBL, GAS_MCF, WATER_BBL, HOURS_ON) VALUES ('WELL00000000005', TO_DATE('2019-09-01','YYYY-MM-DD'), 2800.58, 3595.11, 450.83, 524.78);
INSERT INTO welldata.PRODUCTION (UWI, PROD_DATE, OIL_BBL, GAS_MCF, WATER_BBL, HOURS_ON) VALUES ('WELL00000000005', TO_DATE('2019-10-01','YYYY-MM-DD'), 1830.07, 2670.1, 677.98, 517.31);
INSERT INTO welldata.PRODUCTION (UWI, PROD_DATE, OIL_BBL, GAS_MCF, WATER_BBL, HOURS_ON) VALUES ('WELL00000000005', TO_DATE('2019-11-01','YYYY-MM-DD'), 1571.14, 3347.65, 840.21, 400.42);
INSERT INTO welldata.PRODUCTION (UWI, PROD_DATE, OIL_BBL, GAS_MCF, WATER_BBL, HOURS_ON) VALUES ('WELL00000000005', TO_DATE('2019-12-01','YYYY-MM-DD'), 355.65, 8259.8, 180.34, 274.39);
INSERT INTO welldata.PRODUCTION (UWI, PROD_DATE, OIL_BBL, GAS_MCF, WATER_BBL, HOURS_ON) VALUES ('WELL00000000005', TO_DATE('2020-01-01','YYYY-MM-DD'), 2846.37, 487.45, 829.88, 467.72);
INSERT INTO welldata.PRODUCTION (UWI, PROD_DATE, OIL_BBL, GAS_MCF, WATER_BBL, HOURS_ON) VALUES ('WELL00000000005', TO_DATE('2020-02-01','YYYY-MM-DD'), 2387.95, 10127.55, 440.1, 668.58);
INSERT INTO welldata.PRODUCTION (UWI, PROD_DATE, OIL_BBL, GAS_MCF, WATER_BBL, HOURS_ON) VALUES ('WELL00000000005', TO_DATE('2020-03-01','YYYY-MM-DD'), 1585.13, 589.31, 504.01, 123.02);
INSERT INTO welldata.PRODUCTION (UWI, PROD_DATE, OIL_BBL, GAS_MCF, WATER_BBL, HOURS_ON) VALUES ('WELL00000000005', TO_DATE('2020-04-01','YYYY-MM-DD'), 1405.86, 10192.53, 913.46, 249.35);
INSERT INTO welldata.PRODUCTION (UWI, PROD_DATE, OIL_BBL, GAS_MCF, WATER_BBL, HOURS_ON) VALUES ('WELL00000000005', TO_DATE('2020-05-01','YYYY-MM-DD'), 69.43, 14640.95, 314.75, 527.85);
INSERT INTO welldata.PRODUCTION (UWI, PROD_DATE, OIL_BBL, GAS_MCF, WATER_BBL, HOURS_ON) VALUES ('WELL00000000005', TO_DATE('2020-06-01','YYYY-MM-DD'), 1489.07, 9761.33, 561.18, 366.51);
INSERT INTO welldata.PRODUCTION (UWI, PROD_DATE, OIL_BBL, GAS_MCF, WATER_BBL, HOURS_ON) VALUES ('WELL00000000005', TO_DATE('2020-07-01','YYYY-MM-DD'), 2880.73, 11447.3, 256.1, 435.38);
INSERT INTO welldata.PRODUCTION (UWI, PROD_DATE, OIL_BBL, GAS_MCF, WATER_BBL, HOURS_ON) VALUES ('WELL00000000005', TO_DATE('2020-08-01','YYYY-MM-DD'), 2818.92, 12540.08, 706.76, 542.72);
INSERT INTO welldata.PRODUCTION (UWI, PROD_DATE, OIL_BBL, GAS_MCF, WATER_BBL, HOURS_ON) VALUES ('WELL00000000005', TO_DATE('2020-09-01','YYYY-MM-DD'), 392.38, 8358.08, 964.77, 131.86);
INSERT INTO welldata.PRODUCTION (UWI, PROD_DATE, OIL_BBL, GAS_MCF, WATER_BBL, HOURS_ON) VALUES ('WELL00000000005', TO_DATE('2020-10-01','YYYY-MM-DD'), 812.8, 5513.91, 967.08, 172.37);
INSERT INTO welldata.PRODUCTION (UWI, PROD_DATE, OIL_BBL, GAS_MCF, WATER_BBL, HOURS_ON) VALUES ('WELL00000000005', TO_DATE('2020-11-01','YYYY-MM-DD'), 1288.27, 5303.83, 722.18, 643.61);
INSERT INTO welldata.PRODUCTION (UWI, PROD_DATE, OIL_BBL, GAS_MCF, WATER_BBL, HOURS_ON) VALUES ('WELL00000000005', TO_DATE('2020-12-01','YYYY-MM-DD'), 802.88, 12273.28, 971.44, 404.22);
INSERT INTO welldata.PRODUCTION (UWI, PROD_DATE, OIL_BBL, GAS_MCF, WATER_BBL, HOURS_ON) VALUES ('WELL00000000005', TO_DATE('2021-01-01','YYYY-MM-DD'), 1491.91, 13571.9, 1396.83, 481.39);
INSERT INTO welldata.PRODUCTION (UWI, PROD_DATE, OIL_BBL, GAS_MCF, WATER_BBL, HOURS_ON) VALUES ('WELL00000000005', TO_DATE('2021-02-01','YYYY-MM-DD'), 1773.69, 12231.72, 1411.89, 661.88);
INSERT INTO welldata.PRODUCTION (UWI, PROD_DATE, OIL_BBL, GAS_MCF, WATER_BBL, HOURS_ON) VALUES ('WELL00000000005', TO_DATE('2021-03-01','YYYY-MM-DD'), 2981.29, 4497.97, 952.06, 350.98);
INSERT INTO welldata.PRODUCTION (UWI, PROD_DATE, OIL_BBL, GAS_MCF, WATER_BBL, HOURS_ON) VALUES ('WELL00000000005', TO_DATE('2021-04-01','YYYY-MM-DD'), 2957.66, 1513.39, 759.24, 606.83);
INSERT INTO welldata.PRODUCTION (UWI, PROD_DATE, OIL_BBL, GAS_MCF, WATER_BBL, HOURS_ON) VALUES ('WELL00000000005', TO_DATE('2021-05-01','YYYY-MM-DD'), 141.45, 4585.48, 1006.62, 719.02);
INSERT INTO welldata.PRODUCTION (UWI, PROD_DATE, OIL_BBL, GAS_MCF, WATER_BBL, HOURS_ON) VALUES ('WELL00000000005', TO_DATE('2021-06-01','YYYY-MM-DD'), 2188.24, 9593.22, 369.93, 336.12);
INSERT INTO welldata.PRODUCTION (UWI, PROD_DATE, OIL_BBL, GAS_MCF, WATER_BBL, HOURS_ON) VALUES ('WELL00000000005', TO_DATE('2021-07-01','YYYY-MM-DD'), 2858.86, 8568.36, 1034.71, 322.58);
INSERT INTO welldata.PRODUCTION (UWI, PROD_DATE, OIL_BBL, GAS_MCF, WATER_BBL, HOURS_ON) VALUES ('WELL00000000005', TO_DATE('2021-08-01','YYYY-MM-DD'), 1292.77, 927.6, 975.95, 456.29);
INSERT INTO welldata.PRODUCTION (UWI, PROD_DATE, OIL_BBL, GAS_MCF, WATER_BBL, HOURS_ON) VALUES ('WELL00000000005', TO_DATE('2021-09-01','YYYY-MM-DD'), 724.74, 8836.08, 601.44, 128.47);
INSERT INTO welldata.PRODUCTION (UWI, PROD_DATE, OIL_BBL, GAS_MCF, WATER_BBL, HOURS_ON) VALUES ('WELL00000000005', TO_DATE('2021-10-01','YYYY-MM-DD'), 2604.38, 3753.09, 784.58, 451.41);
INSERT INTO welldata.PRODUCTION (UWI, PROD_DATE, OIL_BBL, GAS_MCF, WATER_BBL, HOURS_ON) VALUES ('WELL00000000005', TO_DATE('2021-11-01','YYYY-MM-DD'), 2540.38, 7706.52, 972.04, 196.86);
INSERT INTO welldata.PRODUCTION (UWI, PROD_DATE, OIL_BBL, GAS_MCF, WATER_BBL, HOURS_ON) VALUES ('WELL00000000005', TO_DATE('2021-12-01','YYYY-MM-DD'), 1694.15, 5638.74, 1429.55, 199.76);
INSERT INTO welldata.PRODUCTION (UWI, PROD_DATE, OIL_BBL, GAS_MCF, WATER_BBL, HOURS_ON) VALUES ('WELL00000000005', TO_DATE('2022-01-01','YYYY-MM-DD'), 1321.54, 1736.93, 696.31, 378.33);
INSERT INTO welldata.PRODUCTION (UWI, PROD_DATE, OIL_BBL, GAS_MCF, WATER_BBL, HOURS_ON) VALUES ('WELL00000000005', TO_DATE('2022-02-01','YYYY-MM-DD'), 59.68, 5568.42, 438.64, 312.12);
INSERT INTO welldata.PRODUCTION (UWI, PROD_DATE, OIL_BBL, GAS_MCF, WATER_BBL, HOURS_ON) VALUES ('WELL00000000005', TO_DATE('2022-03-01','YYYY-MM-DD'), 502.61, 5118.8, 1228.31, 541.75);
INSERT INTO welldata.PRODUCTION (UWI, PROD_DATE, OIL_BBL, GAS_MCF, WATER_BBL, HOURS_ON) VALUES ('WELL00000000005', TO_DATE('2022-04-01','YYYY-MM-DD'), 2959.19, 7882.89, 1340.76, 714.2);
INSERT INTO welldata.PRODUCTION (UWI, PROD_DATE, OIL_BBL, GAS_MCF, WATER_BBL, HOURS_ON) VALUES ('WELL00000000005', TO_DATE('2022-05-01','YYYY-MM-DD'), 2416.0, 12680.07, 693.52, 586.21);
INSERT INTO welldata.PRODUCTION (UWI, PROD_DATE, OIL_BBL, GAS_MCF, WATER_BBL, HOURS_ON) VALUES ('WELL00000000005', TO_DATE('2022-06-01','YYYY-MM-DD'), 488.09, 3810.16, 1181.04, 568.5);
INSERT INTO welldata.PRODUCTION (UWI, PROD_DATE, OIL_BBL, GAS_MCF, WATER_BBL, HOURS_ON) VALUES ('WELL00000000005', TO_DATE('2022-07-01','YYYY-MM-DD'), 359.15, 5218.25, 312.59, 197.56);
INSERT INTO welldata.PRODUCTION (UWI, PROD_DATE, OIL_BBL, GAS_MCF, WATER_BBL, HOURS_ON) VALUES ('WELL00000000005', TO_DATE('2022-08-01','YYYY-MM-DD'), 2798.4, 10322.93, 426.78, 495.67);
INSERT INTO welldata.PRODUCTION (UWI, PROD_DATE, OIL_BBL, GAS_MCF, WATER_BBL, HOURS_ON) VALUES ('WELL00000000005', TO_DATE('2022-09-01','YYYY-MM-DD'), 213.79, 6201.87, 1376.26, 287.8);
INSERT INTO welldata.PRODUCTION (UWI, PROD_DATE, OIL_BBL, GAS_MCF, WATER_BBL, HOURS_ON) VALUES ('WELL00000000005', TO_DATE('2022-10-01','YYYY-MM-DD'), 1279.24, 7945.15, 49.96, 285.07);
INSERT INTO welldata.PRODUCTION (UWI, PROD_DATE, OIL_BBL, GAS_MCF, WATER_BBL, HOURS_ON) VALUES ('WELL00000000005', TO_DATE('2022-11-01','YYYY-MM-DD'), 2817.01, 983.16, 1129.5, 245.42);
INSERT INTO welldata.PRODUCTION (UWI, PROD_DATE, OIL_BBL, GAS_MCF, WATER_BBL, HOURS_ON) VALUES ('WELL00000000005', TO_DATE('2022-12-01','YYYY-MM-DD'), 1948.08, 753.97, 714.54, 129.28);
INSERT INTO welldata.PRODUCTION (UWI, PROD_DATE, OIL_BBL, GAS_MCF, WATER_BBL, HOURS_ON) VALUES ('WELL00000000005', TO_DATE('2023-01-01','YYYY-MM-DD'), 2823.43, 246.52, 1458.0, 395.08);
INSERT INTO welldata.PRODUCTION (UWI, PROD_DATE, OIL_BBL, GAS_MCF, WATER_BBL, HOURS_ON) VALUES ('WELL00000000005', TO_DATE('2023-02-01','YYYY-MM-DD'), 2925.78, 7249.93, 1158.07, 556.0);
INSERT INTO welldata.PRODUCTION (UWI, PROD_DATE, OIL_BBL, GAS_MCF, WATER_BBL, HOURS_ON) VALUES ('WELL00000000005', TO_DATE('2023-03-01','YYYY-MM-DD'), 467.62, 5227.32, 87.04, 326.91);
INSERT INTO welldata.PRODUCTION (UWI, PROD_DATE, OIL_BBL, GAS_MCF, WATER_BBL, HOURS_ON) VALUES ('WELL00000000005', TO_DATE('2023-04-01','YYYY-MM-DD'), 2641.57, 11087.72, 200.45, 286.71);
INSERT INTO welldata.PRODUCTION (UWI, PROD_DATE, OIL_BBL, GAS_MCF, WATER_BBL, HOURS_ON) VALUES ('WELL00000000005', TO_DATE('2023-05-01','YYYY-MM-DD'), 2904.25, 8939.98, 1298.86, 570.65);
INSERT INTO welldata.PRODUCTION (UWI, PROD_DATE, OIL_BBL, GAS_MCF, WATER_BBL, HOURS_ON) VALUES ('WELL00000000005', TO_DATE('2023-06-01','YYYY-MM-DD'), 203.91, 6859.78, 1411.51, 668.6);
INSERT INTO welldata.PRODUCTION (UWI, PROD_DATE, OIL_BBL, GAS_MCF, WATER_BBL, HOURS_ON) VALUES ('WELL00000000005', TO_DATE('2023-07-01','YYYY-MM-DD'), 483.45, 220.82, 257.07, 386.73);
INSERT INTO welldata.PRODUCTION (UWI, PROD_DATE, OIL_BBL, GAS_MCF, WATER_BBL, HOURS_ON) VALUES ('WELL00000000005', TO_DATE('2023-08-01','YYYY-MM-DD'), 2095.69, 2134.37, 1281.87, 360.57);
INSERT INTO welldata.PRODUCTION (UWI, PROD_DATE, OIL_BBL, GAS_MCF, WATER_BBL, HOURS_ON) VALUES ('WELL00000000005', TO_DATE('2023-09-01','YYYY-MM-DD'), 2352.84, 14075.65, 1189.18, 618.17);
INSERT INTO welldata.PRODUCTION (UWI, PROD_DATE, OIL_BBL, GAS_MCF, WATER_BBL, HOURS_ON) VALUES ('WELL00000000005', TO_DATE('2023-10-01','YYYY-MM-DD'), 914.58, 4532.95, 570.67, 165.92);
INSERT INTO welldata.PRODUCTION (UWI, PROD_DATE, OIL_BBL, GAS_MCF, WATER_BBL, HOURS_ON) VALUES ('WELL00000000005', TO_DATE('2023-11-01','YYYY-MM-DD'), 754.84, 14777.95, 27.27, 165.28);
INSERT INTO welldata.PRODUCTION (UWI, PROD_DATE, OIL_BBL, GAS_MCF, WATER_BBL, HOURS_ON) VALUES ('WELL00000000005', TO_DATE('2023-12-01','YYYY-MM-DD'), 860.32, 5544.09, 939.04, 272.78);
INSERT INTO welldata.PRODUCTION (UWI, PROD_DATE, OIL_BBL, GAS_MCF, WATER_BBL, HOURS_ON) VALUES ('WELL00000000005', TO_DATE('2024-01-01','YYYY-MM-DD'), 623.36, 8131.84, 76.01, 238.32);
INSERT INTO welldata.PRODUCTION (UWI, PROD_DATE, OIL_BBL, GAS_MCF, WATER_BBL, HOURS_ON) VALUES ('WELL00000000005', TO_DATE('2024-02-01','YYYY-MM-DD'), 1822.32, 7701.05, 657.97, 601.95);
INSERT INTO welldata.PRODUCTION (UWI, PROD_DATE, OIL_BBL, GAS_MCF, WATER_BBL, HOURS_ON) VALUES ('WELL00000000005', TO_DATE('2024-03-01','YYYY-MM-DD'), 1642.39, 3540.27, 1091.82, 179.47);
INSERT INTO welldata.PRODUCTION (UWI, PROD_DATE, OIL_BBL, GAS_MCF, WATER_BBL, HOURS_ON) VALUES ('WELL00000000005', TO_DATE('2024-04-01','YYYY-MM-DD'), 722.86, 1821.23, 641.12, 490.29);
INSERT INTO welldata.PRODUCTION (UWI, PROD_DATE, OIL_BBL, GAS_MCF, WATER_BBL, HOURS_ON) VALUES ('WELL00000000005', TO_DATE('2024-05-01','YYYY-MM-DD'), 1656.8, 8680.85, 1128.29, 279.88);
INSERT INTO welldata.PRODUCTION (UWI, PROD_DATE, OIL_BBL, GAS_MCF, WATER_BBL, HOURS_ON) VALUES ('WELL00000000005', TO_DATE('2024-06-01','YYYY-MM-DD'), 745.98, 5614.02, 937.83, 649.23);
INSERT INTO welldata.PRODUCTION (UWI, PROD_DATE, OIL_BBL, GAS_MCF, WATER_BBL, HOURS_ON) VALUES ('WELL00000000005', TO_DATE('2024-07-01','YYYY-MM-DD'), 2391.96, 2803.86, 272.29, 207.31);
INSERT INTO welldata.PRODUCTION (UWI, PROD_DATE, OIL_BBL, GAS_MCF, WATER_BBL, HOURS_ON) VALUES ('WELL00000000005', TO_DATE('2024-08-01','YYYY-MM-DD'), 1127.44, 3175.76, 1360.89, 656.46);
INSERT INTO welldata.PRODUCTION (UWI, PROD_DATE, OIL_BBL, GAS_MCF, WATER_BBL, HOURS_ON) VALUES ('WELL00000000005', TO_DATE('2024-09-01','YYYY-MM-DD'), 2154.68, 13111.46, 176.43, 681.82);
INSERT INTO welldata.PRODUCTION (UWI, PROD_DATE, OIL_BBL, GAS_MCF, WATER_BBL, HOURS_ON) VALUES ('WELL00000000005', TO_DATE('2024-10-01','YYYY-MM-DD'), 624.96, 14668.47, 1366.25, 349.24);
INSERT INTO welldata.PRODUCTION (UWI, PROD_DATE, OIL_BBL, GAS_MCF, WATER_BBL, HOURS_ON) VALUES ('WELL00000000005', TO_DATE('2024-11-01','YYYY-MM-DD'), 564.02, 9820.06, 391.75, 471.9);
INSERT INTO welldata.PRODUCTION (UWI, PROD_DATE, OIL_BBL, GAS_MCF, WATER_BBL, HOURS_ON) VALUES ('WELL00000000005', TO_DATE('2024-12-01','YYYY-MM-DD'), 2798.37, 3443.79, 656.69, 591.71);
INSERT INTO welldata.FORMATION_TOPS (UWI, FORMATION, TOP_DEPTH_M, BASE_DEPTH_M, LITHOLOGY) VALUES ('WELL00000000005', 'Rajahmundry', 716, 960, 'SANDSTONE');
INSERT INTO welldata.FORMATION_TOPS (UWI, FORMATION, TOP_DEPTH_M, BASE_DEPTH_M, LITHOLOGY) VALUES ('WELL00000000005', 'Bengal', 1094, 1178, 'LIMESTONE');
INSERT INTO welldata.FORMATION_TOPS (UWI, FORMATION, TOP_DEPTH_M, BASE_DEPTH_M, LITHOLOGY) VALUES ('WELL00000000005', 'Sanchore', 1475, 1725, 'SHALE');
INSERT INTO welldata.FORMATION_TOPS (UWI, FORMATION, TOP_DEPTH_M, BASE_DEPTH_M, LITHOLOGY) VALUES ('WELL00000000005', 'Barmer', 1258, 1579, 'DOLOMITE');
INSERT INTO welldata.CORE_ANALYSIS (UWI, CORE_RUN, TOP_DEPTH_M, BASE_DEPTH_M, GRAIN_DENSITY, BULK_DENSITY, RECOVERY_PCT) VALUES ('WELL00000000005', 1, 1161, 1199, 2.7081, 2.1238, 85.51);
INSERT INTO welldata.CORE_ANALYSIS (UWI, CORE_RUN, TOP_DEPTH_M, BASE_DEPTH_M, GRAIN_DENSITY, BULK_DENSITY, RECOVERY_PCT) VALUES ('WELL00000000005', 2, 1194, 1245, 2.6139, 1.9708, 90.95);
INSERT INTO welldata.WELL (UWI, WELL_NAME, OPERATOR, COUNTRY, BASIN, FIELD_NAME, SPUD_DATE, COMPLETION_DATE, WELL_TYPE, WELL_STATUS, SURFACE_LAT, SURFACE_LON, TOTAL_DEPTH_M, KB_ELEVATION_M) VALUES ('WELL00000000006', 'CAIR-RA-006', 'Cairn India', 'India', 'Rajasthan', 'Rajasthan Field 2', TO_DATE('2014-02-24','YYYY-MM-DD'), TO_DATE('2017-06-13','YYYY-MM-DD'), 'APPRAISAL', 'ACTIVE', 17.426948, 73.875806, 3528, 65.85);
INSERT INTO welldata.BOREHOLE (UBHI, UWI, BOREHOLE_NAME, BOREHOLE_TYPE, TOP_DEPTH_M, BASE_DEPTH_M) VALUES ('WELL00000000006-BH1', 'WELL00000000006', 'CAIR-RA-006-BH1', 'HORIZONTAL', 779, 1628);
INSERT INTO welldata.PETROPHYSICS (UBHI, SAMPLE_DEPTH_M, POROSITY, PERMEABILITY, WATER_SAT, FORMATION) VALUES ('WELL00000000006-BH1', 1000, 0.1204, 278.3276, 0.6868, 'Bengal');
INSERT INTO welldata.PETROPHYSICS (UBHI, SAMPLE_DEPTH_M, POROSITY, PERMEABILITY, WATER_SAT, FORMATION) VALUES ('WELL00000000006-BH1', 1020, 0.0548, 115.5179, 0.2322, 'Bengal');
INSERT INTO welldata.PETROPHYSICS (UBHI, SAMPLE_DEPTH_M, POROSITY, PERMEABILITY, WATER_SAT, FORMATION) VALUES ('WELL00000000006-BH1', 1040, 0.2161, 130.3477, 0.6405, 'Sanchore');
INSERT INTO welldata.PETROPHYSICS (UBHI, SAMPLE_DEPTH_M, POROSITY, PERMEABILITY, WATER_SAT, FORMATION) VALUES ('WELL00000000006-BH1', 1060, 0.1445, 417.9812, 0.4666, 'Sanchore');
INSERT INTO welldata.PETROPHYSICS (UBHI, SAMPLE_DEPTH_M, POROSITY, PERMEABILITY, WATER_SAT, FORMATION) VALUES ('WELL00000000006-BH1', 1080, 0.0534, 392.4569, 0.5578, 'Sanchore');
INSERT INTO welldata.PETROPHYSICS (UBHI, SAMPLE_DEPTH_M, POROSITY, PERMEABILITY, WATER_SAT, FORMATION) VALUES ('WELL00000000006-BH1', 1100, 0.2109, 383.3133, 0.5395, 'Barmer');
INSERT INTO welldata.PETROPHYSICS (UBHI, SAMPLE_DEPTH_M, POROSITY, PERMEABILITY, WATER_SAT, FORMATION) VALUES ('WELL00000000006-BH1', 1120, 0.2568, 368.4331, 0.2635, 'Bengal');
INSERT INTO welldata.PETROPHYSICS (UBHI, SAMPLE_DEPTH_M, POROSITY, PERMEABILITY, WATER_SAT, FORMATION) VALUES ('WELL00000000006-BH1', 1140, 0.1793, 133.4734, 0.6188, 'Sanchore');
INSERT INTO welldata.PETROPHYSICS (UBHI, SAMPLE_DEPTH_M, POROSITY, PERMEABILITY, WATER_SAT, FORMATION) VALUES ('WELL00000000006-BH1', 1160, 0.1076, 235.4219, 0.1894, 'Sanchore');
INSERT INTO welldata.PETROPHYSICS (UBHI, SAMPLE_DEPTH_M, POROSITY, PERMEABILITY, WATER_SAT, FORMATION) VALUES ('WELL00000000006-BH1', 1180, 0.2443, 99.7619, 0.7259, 'Bengal');
INSERT INTO welldata.PETROPHYSICS (UBHI, SAMPLE_DEPTH_M, POROSITY, PERMEABILITY, WATER_SAT, FORMATION) VALUES ('WELL00000000006-BH1', 1200, 0.2092, 189.4376, 0.2731, 'Bengal');
INSERT INTO welldata.PETROPHYSICS (UBHI, SAMPLE_DEPTH_M, POROSITY, PERMEABILITY, WATER_SAT, FORMATION) VALUES ('WELL00000000006-BH1', 1220, 0.0563, 121.1574, 0.5655, 'Rajahmundry');
INSERT INTO welldata.PETROPHYSICS (UBHI, SAMPLE_DEPTH_M, POROSITY, PERMEABILITY, WATER_SAT, FORMATION) VALUES ('WELL00000000006-BH1', 1240, 0.1212, 93.0744, 0.4652, 'Bengal');
INSERT INTO welldata.PETROPHYSICS (UBHI, SAMPLE_DEPTH_M, POROSITY, PERMEABILITY, WATER_SAT, FORMATION) VALUES ('WELL00000000006-BH1', 1260, 0.2346, 227.3581, 0.3519, 'Barmer');
INSERT INTO welldata.PETROPHYSICS (UBHI, SAMPLE_DEPTH_M, POROSITY, PERMEABILITY, WATER_SAT, FORMATION) VALUES ('WELL00000000006-BH1', 1280, 0.161, 66.9262, 0.695, 'Barmer');
INSERT INTO welldata.PETROPHYSICS (UBHI, SAMPLE_DEPTH_M, POROSITY, PERMEABILITY, WATER_SAT, FORMATION) VALUES ('WELL00000000006-BH1', 1300, 0.0969, 430.6807, 0.6755, 'Rajahmundry');
INSERT INTO welldata.PETROPHYSICS (UBHI, SAMPLE_DEPTH_M, POROSITY, PERMEABILITY, WATER_SAT, FORMATION) VALUES ('WELL00000000006-BH1', 1320, 0.183, 45.1816, 0.2416, 'Sanchore');
INSERT INTO welldata.PETROPHYSICS (UBHI, SAMPLE_DEPTH_M, POROSITY, PERMEABILITY, WATER_SAT, FORMATION) VALUES ('WELL00000000006-BH1', 1340, 0.1466, 404.1766, 0.4315, 'Bengal');
INSERT INTO welldata.PETROPHYSICS (UBHI, SAMPLE_DEPTH_M, POROSITY, PERMEABILITY, WATER_SAT, FORMATION) VALUES ('WELL00000000006-BH1', 1360, 0.2447, 427.7986, 0.1997, 'Bengal');
INSERT INTO welldata.PETROPHYSICS (UBHI, SAMPLE_DEPTH_M, POROSITY, PERMEABILITY, WATER_SAT, FORMATION) VALUES ('WELL00000000006-BH1', 1380, 0.079, 80.1574, 0.348, 'Sanchore');
INSERT INTO welldata.PETROPHYSICS (UBHI, SAMPLE_DEPTH_M, POROSITY, PERMEABILITY, WATER_SAT, FORMATION) VALUES ('WELL00000000006-BH1', 1400, 0.0403, 97.1895, 0.7421, 'Sanchore');
INSERT INTO welldata.PETROPHYSICS (UBHI, SAMPLE_DEPTH_M, POROSITY, PERMEABILITY, WATER_SAT, FORMATION) VALUES ('WELL00000000006-BH1', 1420, 0.1143, 43.4227, 0.6191, 'Rajahmundry');
INSERT INTO welldata.PETROPHYSICS (UBHI, SAMPLE_DEPTH_M, POROSITY, PERMEABILITY, WATER_SAT, FORMATION) VALUES ('WELL00000000006-BH1', 1440, 0.0985, 307.7097, 0.3078, 'Sanchore');
INSERT INTO welldata.PETROPHYSICS (UBHI, SAMPLE_DEPTH_M, POROSITY, PERMEABILITY, WATER_SAT, FORMATION) VALUES ('WELL00000000006-BH1', 1460, 0.1213, 335.9928, 0.6048, 'Rajahmundry');
INSERT INTO welldata.PETROPHYSICS (UBHI, SAMPLE_DEPTH_M, POROSITY, PERMEABILITY, WATER_SAT, FORMATION) VALUES ('WELL00000000006-BH1', 1480, 0.0997, 378.836, 0.4509, 'Rajahmundry');
INSERT INTO welldata.PETROPHYSICS (UBHI, SAMPLE_DEPTH_M, POROSITY, PERMEABILITY, WATER_SAT, FORMATION) VALUES ('WELL00000000006-BH1', 1500, 0.094, 135.5089, 0.4034, 'Sanchore');
INSERT INTO welldata.PETROPHYSICS (UBHI, SAMPLE_DEPTH_M, POROSITY, PERMEABILITY, WATER_SAT, FORMATION) VALUES ('WELL00000000006-BH1', 1520, 0.1773, 155.0802, 0.2384, 'Sanchore');
INSERT INTO welldata.PETROPHYSICS (UBHI, SAMPLE_DEPTH_M, POROSITY, PERMEABILITY, WATER_SAT, FORMATION) VALUES ('WELL00000000006-BH1', 1540, 0.0404, 58.4265, 0.6458, 'Sanchore');
INSERT INTO welldata.PETROPHYSICS (UBHI, SAMPLE_DEPTH_M, POROSITY, PERMEABILITY, WATER_SAT, FORMATION) VALUES ('WELL00000000006-BH1', 1560, 0.0768, 232.0457, 0.6572, 'Bengal');
INSERT INTO welldata.PETROPHYSICS (UBHI, SAMPLE_DEPTH_M, POROSITY, PERMEABILITY, WATER_SAT, FORMATION) VALUES ('WELL00000000006-BH1', 1580, 0.279, 121.6569, 0.7271, 'Rajahmundry');
INSERT INTO welldata.PETROPHYSICS (UBHI, SAMPLE_DEPTH_M, POROSITY, PERMEABILITY, WATER_SAT, FORMATION) VALUES ('WELL00000000006-BH1', 1600, 0.0501, 256.2436, 0.536, 'Barmer');
INSERT INTO welldata.PETROPHYSICS (UBHI, SAMPLE_DEPTH_M, POROSITY, PERMEABILITY, WATER_SAT, FORMATION) VALUES ('WELL00000000006-BH1', 1620, 0.2624, 343.4757, 0.2853, 'Bengal');
INSERT INTO welldata.PETROPHYSICS (UBHI, SAMPLE_DEPTH_M, POROSITY, PERMEABILITY, WATER_SAT, FORMATION) VALUES ('WELL00000000006-BH1', 1640, 0.1743, 108.2983, 0.281, 'Barmer');
INSERT INTO welldata.PETROPHYSICS (UBHI, SAMPLE_DEPTH_M, POROSITY, PERMEABILITY, WATER_SAT, FORMATION) VALUES ('WELL00000000006-BH1', 1660, 0.0666, 98.6986, 0.5797, 'Bengal');
INSERT INTO welldata.PETROPHYSICS (UBHI, SAMPLE_DEPTH_M, POROSITY, PERMEABILITY, WATER_SAT, FORMATION) VALUES ('WELL00000000006-BH1', 1680, 0.1068, 34.64, 0.2822, 'Sanchore');
INSERT INTO welldata.PETROPHYSICS (UBHI, SAMPLE_DEPTH_M, POROSITY, PERMEABILITY, WATER_SAT, FORMATION) VALUES ('WELL00000000006-BH1', 1700, 0.0877, 30.7637, 0.4116, 'Barmer');
INSERT INTO welldata.PETROPHYSICS (UBHI, SAMPLE_DEPTH_M, POROSITY, PERMEABILITY, WATER_SAT, FORMATION) VALUES ('WELL00000000006-BH1', 1720, 0.2427, 359.6504, 0.5861, 'Rajahmundry');
INSERT INTO welldata.PETROPHYSICS (UBHI, SAMPLE_DEPTH_M, POROSITY, PERMEABILITY, WATER_SAT, FORMATION) VALUES ('WELL00000000006-BH1', 1740, 0.2076, 261.9425, 0.4988, 'Sanchore');
INSERT INTO welldata.PETROPHYSICS (UBHI, SAMPLE_DEPTH_M, POROSITY, PERMEABILITY, WATER_SAT, FORMATION) VALUES ('WELL00000000006-BH1', 1760, 0.0554, 5.3955, 0.1707, 'Bengal');
INSERT INTO welldata.PETROPHYSICS (UBHI, SAMPLE_DEPTH_M, POROSITY, PERMEABILITY, WATER_SAT, FORMATION) VALUES ('WELL00000000006-BH1', 1780, 0.0646, 403.5705, 0.2361, 'Rajahmundry');
INSERT INTO welldata.PETROPHYSICS (UBHI, SAMPLE_DEPTH_M, POROSITY, PERMEABILITY, WATER_SAT, FORMATION) VALUES ('WELL00000000006-BH1', 1800, 0.0678, 144.3664, 0.3046, 'Rajahmundry');
INSERT INTO welldata.PETROPHYSICS (UBHI, SAMPLE_DEPTH_M, POROSITY, PERMEABILITY, WATER_SAT, FORMATION) VALUES ('WELL00000000006-BH1', 1820, 0.1844, 71.9532, 0.2266, 'Sanchore');
INSERT INTO welldata.PETROPHYSICS (UBHI, SAMPLE_DEPTH_M, POROSITY, PERMEABILITY, WATER_SAT, FORMATION) VALUES ('WELL00000000006-BH1', 1840, 0.2641, 280.0052, 0.7472, 'Sanchore');
INSERT INTO welldata.PETROPHYSICS (UBHI, SAMPLE_DEPTH_M, POROSITY, PERMEABILITY, WATER_SAT, FORMATION) VALUES ('WELL00000000006-BH1', 1860, 0.0903, 40.66, 0.4321, 'Sanchore');
INSERT INTO welldata.PETROPHYSICS (UBHI, SAMPLE_DEPTH_M, POROSITY, PERMEABILITY, WATER_SAT, FORMATION) VALUES ('WELL00000000006-BH1', 1880, 0.1403, 45.3521, 0.6774, 'Rajahmundry');
INSERT INTO welldata.PETROPHYSICS (UBHI, SAMPLE_DEPTH_M, POROSITY, PERMEABILITY, WATER_SAT, FORMATION) VALUES ('WELL00000000006-BH1', 1900, 0.2586, 90.1201, 0.7066, 'Sanchore');
INSERT INTO welldata.PETROPHYSICS (UBHI, SAMPLE_DEPTH_M, POROSITY, PERMEABILITY, WATER_SAT, FORMATION) VALUES ('WELL00000000006-BH1', 1920, 0.2016, 61.1043, 0.4792, 'Sanchore');
INSERT INTO welldata.PETROPHYSICS (UBHI, SAMPLE_DEPTH_M, POROSITY, PERMEABILITY, WATER_SAT, FORMATION) VALUES ('WELL00000000006-BH1', 1940, 0.2572, 291.2162, 0.4867, 'Barmer');
INSERT INTO welldata.PETROPHYSICS (UBHI, SAMPLE_DEPTH_M, POROSITY, PERMEABILITY, WATER_SAT, FORMATION) VALUES ('WELL00000000006-BH1', 1960, 0.2323, 95.9416, 0.4263, 'Barmer');
INSERT INTO welldata.PETROPHYSICS (UBHI, SAMPLE_DEPTH_M, POROSITY, PERMEABILITY, WATER_SAT, FORMATION) VALUES ('WELL00000000006-BH1', 1980, 0.0982, 32.7985, 0.6007, 'Sanchore');
INSERT INTO welldata.PETROPHYSICS (UBHI, SAMPLE_DEPTH_M, POROSITY, PERMEABILITY, WATER_SAT, FORMATION) VALUES ('WELL00000000006-BH1', 2000, 0.0547, 247.5918, 0.3827, 'Barmer');
INSERT INTO welldata.PETROPHYSICS (UBHI, SAMPLE_DEPTH_M, POROSITY, PERMEABILITY, WATER_SAT, FORMATION) VALUES ('WELL00000000006-BH1', 2020, 0.1712, 304.139, 0.3179, 'Rajahmundry');
INSERT INTO welldata.PETROPHYSICS (UBHI, SAMPLE_DEPTH_M, POROSITY, PERMEABILITY, WATER_SAT, FORMATION) VALUES ('WELL00000000006-BH1', 2040, 0.0983, 102.9876, 0.1655, 'Sanchore');
INSERT INTO welldata.PETROPHYSICS (UBHI, SAMPLE_DEPTH_M, POROSITY, PERMEABILITY, WATER_SAT, FORMATION) VALUES ('WELL00000000006-BH1', 2060, 0.1118, 382.0691, 0.4121, 'Barmer');
INSERT INTO welldata.PETROPHYSICS (UBHI, SAMPLE_DEPTH_M, POROSITY, PERMEABILITY, WATER_SAT, FORMATION) VALUES ('WELL00000000006-BH1', 2080, 0.0665, 267.3707, 0.3753, 'Barmer');
INSERT INTO welldata.PETROPHYSICS (UBHI, SAMPLE_DEPTH_M, POROSITY, PERMEABILITY, WATER_SAT, FORMATION) VALUES ('WELL00000000006-BH1', 2100, 0.0747, 232.5292, 0.2559, 'Barmer');
INSERT INTO welldata.PETROPHYSICS (UBHI, SAMPLE_DEPTH_M, POROSITY, PERMEABILITY, WATER_SAT, FORMATION) VALUES ('WELL00000000006-BH1', 2120, 0.1887, 103.4356, 0.3673, 'Rajahmundry');
INSERT INTO welldata.PETROPHYSICS (UBHI, SAMPLE_DEPTH_M, POROSITY, PERMEABILITY, WATER_SAT, FORMATION) VALUES ('WELL00000000006-BH1', 2140, 0.1129, 415.3418, 0.6562, 'Barmer');
INSERT INTO welldata.PETROPHYSICS (UBHI, SAMPLE_DEPTH_M, POROSITY, PERMEABILITY, WATER_SAT, FORMATION) VALUES ('WELL00000000006-BH1', 2160, 0.2498, 141.8735, 0.3382, 'Sanchore');
INSERT INTO welldata.PETROPHYSICS (UBHI, SAMPLE_DEPTH_M, POROSITY, PERMEABILITY, WATER_SAT, FORMATION) VALUES ('WELL00000000006-BH1', 2180, 0.0529, 183.376, 0.3833, 'Sanchore');
INSERT INTO welldata.PETROPHYSICS (UBHI, SAMPLE_DEPTH_M, POROSITY, PERMEABILITY, WATER_SAT, FORMATION) VALUES ('WELL00000000006-BH1', 2200, 0.1543, 214.0236, 0.4764, 'Barmer');
INSERT INTO welldata.PETROPHYSICS (UBHI, SAMPLE_DEPTH_M, POROSITY, PERMEABILITY, WATER_SAT, FORMATION) VALUES ('WELL00000000006-BH1', 2220, 0.1018, 381.6902, 0.232, 'Sanchore');
INSERT INTO welldata.PETROPHYSICS (UBHI, SAMPLE_DEPTH_M, POROSITY, PERMEABILITY, WATER_SAT, FORMATION) VALUES ('WELL00000000006-BH1', 2240, 0.1003, 396.4825, 0.4447, 'Bengal');
INSERT INTO welldata.PETROPHYSICS (UBHI, SAMPLE_DEPTH_M, POROSITY, PERMEABILITY, WATER_SAT, FORMATION) VALUES ('WELL00000000006-BH1', 2260, 0.2017, 143.2754, 0.5992, 'Sanchore');
INSERT INTO welldata.PETROPHYSICS (UBHI, SAMPLE_DEPTH_M, POROSITY, PERMEABILITY, WATER_SAT, FORMATION) VALUES ('WELL00000000006-BH1', 2280, 0.152, 218.9319, 0.3835, 'Rajahmundry');
INSERT INTO welldata.PETROPHYSICS (UBHI, SAMPLE_DEPTH_M, POROSITY, PERMEABILITY, WATER_SAT, FORMATION) VALUES ('WELL00000000006-BH1', 2300, 0.19, 233.2453, 0.3425, 'Rajahmundry');
INSERT INTO welldata.PETROPHYSICS (UBHI, SAMPLE_DEPTH_M, POROSITY, PERMEABILITY, WATER_SAT, FORMATION) VALUES ('WELL00000000006-BH1', 2320, 0.1884, 13.3337, 0.6171, 'Bengal');
INSERT INTO welldata.PETROPHYSICS (UBHI, SAMPLE_DEPTH_M, POROSITY, PERMEABILITY, WATER_SAT, FORMATION) VALUES ('WELL00000000006-BH1', 2340, 0.1685, 41.9451, 0.5148, 'Sanchore');
INSERT INTO welldata.PETROPHYSICS (UBHI, SAMPLE_DEPTH_M, POROSITY, PERMEABILITY, WATER_SAT, FORMATION) VALUES ('WELL00000000006-BH1', 2360, 0.2152, 45.8901, 0.2235, 'Rajahmundry');
INSERT INTO welldata.PETROPHYSICS (UBHI, SAMPLE_DEPTH_M, POROSITY, PERMEABILITY, WATER_SAT, FORMATION) VALUES ('WELL00000000006-BH1', 2380, 0.1882, 206.6608, 0.5053, 'Rajahmundry');
INSERT INTO welldata.PETROPHYSICS (UBHI, SAMPLE_DEPTH_M, POROSITY, PERMEABILITY, WATER_SAT, FORMATION) VALUES ('WELL00000000006-BH1', 2400, 0.0694, 31.8304, 0.2868, 'Barmer');
INSERT INTO welldata.PETROPHYSICS (UBHI, SAMPLE_DEPTH_M, POROSITY, PERMEABILITY, WATER_SAT, FORMATION) VALUES ('WELL00000000006-BH1', 2420, 0.047, 226.6904, 0.3006, 'Bengal');
INSERT INTO welldata.PETROPHYSICS (UBHI, SAMPLE_DEPTH_M, POROSITY, PERMEABILITY, WATER_SAT, FORMATION) VALUES ('WELL00000000006-BH1', 2440, 0.1109, 4.3763, 0.3184, 'Rajahmundry');
INSERT INTO welldata.PETROPHYSICS (UBHI, SAMPLE_DEPTH_M, POROSITY, PERMEABILITY, WATER_SAT, FORMATION) VALUES ('WELL00000000006-BH1', 2460, 0.1134, 66.4521, 0.4856, 'Barmer');
INSERT INTO welldata.PETROPHYSICS (UBHI, SAMPLE_DEPTH_M, POROSITY, PERMEABILITY, WATER_SAT, FORMATION) VALUES ('WELL00000000006-BH1', 2480, 0.1616, 415.1214, 0.3583, 'Rajahmundry');
INSERT INTO welldata.PETROPHYSICS (UBHI, SAMPLE_DEPTH_M, POROSITY, PERMEABILITY, WATER_SAT, FORMATION) VALUES ('WELL00000000006-BH1', 2500, 0.1868, 32.0897, 0.3313, 'Rajahmundry');
INSERT INTO welldata.PETROPHYSICS (UBHI, SAMPLE_DEPTH_M, POROSITY, PERMEABILITY, WATER_SAT, FORMATION) VALUES ('WELL00000000006-BH1', 2520, 0.1857, 285.6649, 0.4726, 'Sanchore');
INSERT INTO welldata.PETROPHYSICS (UBHI, SAMPLE_DEPTH_M, POROSITY, PERMEABILITY, WATER_SAT, FORMATION) VALUES ('WELL00000000006-BH1', 2540, 0.2201, 41.1361, 0.2327, 'Sanchore');
INSERT INTO welldata.PETROPHYSICS (UBHI, SAMPLE_DEPTH_M, POROSITY, PERMEABILITY, WATER_SAT, FORMATION) VALUES ('WELL00000000006-BH1', 2560, 0.1998, 442.1135, 0.7219, 'Bengal');
INSERT INTO welldata.PETROPHYSICS (UBHI, SAMPLE_DEPTH_M, POROSITY, PERMEABILITY, WATER_SAT, FORMATION) VALUES ('WELL00000000006-BH1', 2580, 0.213, 193.5702, 0.5307, 'Sanchore');
INSERT INTO welldata.PETROPHYSICS (UBHI, SAMPLE_DEPTH_M, POROSITY, PERMEABILITY, WATER_SAT, FORMATION) VALUES ('WELL00000000006-BH1', 2600, 0.0611, 75.6725, 0.3763, 'Bengal');
INSERT INTO welldata.PETROPHYSICS (UBHI, SAMPLE_DEPTH_M, POROSITY, PERMEABILITY, WATER_SAT, FORMATION) VALUES ('WELL00000000006-BH1', 2620, 0.1277, 111.64, 0.2226, 'Rajahmundry');
INSERT INTO welldata.PETROPHYSICS (UBHI, SAMPLE_DEPTH_M, POROSITY, PERMEABILITY, WATER_SAT, FORMATION) VALUES ('WELL00000000006-BH1', 2640, 0.2785, 84.8764, 0.2547, 'Bengal');
INSERT INTO welldata.PETROPHYSICS (UBHI, SAMPLE_DEPTH_M, POROSITY, PERMEABILITY, WATER_SAT, FORMATION) VALUES ('WELL00000000006-BH1', 2660, 0.0579, 177.6612, 0.6538, 'Rajahmundry');
INSERT INTO welldata.PETROPHYSICS (UBHI, SAMPLE_DEPTH_M, POROSITY, PERMEABILITY, WATER_SAT, FORMATION) VALUES ('WELL00000000006-BH1', 2680, 0.0949, 6.0614, 0.5929, 'Barmer');
INSERT INTO welldata.PETROPHYSICS (UBHI, SAMPLE_DEPTH_M, POROSITY, PERMEABILITY, WATER_SAT, FORMATION) VALUES ('WELL00000000006-BH1', 2700, 0.1231, 396.525, 0.2623, 'Rajahmundry');
INSERT INTO welldata.PETROPHYSICS (UBHI, SAMPLE_DEPTH_M, POROSITY, PERMEABILITY, WATER_SAT, FORMATION) VALUES ('WELL00000000006-BH1', 2720, 0.192, 73.0139, 0.276, 'Bengal');
INSERT INTO welldata.PETROPHYSICS (UBHI, SAMPLE_DEPTH_M, POROSITY, PERMEABILITY, WATER_SAT, FORMATION) VALUES ('WELL00000000006-BH1', 2740, 0.1201, 238.395, 0.1933, 'Barmer');
INSERT INTO welldata.PETROPHYSICS (UBHI, SAMPLE_DEPTH_M, POROSITY, PERMEABILITY, WATER_SAT, FORMATION) VALUES ('WELL00000000006-BH1', 2760, 0.0957, 141.7842, 0.4234, 'Barmer');
INSERT INTO welldata.PETROPHYSICS (UBHI, SAMPLE_DEPTH_M, POROSITY, PERMEABILITY, WATER_SAT, FORMATION) VALUES ('WELL00000000006-BH1', 2780, 0.0829, 121.1989, 0.2915, 'Barmer');
INSERT INTO welldata.PETROPHYSICS (UBHI, SAMPLE_DEPTH_M, POROSITY, PERMEABILITY, WATER_SAT, FORMATION) VALUES ('WELL00000000006-BH1', 2800, 0.1846, 129.094, 0.1814, 'Sanchore');
INSERT INTO welldata.PETROPHYSICS (UBHI, SAMPLE_DEPTH_M, POROSITY, PERMEABILITY, WATER_SAT, FORMATION) VALUES ('WELL00000000006-BH1', 2820, 0.2005, 67.6716, 0.5293, 'Sanchore');
INSERT INTO welldata.PETROPHYSICS (UBHI, SAMPLE_DEPTH_M, POROSITY, PERMEABILITY, WATER_SAT, FORMATION) VALUES ('WELL00000000006-BH1', 2840, 0.1193, 188.9348, 0.1541, 'Sanchore');
INSERT INTO welldata.PETROPHYSICS (UBHI, SAMPLE_DEPTH_M, POROSITY, PERMEABILITY, WATER_SAT, FORMATION) VALUES ('WELL00000000006-BH1', 2860, 0.2102, 290.156, 0.4401, 'Barmer');
INSERT INTO welldata.PETROPHYSICS (UBHI, SAMPLE_DEPTH_M, POROSITY, PERMEABILITY, WATER_SAT, FORMATION) VALUES ('WELL00000000006-BH1', 2880, 0.1776, 202.7673, 0.7185, 'Bengal');
INSERT INTO welldata.PETROPHYSICS (UBHI, SAMPLE_DEPTH_M, POROSITY, PERMEABILITY, WATER_SAT, FORMATION) VALUES ('WELL00000000006-BH1', 2900, 0.1055, 60.2578, 0.6462, 'Barmer');
INSERT INTO welldata.PETROPHYSICS (UBHI, SAMPLE_DEPTH_M, POROSITY, PERMEABILITY, WATER_SAT, FORMATION) VALUES ('WELL00000000006-BH1', 2920, 0.1426, 322.5075, 0.696, 'Sanchore');
INSERT INTO welldata.PETROPHYSICS (UBHI, SAMPLE_DEPTH_M, POROSITY, PERMEABILITY, WATER_SAT, FORMATION) VALUES ('WELL00000000006-BH1', 2940, 0.2742, 220.2934, 0.2403, 'Barmer');
INSERT INTO welldata.PETROPHYSICS (UBHI, SAMPLE_DEPTH_M, POROSITY, PERMEABILITY, WATER_SAT, FORMATION) VALUES ('WELL00000000006-BH1', 2960, 0.1716, 203.5041, 0.2261, 'Barmer');
INSERT INTO welldata.PETROPHYSICS (UBHI, SAMPLE_DEPTH_M, POROSITY, PERMEABILITY, WATER_SAT, FORMATION) VALUES ('WELL00000000006-BH1', 2980, 0.2692, 408.4862, 0.2355, 'Sanchore');
INSERT INTO welldata.PETROPHYSICS (UBHI, SAMPLE_DEPTH_M, POROSITY, PERMEABILITY, WATER_SAT, FORMATION) VALUES ('WELL00000000006-BH1', 3000, 0.097, 169.7139, 0.5837, 'Rajahmundry');
INSERT INTO welldata.BOREHOLE (UBHI, UWI, BOREHOLE_NAME, BOREHOLE_TYPE, TOP_DEPTH_M, BASE_DEPTH_M) VALUES ('WELL00000000006-BH2', 'WELL00000000006', 'CAIR-RA-006-BH2', 'VERTICAL', 652, 1768);
INSERT INTO welldata.PETROPHYSICS (UBHI, SAMPLE_DEPTH_M, POROSITY, PERMEABILITY, WATER_SAT, FORMATION) VALUES ('WELL00000000006-BH2', 1000, 0.2633, 153.978, 0.3811, 'Barmer');
INSERT INTO welldata.PETROPHYSICS (UBHI, SAMPLE_DEPTH_M, POROSITY, PERMEABILITY, WATER_SAT, FORMATION) VALUES ('WELL00000000006-BH2', 1020, 0.2565, 289.8453, 0.5889, 'Barmer');
INSERT INTO welldata.PETROPHYSICS (UBHI, SAMPLE_DEPTH_M, POROSITY, PERMEABILITY, WATER_SAT, FORMATION) VALUES ('WELL00000000006-BH2', 1040, 0.2692, 326.2624, 0.4793, 'Barmer');
INSERT INTO welldata.PETROPHYSICS (UBHI, SAMPLE_DEPTH_M, POROSITY, PERMEABILITY, WATER_SAT, FORMATION) VALUES ('WELL00000000006-BH2', 1060, 0.2489, 243.7346, 0.6039, 'Sanchore');
INSERT INTO welldata.PETROPHYSICS (UBHI, SAMPLE_DEPTH_M, POROSITY, PERMEABILITY, WATER_SAT, FORMATION) VALUES ('WELL00000000006-BH2', 1080, 0.2064, 416.0103, 0.3167, 'Bengal');
INSERT INTO welldata.PETROPHYSICS (UBHI, SAMPLE_DEPTH_M, POROSITY, PERMEABILITY, WATER_SAT, FORMATION) VALUES ('WELL00000000006-BH2', 1100, 0.1823, 94.409, 0.7123, 'Barmer');
INSERT INTO welldata.PETROPHYSICS (UBHI, SAMPLE_DEPTH_M, POROSITY, PERMEABILITY, WATER_SAT, FORMATION) VALUES ('WELL00000000006-BH2', 1120, 0.2001, 170.5552, 0.3005, 'Barmer');
INSERT INTO welldata.PETROPHYSICS (UBHI, SAMPLE_DEPTH_M, POROSITY, PERMEABILITY, WATER_SAT, FORMATION) VALUES ('WELL00000000006-BH2', 1140, 0.2684, 294.9604, 0.6514, 'Bengal');
INSERT INTO welldata.PETROPHYSICS (UBHI, SAMPLE_DEPTH_M, POROSITY, PERMEABILITY, WATER_SAT, FORMATION) VALUES ('WELL00000000006-BH2', 1160, 0.0585, 208.1637, 0.2794, 'Bengal');
INSERT INTO welldata.PETROPHYSICS (UBHI, SAMPLE_DEPTH_M, POROSITY, PERMEABILITY, WATER_SAT, FORMATION) VALUES ('WELL00000000006-BH2', 1180, 0.1515, 423.91, 0.5232, 'Barmer');
INSERT INTO welldata.PETROPHYSICS (UBHI, SAMPLE_DEPTH_M, POROSITY, PERMEABILITY, WATER_SAT, FORMATION) VALUES ('WELL00000000006-BH2', 1200, 0.1476, 155.786, 0.541, 'Sanchore');
INSERT INTO welldata.PETROPHYSICS (UBHI, SAMPLE_DEPTH_M, POROSITY, PERMEABILITY, WATER_SAT, FORMATION) VALUES ('WELL00000000006-BH2', 1220, 0.2637, 201.7537, 0.3056, 'Sanchore');
INSERT INTO welldata.PETROPHYSICS (UBHI, SAMPLE_DEPTH_M, POROSITY, PERMEABILITY, WATER_SAT, FORMATION) VALUES ('WELL00000000006-BH2', 1240, 0.1568, 57.9691, 0.6355, 'Bengal');
INSERT INTO welldata.PETROPHYSICS (UBHI, SAMPLE_DEPTH_M, POROSITY, PERMEABILITY, WATER_SAT, FORMATION) VALUES ('WELL00000000006-BH2', 1260, 0.2398, 285.1787, 0.6635, 'Barmer');
INSERT INTO welldata.PETROPHYSICS (UBHI, SAMPLE_DEPTH_M, POROSITY, PERMEABILITY, WATER_SAT, FORMATION) VALUES ('WELL00000000006-BH2', 1280, 0.1084, 403.3931, 0.7068, 'Sanchore');
INSERT INTO welldata.PETROPHYSICS (UBHI, SAMPLE_DEPTH_M, POROSITY, PERMEABILITY, WATER_SAT, FORMATION) VALUES ('WELL00000000006-BH2', 1300, 0.1558, 152.1549, 0.4467, 'Bengal');
INSERT INTO welldata.PETROPHYSICS (UBHI, SAMPLE_DEPTH_M, POROSITY, PERMEABILITY, WATER_SAT, FORMATION) VALUES ('WELL00000000006-BH2', 1320, 0.0552, 118.5614, 0.6976, 'Rajahmundry');
INSERT INTO welldata.PETROPHYSICS (UBHI, SAMPLE_DEPTH_M, POROSITY, PERMEABILITY, WATER_SAT, FORMATION) VALUES ('WELL00000000006-BH2', 1340, 0.0404, 261.7017, 0.5141, 'Rajahmundry');
INSERT INTO welldata.PETROPHYSICS (UBHI, SAMPLE_DEPTH_M, POROSITY, PERMEABILITY, WATER_SAT, FORMATION) VALUES ('WELL00000000006-BH2', 1360, 0.1935, 169.871, 0.2378, 'Bengal');
INSERT INTO welldata.PETROPHYSICS (UBHI, SAMPLE_DEPTH_M, POROSITY, PERMEABILITY, WATER_SAT, FORMATION) VALUES ('WELL00000000006-BH2', 1380, 0.1566, 416.8269, 0.209, 'Sanchore');
INSERT INTO welldata.PETROPHYSICS (UBHI, SAMPLE_DEPTH_M, POROSITY, PERMEABILITY, WATER_SAT, FORMATION) VALUES ('WELL00000000006-BH2', 1400, 0.1373, 163.3998, 0.6805, 'Bengal');
INSERT INTO welldata.PETROPHYSICS (UBHI, SAMPLE_DEPTH_M, POROSITY, PERMEABILITY, WATER_SAT, FORMATION) VALUES ('WELL00000000006-BH2', 1420, 0.2555, 119.2756, 0.6559, 'Sanchore');
INSERT INTO welldata.PETROPHYSICS (UBHI, SAMPLE_DEPTH_M, POROSITY, PERMEABILITY, WATER_SAT, FORMATION) VALUES ('WELL00000000006-BH2', 1440, 0.2051, 211.5739, 0.225, 'Bengal');
INSERT INTO welldata.PETROPHYSICS (UBHI, SAMPLE_DEPTH_M, POROSITY, PERMEABILITY, WATER_SAT, FORMATION) VALUES ('WELL00000000006-BH2', 1460, 0.1219, 344.5076, 0.4781, 'Rajahmundry');
INSERT INTO welldata.PETROPHYSICS (UBHI, SAMPLE_DEPTH_M, POROSITY, PERMEABILITY, WATER_SAT, FORMATION) VALUES ('WELL00000000006-BH2', 1480, 0.182, 294.8236, 0.6654, 'Barmer');
INSERT INTO welldata.PETROPHYSICS (UBHI, SAMPLE_DEPTH_M, POROSITY, PERMEABILITY, WATER_SAT, FORMATION) VALUES ('WELL00000000006-BH2', 1500, 0.1816, 238.5994, 0.5059, 'Barmer');
INSERT INTO welldata.PETROPHYSICS (UBHI, SAMPLE_DEPTH_M, POROSITY, PERMEABILITY, WATER_SAT, FORMATION) VALUES ('WELL00000000006-BH2', 1520, 0.2502, 146.1383, 0.545, 'Rajahmundry');
INSERT INTO welldata.PETROPHYSICS (UBHI, SAMPLE_DEPTH_M, POROSITY, PERMEABILITY, WATER_SAT, FORMATION) VALUES ('WELL00000000006-BH2', 1540, 0.1637, 289.8133, 0.1874, 'Barmer');
INSERT INTO welldata.PETROPHYSICS (UBHI, SAMPLE_DEPTH_M, POROSITY, PERMEABILITY, WATER_SAT, FORMATION) VALUES ('WELL00000000006-BH2', 1560, 0.0747, 334.4733, 0.1518, 'Sanchore');
INSERT INTO welldata.PETROPHYSICS (UBHI, SAMPLE_DEPTH_M, POROSITY, PERMEABILITY, WATER_SAT, FORMATION) VALUES ('WELL00000000006-BH2', 1580, 0.2025, 276.7525, 0.4968, 'Bengal');
INSERT INTO welldata.PETROPHYSICS (UBHI, SAMPLE_DEPTH_M, POROSITY, PERMEABILITY, WATER_SAT, FORMATION) VALUES ('WELL00000000006-BH2', 1600, 0.1101, 120.0819, 0.5606, 'Barmer');
INSERT INTO welldata.PETROPHYSICS (UBHI, SAMPLE_DEPTH_M, POROSITY, PERMEABILITY, WATER_SAT, FORMATION) VALUES ('WELL00000000006-BH2', 1620, 0.1223, 205.8982, 0.1784, 'Sanchore');
INSERT INTO welldata.PETROPHYSICS (UBHI, SAMPLE_DEPTH_M, POROSITY, PERMEABILITY, WATER_SAT, FORMATION) VALUES ('WELL00000000006-BH2', 1640, 0.2739, 339.1933, 0.3445, 'Barmer');
INSERT INTO welldata.PETROPHYSICS (UBHI, SAMPLE_DEPTH_M, POROSITY, PERMEABILITY, WATER_SAT, FORMATION) VALUES ('WELL00000000006-BH2', 1660, 0.2733, 90.7506, 0.3547, 'Barmer');
INSERT INTO welldata.PETROPHYSICS (UBHI, SAMPLE_DEPTH_M, POROSITY, PERMEABILITY, WATER_SAT, FORMATION) VALUES ('WELL00000000006-BH2', 1680, 0.0856, 36.2159, 0.2683, 'Bengal');
INSERT INTO welldata.PETROPHYSICS (UBHI, SAMPLE_DEPTH_M, POROSITY, PERMEABILITY, WATER_SAT, FORMATION) VALUES ('WELL00000000006-BH2', 1700, 0.0401, 163.2866, 0.4925, 'Rajahmundry');
INSERT INTO welldata.PETROPHYSICS (UBHI, SAMPLE_DEPTH_M, POROSITY, PERMEABILITY, WATER_SAT, FORMATION) VALUES ('WELL00000000006-BH2', 1720, 0.2388, 101.7922, 0.5384, 'Rajahmundry');
INSERT INTO welldata.PETROPHYSICS (UBHI, SAMPLE_DEPTH_M, POROSITY, PERMEABILITY, WATER_SAT, FORMATION) VALUES ('WELL00000000006-BH2', 1740, 0.0638, 150.541, 0.1599, 'Sanchore');
INSERT INTO welldata.PETROPHYSICS (UBHI, SAMPLE_DEPTH_M, POROSITY, PERMEABILITY, WATER_SAT, FORMATION) VALUES ('WELL00000000006-BH2', 1760, 0.2681, 254.0568, 0.7389, 'Barmer');
INSERT INTO welldata.PETROPHYSICS (UBHI, SAMPLE_DEPTH_M, POROSITY, PERMEABILITY, WATER_SAT, FORMATION) VALUES ('WELL00000000006-BH2', 1780, 0.1685, 216.0496, 0.5357, 'Barmer');
INSERT INTO welldata.PETROPHYSICS (UBHI, SAMPLE_DEPTH_M, POROSITY, PERMEABILITY, WATER_SAT, FORMATION) VALUES ('WELL00000000006-BH2', 1800, 0.1332, 278.598, 0.6235, 'Bengal');
INSERT INTO welldata.PETROPHYSICS (UBHI, SAMPLE_DEPTH_M, POROSITY, PERMEABILITY, WATER_SAT, FORMATION) VALUES ('WELL00000000006-BH2', 1820, 0.1046, 438.8016, 0.2708, 'Rajahmundry');
INSERT INTO welldata.PETROPHYSICS (UBHI, SAMPLE_DEPTH_M, POROSITY, PERMEABILITY, WATER_SAT, FORMATION) VALUES ('WELL00000000006-BH2', 1840, 0.1479, 140.6858, 0.5067, 'Bengal');
INSERT INTO welldata.PETROPHYSICS (UBHI, SAMPLE_DEPTH_M, POROSITY, PERMEABILITY, WATER_SAT, FORMATION) VALUES ('WELL00000000006-BH2', 1860, 0.2075, 429.4644, 0.6868, 'Rajahmundry');
INSERT INTO welldata.PETROPHYSICS (UBHI, SAMPLE_DEPTH_M, POROSITY, PERMEABILITY, WATER_SAT, FORMATION) VALUES ('WELL00000000006-BH2', 1880, 0.1867, 305.3899, 0.4536, 'Sanchore');
INSERT INTO welldata.PETROPHYSICS (UBHI, SAMPLE_DEPTH_M, POROSITY, PERMEABILITY, WATER_SAT, FORMATION) VALUES ('WELL00000000006-BH2', 1900, 0.199, 54.6591, 0.3053, 'Bengal');
INSERT INTO welldata.PETROPHYSICS (UBHI, SAMPLE_DEPTH_M, POROSITY, PERMEABILITY, WATER_SAT, FORMATION) VALUES ('WELL00000000006-BH2', 1920, 0.0401, 215.3794, 0.6476, 'Rajahmundry');
INSERT INTO welldata.PETROPHYSICS (UBHI, SAMPLE_DEPTH_M, POROSITY, PERMEABILITY, WATER_SAT, FORMATION) VALUES ('WELL00000000006-BH2', 1940, 0.2774, 141.5825, 0.3233, 'Sanchore');
INSERT INTO welldata.PETROPHYSICS (UBHI, SAMPLE_DEPTH_M, POROSITY, PERMEABILITY, WATER_SAT, FORMATION) VALUES ('WELL00000000006-BH2', 1960, 0.2614, 268.6935, 0.6537, 'Barmer');
INSERT INTO welldata.PETROPHYSICS (UBHI, SAMPLE_DEPTH_M, POROSITY, PERMEABILITY, WATER_SAT, FORMATION) VALUES ('WELL00000000006-BH2', 1980, 0.2095, 29.2422, 0.7009, 'Rajahmundry');
INSERT INTO welldata.PETROPHYSICS (UBHI, SAMPLE_DEPTH_M, POROSITY, PERMEABILITY, WATER_SAT, FORMATION) VALUES ('WELL00000000006-BH2', 2000, 0.1933, 118.6675, 0.4288, 'Bengal');
INSERT INTO welldata.PETROPHYSICS (UBHI, SAMPLE_DEPTH_M, POROSITY, PERMEABILITY, WATER_SAT, FORMATION) VALUES ('WELL00000000006-BH2', 2020, 0.2271, 293.2521, 0.6236, 'Rajahmundry');
INSERT INTO welldata.PETROPHYSICS (UBHI, SAMPLE_DEPTH_M, POROSITY, PERMEABILITY, WATER_SAT, FORMATION) VALUES ('WELL00000000006-BH2', 2040, 0.1241, 386.0565, 0.3254, 'Rajahmundry');
INSERT INTO welldata.PETROPHYSICS (UBHI, SAMPLE_DEPTH_M, POROSITY, PERMEABILITY, WATER_SAT, FORMATION) VALUES ('WELL00000000006-BH2', 2060, 0.1969, 330.7928, 0.5004, 'Rajahmundry');
INSERT INTO welldata.PETROPHYSICS (UBHI, SAMPLE_DEPTH_M, POROSITY, PERMEABILITY, WATER_SAT, FORMATION) VALUES ('WELL00000000006-BH2', 2080, 0.0618, 286.6949, 0.2416, 'Sanchore');
INSERT INTO welldata.PETROPHYSICS (UBHI, SAMPLE_DEPTH_M, POROSITY, PERMEABILITY, WATER_SAT, FORMATION) VALUES ('WELL00000000006-BH2', 2100, 0.2694, 289.4528, 0.718, 'Rajahmundry');
INSERT INTO welldata.PETROPHYSICS (UBHI, SAMPLE_DEPTH_M, POROSITY, PERMEABILITY, WATER_SAT, FORMATION) VALUES ('WELL00000000006-BH2', 2120, 0.0701, 52.6227, 0.2338, 'Barmer');
INSERT INTO welldata.PETROPHYSICS (UBHI, SAMPLE_DEPTH_M, POROSITY, PERMEABILITY, WATER_SAT, FORMATION) VALUES ('WELL00000000006-BH2', 2140, 0.1225, 253.6148, 0.2734, 'Bengal');
INSERT INTO welldata.PETROPHYSICS (UBHI, SAMPLE_DEPTH_M, POROSITY, PERMEABILITY, WATER_SAT, FORMATION) VALUES ('WELL00000000006-BH2', 2160, 0.0692, 316.0419, 0.554, 'Sanchore');
INSERT INTO welldata.PETROPHYSICS (UBHI, SAMPLE_DEPTH_M, POROSITY, PERMEABILITY, WATER_SAT, FORMATION) VALUES ('WELL00000000006-BH2', 2180, 0.2787, 132.7056, 0.6727, 'Sanchore');
INSERT INTO welldata.PETROPHYSICS (UBHI, SAMPLE_DEPTH_M, POROSITY, PERMEABILITY, WATER_SAT, FORMATION) VALUES ('WELL00000000006-BH2', 2200, 0.1412, 205.5151, 0.4168, 'Bengal');
INSERT INTO welldata.PETROPHYSICS (UBHI, SAMPLE_DEPTH_M, POROSITY, PERMEABILITY, WATER_SAT, FORMATION) VALUES ('WELL00000000006-BH2', 2220, 0.2014, 380.5626, 0.4904, 'Barmer');
INSERT INTO welldata.PETROPHYSICS (UBHI, SAMPLE_DEPTH_M, POROSITY, PERMEABILITY, WATER_SAT, FORMATION) VALUES ('WELL00000000006-BH2', 2240, 0.0606, 121.6024, 0.23, 'Barmer');
INSERT INTO welldata.PETROPHYSICS (UBHI, SAMPLE_DEPTH_M, POROSITY, PERMEABILITY, WATER_SAT, FORMATION) VALUES ('WELL00000000006-BH2', 2260, 0.0721, 198.0168, 0.4056, 'Rajahmundry');
INSERT INTO welldata.PETROPHYSICS (UBHI, SAMPLE_DEPTH_M, POROSITY, PERMEABILITY, WATER_SAT, FORMATION) VALUES ('WELL00000000006-BH2', 2280, 0.2041, 109.9419, 0.1629, 'Barmer');
INSERT INTO welldata.PETROPHYSICS (UBHI, SAMPLE_DEPTH_M, POROSITY, PERMEABILITY, WATER_SAT, FORMATION) VALUES ('WELL00000000006-BH2', 2300, 0.0405, 175.1033, 0.2161, 'Bengal');
INSERT INTO welldata.PETROPHYSICS (UBHI, SAMPLE_DEPTH_M, POROSITY, PERMEABILITY, WATER_SAT, FORMATION) VALUES ('WELL00000000006-BH2', 2320, 0.1879, 362.8791, 0.2317, 'Bengal');
INSERT INTO welldata.PETROPHYSICS (UBHI, SAMPLE_DEPTH_M, POROSITY, PERMEABILITY, WATER_SAT, FORMATION) VALUES ('WELL00000000006-BH2', 2340, 0.1272, 216.164, 0.5991, 'Rajahmundry');
INSERT INTO welldata.PETROPHYSICS (UBHI, SAMPLE_DEPTH_M, POROSITY, PERMEABILITY, WATER_SAT, FORMATION) VALUES ('WELL00000000006-BH2', 2360, 0.1755, 250.6213, 0.187, 'Sanchore');
INSERT INTO welldata.PETROPHYSICS (UBHI, SAMPLE_DEPTH_M, POROSITY, PERMEABILITY, WATER_SAT, FORMATION) VALUES ('WELL00000000006-BH2', 2380, 0.141, 19.3011, 0.3363, 'Sanchore');
INSERT INTO welldata.PETROPHYSICS (UBHI, SAMPLE_DEPTH_M, POROSITY, PERMEABILITY, WATER_SAT, FORMATION) VALUES ('WELL00000000006-BH2', 2400, 0.2115, 247.0025, 0.2137, 'Rajahmundry');
INSERT INTO welldata.PETROPHYSICS (UBHI, SAMPLE_DEPTH_M, POROSITY, PERMEABILITY, WATER_SAT, FORMATION) VALUES ('WELL00000000006-BH2', 2420, 0.1285, 9.5179, 0.3702, 'Rajahmundry');
INSERT INTO welldata.PETROPHYSICS (UBHI, SAMPLE_DEPTH_M, POROSITY, PERMEABILITY, WATER_SAT, FORMATION) VALUES ('WELL00000000006-BH2', 2440, 0.1336, 144.6903, 0.5233, 'Bengal');
INSERT INTO welldata.PETROPHYSICS (UBHI, SAMPLE_DEPTH_M, POROSITY, PERMEABILITY, WATER_SAT, FORMATION) VALUES ('WELL00000000006-BH2', 2460, 0.2358, 40.485, 0.3774, 'Barmer');
INSERT INTO welldata.PETROPHYSICS (UBHI, SAMPLE_DEPTH_M, POROSITY, PERMEABILITY, WATER_SAT, FORMATION) VALUES ('WELL00000000006-BH2', 2480, 0.1124, 291.1002, 0.2253, 'Bengal');
INSERT INTO welldata.PETROPHYSICS (UBHI, SAMPLE_DEPTH_M, POROSITY, PERMEABILITY, WATER_SAT, FORMATION) VALUES ('WELL00000000006-BH2', 2500, 0.1107, 171.5365, 0.286, 'Bengal');
INSERT INTO welldata.PETROPHYSICS (UBHI, SAMPLE_DEPTH_M, POROSITY, PERMEABILITY, WATER_SAT, FORMATION) VALUES ('WELL00000000006-BH2', 2520, 0.1844, 269.6413, 0.6925, 'Rajahmundry');
INSERT INTO welldata.PETROPHYSICS (UBHI, SAMPLE_DEPTH_M, POROSITY, PERMEABILITY, WATER_SAT, FORMATION) VALUES ('WELL00000000006-BH2', 2540, 0.0433, 92.4447, 0.1818, 'Bengal');
INSERT INTO welldata.PETROPHYSICS (UBHI, SAMPLE_DEPTH_M, POROSITY, PERMEABILITY, WATER_SAT, FORMATION) VALUES ('WELL00000000006-BH2', 2560, 0.2731, 418.4647, 0.2748, 'Sanchore');
INSERT INTO welldata.PETROPHYSICS (UBHI, SAMPLE_DEPTH_M, POROSITY, PERMEABILITY, WATER_SAT, FORMATION) VALUES ('WELL00000000006-BH2', 2580, 0.1657, 43.3527, 0.4016, 'Rajahmundry');
INSERT INTO welldata.PETROPHYSICS (UBHI, SAMPLE_DEPTH_M, POROSITY, PERMEABILITY, WATER_SAT, FORMATION) VALUES ('WELL00000000006-BH2', 2600, 0.1442, 283.7685, 0.5763, 'Sanchore');
INSERT INTO welldata.PETROPHYSICS (UBHI, SAMPLE_DEPTH_M, POROSITY, PERMEABILITY, WATER_SAT, FORMATION) VALUES ('WELL00000000006-BH2', 2620, 0.072, 99.4378, 0.4905, 'Bengal');
INSERT INTO welldata.PETROPHYSICS (UBHI, SAMPLE_DEPTH_M, POROSITY, PERMEABILITY, WATER_SAT, FORMATION) VALUES ('WELL00000000006-BH2', 2640, 0.1751, 308.0528, 0.5594, 'Sanchore');
INSERT INTO welldata.PETROPHYSICS (UBHI, SAMPLE_DEPTH_M, POROSITY, PERMEABILITY, WATER_SAT, FORMATION) VALUES ('WELL00000000006-BH2', 2660, 0.0684, 338.393, 0.5892, 'Bengal');
INSERT INTO welldata.PETROPHYSICS (UBHI, SAMPLE_DEPTH_M, POROSITY, PERMEABILITY, WATER_SAT, FORMATION) VALUES ('WELL00000000006-BH2', 2680, 0.2103, 166.3673, 0.4225, 'Sanchore');
INSERT INTO welldata.PETROPHYSICS (UBHI, SAMPLE_DEPTH_M, POROSITY, PERMEABILITY, WATER_SAT, FORMATION) VALUES ('WELL00000000006-BH2', 2700, 0.234, 141.0627, 0.1625, 'Barmer');
INSERT INTO welldata.PETROPHYSICS (UBHI, SAMPLE_DEPTH_M, POROSITY, PERMEABILITY, WATER_SAT, FORMATION) VALUES ('WELL00000000006-BH2', 2720, 0.2454, 74.869, 0.4581, 'Barmer');
INSERT INTO welldata.PETROPHYSICS (UBHI, SAMPLE_DEPTH_M, POROSITY, PERMEABILITY, WATER_SAT, FORMATION) VALUES ('WELL00000000006-BH2', 2740, 0.2672, 44.351, 0.2153, 'Bengal');
INSERT INTO welldata.PETROPHYSICS (UBHI, SAMPLE_DEPTH_M, POROSITY, PERMEABILITY, WATER_SAT, FORMATION) VALUES ('WELL00000000006-BH2', 2760, 0.202, 118.1425, 0.2603, 'Sanchore');
INSERT INTO welldata.PETROPHYSICS (UBHI, SAMPLE_DEPTH_M, POROSITY, PERMEABILITY, WATER_SAT, FORMATION) VALUES ('WELL00000000006-BH2', 2780, 0.2221, 69.1958, 0.5592, 'Rajahmundry');
INSERT INTO welldata.PETROPHYSICS (UBHI, SAMPLE_DEPTH_M, POROSITY, PERMEABILITY, WATER_SAT, FORMATION) VALUES ('WELL00000000006-BH2', 2800, 0.1107, 97.7269, 0.1897, 'Bengal');
INSERT INTO welldata.PETROPHYSICS (UBHI, SAMPLE_DEPTH_M, POROSITY, PERMEABILITY, WATER_SAT, FORMATION) VALUES ('WELL00000000006-BH2', 2820, 0.1635, 83.0251, 0.3304, 'Bengal');
INSERT INTO welldata.PETROPHYSICS (UBHI, SAMPLE_DEPTH_M, POROSITY, PERMEABILITY, WATER_SAT, FORMATION) VALUES ('WELL00000000006-BH2', 2840, 0.1474, 401.985, 0.5696, 'Bengal');
INSERT INTO welldata.PETROPHYSICS (UBHI, SAMPLE_DEPTH_M, POROSITY, PERMEABILITY, WATER_SAT, FORMATION) VALUES ('WELL00000000006-BH2', 2860, 0.1994, 341.4446, 0.3775, 'Bengal');
INSERT INTO welldata.PETROPHYSICS (UBHI, SAMPLE_DEPTH_M, POROSITY, PERMEABILITY, WATER_SAT, FORMATION) VALUES ('WELL00000000006-BH2', 2880, 0.2575, 397.3587, 0.6357, 'Barmer');
INSERT INTO welldata.PETROPHYSICS (UBHI, SAMPLE_DEPTH_M, POROSITY, PERMEABILITY, WATER_SAT, FORMATION) VALUES ('WELL00000000006-BH2', 2900, 0.2399, 364.8289, 0.6094, 'Rajahmundry');
INSERT INTO welldata.PETROPHYSICS (UBHI, SAMPLE_DEPTH_M, POROSITY, PERMEABILITY, WATER_SAT, FORMATION) VALUES ('WELL00000000006-BH2', 2920, 0.2493, 49.4565, 0.3634, 'Barmer');
INSERT INTO welldata.PETROPHYSICS (UBHI, SAMPLE_DEPTH_M, POROSITY, PERMEABILITY, WATER_SAT, FORMATION) VALUES ('WELL00000000006-BH2', 2940, 0.187, 197.2639, 0.1963, 'Rajahmundry');
INSERT INTO welldata.PETROPHYSICS (UBHI, SAMPLE_DEPTH_M, POROSITY, PERMEABILITY, WATER_SAT, FORMATION) VALUES ('WELL00000000006-BH2', 2960, 0.0817, 360.5561, 0.3084, 'Barmer');
INSERT INTO welldata.PETROPHYSICS (UBHI, SAMPLE_DEPTH_M, POROSITY, PERMEABILITY, WATER_SAT, FORMATION) VALUES ('WELL00000000006-BH2', 2980, 0.2517, 318.6119, 0.5898, 'Rajahmundry');
INSERT INTO welldata.PETROPHYSICS (UBHI, SAMPLE_DEPTH_M, POROSITY, PERMEABILITY, WATER_SAT, FORMATION) VALUES ('WELL00000000006-BH2', 3000, 0.1241, 312.3432, 0.1604, 'Barmer');
INSERT INTO welldata.PRODUCTION (UWI, PROD_DATE, OIL_BBL, GAS_MCF, WATER_BBL, HOURS_ON) VALUES ('WELL00000000006', TO_DATE('2015-01-01','YYYY-MM-DD'), 1120.09, 7036.72, 595.98, 707.1);
INSERT INTO welldata.PRODUCTION (UWI, PROD_DATE, OIL_BBL, GAS_MCF, WATER_BBL, HOURS_ON) VALUES ('WELL00000000006', TO_DATE('2015-02-01','YYYY-MM-DD'), 2824.25, 11128.44, 1039.24, 380.93);
INSERT INTO welldata.PRODUCTION (UWI, PROD_DATE, OIL_BBL, GAS_MCF, WATER_BBL, HOURS_ON) VALUES ('WELL00000000006', TO_DATE('2015-03-01','YYYY-MM-DD'), 328.82, 8513.66, 1390.67, 383.46);
INSERT INTO welldata.PRODUCTION (UWI, PROD_DATE, OIL_BBL, GAS_MCF, WATER_BBL, HOURS_ON) VALUES ('WELL00000000006', TO_DATE('2015-04-01','YYYY-MM-DD'), 428.8, 9883.21, 305.87, 706.5);
INSERT INTO welldata.PRODUCTION (UWI, PROD_DATE, OIL_BBL, GAS_MCF, WATER_BBL, HOURS_ON) VALUES ('WELL00000000006', TO_DATE('2015-05-01','YYYY-MM-DD'), 237.09, 8478.38, 107.61, 489.22);
INSERT INTO welldata.PRODUCTION (UWI, PROD_DATE, OIL_BBL, GAS_MCF, WATER_BBL, HOURS_ON) VALUES ('WELL00000000006', TO_DATE('2015-06-01','YYYY-MM-DD'), 809.77, 398.16, 507.66, 590.22);
INSERT INTO welldata.PRODUCTION (UWI, PROD_DATE, OIL_BBL, GAS_MCF, WATER_BBL, HOURS_ON) VALUES ('WELL00000000006', TO_DATE('2015-07-01','YYYY-MM-DD'), 1044.08, 1184.72, 875.63, 598.24);
INSERT INTO welldata.PRODUCTION (UWI, PROD_DATE, OIL_BBL, GAS_MCF, WATER_BBL, HOURS_ON) VALUES ('WELL00000000006', TO_DATE('2015-08-01','YYYY-MM-DD'), 860.33, 8527.98, 494.36, 649.92);
INSERT INTO welldata.PRODUCTION (UWI, PROD_DATE, OIL_BBL, GAS_MCF, WATER_BBL, HOURS_ON) VALUES ('WELL00000000006', TO_DATE('2015-09-01','YYYY-MM-DD'), 252.06, 8379.38, 1357.77, 644.74);
INSERT INTO welldata.PRODUCTION (UWI, PROD_DATE, OIL_BBL, GAS_MCF, WATER_BBL, HOURS_ON) VALUES ('WELL00000000006', TO_DATE('2015-10-01','YYYY-MM-DD'), 1094.11, 8485.5, 318.22, 512.91);
INSERT INTO welldata.PRODUCTION (UWI, PROD_DATE, OIL_BBL, GAS_MCF, WATER_BBL, HOURS_ON) VALUES ('WELL00000000006', TO_DATE('2015-11-01','YYYY-MM-DD'), 2122.83, 2672.15, 693.42, 244.0);
INSERT INTO welldata.PRODUCTION (UWI, PROD_DATE, OIL_BBL, GAS_MCF, WATER_BBL, HOURS_ON) VALUES ('WELL00000000006', TO_DATE('2015-12-01','YYYY-MM-DD'), 2459.27, 10323.07, 959.72, 620.68);
INSERT INTO welldata.PRODUCTION (UWI, PROD_DATE, OIL_BBL, GAS_MCF, WATER_BBL, HOURS_ON) VALUES ('WELL00000000006', TO_DATE('2016-01-01','YYYY-MM-DD'), 1808.26, 3731.8, 1059.61, 585.22);
INSERT INTO welldata.PRODUCTION (UWI, PROD_DATE, OIL_BBL, GAS_MCF, WATER_BBL, HOURS_ON) VALUES ('WELL00000000006', TO_DATE('2016-02-01','YYYY-MM-DD'), 471.52, 8703.76, 1101.52, 642.99);
INSERT INTO welldata.PRODUCTION (UWI, PROD_DATE, OIL_BBL, GAS_MCF, WATER_BBL, HOURS_ON) VALUES ('WELL00000000006', TO_DATE('2016-03-01','YYYY-MM-DD'), 845.75, 344.91, 832.52, 476.26);
INSERT INTO welldata.PRODUCTION (UWI, PROD_DATE, OIL_BBL, GAS_MCF, WATER_BBL, HOURS_ON) VALUES ('WELL00000000006', TO_DATE('2016-04-01','YYYY-MM-DD'), 1093.53, 12457.87, 1077.69, 692.2);
INSERT INTO welldata.PRODUCTION (UWI, PROD_DATE, OIL_BBL, GAS_MCF, WATER_BBL, HOURS_ON) VALUES ('WELL00000000006', TO_DATE('2016-05-01','YYYY-MM-DD'), 84.64, 1202.3, 284.3, 180.36);
INSERT INTO welldata.PRODUCTION (UWI, PROD_DATE, OIL_BBL, GAS_MCF, WATER_BBL, HOURS_ON) VALUES ('WELL00000000006', TO_DATE('2016-06-01','YYYY-MM-DD'), 617.15, 4433.72, 1293.91, 306.73);
INSERT INTO welldata.PRODUCTION (UWI, PROD_DATE, OIL_BBL, GAS_MCF, WATER_BBL, HOURS_ON) VALUES ('WELL00000000006', TO_DATE('2016-07-01','YYYY-MM-DD'), 2723.58, 763.99, 1389.18, 370.37);
INSERT INTO welldata.PRODUCTION (UWI, PROD_DATE, OIL_BBL, GAS_MCF, WATER_BBL, HOURS_ON) VALUES ('WELL00000000006', TO_DATE('2016-08-01','YYYY-MM-DD'), 1422.38, 9152.97, 431.98, 536.55);
INSERT INTO welldata.PRODUCTION (UWI, PROD_DATE, OIL_BBL, GAS_MCF, WATER_BBL, HOURS_ON) VALUES ('WELL00000000006', TO_DATE('2016-09-01','YYYY-MM-DD'), 435.8, 549.77, 1409.24, 576.77);
INSERT INTO welldata.PRODUCTION (UWI, PROD_DATE, OIL_BBL, GAS_MCF, WATER_BBL, HOURS_ON) VALUES ('WELL00000000006', TO_DATE('2016-10-01','YYYY-MM-DD'), 1430.38, 6598.41, 407.68, 234.54);
INSERT INTO welldata.PRODUCTION (UWI, PROD_DATE, OIL_BBL, GAS_MCF, WATER_BBL, HOURS_ON) VALUES ('WELL00000000006', TO_DATE('2016-11-01','YYYY-MM-DD'), 2291.63, 1400.43, 297.42, 166.06);
INSERT INTO welldata.PRODUCTION (UWI, PROD_DATE, OIL_BBL, GAS_MCF, WATER_BBL, HOURS_ON) VALUES ('WELL00000000006', TO_DATE('2016-12-01','YYYY-MM-DD'), 400.76, 4340.02, 189.05, 636.41);
INSERT INTO welldata.PRODUCTION (UWI, PROD_DATE, OIL_BBL, GAS_MCF, WATER_BBL, HOURS_ON) VALUES ('WELL00000000006', TO_DATE('2017-01-01','YYYY-MM-DD'), 2974.14, 2923.47, 1090.58, 427.23);
INSERT INTO welldata.PRODUCTION (UWI, PROD_DATE, OIL_BBL, GAS_MCF, WATER_BBL, HOURS_ON) VALUES ('WELL00000000006', TO_DATE('2017-02-01','YYYY-MM-DD'), 1182.51, 4314.26, 714.5, 541.99);
INSERT INTO welldata.PRODUCTION (UWI, PROD_DATE, OIL_BBL, GAS_MCF, WATER_BBL, HOURS_ON) VALUES ('WELL00000000006', TO_DATE('2017-03-01','YYYY-MM-DD'), 1824.9, 7115.29, 715.95, 447.92);
INSERT INTO welldata.PRODUCTION (UWI, PROD_DATE, OIL_BBL, GAS_MCF, WATER_BBL, HOURS_ON) VALUES ('WELL00000000006', TO_DATE('2017-04-01','YYYY-MM-DD'), 388.13, 10146.75, 693.0, 228.74);
INSERT INTO welldata.PRODUCTION (UWI, PROD_DATE, OIL_BBL, GAS_MCF, WATER_BBL, HOURS_ON) VALUES ('WELL00000000006', TO_DATE('2017-05-01','YYYY-MM-DD'), 716.93, 8743.49, 960.47, 712.6);
INSERT INTO welldata.PRODUCTION (UWI, PROD_DATE, OIL_BBL, GAS_MCF, WATER_BBL, HOURS_ON) VALUES ('WELL00000000006', TO_DATE('2017-06-01','YYYY-MM-DD'), 1027.23, 4724.34, 1253.91, 372.2);
INSERT INTO welldata.PRODUCTION (UWI, PROD_DATE, OIL_BBL, GAS_MCF, WATER_BBL, HOURS_ON) VALUES ('WELL00000000006', TO_DATE('2017-07-01','YYYY-MM-DD'), 547.98, 12804.53, 1196.24, 390.64);
INSERT INTO welldata.PRODUCTION (UWI, PROD_DATE, OIL_BBL, GAS_MCF, WATER_BBL, HOURS_ON) VALUES ('WELL00000000006', TO_DATE('2017-08-01','YYYY-MM-DD'), 2692.55, 3771.81, 55.26, 351.7);
INSERT INTO welldata.PRODUCTION (UWI, PROD_DATE, OIL_BBL, GAS_MCF, WATER_BBL, HOURS_ON) VALUES ('WELL00000000006', TO_DATE('2017-09-01','YYYY-MM-DD'), 2795.97, 10939.86, 267.36, 198.83);
INSERT INTO welldata.PRODUCTION (UWI, PROD_DATE, OIL_BBL, GAS_MCF, WATER_BBL, HOURS_ON) VALUES ('WELL00000000006', TO_DATE('2017-10-01','YYYY-MM-DD'), 1371.7, 8936.73, 1251.44, 551.67);
INSERT INTO welldata.PRODUCTION (UWI, PROD_DATE, OIL_BBL, GAS_MCF, WATER_BBL, HOURS_ON) VALUES ('WELL00000000006', TO_DATE('2017-11-01','YYYY-MM-DD'), 2355.69, 4445.89, 679.19, 599.78);
INSERT INTO welldata.PRODUCTION (UWI, PROD_DATE, OIL_BBL, GAS_MCF, WATER_BBL, HOURS_ON) VALUES ('WELL00000000006', TO_DATE('2017-12-01','YYYY-MM-DD'), 596.37, 3091.29, 1131.06, 677.91);
INSERT INTO welldata.PRODUCTION (UWI, PROD_DATE, OIL_BBL, GAS_MCF, WATER_BBL, HOURS_ON) VALUES ('WELL00000000006', TO_DATE('2018-01-01','YYYY-MM-DD'), 2305.16, 7745.06, 1180.68, 164.03);
INSERT INTO welldata.PRODUCTION (UWI, PROD_DATE, OIL_BBL, GAS_MCF, WATER_BBL, HOURS_ON) VALUES ('WELL00000000006', TO_DATE('2018-02-01','YYYY-MM-DD'), 2402.74, 13374.44, 410.64, 135.1);
INSERT INTO welldata.PRODUCTION (UWI, PROD_DATE, OIL_BBL, GAS_MCF, WATER_BBL, HOURS_ON) VALUES ('WELL00000000006', TO_DATE('2018-03-01','YYYY-MM-DD'), 925.49, 11554.03, 943.61, 457.72);
INSERT INTO welldata.PRODUCTION (UWI, PROD_DATE, OIL_BBL, GAS_MCF, WATER_BBL, HOURS_ON) VALUES ('WELL00000000006', TO_DATE('2018-04-01','YYYY-MM-DD'), 275.31, 1000.69, 1234.18, 517.98);
INSERT INTO welldata.PRODUCTION (UWI, PROD_DATE, OIL_BBL, GAS_MCF, WATER_BBL, HOURS_ON) VALUES ('WELL00000000006', TO_DATE('2018-05-01','YYYY-MM-DD'), 1301.79, 14785.17, 970.57, 397.4);
INSERT INTO welldata.PRODUCTION (UWI, PROD_DATE, OIL_BBL, GAS_MCF, WATER_BBL, HOURS_ON) VALUES ('WELL00000000006', TO_DATE('2018-06-01','YYYY-MM-DD'), 1078.37, 6247.05, 123.49, 508.47);
INSERT INTO welldata.PRODUCTION (UWI, PROD_DATE, OIL_BBL, GAS_MCF, WATER_BBL, HOURS_ON) VALUES ('WELL00000000006', TO_DATE('2018-07-01','YYYY-MM-DD'), 1021.81, 11770.77, 1063.81, 289.39);
INSERT INTO welldata.PRODUCTION (UWI, PROD_DATE, OIL_BBL, GAS_MCF, WATER_BBL, HOURS_ON) VALUES ('WELL00000000006', TO_DATE('2018-08-01','YYYY-MM-DD'), 2149.18, 2385.29, 781.33, 385.11);
INSERT INTO welldata.PRODUCTION (UWI, PROD_DATE, OIL_BBL, GAS_MCF, WATER_BBL, HOURS_ON) VALUES ('WELL00000000006', TO_DATE('2018-09-01','YYYY-MM-DD'), 1879.98, 11422.41, 1251.74, 519.1);
INSERT INTO welldata.PRODUCTION (UWI, PROD_DATE, OIL_BBL, GAS_MCF, WATER_BBL, HOURS_ON) VALUES ('WELL00000000006', TO_DATE('2018-10-01','YYYY-MM-DD'), 661.53, 2447.04, 158.8, 180.17);
INSERT INTO welldata.PRODUCTION (UWI, PROD_DATE, OIL_BBL, GAS_MCF, WATER_BBL, HOURS_ON) VALUES ('WELL00000000006', TO_DATE('2018-11-01','YYYY-MM-DD'), 798.5, 12232.84, 335.41, 392.0);
INSERT INTO welldata.PRODUCTION (UWI, PROD_DATE, OIL_BBL, GAS_MCF, WATER_BBL, HOURS_ON) VALUES ('WELL00000000006', TO_DATE('2018-12-01','YYYY-MM-DD'), 1288.15, 6415.47, 443.68, 652.74);
INSERT INTO welldata.PRODUCTION (UWI, PROD_DATE, OIL_BBL, GAS_MCF, WATER_BBL, HOURS_ON) VALUES ('WELL00000000006', TO_DATE('2019-01-01','YYYY-MM-DD'), 1415.87, 5771.79, 1159.23, 442.49);
INSERT INTO welldata.PRODUCTION (UWI, PROD_DATE, OIL_BBL, GAS_MCF, WATER_BBL, HOURS_ON) VALUES ('WELL00000000006', TO_DATE('2019-02-01','YYYY-MM-DD'), 1726.15, 1925.36, 1358.14, 634.52);
INSERT INTO welldata.PRODUCTION (UWI, PROD_DATE, OIL_BBL, GAS_MCF, WATER_BBL, HOURS_ON) VALUES ('WELL00000000006', TO_DATE('2019-03-01','YYYY-MM-DD'), 744.73, 3236.33, 577.77, 711.74);
INSERT INTO welldata.PRODUCTION (UWI, PROD_DATE, OIL_BBL, GAS_MCF, WATER_BBL, HOURS_ON) VALUES ('WELL00000000006', TO_DATE('2019-04-01','YYYY-MM-DD'), 351.2, 12488.22, 302.78, 228.67);
INSERT INTO welldata.PRODUCTION (UWI, PROD_DATE, OIL_BBL, GAS_MCF, WATER_BBL, HOURS_ON) VALUES ('WELL00000000006', TO_DATE('2019-05-01','YYYY-MM-DD'), 240.7, 12423.86, 83.89, 363.42);
INSERT INTO welldata.PRODUCTION (UWI, PROD_DATE, OIL_BBL, GAS_MCF, WATER_BBL, HOURS_ON) VALUES ('WELL00000000006', TO_DATE('2019-06-01','YYYY-MM-DD'), 2698.93, 9516.78, 1422.02, 429.61);
INSERT INTO welldata.PRODUCTION (UWI, PROD_DATE, OIL_BBL, GAS_MCF, WATER_BBL, HOURS_ON) VALUES ('WELL00000000006', TO_DATE('2019-07-01','YYYY-MM-DD'), 2861.47, 13895.53, 246.99, 211.24);
INSERT INTO welldata.PRODUCTION (UWI, PROD_DATE, OIL_BBL, GAS_MCF, WATER_BBL, HOURS_ON) VALUES ('WELL00000000006', TO_DATE('2019-08-01','YYYY-MM-DD'), 1877.96, 10479.37, 703.95, 458.5);
INSERT INTO welldata.PRODUCTION (UWI, PROD_DATE, OIL_BBL, GAS_MCF, WATER_BBL, HOURS_ON) VALUES ('WELL00000000006', TO_DATE('2019-09-01','YYYY-MM-DD'), 2517.16, 892.76, 583.49, 350.22);
INSERT INTO welldata.PRODUCTION (UWI, PROD_DATE, OIL_BBL, GAS_MCF, WATER_BBL, HOURS_ON) VALUES ('WELL00000000006', TO_DATE('2019-10-01','YYYY-MM-DD'), 1162.17, 9711.25, 1385.33, 162.38);
INSERT INTO welldata.PRODUCTION (UWI, PROD_DATE, OIL_BBL, GAS_MCF, WATER_BBL, HOURS_ON) VALUES ('WELL00000000006', TO_DATE('2019-11-01','YYYY-MM-DD'), 2131.71, 726.6, 1064.94, 185.26);
INSERT INTO welldata.PRODUCTION (UWI, PROD_DATE, OIL_BBL, GAS_MCF, WATER_BBL, HOURS_ON) VALUES ('WELL00000000006', TO_DATE('2019-12-01','YYYY-MM-DD'), 870.29, 10688.32, 60.53, 630.18);
INSERT INTO welldata.PRODUCTION (UWI, PROD_DATE, OIL_BBL, GAS_MCF, WATER_BBL, HOURS_ON) VALUES ('WELL00000000006', TO_DATE('2020-01-01','YYYY-MM-DD'), 1462.71, 14643.1, 1136.16, 544.39);
INSERT INTO welldata.PRODUCTION (UWI, PROD_DATE, OIL_BBL, GAS_MCF, WATER_BBL, HOURS_ON) VALUES ('WELL00000000006', TO_DATE('2020-02-01','YYYY-MM-DD'), 140.01, 8084.88, 749.4, 705.33);
INSERT INTO welldata.PRODUCTION (UWI, PROD_DATE, OIL_BBL, GAS_MCF, WATER_BBL, HOURS_ON) VALUES ('WELL00000000006', TO_DATE('2020-03-01','YYYY-MM-DD'), 1494.28, 6992.42, 562.43, 639.67);
INSERT INTO welldata.PRODUCTION (UWI, PROD_DATE, OIL_BBL, GAS_MCF, WATER_BBL, HOURS_ON) VALUES ('WELL00000000006', TO_DATE('2020-04-01','YYYY-MM-DD'), 2654.79, 13097.21, 613.56, 610.36);
INSERT INTO welldata.PRODUCTION (UWI, PROD_DATE, OIL_BBL, GAS_MCF, WATER_BBL, HOURS_ON) VALUES ('WELL00000000006', TO_DATE('2020-05-01','YYYY-MM-DD'), 1677.86, 4305.8, 740.67, 716.03);
INSERT INTO welldata.PRODUCTION (UWI, PROD_DATE, OIL_BBL, GAS_MCF, WATER_BBL, HOURS_ON) VALUES ('WELL00000000006', TO_DATE('2020-06-01','YYYY-MM-DD'), 674.58, 814.76, 1401.85, 363.9);
INSERT INTO welldata.PRODUCTION (UWI, PROD_DATE, OIL_BBL, GAS_MCF, WATER_BBL, HOURS_ON) VALUES ('WELL00000000006', TO_DATE('2020-07-01','YYYY-MM-DD'), 2130.91, 8304.99, 219.5, 442.98);
INSERT INTO welldata.PRODUCTION (UWI, PROD_DATE, OIL_BBL, GAS_MCF, WATER_BBL, HOURS_ON) VALUES ('WELL00000000006', TO_DATE('2020-08-01','YYYY-MM-DD'), 1587.61, 2259.15, 559.83, 668.3);
INSERT INTO welldata.PRODUCTION (UWI, PROD_DATE, OIL_BBL, GAS_MCF, WATER_BBL, HOURS_ON) VALUES ('WELL00000000006', TO_DATE('2020-09-01','YYYY-MM-DD'), 2994.91, 8455.31, 646.85, 698.8);
INSERT INTO welldata.PRODUCTION (UWI, PROD_DATE, OIL_BBL, GAS_MCF, WATER_BBL, HOURS_ON) VALUES ('WELL00000000006', TO_DATE('2020-10-01','YYYY-MM-DD'), 1383.99, 8259.78, 666.2, 694.05);
INSERT INTO welldata.PRODUCTION (UWI, PROD_DATE, OIL_BBL, GAS_MCF, WATER_BBL, HOURS_ON) VALUES ('WELL00000000006', TO_DATE('2020-11-01','YYYY-MM-DD'), 297.81, 12094.57, 40.55, 255.26);
INSERT INTO welldata.PRODUCTION (UWI, PROD_DATE, OIL_BBL, GAS_MCF, WATER_BBL, HOURS_ON) VALUES ('WELL00000000006', TO_DATE('2020-12-01','YYYY-MM-DD'), 2808.79, 4973.26, 844.52, 611.6);
INSERT INTO welldata.PRODUCTION (UWI, PROD_DATE, OIL_BBL, GAS_MCF, WATER_BBL, HOURS_ON) VALUES ('WELL00000000006', TO_DATE('2021-01-01','YYYY-MM-DD'), 1551.19, 12498.32, 1408.91, 566.02);
INSERT INTO welldata.PRODUCTION (UWI, PROD_DATE, OIL_BBL, GAS_MCF, WATER_BBL, HOURS_ON) VALUES ('WELL00000000006', TO_DATE('2021-02-01','YYYY-MM-DD'), 2237.67, 2381.05, 799.83, 151.46);
INSERT INTO welldata.PRODUCTION (UWI, PROD_DATE, OIL_BBL, GAS_MCF, WATER_BBL, HOURS_ON) VALUES ('WELL00000000006', TO_DATE('2021-03-01','YYYY-MM-DD'), 249.18, 8128.45, 778.5, 330.52);
INSERT INTO welldata.PRODUCTION (UWI, PROD_DATE, OIL_BBL, GAS_MCF, WATER_BBL, HOURS_ON) VALUES ('WELL00000000006', TO_DATE('2021-04-01','YYYY-MM-DD'), 665.33, 11932.43, 240.0, 645.29);
INSERT INTO welldata.PRODUCTION (UWI, PROD_DATE, OIL_BBL, GAS_MCF, WATER_BBL, HOURS_ON) VALUES ('WELL00000000006', TO_DATE('2021-05-01','YYYY-MM-DD'), 1422.2, 11932.41, 26.13, 559.18);
INSERT INTO welldata.PRODUCTION (UWI, PROD_DATE, OIL_BBL, GAS_MCF, WATER_BBL, HOURS_ON) VALUES ('WELL00000000006', TO_DATE('2021-06-01','YYYY-MM-DD'), 1178.89, 10753.23, 151.09, 364.78);
INSERT INTO welldata.PRODUCTION (UWI, PROD_DATE, OIL_BBL, GAS_MCF, WATER_BBL, HOURS_ON) VALUES ('WELL00000000006', TO_DATE('2021-07-01','YYYY-MM-DD'), 1290.81, 824.34, 916.18, 236.1);
INSERT INTO welldata.PRODUCTION (UWI, PROD_DATE, OIL_BBL, GAS_MCF, WATER_BBL, HOURS_ON) VALUES ('WELL00000000006', TO_DATE('2021-08-01','YYYY-MM-DD'), 2109.55, 9407.61, 608.8, 141.22);
INSERT INTO welldata.PRODUCTION (UWI, PROD_DATE, OIL_BBL, GAS_MCF, WATER_BBL, HOURS_ON) VALUES ('WELL00000000006', TO_DATE('2021-09-01','YYYY-MM-DD'), 229.5, 2015.59, 1079.33, 367.51);
INSERT INTO welldata.PRODUCTION (UWI, PROD_DATE, OIL_BBL, GAS_MCF, WATER_BBL, HOURS_ON) VALUES ('WELL00000000006', TO_DATE('2021-10-01','YYYY-MM-DD'), 2862.46, 6426.95, 690.14, 361.31);
INSERT INTO welldata.PRODUCTION (UWI, PROD_DATE, OIL_BBL, GAS_MCF, WATER_BBL, HOURS_ON) VALUES ('WELL00000000006', TO_DATE('2021-11-01','YYYY-MM-DD'), 1754.65, 8409.95, 652.5, 212.39);
INSERT INTO welldata.PRODUCTION (UWI, PROD_DATE, OIL_BBL, GAS_MCF, WATER_BBL, HOURS_ON) VALUES ('WELL00000000006', TO_DATE('2021-12-01','YYYY-MM-DD'), 904.44, 4026.51, 1419.62, 195.05);
INSERT INTO welldata.PRODUCTION (UWI, PROD_DATE, OIL_BBL, GAS_MCF, WATER_BBL, HOURS_ON) VALUES ('WELL00000000006', TO_DATE('2022-01-01','YYYY-MM-DD'), 1291.18, 4373.25, 1315.57, 327.14);
INSERT INTO welldata.PRODUCTION (UWI, PROD_DATE, OIL_BBL, GAS_MCF, WATER_BBL, HOURS_ON) VALUES ('WELL00000000006', TO_DATE('2022-02-01','YYYY-MM-DD'), 2908.45, 11157.26, 90.77, 400.81);
INSERT INTO welldata.PRODUCTION (UWI, PROD_DATE, OIL_BBL, GAS_MCF, WATER_BBL, HOURS_ON) VALUES ('WELL00000000006', TO_DATE('2022-03-01','YYYY-MM-DD'), 1246.66, 10623.16, 1293.1, 407.44);
INSERT INTO welldata.PRODUCTION (UWI, PROD_DATE, OIL_BBL, GAS_MCF, WATER_BBL, HOURS_ON) VALUES ('WELL00000000006', TO_DATE('2022-04-01','YYYY-MM-DD'), 2625.88, 12946.23, 1213.44, 323.88);
INSERT INTO welldata.PRODUCTION (UWI, PROD_DATE, OIL_BBL, GAS_MCF, WATER_BBL, HOURS_ON) VALUES ('WELL00000000006', TO_DATE('2022-05-01','YYYY-MM-DD'), 2031.9, 4904.24, 549.06, 478.42);
INSERT INTO welldata.PRODUCTION (UWI, PROD_DATE, OIL_BBL, GAS_MCF, WATER_BBL, HOURS_ON) VALUES ('WELL00000000006', TO_DATE('2022-06-01','YYYY-MM-DD'), 819.71, 12640.72, 706.8, 351.13);
INSERT INTO welldata.PRODUCTION (UWI, PROD_DATE, OIL_BBL, GAS_MCF, WATER_BBL, HOURS_ON) VALUES ('WELL00000000006', TO_DATE('2022-07-01','YYYY-MM-DD'), 924.85, 3569.62, 912.34, 486.58);
INSERT INTO welldata.PRODUCTION (UWI, PROD_DATE, OIL_BBL, GAS_MCF, WATER_BBL, HOURS_ON) VALUES ('WELL00000000006', TO_DATE('2022-08-01','YYYY-MM-DD'), 2604.72, 3938.99, 241.23, 591.73);
INSERT INTO welldata.PRODUCTION (UWI, PROD_DATE, OIL_BBL, GAS_MCF, WATER_BBL, HOURS_ON) VALUES ('WELL00000000006', TO_DATE('2022-09-01','YYYY-MM-DD'), 781.54, 11103.4, 799.61, 602.46);
INSERT INTO welldata.PRODUCTION (UWI, PROD_DATE, OIL_BBL, GAS_MCF, WATER_BBL, HOURS_ON) VALUES ('WELL00000000006', TO_DATE('2022-10-01','YYYY-MM-DD'), 1488.3, 5639.82, 198.64, 142.47);
INSERT INTO welldata.PRODUCTION (UWI, PROD_DATE, OIL_BBL, GAS_MCF, WATER_BBL, HOURS_ON) VALUES ('WELL00000000006', TO_DATE('2022-11-01','YYYY-MM-DD'), 2825.9, 205.64, 531.05, 345.65);
INSERT INTO welldata.PRODUCTION (UWI, PROD_DATE, OIL_BBL, GAS_MCF, WATER_BBL, HOURS_ON) VALUES ('WELL00000000006', TO_DATE('2022-12-01','YYYY-MM-DD'), 1923.46, 12829.05, 90.07, 568.21);
INSERT INTO welldata.PRODUCTION (UWI, PROD_DATE, OIL_BBL, GAS_MCF, WATER_BBL, HOURS_ON) VALUES ('WELL00000000006', TO_DATE('2023-01-01','YYYY-MM-DD'), 933.49, 14550.9, 164.64, 570.69);
INSERT INTO welldata.PRODUCTION (UWI, PROD_DATE, OIL_BBL, GAS_MCF, WATER_BBL, HOURS_ON) VALUES ('WELL00000000006', TO_DATE('2023-02-01','YYYY-MM-DD'), 1182.28, 11985.41, 393.9, 326.44);
INSERT INTO welldata.PRODUCTION (UWI, PROD_DATE, OIL_BBL, GAS_MCF, WATER_BBL, HOURS_ON) VALUES ('WELL00000000006', TO_DATE('2023-03-01','YYYY-MM-DD'), 1921.52, 8178.44, 529.72, 269.78);
INSERT INTO welldata.PRODUCTION (UWI, PROD_DATE, OIL_BBL, GAS_MCF, WATER_BBL, HOURS_ON) VALUES ('WELL00000000006', TO_DATE('2023-04-01','YYYY-MM-DD'), 1850.25, 3163.01, 930.82, 522.44);
INSERT INTO welldata.PRODUCTION (UWI, PROD_DATE, OIL_BBL, GAS_MCF, WATER_BBL, HOURS_ON) VALUES ('WELL00000000006', TO_DATE('2023-05-01','YYYY-MM-DD'), 2498.01, 10257.11, 43.48, 169.86);
INSERT INTO welldata.PRODUCTION (UWI, PROD_DATE, OIL_BBL, GAS_MCF, WATER_BBL, HOURS_ON) VALUES ('WELL00000000006', TO_DATE('2023-06-01','YYYY-MM-DD'), 668.25, 179.24, 392.74, 598.72);
INSERT INTO welldata.PRODUCTION (UWI, PROD_DATE, OIL_BBL, GAS_MCF, WATER_BBL, HOURS_ON) VALUES ('WELL00000000006', TO_DATE('2023-07-01','YYYY-MM-DD'), 1399.55, 3832.98, 124.64, 210.47);
INSERT INTO welldata.PRODUCTION (UWI, PROD_DATE, OIL_BBL, GAS_MCF, WATER_BBL, HOURS_ON) VALUES ('WELL00000000006', TO_DATE('2023-08-01','YYYY-MM-DD'), 1732.13, 2567.86, 1094.29, 298.38);
INSERT INTO welldata.PRODUCTION (UWI, PROD_DATE, OIL_BBL, GAS_MCF, WATER_BBL, HOURS_ON) VALUES ('WELL00000000006', TO_DATE('2023-09-01','YYYY-MM-DD'), 1283.44, 8464.98, 399.04, 259.75);
INSERT INTO welldata.PRODUCTION (UWI, PROD_DATE, OIL_BBL, GAS_MCF, WATER_BBL, HOURS_ON) VALUES ('WELL00000000006', TO_DATE('2023-10-01','YYYY-MM-DD'), 2181.68, 1481.56, 354.01, 151.9);
INSERT INTO welldata.PRODUCTION (UWI, PROD_DATE, OIL_BBL, GAS_MCF, WATER_BBL, HOURS_ON) VALUES ('WELL00000000006', TO_DATE('2023-11-01','YYYY-MM-DD'), 701.09, 10340.94, 1119.78, 265.44);
INSERT INTO welldata.PRODUCTION (UWI, PROD_DATE, OIL_BBL, GAS_MCF, WATER_BBL, HOURS_ON) VALUES ('WELL00000000006', TO_DATE('2023-12-01','YYYY-MM-DD'), 1495.18, 1458.5, 682.17, 441.11);
INSERT INTO welldata.PRODUCTION (UWI, PROD_DATE, OIL_BBL, GAS_MCF, WATER_BBL, HOURS_ON) VALUES ('WELL00000000006', TO_DATE('2024-01-01','YYYY-MM-DD'), 1340.84, 10506.46, 682.32, 203.37);
INSERT INTO welldata.PRODUCTION (UWI, PROD_DATE, OIL_BBL, GAS_MCF, WATER_BBL, HOURS_ON) VALUES ('WELL00000000006', TO_DATE('2024-02-01','YYYY-MM-DD'), 2080.16, 10250.52, 1144.92, 183.22);
INSERT INTO welldata.PRODUCTION (UWI, PROD_DATE, OIL_BBL, GAS_MCF, WATER_BBL, HOURS_ON) VALUES ('WELL00000000006', TO_DATE('2024-03-01','YYYY-MM-DD'), 423.97, 10849.9, 1065.02, 538.6);
INSERT INTO welldata.PRODUCTION (UWI, PROD_DATE, OIL_BBL, GAS_MCF, WATER_BBL, HOURS_ON) VALUES ('WELL00000000006', TO_DATE('2024-04-01','YYYY-MM-DD'), 914.2, 13062.74, 651.35, 348.04);
INSERT INTO welldata.PRODUCTION (UWI, PROD_DATE, OIL_BBL, GAS_MCF, WATER_BBL, HOURS_ON) VALUES ('WELL00000000006', TO_DATE('2024-05-01','YYYY-MM-DD'), 1893.53, 13490.29, 1459.3, 223.4);
INSERT INTO welldata.PRODUCTION (UWI, PROD_DATE, OIL_BBL, GAS_MCF, WATER_BBL, HOURS_ON) VALUES ('WELL00000000006', TO_DATE('2024-06-01','YYYY-MM-DD'), 212.05, 1303.29, 664.46, 180.81);
INSERT INTO welldata.PRODUCTION (UWI, PROD_DATE, OIL_BBL, GAS_MCF, WATER_BBL, HOURS_ON) VALUES ('WELL00000000006', TO_DATE('2024-07-01','YYYY-MM-DD'), 2366.49, 11042.42, 72.6, 527.73);
INSERT INTO welldata.PRODUCTION (UWI, PROD_DATE, OIL_BBL, GAS_MCF, WATER_BBL, HOURS_ON) VALUES ('WELL00000000006', TO_DATE('2024-08-01','YYYY-MM-DD'), 2544.03, 13550.19, 886.62, 493.82);
INSERT INTO welldata.PRODUCTION (UWI, PROD_DATE, OIL_BBL, GAS_MCF, WATER_BBL, HOURS_ON) VALUES ('WELL00000000006', TO_DATE('2024-09-01','YYYY-MM-DD'), 1686.98, 4976.43, 742.66, 420.82);
INSERT INTO welldata.PRODUCTION (UWI, PROD_DATE, OIL_BBL, GAS_MCF, WATER_BBL, HOURS_ON) VALUES ('WELL00000000006', TO_DATE('2024-10-01','YYYY-MM-DD'), 1126.4, 13858.71, 1113.87, 468.82);
INSERT INTO welldata.PRODUCTION (UWI, PROD_DATE, OIL_BBL, GAS_MCF, WATER_BBL, HOURS_ON) VALUES ('WELL00000000006', TO_DATE('2024-11-01','YYYY-MM-DD'), 2153.25, 2708.31, 220.01, 188.28);
INSERT INTO welldata.PRODUCTION (UWI, PROD_DATE, OIL_BBL, GAS_MCF, WATER_BBL, HOURS_ON) VALUES ('WELL00000000006', TO_DATE('2024-12-01','YYYY-MM-DD'), 2869.08, 966.98, 178.64, 693.06);
INSERT INTO welldata.FORMATION_TOPS (UWI, FORMATION, TOP_DEPTH_M, BASE_DEPTH_M, LITHOLOGY) VALUES ('WELL00000000006', 'Rajahmundry', 699, 885, 'SANDSTONE');
INSERT INTO welldata.FORMATION_TOPS (UWI, FORMATION, TOP_DEPTH_M, BASE_DEPTH_M, LITHOLOGY) VALUES ('WELL00000000006', 'Bengal', 1053, 1305, 'LIMESTONE');
INSERT INTO welldata.FORMATION_TOPS (UWI, FORMATION, TOP_DEPTH_M, BASE_DEPTH_M, LITHOLOGY) VALUES ('WELL00000000006', 'Sanchore', 902, 1161, 'SHALE');
INSERT INTO welldata.FORMATION_TOPS (UWI, FORMATION, TOP_DEPTH_M, BASE_DEPTH_M, LITHOLOGY) VALUES ('WELL00000000006', 'Barmer', 1606, 1900, 'DOLOMITE');
INSERT INTO welldata.CORE_ANALYSIS (UWI, CORE_RUN, TOP_DEPTH_M, BASE_DEPTH_M, GRAIN_DENSITY, BULK_DENSITY, RECOVERY_PCT) VALUES ('WELL00000000006', 1, 1992, 2067, 2.5745, 1.9945, 74.97);
INSERT INTO welldata.CORE_ANALYSIS (UWI, CORE_RUN, TOP_DEPTH_M, BASE_DEPTH_M, GRAIN_DENSITY, BULK_DENSITY, RECOVERY_PCT) VALUES ('WELL00000000006', 2, 1043, 1094, 2.6413, 2.3785, 53.92);
INSERT INTO welldata.WELL (UWI, WELL_NAME, OPERATOR, COUNTRY, BASIN, FIELD_NAME, SPUD_DATE, COMPLETION_DATE, WELL_TYPE, WELL_STATUS, SURFACE_LAT, SURFACE_LON, TOTAL_DEPTH_M, KB_ELEVATION_M) VALUES ('WELL00000000007', 'ONGC-KR-007', 'ONGC', 'India', 'Krishna-Godavari', 'Krishna Field 3', TO_DATE('2020-09-13','YYYY-MM-DD'), TO_DATE('2021-05-21','YYYY-MM-DD'), 'DEVELOPMENT', 'ABANDONED', 20.317948, 71.671238, 3767, 36.7);
INSERT INTO welldata.BOREHOLE (UBHI, UWI, BOREHOLE_NAME, BOREHOLE_TYPE, TOP_DEPTH_M, BASE_DEPTH_M) VALUES ('WELL00000000007-BH1', 'WELL00000000007', 'ONGC-KR-007-BH1', 'DIRECTIONAL', 662, 1183);
INSERT INTO welldata.PETROPHYSICS (UBHI, SAMPLE_DEPTH_M, POROSITY, PERMEABILITY, WATER_SAT, FORMATION) VALUES ('WELL00000000007-BH1', 1000, 0.0603, 17.6076, 0.7274, 'Rajahmundry');
INSERT INTO welldata.PETROPHYSICS (UBHI, SAMPLE_DEPTH_M, POROSITY, PERMEABILITY, WATER_SAT, FORMATION) VALUES ('WELL00000000007-BH1', 1020, 0.0637, 196.7617, 0.3539, 'Bengal');
INSERT INTO welldata.PETROPHYSICS (UBHI, SAMPLE_DEPTH_M, POROSITY, PERMEABILITY, WATER_SAT, FORMATION) VALUES ('WELL00000000007-BH1', 1040, 0.172, 71.1185, 0.181, 'Rajahmundry');
INSERT INTO welldata.PETROPHYSICS (UBHI, SAMPLE_DEPTH_M, POROSITY, PERMEABILITY, WATER_SAT, FORMATION) VALUES ('WELL00000000007-BH1', 1060, 0.1452, 412.4254, 0.5408, 'Bengal');
INSERT INTO welldata.PETROPHYSICS (UBHI, SAMPLE_DEPTH_M, POROSITY, PERMEABILITY, WATER_SAT, FORMATION) VALUES ('WELL00000000007-BH1', 1080, 0.2658, 81.3906, 0.6276, 'Rajahmundry');
INSERT INTO welldata.PETROPHYSICS (UBHI, SAMPLE_DEPTH_M, POROSITY, PERMEABILITY, WATER_SAT, FORMATION) VALUES ('WELL00000000007-BH1', 1100, 0.096, 406.0672, 0.5333, 'Bengal');
INSERT INTO welldata.PETROPHYSICS (UBHI, SAMPLE_DEPTH_M, POROSITY, PERMEABILITY, WATER_SAT, FORMATION) VALUES ('WELL00000000007-BH1', 1120, 0.2129, 252.618, 0.6202, 'Rajahmundry');
INSERT INTO welldata.PETROPHYSICS (UBHI, SAMPLE_DEPTH_M, POROSITY, PERMEABILITY, WATER_SAT, FORMATION) VALUES ('WELL00000000007-BH1', 1140, 0.0566, 236.4462, 0.2886, 'Rajahmundry');
INSERT INTO welldata.PETROPHYSICS (UBHI, SAMPLE_DEPTH_M, POROSITY, PERMEABILITY, WATER_SAT, FORMATION) VALUES ('WELL00000000007-BH1', 1160, 0.1751, 366.3818, 0.2519, 'Rajahmundry');
INSERT INTO welldata.PETROPHYSICS (UBHI, SAMPLE_DEPTH_M, POROSITY, PERMEABILITY, WATER_SAT, FORMATION) VALUES ('WELL00000000007-BH1', 1180, 0.219, 28.4656, 0.5308, 'Barmer');
INSERT INTO welldata.PETROPHYSICS (UBHI, SAMPLE_DEPTH_M, POROSITY, PERMEABILITY, WATER_SAT, FORMATION) VALUES ('WELL00000000007-BH1', 1200, 0.2635, 67.0625, 0.1662, 'Rajahmundry');
INSERT INTO welldata.PETROPHYSICS (UBHI, SAMPLE_DEPTH_M, POROSITY, PERMEABILITY, WATER_SAT, FORMATION) VALUES ('WELL00000000007-BH1', 1220, 0.0782, 400.2855, 0.7143, 'Barmer');
INSERT INTO welldata.PETROPHYSICS (UBHI, SAMPLE_DEPTH_M, POROSITY, PERMEABILITY, WATER_SAT, FORMATION) VALUES ('WELL00000000007-BH1', 1240, 0.0462, 282.1252, 0.2957, 'Sanchore');
INSERT INTO welldata.PETROPHYSICS (UBHI, SAMPLE_DEPTH_M, POROSITY, PERMEABILITY, WATER_SAT, FORMATION) VALUES ('WELL00000000007-BH1', 1260, 0.1583, 392.325, 0.7121, 'Bengal');
INSERT INTO welldata.PETROPHYSICS (UBHI, SAMPLE_DEPTH_M, POROSITY, PERMEABILITY, WATER_SAT, FORMATION) VALUES ('WELL00000000007-BH1', 1280, 0.2262, 155.6368, 0.23, 'Sanchore');
INSERT INTO welldata.PETROPHYSICS (UBHI, SAMPLE_DEPTH_M, POROSITY, PERMEABILITY, WATER_SAT, FORMATION) VALUES ('WELL00000000007-BH1', 1300, 0.1689, 200.4651, 0.3062, 'Rajahmundry');
INSERT INTO welldata.PETROPHYSICS (UBHI, SAMPLE_DEPTH_M, POROSITY, PERMEABILITY, WATER_SAT, FORMATION) VALUES ('WELL00000000007-BH1', 1320, 0.1484, 86.4933, 0.6734, 'Rajahmundry');
INSERT INTO welldata.PETROPHYSICS (UBHI, SAMPLE_DEPTH_M, POROSITY, PERMEABILITY, WATER_SAT, FORMATION) VALUES ('WELL00000000007-BH1', 1340, 0.1298, 223.5537, 0.4186, 'Bengal');
INSERT INTO welldata.PETROPHYSICS (UBHI, SAMPLE_DEPTH_M, POROSITY, PERMEABILITY, WATER_SAT, FORMATION) VALUES ('WELL00000000007-BH1', 1360, 0.238, 439.9934, 0.58, 'Barmer');
INSERT INTO welldata.PETROPHYSICS (UBHI, SAMPLE_DEPTH_M, POROSITY, PERMEABILITY, WATER_SAT, FORMATION) VALUES ('WELL00000000007-BH1', 1380, 0.1238, 10.5802, 0.246, 'Rajahmundry');
INSERT INTO welldata.PETROPHYSICS (UBHI, SAMPLE_DEPTH_M, POROSITY, PERMEABILITY, WATER_SAT, FORMATION) VALUES ('WELL00000000007-BH1', 1400, 0.1418, 408.9248, 0.3325, 'Bengal');
INSERT INTO welldata.PETROPHYSICS (UBHI, SAMPLE_DEPTH_M, POROSITY, PERMEABILITY, WATER_SAT, FORMATION) VALUES ('WELL00000000007-BH1', 1420, 0.1969, 306.4186, 0.3456, 'Rajahmundry');
INSERT INTO welldata.PETROPHYSICS (UBHI, SAMPLE_DEPTH_M, POROSITY, PERMEABILITY, WATER_SAT, FORMATION) VALUES ('WELL00000000007-BH1', 1440, 0.2647, 272.4644, 0.3612, 'Sanchore');
INSERT INTO welldata.PETROPHYSICS (UBHI, SAMPLE_DEPTH_M, POROSITY, PERMEABILITY, WATER_SAT, FORMATION) VALUES ('WELL00000000007-BH1', 1460, 0.0758, 218.1816, 0.5206, 'Sanchore');
INSERT INTO welldata.PETROPHYSICS (UBHI, SAMPLE_DEPTH_M, POROSITY, PERMEABILITY, WATER_SAT, FORMATION) VALUES ('WELL00000000007-BH1', 1480, 0.2204, 182.2034, 0.4489, 'Barmer');
INSERT INTO welldata.PETROPHYSICS (UBHI, SAMPLE_DEPTH_M, POROSITY, PERMEABILITY, WATER_SAT, FORMATION) VALUES ('WELL00000000007-BH1', 1500, 0.066, 239.4144, 0.4392, 'Sanchore');
INSERT INTO welldata.PETROPHYSICS (UBHI, SAMPLE_DEPTH_M, POROSITY, PERMEABILITY, WATER_SAT, FORMATION) VALUES ('WELL00000000007-BH1', 1520, 0.1684, 152.6641, 0.6651, 'Bengal');
INSERT INTO welldata.PETROPHYSICS (UBHI, SAMPLE_DEPTH_M, POROSITY, PERMEABILITY, WATER_SAT, FORMATION) VALUES ('WELL00000000007-BH1', 1540, 0.1415, 305.0191, 0.1777, 'Rajahmundry');
INSERT INTO welldata.PETROPHYSICS (UBHI, SAMPLE_DEPTH_M, POROSITY, PERMEABILITY, WATER_SAT, FORMATION) VALUES ('WELL00000000007-BH1', 1560, 0.1809, 167.5189, 0.4937, 'Sanchore');
INSERT INTO welldata.PETROPHYSICS (UBHI, SAMPLE_DEPTH_M, POROSITY, PERMEABILITY, WATER_SAT, FORMATION) VALUES ('WELL00000000007-BH1', 1580, 0.2637, 139.7577, 0.1517, 'Bengal');
INSERT INTO welldata.PETROPHYSICS (UBHI, SAMPLE_DEPTH_M, POROSITY, PERMEABILITY, WATER_SAT, FORMATION) VALUES ('WELL00000000007-BH1', 1600, 0.2391, 222.549, 0.2426, 'Rajahmundry');
INSERT INTO welldata.PETROPHYSICS (UBHI, SAMPLE_DEPTH_M, POROSITY, PERMEABILITY, WATER_SAT, FORMATION) VALUES ('WELL00000000007-BH1', 1620, 0.1292, 250.7954, 0.1674, 'Sanchore');
INSERT INTO welldata.PETROPHYSICS (UBHI, SAMPLE_DEPTH_M, POROSITY, PERMEABILITY, WATER_SAT, FORMATION) VALUES ('WELL00000000007-BH1', 1640, 0.2764, 41.1993, 0.4205, 'Bengal');
INSERT INTO welldata.PETROPHYSICS (UBHI, SAMPLE_DEPTH_M, POROSITY, PERMEABILITY, WATER_SAT, FORMATION) VALUES ('WELL00000000007-BH1', 1660, 0.0786, 10.4283, 0.3747, 'Sanchore');
INSERT INTO welldata.PETROPHYSICS (UBHI, SAMPLE_DEPTH_M, POROSITY, PERMEABILITY, WATER_SAT, FORMATION) VALUES ('WELL00000000007-BH1', 1680, 0.2232, 197.1726, 0.3588, 'Bengal');
INSERT INTO welldata.PETROPHYSICS (UBHI, SAMPLE_DEPTH_M, POROSITY, PERMEABILITY, WATER_SAT, FORMATION) VALUES ('WELL00000000007-BH1', 1700, 0.0757, 146.5612, 0.3207, 'Bengal');
INSERT INTO welldata.PETROPHYSICS (UBHI, SAMPLE_DEPTH_M, POROSITY, PERMEABILITY, WATER_SAT, FORMATION) VALUES ('WELL00000000007-BH1', 1720, 0.193, 59.3143, 0.3651, 'Rajahmundry');
INSERT INTO welldata.PETROPHYSICS (UBHI, SAMPLE_DEPTH_M, POROSITY, PERMEABILITY, WATER_SAT, FORMATION) VALUES ('WELL00000000007-BH1', 1740, 0.2303, 177.9956, 0.435, 'Bengal');
INSERT INTO welldata.PETROPHYSICS (UBHI, SAMPLE_DEPTH_M, POROSITY, PERMEABILITY, WATER_SAT, FORMATION) VALUES ('WELL00000000007-BH1', 1760, 0.1837, 278.5069, 0.4015, 'Barmer');
INSERT INTO welldata.PETROPHYSICS (UBHI, SAMPLE_DEPTH_M, POROSITY, PERMEABILITY, WATER_SAT, FORMATION) VALUES ('WELL00000000007-BH1', 1780, 0.1644, 357.5333, 0.3649, 'Bengal');
INSERT INTO welldata.PETROPHYSICS (UBHI, SAMPLE_DEPTH_M, POROSITY, PERMEABILITY, WATER_SAT, FORMATION) VALUES ('WELL00000000007-BH1', 1800, 0.1507, 47.3863, 0.2557, 'Sanchore');
INSERT INTO welldata.PETROPHYSICS (UBHI, SAMPLE_DEPTH_M, POROSITY, PERMEABILITY, WATER_SAT, FORMATION) VALUES ('WELL00000000007-BH1', 1820, 0.0684, 129.8563, 0.6734, 'Bengal');
INSERT INTO welldata.PETROPHYSICS (UBHI, SAMPLE_DEPTH_M, POROSITY, PERMEABILITY, WATER_SAT, FORMATION) VALUES ('WELL00000000007-BH1', 1840, 0.2391, 85.7754, 0.4344, 'Sanchore');
INSERT INTO welldata.PETROPHYSICS (UBHI, SAMPLE_DEPTH_M, POROSITY, PERMEABILITY, WATER_SAT, FORMATION) VALUES ('WELL00000000007-BH1', 1860, 0.2429, 402.7551, 0.192, 'Rajahmundry');
INSERT INTO welldata.PETROPHYSICS (UBHI, SAMPLE_DEPTH_M, POROSITY, PERMEABILITY, WATER_SAT, FORMATION) VALUES ('WELL00000000007-BH1', 1880, 0.1131, 161.9193, 0.3999, 'Barmer');
INSERT INTO welldata.PETROPHYSICS (UBHI, SAMPLE_DEPTH_M, POROSITY, PERMEABILITY, WATER_SAT, FORMATION) VALUES ('WELL00000000007-BH1', 1900, 0.1033, 279.6413, 0.3585, 'Rajahmundry');
INSERT INTO welldata.PETROPHYSICS (UBHI, SAMPLE_DEPTH_M, POROSITY, PERMEABILITY, WATER_SAT, FORMATION) VALUES ('WELL00000000007-BH1', 1920, 0.2336, 35.6226, 0.4834, 'Sanchore');
INSERT INTO welldata.PETROPHYSICS (UBHI, SAMPLE_DEPTH_M, POROSITY, PERMEABILITY, WATER_SAT, FORMATION) VALUES ('WELL00000000007-BH1', 1940, 0.0822, 234.5717, 0.1803, 'Barmer');
INSERT INTO welldata.PETROPHYSICS (UBHI, SAMPLE_DEPTH_M, POROSITY, PERMEABILITY, WATER_SAT, FORMATION) VALUES ('WELL00000000007-BH1', 1960, 0.1452, 372.6969, 0.402, 'Rajahmundry');
INSERT INTO welldata.PETROPHYSICS (UBHI, SAMPLE_DEPTH_M, POROSITY, PERMEABILITY, WATER_SAT, FORMATION) VALUES ('WELL00000000007-BH1', 1980, 0.1639, 24.0315, 0.4087, 'Rajahmundry');
INSERT INTO welldata.PETROPHYSICS (UBHI, SAMPLE_DEPTH_M, POROSITY, PERMEABILITY, WATER_SAT, FORMATION) VALUES ('WELL00000000007-BH1', 2000, 0.1331, 93.0472, 0.4096, 'Barmer');
INSERT INTO welldata.PETROPHYSICS (UBHI, SAMPLE_DEPTH_M, POROSITY, PERMEABILITY, WATER_SAT, FORMATION) VALUES ('WELL00000000007-BH1', 2020, 0.1729, 14.5835, 0.6196, 'Bengal');
INSERT INTO welldata.PETROPHYSICS (UBHI, SAMPLE_DEPTH_M, POROSITY, PERMEABILITY, WATER_SAT, FORMATION) VALUES ('WELL00000000007-BH1', 2040, 0.1146, 418.5107, 0.3619, 'Sanchore');
INSERT INTO welldata.PETROPHYSICS (UBHI, SAMPLE_DEPTH_M, POROSITY, PERMEABILITY, WATER_SAT, FORMATION) VALUES ('WELL00000000007-BH1', 2060, 0.1189, 169.247, 0.2467, 'Barmer');
INSERT INTO welldata.PETROPHYSICS (UBHI, SAMPLE_DEPTH_M, POROSITY, PERMEABILITY, WATER_SAT, FORMATION) VALUES ('WELL00000000007-BH1', 2080, 0.0544, 415.4047, 0.4004, 'Rajahmundry');
INSERT INTO welldata.PETROPHYSICS (UBHI, SAMPLE_DEPTH_M, POROSITY, PERMEABILITY, WATER_SAT, FORMATION) VALUES ('WELL00000000007-BH1', 2100, 0.2115, 364.0039, 0.6361, 'Rajahmundry');
INSERT INTO welldata.PETROPHYSICS (UBHI, SAMPLE_DEPTH_M, POROSITY, PERMEABILITY, WATER_SAT, FORMATION) VALUES ('WELL00000000007-BH1', 2120, 0.1596, 96.3922, 0.7203, 'Bengal');
INSERT INTO welldata.PETROPHYSICS (UBHI, SAMPLE_DEPTH_M, POROSITY, PERMEABILITY, WATER_SAT, FORMATION) VALUES ('WELL00000000007-BH1', 2140, 0.155, 84.9526, 0.6214, 'Barmer');
INSERT INTO welldata.PETROPHYSICS (UBHI, SAMPLE_DEPTH_M, POROSITY, PERMEABILITY, WATER_SAT, FORMATION) VALUES ('WELL00000000007-BH1', 2160, 0.1306, 58.939, 0.2386, 'Barmer');
INSERT INTO welldata.PETROPHYSICS (UBHI, SAMPLE_DEPTH_M, POROSITY, PERMEABILITY, WATER_SAT, FORMATION) VALUES ('WELL00000000007-BH1', 2180, 0.1658, 222.2269, 0.7497, 'Barmer');
INSERT INTO welldata.PETROPHYSICS (UBHI, SAMPLE_DEPTH_M, POROSITY, PERMEABILITY, WATER_SAT, FORMATION) VALUES ('WELL00000000007-BH1', 2200, 0.1802, 40.808, 0.4087, 'Rajahmundry');
INSERT INTO welldata.PETROPHYSICS (UBHI, SAMPLE_DEPTH_M, POROSITY, PERMEABILITY, WATER_SAT, FORMATION) VALUES ('WELL00000000007-BH1', 2220, 0.1932, 21.0828, 0.2558, 'Bengal');
INSERT INTO welldata.PETROPHYSICS (UBHI, SAMPLE_DEPTH_M, POROSITY, PERMEABILITY, WATER_SAT, FORMATION) VALUES ('WELL00000000007-BH1', 2240, 0.0571, 164.1273, 0.2891, 'Sanchore');
INSERT INTO welldata.PETROPHYSICS (UBHI, SAMPLE_DEPTH_M, POROSITY, PERMEABILITY, WATER_SAT, FORMATION) VALUES ('WELL00000000007-BH1', 2260, 0.2235, 174.5668, 0.4347, 'Bengal');
INSERT INTO welldata.PETROPHYSICS (UBHI, SAMPLE_DEPTH_M, POROSITY, PERMEABILITY, WATER_SAT, FORMATION) VALUES ('WELL00000000007-BH1', 2280, 0.1348, 440.2228, 0.3783, 'Rajahmundry');
INSERT INTO welldata.PETROPHYSICS (UBHI, SAMPLE_DEPTH_M, POROSITY, PERMEABILITY, WATER_SAT, FORMATION) VALUES ('WELL00000000007-BH1', 2300, 0.1776, 190.4716, 0.3017, 'Rajahmundry');
INSERT INTO welldata.PETROPHYSICS (UBHI, SAMPLE_DEPTH_M, POROSITY, PERMEABILITY, WATER_SAT, FORMATION) VALUES ('WELL00000000007-BH1', 2320, 0.0466, 233.9434, 0.5583, 'Rajahmundry');
INSERT INTO welldata.PETROPHYSICS (UBHI, SAMPLE_DEPTH_M, POROSITY, PERMEABILITY, WATER_SAT, FORMATION) VALUES ('WELL00000000007-BH1', 2340, 0.1107, 105.4716, 0.2996, 'Barmer');
INSERT INTO welldata.PETROPHYSICS (UBHI, SAMPLE_DEPTH_M, POROSITY, PERMEABILITY, WATER_SAT, FORMATION) VALUES ('WELL00000000007-BH1', 2360, 0.1874, 26.8798, 0.4812, 'Bengal');
INSERT INTO welldata.PETROPHYSICS (UBHI, SAMPLE_DEPTH_M, POROSITY, PERMEABILITY, WATER_SAT, FORMATION) VALUES ('WELL00000000007-BH1', 2380, 0.1856, 248.9171, 0.6554, 'Bengal');
INSERT INTO welldata.PETROPHYSICS (UBHI, SAMPLE_DEPTH_M, POROSITY, PERMEABILITY, WATER_SAT, FORMATION) VALUES ('WELL00000000007-BH1', 2400, 0.0924, 172.8993, 0.5608, 'Rajahmundry');
INSERT INTO welldata.PETROPHYSICS (UBHI, SAMPLE_DEPTH_M, POROSITY, PERMEABILITY, WATER_SAT, FORMATION) VALUES ('WELL00000000007-BH1', 2420, 0.0848, 85.3812, 0.4847, 'Rajahmundry');
INSERT INTO welldata.PETROPHYSICS (UBHI, SAMPLE_DEPTH_M, POROSITY, PERMEABILITY, WATER_SAT, FORMATION) VALUES ('WELL00000000007-BH1', 2440, 0.1188, 76.1079, 0.6268, 'Bengal');
INSERT INTO welldata.PETROPHYSICS (UBHI, SAMPLE_DEPTH_M, POROSITY, PERMEABILITY, WATER_SAT, FORMATION) VALUES ('WELL00000000007-BH1', 2460, 0.2171, 93.0703, 0.3654, 'Bengal');
INSERT INTO welldata.PETROPHYSICS (UBHI, SAMPLE_DEPTH_M, POROSITY, PERMEABILITY, WATER_SAT, FORMATION) VALUES ('WELL00000000007-BH1', 2480, 0.0909, 343.2358, 0.3976, 'Bengal');
INSERT INTO welldata.PETROPHYSICS (UBHI, SAMPLE_DEPTH_M, POROSITY, PERMEABILITY, WATER_SAT, FORMATION) VALUES ('WELL00000000007-BH1', 2500, 0.1945, 74.3747, 0.1864, 'Barmer');
INSERT INTO welldata.PETROPHYSICS (UBHI, SAMPLE_DEPTH_M, POROSITY, PERMEABILITY, WATER_SAT, FORMATION) VALUES ('WELL00000000007-BH1', 2520, 0.2089, 39.1842, 0.5731, 'Sanchore');
INSERT INTO welldata.PETROPHYSICS (UBHI, SAMPLE_DEPTH_M, POROSITY, PERMEABILITY, WATER_SAT, FORMATION) VALUES ('WELL00000000007-BH1', 2540, 0.141, 223.8659, 0.4294, 'Sanchore');
INSERT INTO welldata.PETROPHYSICS (UBHI, SAMPLE_DEPTH_M, POROSITY, PERMEABILITY, WATER_SAT, FORMATION) VALUES ('WELL00000000007-BH1', 2560, 0.2287, 218.1062, 0.3576, 'Bengal');
INSERT INTO welldata.PETROPHYSICS (UBHI, SAMPLE_DEPTH_M, POROSITY, PERMEABILITY, WATER_SAT, FORMATION) VALUES ('WELL00000000007-BH1', 2580, 0.0763, 283.9863, 0.5634, 'Barmer');
INSERT INTO welldata.PETROPHYSICS (UBHI, SAMPLE_DEPTH_M, POROSITY, PERMEABILITY, WATER_SAT, FORMATION) VALUES ('WELL00000000007-BH1', 2600, 0.0841, 69.5747, 0.1727, 'Rajahmundry');
INSERT INTO welldata.PETROPHYSICS (UBHI, SAMPLE_DEPTH_M, POROSITY, PERMEABILITY, WATER_SAT, FORMATION) VALUES ('WELL00000000007-BH1', 2620, 0.194, 346.3706, 0.6916, 'Barmer');
INSERT INTO welldata.PETROPHYSICS (UBHI, SAMPLE_DEPTH_M, POROSITY, PERMEABILITY, WATER_SAT, FORMATION) VALUES ('WELL00000000007-BH1', 2640, 0.1019, 152.7019, 0.2955, 'Barmer');
INSERT INTO welldata.PETROPHYSICS (UBHI, SAMPLE_DEPTH_M, POROSITY, PERMEABILITY, WATER_SAT, FORMATION) VALUES ('WELL00000000007-BH1', 2660, 0.0527, 69.414, 0.392, 'Sanchore');
INSERT INTO welldata.PETROPHYSICS (UBHI, SAMPLE_DEPTH_M, POROSITY, PERMEABILITY, WATER_SAT, FORMATION) VALUES ('WELL00000000007-BH1', 2680, 0.0874, 82.1721, 0.4611, 'Rajahmundry');
INSERT INTO welldata.PETROPHYSICS (UBHI, SAMPLE_DEPTH_M, POROSITY, PERMEABILITY, WATER_SAT, FORMATION) VALUES ('WELL00000000007-BH1', 2700, 0.2474, 409.1279, 0.5484, 'Barmer');
INSERT INTO welldata.PETROPHYSICS (UBHI, SAMPLE_DEPTH_M, POROSITY, PERMEABILITY, WATER_SAT, FORMATION) VALUES ('WELL00000000007-BH1', 2720, 0.0949, 184.1379, 0.6058, 'Sanchore');
INSERT INTO welldata.PETROPHYSICS (UBHI, SAMPLE_DEPTH_M, POROSITY, PERMEABILITY, WATER_SAT, FORMATION) VALUES ('WELL00000000007-BH1', 2740, 0.2606, 191.9836, 0.4335, 'Barmer');
INSERT INTO welldata.PETROPHYSICS (UBHI, SAMPLE_DEPTH_M, POROSITY, PERMEABILITY, WATER_SAT, FORMATION) VALUES ('WELL00000000007-BH1', 2760, 0.2315, 445.7702, 0.6687, 'Bengal');
INSERT INTO welldata.PETROPHYSICS (UBHI, SAMPLE_DEPTH_M, POROSITY, PERMEABILITY, WATER_SAT, FORMATION) VALUES ('WELL00000000007-BH1', 2780, 0.1566, 263.2041, 0.2625, 'Bengal');
INSERT INTO welldata.PETROPHYSICS (UBHI, SAMPLE_DEPTH_M, POROSITY, PERMEABILITY, WATER_SAT, FORMATION) VALUES ('WELL00000000007-BH1', 2800, 0.2256, 290.4685, 0.6526, 'Sanchore');
INSERT INTO welldata.PETROPHYSICS (UBHI, SAMPLE_DEPTH_M, POROSITY, PERMEABILITY, WATER_SAT, FORMATION) VALUES ('WELL00000000007-BH1', 2820, 0.0672, 364.7185, 0.3244, 'Rajahmundry');
INSERT INTO welldata.PETROPHYSICS (UBHI, SAMPLE_DEPTH_M, POROSITY, PERMEABILITY, WATER_SAT, FORMATION) VALUES ('WELL00000000007-BH1', 2840, 0.2703, 367.6707, 0.6029, 'Bengal');
INSERT INTO welldata.PETROPHYSICS (UBHI, SAMPLE_DEPTH_M, POROSITY, PERMEABILITY, WATER_SAT, FORMATION) VALUES ('WELL00000000007-BH1', 2860, 0.1151, 111.0583, 0.3448, 'Bengal');
INSERT INTO welldata.PETROPHYSICS (UBHI, SAMPLE_DEPTH_M, POROSITY, PERMEABILITY, WATER_SAT, FORMATION) VALUES ('WELL00000000007-BH1', 2880, 0.2403, 35.1697, 0.239, 'Bengal');
INSERT INTO welldata.PETROPHYSICS (UBHI, SAMPLE_DEPTH_M, POROSITY, PERMEABILITY, WATER_SAT, FORMATION) VALUES ('WELL00000000007-BH1', 2900, 0.2152, 93.0139, 0.7037, 'Rajahmundry');
INSERT INTO welldata.PETROPHYSICS (UBHI, SAMPLE_DEPTH_M, POROSITY, PERMEABILITY, WATER_SAT, FORMATION) VALUES ('WELL00000000007-BH1', 2920, 0.0991, 235.0655, 0.2558, 'Barmer');
INSERT INTO welldata.PETROPHYSICS (UBHI, SAMPLE_DEPTH_M, POROSITY, PERMEABILITY, WATER_SAT, FORMATION) VALUES ('WELL00000000007-BH1', 2940, 0.154, 283.4367, 0.6753, 'Barmer');
INSERT INTO welldata.PETROPHYSICS (UBHI, SAMPLE_DEPTH_M, POROSITY, PERMEABILITY, WATER_SAT, FORMATION) VALUES ('WELL00000000007-BH1', 2960, 0.2498, 355.1289, 0.6122, 'Barmer');
INSERT INTO welldata.PETROPHYSICS (UBHI, SAMPLE_DEPTH_M, POROSITY, PERMEABILITY, WATER_SAT, FORMATION) VALUES ('WELL00000000007-BH1', 2980, 0.1864, 444.2588, 0.2343, 'Bengal');
INSERT INTO welldata.PETROPHYSICS (UBHI, SAMPLE_DEPTH_M, POROSITY, PERMEABILITY, WATER_SAT, FORMATION) VALUES ('WELL00000000007-BH1', 3000, 0.2641, 411.3067, 0.6377, 'Sanchore');
INSERT INTO welldata.BOREHOLE (UBHI, UWI, BOREHOLE_NAME, BOREHOLE_TYPE, TOP_DEPTH_M, BASE_DEPTH_M) VALUES ('WELL00000000007-BH2', 'WELL00000000007', 'ONGC-KR-007-BH2', 'VERTICAL', 874, 1990);
INSERT INTO welldata.PETROPHYSICS (UBHI, SAMPLE_DEPTH_M, POROSITY, PERMEABILITY, WATER_SAT, FORMATION) VALUES ('WELL00000000007-BH2', 1000, 0.2436, 411.6435, 0.1635, 'Bengal');
INSERT INTO welldata.PETROPHYSICS (UBHI, SAMPLE_DEPTH_M, POROSITY, PERMEABILITY, WATER_SAT, FORMATION) VALUES ('WELL00000000007-BH2', 1020, 0.1757, 296.7237, 0.4924, 'Barmer');
INSERT INTO welldata.PETROPHYSICS (UBHI, SAMPLE_DEPTH_M, POROSITY, PERMEABILITY, WATER_SAT, FORMATION) VALUES ('WELL00000000007-BH2', 1040, 0.0999, 264.1341, 0.3691, 'Barmer');
INSERT INTO welldata.PETROPHYSICS (UBHI, SAMPLE_DEPTH_M, POROSITY, PERMEABILITY, WATER_SAT, FORMATION) VALUES ('WELL00000000007-BH2', 1060, 0.2644, 29.8712, 0.5032, 'Bengal');
INSERT INTO welldata.PETROPHYSICS (UBHI, SAMPLE_DEPTH_M, POROSITY, PERMEABILITY, WATER_SAT, FORMATION) VALUES ('WELL00000000007-BH2', 1080, 0.0827, 251.9964, 0.5767, 'Barmer');
INSERT INTO welldata.PETROPHYSICS (UBHI, SAMPLE_DEPTH_M, POROSITY, PERMEABILITY, WATER_SAT, FORMATION) VALUES ('WELL00000000007-BH2', 1100, 0.192, 39.7766, 0.6486, 'Rajahmundry');
INSERT INTO welldata.PETROPHYSICS (UBHI, SAMPLE_DEPTH_M, POROSITY, PERMEABILITY, WATER_SAT, FORMATION) VALUES ('WELL00000000007-BH2', 1120, 0.2577, 374.1332, 0.466, 'Barmer');
INSERT INTO welldata.PETROPHYSICS (UBHI, SAMPLE_DEPTH_M, POROSITY, PERMEABILITY, WATER_SAT, FORMATION) VALUES ('WELL00000000007-BH2', 1140, 0.063, 240.8436, 0.2126, 'Sanchore');
INSERT INTO welldata.PETROPHYSICS (UBHI, SAMPLE_DEPTH_M, POROSITY, PERMEABILITY, WATER_SAT, FORMATION) VALUES ('WELL00000000007-BH2', 1160, 0.2718, 217.2446, 0.4825, 'Bengal');
INSERT INTO welldata.PETROPHYSICS (UBHI, SAMPLE_DEPTH_M, POROSITY, PERMEABILITY, WATER_SAT, FORMATION) VALUES ('WELL00000000007-BH2', 1180, 0.1662, 378.3429, 0.1893, 'Barmer');
INSERT INTO welldata.PETROPHYSICS (UBHI, SAMPLE_DEPTH_M, POROSITY, PERMEABILITY, WATER_SAT, FORMATION) VALUES ('WELL00000000007-BH2', 1200, 0.222, 176.929, 0.7258, 'Bengal');
INSERT INTO welldata.PETROPHYSICS (UBHI, SAMPLE_DEPTH_M, POROSITY, PERMEABILITY, WATER_SAT, FORMATION) VALUES ('WELL00000000007-BH2', 1220, 0.2224, 415.8438, 0.261, 'Bengal');
INSERT INTO welldata.PETROPHYSICS (UBHI, SAMPLE_DEPTH_M, POROSITY, PERMEABILITY, WATER_SAT, FORMATION) VALUES ('WELL00000000007-BH2', 1240, 0.0929, 242.9835, 0.4486, 'Sanchore');
INSERT INTO welldata.PETROPHYSICS (UBHI, SAMPLE_DEPTH_M, POROSITY, PERMEABILITY, WATER_SAT, FORMATION) VALUES ('WELL00000000007-BH2', 1260, 0.2672, 88.8034, 0.3939, 'Rajahmundry');
INSERT INTO welldata.PETROPHYSICS (UBHI, SAMPLE_DEPTH_M, POROSITY, PERMEABILITY, WATER_SAT, FORMATION) VALUES ('WELL00000000007-BH2', 1280, 0.242, 189.715, 0.6959, 'Sanchore');
INSERT INTO welldata.PETROPHYSICS (UBHI, SAMPLE_DEPTH_M, POROSITY, PERMEABILITY, WATER_SAT, FORMATION) VALUES ('WELL00000000007-BH2', 1300, 0.1127, 217.4652, 0.6147, 'Bengal');
INSERT INTO welldata.PETROPHYSICS (UBHI, SAMPLE_DEPTH_M, POROSITY, PERMEABILITY, WATER_SAT, FORMATION) VALUES ('WELL00000000007-BH2', 1320, 0.2692, 266.4731, 0.3134, 'Rajahmundry');
INSERT INTO welldata.PETROPHYSICS (UBHI, SAMPLE_DEPTH_M, POROSITY, PERMEABILITY, WATER_SAT, FORMATION) VALUES ('WELL00000000007-BH2', 1340, 0.1518, 256.764, 0.463, 'Bengal');
INSERT INTO welldata.PETROPHYSICS (UBHI, SAMPLE_DEPTH_M, POROSITY, PERMEABILITY, WATER_SAT, FORMATION) VALUES ('WELL00000000007-BH2', 1360, 0.1257, 77.9541, 0.5994, 'Barmer');
INSERT INTO welldata.PETROPHYSICS (UBHI, SAMPLE_DEPTH_M, POROSITY, PERMEABILITY, WATER_SAT, FORMATION) VALUES ('WELL00000000007-BH2', 1380, 0.2571, 176.866, 0.2703, 'Sanchore');
INSERT INTO welldata.PETROPHYSICS (UBHI, SAMPLE_DEPTH_M, POROSITY, PERMEABILITY, WATER_SAT, FORMATION) VALUES ('WELL00000000007-BH2', 1400, 0.2487, 206.6011, 0.406, 'Rajahmundry');
INSERT INTO welldata.PETROPHYSICS (UBHI, SAMPLE_DEPTH_M, POROSITY, PERMEABILITY, WATER_SAT, FORMATION) VALUES ('WELL00000000007-BH2', 1420, 0.0931, 431.8147, 0.5969, 'Barmer');
INSERT INTO welldata.PETROPHYSICS (UBHI, SAMPLE_DEPTH_M, POROSITY, PERMEABILITY, WATER_SAT, FORMATION) VALUES ('WELL00000000007-BH2', 1440, 0.2344, 373.7102, 0.4634, 'Rajahmundry');
INSERT INTO welldata.PETROPHYSICS (UBHI, SAMPLE_DEPTH_M, POROSITY, PERMEABILITY, WATER_SAT, FORMATION) VALUES ('WELL00000000007-BH2', 1460, 0.1376, 379.1076, 0.6432, 'Barmer');
INSERT INTO welldata.PETROPHYSICS (UBHI, SAMPLE_DEPTH_M, POROSITY, PERMEABILITY, WATER_SAT, FORMATION) VALUES ('WELL00000000007-BH2', 1480, 0.2522, 34.8837, 0.1791, 'Rajahmundry');
INSERT INTO welldata.PETROPHYSICS (UBHI, SAMPLE_DEPTH_M, POROSITY, PERMEABILITY, WATER_SAT, FORMATION) VALUES ('WELL00000000007-BH2', 1500, 0.0881, 124.7719, 0.6646, 'Barmer');
INSERT INTO welldata.PETROPHYSICS (UBHI, SAMPLE_DEPTH_M, POROSITY, PERMEABILITY, WATER_SAT, FORMATION) VALUES ('WELL00000000007-BH2', 1520, 0.1387, 7.8106, 0.7301, 'Barmer');
INSERT INTO welldata.PETROPHYSICS (UBHI, SAMPLE_DEPTH_M, POROSITY, PERMEABILITY, WATER_SAT, FORMATION) VALUES ('WELL00000000007-BH2', 1540, 0.1238, 354.0642, 0.6358, 'Barmer');
INSERT INTO welldata.PETROPHYSICS (UBHI, SAMPLE_DEPTH_M, POROSITY, PERMEABILITY, WATER_SAT, FORMATION) VALUES ('WELL00000000007-BH2', 1560, 0.1906, 431.092, 0.3219, 'Barmer');
INSERT INTO welldata.PETROPHYSICS (UBHI, SAMPLE_DEPTH_M, POROSITY, PERMEABILITY, WATER_SAT, FORMATION) VALUES ('WELL00000000007-BH2', 1580, 0.2349, 218.8574, 0.2573, 'Sanchore');
INSERT INTO welldata.PETROPHYSICS (UBHI, SAMPLE_DEPTH_M, POROSITY, PERMEABILITY, WATER_SAT, FORMATION) VALUES ('WELL00000000007-BH2', 1600, 0.133, 34.8794, 0.4244, 'Rajahmundry');
INSERT INTO welldata.PETROPHYSICS (UBHI, SAMPLE_DEPTH_M, POROSITY, PERMEABILITY, WATER_SAT, FORMATION) VALUES ('WELL00000000007-BH2', 1620, 0.0882, 4.1453, 0.6371, 'Barmer');
INSERT INTO welldata.PETROPHYSICS (UBHI, SAMPLE_DEPTH_M, POROSITY, PERMEABILITY, WATER_SAT, FORMATION) VALUES ('WELL00000000007-BH2', 1640, 0.2221, 254.347, 0.7145, 'Rajahmundry');
INSERT INTO welldata.PETROPHYSICS (UBHI, SAMPLE_DEPTH_M, POROSITY, PERMEABILITY, WATER_SAT, FORMATION) VALUES ('WELL00000000007-BH2', 1660, 0.1225, 374.3503, 0.6223, 'Sanchore');
INSERT INTO welldata.PETROPHYSICS (UBHI, SAMPLE_DEPTH_M, POROSITY, PERMEABILITY, WATER_SAT, FORMATION) VALUES ('WELL00000000007-BH2', 1680, 0.225, 207.367, 0.3882, 'Barmer');
INSERT INTO welldata.PETROPHYSICS (UBHI, SAMPLE_DEPTH_M, POROSITY, PERMEABILITY, WATER_SAT, FORMATION) VALUES ('WELL00000000007-BH2', 1700, 0.1923, 348.2601, 0.7045, 'Sanchore');
INSERT INTO welldata.PETROPHYSICS (UBHI, SAMPLE_DEPTH_M, POROSITY, PERMEABILITY, WATER_SAT, FORMATION) VALUES ('WELL00000000007-BH2', 1720, 0.0908, 239.0038, 0.4887, 'Barmer');
INSERT INTO welldata.PETROPHYSICS (UBHI, SAMPLE_DEPTH_M, POROSITY, PERMEABILITY, WATER_SAT, FORMATION) VALUES ('WELL00000000007-BH2', 1740, 0.056, 337.3217, 0.6032, 'Barmer');
INSERT INTO welldata.PETROPHYSICS (UBHI, SAMPLE_DEPTH_M, POROSITY, PERMEABILITY, WATER_SAT, FORMATION) VALUES ('WELL00000000007-BH2', 1760, 0.1035, 353.8261, 0.5978, 'Rajahmundry');
INSERT INTO welldata.PETROPHYSICS (UBHI, SAMPLE_DEPTH_M, POROSITY, PERMEABILITY, WATER_SAT, FORMATION) VALUES ('WELL00000000007-BH2', 1780, 0.1734, 314.2558, 0.6423, 'Bengal');
INSERT INTO welldata.PETROPHYSICS (UBHI, SAMPLE_DEPTH_M, POROSITY, PERMEABILITY, WATER_SAT, FORMATION) VALUES ('WELL00000000007-BH2', 1800, 0.1416, 406.2244, 0.2037, 'Barmer');
INSERT INTO welldata.PETROPHYSICS (UBHI, SAMPLE_DEPTH_M, POROSITY, PERMEABILITY, WATER_SAT, FORMATION) VALUES ('WELL00000000007-BH2', 1820, 0.1664, 343.1507, 0.3647, 'Barmer');
INSERT INTO welldata.PETROPHYSICS (UBHI, SAMPLE_DEPTH_M, POROSITY, PERMEABILITY, WATER_SAT, FORMATION) VALUES ('WELL00000000007-BH2', 1840, 0.2724, 21.2659, 0.7425, 'Bengal');
INSERT INTO welldata.PETROPHYSICS (UBHI, SAMPLE_DEPTH_M, POROSITY, PERMEABILITY, WATER_SAT, FORMATION) VALUES ('WELL00000000007-BH2', 1860, 0.1391, 185.8855, 0.7401, 'Barmer');
INSERT INTO welldata.PETROPHYSICS (UBHI, SAMPLE_DEPTH_M, POROSITY, PERMEABILITY, WATER_SAT, FORMATION) VALUES ('WELL00000000007-BH2', 1880, 0.1873, 193.9207, 0.1652, 'Bengal');
INSERT INTO welldata.PETROPHYSICS (UBHI, SAMPLE_DEPTH_M, POROSITY, PERMEABILITY, WATER_SAT, FORMATION) VALUES ('WELL00000000007-BH2', 1900, 0.082, 288.7247, 0.1551, 'Barmer');
INSERT INTO welldata.PETROPHYSICS (UBHI, SAMPLE_DEPTH_M, POROSITY, PERMEABILITY, WATER_SAT, FORMATION) VALUES ('WELL00000000007-BH2', 1920, 0.0574, 408.6449, 0.6472, 'Sanchore');
INSERT INTO welldata.PETROPHYSICS (UBHI, SAMPLE_DEPTH_M, POROSITY, PERMEABILITY, WATER_SAT, FORMATION) VALUES ('WELL00000000007-BH2', 1940, 0.0573, 170.682, 0.7214, 'Bengal');
INSERT INTO welldata.PETROPHYSICS (UBHI, SAMPLE_DEPTH_M, POROSITY, PERMEABILITY, WATER_SAT, FORMATION) VALUES ('WELL00000000007-BH2', 1960, 0.2258, 89.8206, 0.2492, 'Sanchore');
INSERT INTO welldata.PETROPHYSICS (UBHI, SAMPLE_DEPTH_M, POROSITY, PERMEABILITY, WATER_SAT, FORMATION) VALUES ('WELL00000000007-BH2', 1980, 0.1745, 117.6187, 0.2871, 'Barmer');
INSERT INTO welldata.PETROPHYSICS (UBHI, SAMPLE_DEPTH_M, POROSITY, PERMEABILITY, WATER_SAT, FORMATION) VALUES ('WELL00000000007-BH2', 2000, 0.128, 26.3298, 0.5376, 'Barmer');
INSERT INTO welldata.PETROPHYSICS (UBHI, SAMPLE_DEPTH_M, POROSITY, PERMEABILITY, WATER_SAT, FORMATION) VALUES ('WELL00000000007-BH2', 2020, 0.1786, 118.8756, 0.5386, 'Barmer');
INSERT INTO welldata.PETROPHYSICS (UBHI, SAMPLE_DEPTH_M, POROSITY, PERMEABILITY, WATER_SAT, FORMATION) VALUES ('WELL00000000007-BH2', 2040, 0.2607, 214.1287, 0.3332, 'Sanchore');
INSERT INTO welldata.PETROPHYSICS (UBHI, SAMPLE_DEPTH_M, POROSITY, PERMEABILITY, WATER_SAT, FORMATION) VALUES ('WELL00000000007-BH2', 2060, 0.1844, 435.816, 0.5144, 'Sanchore');
INSERT INTO welldata.PETROPHYSICS (UBHI, SAMPLE_DEPTH_M, POROSITY, PERMEABILITY, WATER_SAT, FORMATION) VALUES ('WELL00000000007-BH2', 2080, 0.0833, 258.0483, 0.4012, 'Barmer');
INSERT INTO welldata.PETROPHYSICS (UBHI, SAMPLE_DEPTH_M, POROSITY, PERMEABILITY, WATER_SAT, FORMATION) VALUES ('WELL00000000007-BH2', 2100, 0.1365, 379.8012, 0.3737, 'Barmer');
INSERT INTO welldata.PETROPHYSICS (UBHI, SAMPLE_DEPTH_M, POROSITY, PERMEABILITY, WATER_SAT, FORMATION) VALUES ('WELL00000000007-BH2', 2120, 0.0647, 142.0006, 0.561, 'Bengal');
INSERT INTO welldata.PETROPHYSICS (UBHI, SAMPLE_DEPTH_M, POROSITY, PERMEABILITY, WATER_SAT, FORMATION) VALUES ('WELL00000000007-BH2', 2140, 0.2706, 116.1473, 0.2092, 'Rajahmundry');
INSERT INTO welldata.PETROPHYSICS (UBHI, SAMPLE_DEPTH_M, POROSITY, PERMEABILITY, WATER_SAT, FORMATION) VALUES ('WELL00000000007-BH2', 2160, 0.0663, 229.396, 0.6693, 'Sanchore');
INSERT INTO welldata.PETROPHYSICS (UBHI, SAMPLE_DEPTH_M, POROSITY, PERMEABILITY, WATER_SAT, FORMATION) VALUES ('WELL00000000007-BH2', 2180, 0.1635, 277.5057, 0.1911, 'Sanchore');
INSERT INTO welldata.PETROPHYSICS (UBHI, SAMPLE_DEPTH_M, POROSITY, PERMEABILITY, WATER_SAT, FORMATION) VALUES ('WELL00000000007-BH2', 2200, 0.1815, 439.0985, 0.2915, 'Sanchore');
INSERT INTO welldata.PETROPHYSICS (UBHI, SAMPLE_DEPTH_M, POROSITY, PERMEABILITY, WATER_SAT, FORMATION) VALUES ('WELL00000000007-BH2', 2220, 0.1838, 132.7077, 0.287, 'Sanchore');
INSERT INTO welldata.PETROPHYSICS (UBHI, SAMPLE_DEPTH_M, POROSITY, PERMEABILITY, WATER_SAT, FORMATION) VALUES ('WELL00000000007-BH2', 2240, 0.1705, 125.0753, 0.3042, 'Barmer');
INSERT INTO welldata.PETROPHYSICS (UBHI, SAMPLE_DEPTH_M, POROSITY, PERMEABILITY, WATER_SAT, FORMATION) VALUES ('WELL00000000007-BH2', 2260, 0.2162, 300.8205, 0.3924, 'Rajahmundry');
INSERT INTO welldata.PETROPHYSICS (UBHI, SAMPLE_DEPTH_M, POROSITY, PERMEABILITY, WATER_SAT, FORMATION) VALUES ('WELL00000000007-BH2', 2280, 0.2794, 417.1372, 0.302, 'Bengal');
INSERT INTO welldata.PETROPHYSICS (UBHI, SAMPLE_DEPTH_M, POROSITY, PERMEABILITY, WATER_SAT, FORMATION) VALUES ('WELL00000000007-BH2', 2300, 0.0695, 77.2222, 0.4318, 'Barmer');
INSERT INTO welldata.PETROPHYSICS (UBHI, SAMPLE_DEPTH_M, POROSITY, PERMEABILITY, WATER_SAT, FORMATION) VALUES ('WELL00000000007-BH2', 2320, 0.2532, 194.5669, 0.2654, 'Rajahmundry');
INSERT INTO welldata.PETROPHYSICS (UBHI, SAMPLE_DEPTH_M, POROSITY, PERMEABILITY, WATER_SAT, FORMATION) VALUES ('WELL00000000007-BH2', 2340, 0.0445, 163.4071, 0.2256, 'Rajahmundry');
INSERT INTO welldata.PETROPHYSICS (UBHI, SAMPLE_DEPTH_M, POROSITY, PERMEABILITY, WATER_SAT, FORMATION) VALUES ('WELL00000000007-BH2', 2360, 0.2238, 184.6629, 0.3421, 'Sanchore');
INSERT INTO welldata.PETROPHYSICS (UBHI, SAMPLE_DEPTH_M, POROSITY, PERMEABILITY, WATER_SAT, FORMATION) VALUES ('WELL00000000007-BH2', 2380, 0.1408, 325.1991, 0.3632, 'Bengal');
INSERT INTO welldata.PETROPHYSICS (UBHI, SAMPLE_DEPTH_M, POROSITY, PERMEABILITY, WATER_SAT, FORMATION) VALUES ('WELL00000000007-BH2', 2400, 0.2142, 60.2224, 0.5335, 'Bengal');
INSERT INTO welldata.PETROPHYSICS (UBHI, SAMPLE_DEPTH_M, POROSITY, PERMEABILITY, WATER_SAT, FORMATION) VALUES ('WELL00000000007-BH2', 2420, 0.099, 135.844, 0.5644, 'Barmer');
INSERT INTO welldata.PETROPHYSICS (UBHI, SAMPLE_DEPTH_M, POROSITY, PERMEABILITY, WATER_SAT, FORMATION) VALUES ('WELL00000000007-BH2', 2440, 0.1, 210.3707, 0.4776, 'Rajahmundry');
INSERT INTO welldata.PETROPHYSICS (UBHI, SAMPLE_DEPTH_M, POROSITY, PERMEABILITY, WATER_SAT, FORMATION) VALUES ('WELL00000000007-BH2', 2460, 0.239, 307.6406, 0.4352, 'Barmer');
INSERT INTO welldata.PETROPHYSICS (UBHI, SAMPLE_DEPTH_M, POROSITY, PERMEABILITY, WATER_SAT, FORMATION) VALUES ('WELL00000000007-BH2', 2480, 0.2272, 100.5943, 0.7246, 'Sanchore');
INSERT INTO welldata.PETROPHYSICS (UBHI, SAMPLE_DEPTH_M, POROSITY, PERMEABILITY, WATER_SAT, FORMATION) VALUES ('WELL00000000007-BH2', 2500, 0.2063, 87.774, 0.6665, 'Barmer');
INSERT INTO welldata.PETROPHYSICS (UBHI, SAMPLE_DEPTH_M, POROSITY, PERMEABILITY, WATER_SAT, FORMATION) VALUES ('WELL00000000007-BH2', 2520, 0.0404, 420.3116, 0.5244, 'Bengal');
INSERT INTO welldata.PETROPHYSICS (UBHI, SAMPLE_DEPTH_M, POROSITY, PERMEABILITY, WATER_SAT, FORMATION) VALUES ('WELL00000000007-BH2', 2540, 0.1921, 415.0614, 0.4561, 'Rajahmundry');
INSERT INTO welldata.PETROPHYSICS (UBHI, SAMPLE_DEPTH_M, POROSITY, PERMEABILITY, WATER_SAT, FORMATION) VALUES ('WELL00000000007-BH2', 2560, 0.0841, 168.3115, 0.5624, 'Bengal');
INSERT INTO welldata.PETROPHYSICS (UBHI, SAMPLE_DEPTH_M, POROSITY, PERMEABILITY, WATER_SAT, FORMATION) VALUES ('WELL00000000007-BH2', 2580, 0.2777, 297.5509, 0.7436, 'Barmer');
INSERT INTO welldata.PETROPHYSICS (UBHI, SAMPLE_DEPTH_M, POROSITY, PERMEABILITY, WATER_SAT, FORMATION) VALUES ('WELL00000000007-BH2', 2600, 0.1124, 120.1452, 0.1733, 'Rajahmundry');
INSERT INTO welldata.PETROPHYSICS (UBHI, SAMPLE_DEPTH_M, POROSITY, PERMEABILITY, WATER_SAT, FORMATION) VALUES ('WELL00000000007-BH2', 2620, 0.2495, 442.418, 0.2128, 'Bengal');
INSERT INTO welldata.PETROPHYSICS (UBHI, SAMPLE_DEPTH_M, POROSITY, PERMEABILITY, WATER_SAT, FORMATION) VALUES ('WELL00000000007-BH2', 2640, 0.2182, 181.8581, 0.5873, 'Bengal');
INSERT INTO welldata.PETROPHYSICS (UBHI, SAMPLE_DEPTH_M, POROSITY, PERMEABILITY, WATER_SAT, FORMATION) VALUES ('WELL00000000007-BH2', 2660, 0.1375, 145.4372, 0.7228, 'Barmer');
INSERT INTO welldata.PETROPHYSICS (UBHI, SAMPLE_DEPTH_M, POROSITY, PERMEABILITY, WATER_SAT, FORMATION) VALUES ('WELL00000000007-BH2', 2680, 0.0619, 399.9295, 0.154, 'Rajahmundry');
INSERT INTO welldata.PETROPHYSICS (UBHI, SAMPLE_DEPTH_M, POROSITY, PERMEABILITY, WATER_SAT, FORMATION) VALUES ('WELL00000000007-BH2', 2700, 0.2613, 296.6151, 0.7285, 'Barmer');
INSERT INTO welldata.PETROPHYSICS (UBHI, SAMPLE_DEPTH_M, POROSITY, PERMEABILITY, WATER_SAT, FORMATION) VALUES ('WELL00000000007-BH2', 2720, 0.1527, 147.4156, 0.3799, 'Bengal');
INSERT INTO welldata.PETROPHYSICS (UBHI, SAMPLE_DEPTH_M, POROSITY, PERMEABILITY, WATER_SAT, FORMATION) VALUES ('WELL00000000007-BH2', 2740, 0.0708, 252.9516, 0.6838, 'Barmer');
INSERT INTO welldata.PETROPHYSICS (UBHI, SAMPLE_DEPTH_M, POROSITY, PERMEABILITY, WATER_SAT, FORMATION) VALUES ('WELL00000000007-BH2', 2760, 0.1587, 161.4548, 0.1789, 'Barmer');
INSERT INTO welldata.PETROPHYSICS (UBHI, SAMPLE_DEPTH_M, POROSITY, PERMEABILITY, WATER_SAT, FORMATION) VALUES ('WELL00000000007-BH2', 2780, 0.1774, 358.7916, 0.5107, 'Sanchore');
INSERT INTO welldata.PETROPHYSICS (UBHI, SAMPLE_DEPTH_M, POROSITY, PERMEABILITY, WATER_SAT, FORMATION) VALUES ('WELL00000000007-BH2', 2800, 0.2153, 20.2257, 0.2189, 'Sanchore');
INSERT INTO welldata.PETROPHYSICS (UBHI, SAMPLE_DEPTH_M, POROSITY, PERMEABILITY, WATER_SAT, FORMATION) VALUES ('WELL00000000007-BH2', 2820, 0.1884, 144.9745, 0.4088, 'Bengal');
INSERT INTO welldata.PETROPHYSICS (UBHI, SAMPLE_DEPTH_M, POROSITY, PERMEABILITY, WATER_SAT, FORMATION) VALUES ('WELL00000000007-BH2', 2840, 0.2605, 435.9714, 0.5387, 'Bengal');
INSERT INTO welldata.PETROPHYSICS (UBHI, SAMPLE_DEPTH_M, POROSITY, PERMEABILITY, WATER_SAT, FORMATION) VALUES ('WELL00000000007-BH2', 2860, 0.212, 5.1893, 0.6897, 'Barmer');
INSERT INTO welldata.PETROPHYSICS (UBHI, SAMPLE_DEPTH_M, POROSITY, PERMEABILITY, WATER_SAT, FORMATION) VALUES ('WELL00000000007-BH2', 2880, 0.0509, 424.171, 0.6493, 'Barmer');
INSERT INTO welldata.PETROPHYSICS (UBHI, SAMPLE_DEPTH_M, POROSITY, PERMEABILITY, WATER_SAT, FORMATION) VALUES ('WELL00000000007-BH2', 2900, 0.1875, 166.6669, 0.6281, 'Rajahmundry');
INSERT INTO welldata.PETROPHYSICS (UBHI, SAMPLE_DEPTH_M, POROSITY, PERMEABILITY, WATER_SAT, FORMATION) VALUES ('WELL00000000007-BH2', 2920, 0.1826, 413.6596, 0.3006, 'Sanchore');
INSERT INTO welldata.PETROPHYSICS (UBHI, SAMPLE_DEPTH_M, POROSITY, PERMEABILITY, WATER_SAT, FORMATION) VALUES ('WELL00000000007-BH2', 2940, 0.1649, 82.1003, 0.3476, 'Sanchore');
INSERT INTO welldata.PETROPHYSICS (UBHI, SAMPLE_DEPTH_M, POROSITY, PERMEABILITY, WATER_SAT, FORMATION) VALUES ('WELL00000000007-BH2', 2960, 0.1989, 68.7351, 0.7298, 'Rajahmundry');
INSERT INTO welldata.PETROPHYSICS (UBHI, SAMPLE_DEPTH_M, POROSITY, PERMEABILITY, WATER_SAT, FORMATION) VALUES ('WELL00000000007-BH2', 2980, 0.1524, 179.1174, 0.1984, 'Bengal');
INSERT INTO welldata.PETROPHYSICS (UBHI, SAMPLE_DEPTH_M, POROSITY, PERMEABILITY, WATER_SAT, FORMATION) VALUES ('WELL00000000007-BH2', 3000, 0.092, 339.6073, 0.1877, 'Sanchore');
INSERT INTO welldata.PRODUCTION (UWI, PROD_DATE, OIL_BBL, GAS_MCF, WATER_BBL, HOURS_ON) VALUES ('WELL00000000007', TO_DATE('2015-01-01','YYYY-MM-DD'), 789.74, 6051.33, 70.92, 654.93);
INSERT INTO welldata.PRODUCTION (UWI, PROD_DATE, OIL_BBL, GAS_MCF, WATER_BBL, HOURS_ON) VALUES ('WELL00000000007', TO_DATE('2015-02-01','YYYY-MM-DD'), 2258.74, 864.13, 166.79, 172.93);
INSERT INTO welldata.PRODUCTION (UWI, PROD_DATE, OIL_BBL, GAS_MCF, WATER_BBL, HOURS_ON) VALUES ('WELL00000000007', TO_DATE('2015-03-01','YYYY-MM-DD'), 2331.03, 6556.59, 873.91, 375.67);
INSERT INTO welldata.PRODUCTION (UWI, PROD_DATE, OIL_BBL, GAS_MCF, WATER_BBL, HOURS_ON) VALUES ('WELL00000000007', TO_DATE('2015-04-01','YYYY-MM-DD'), 2515.38, 6783.56, 1009.95, 673.33);
INSERT INTO welldata.PRODUCTION (UWI, PROD_DATE, OIL_BBL, GAS_MCF, WATER_BBL, HOURS_ON) VALUES ('WELL00000000007', TO_DATE('2015-05-01','YYYY-MM-DD'), 334.71, 1955.21, 1389.24, 550.56);
INSERT INTO welldata.PRODUCTION (UWI, PROD_DATE, OIL_BBL, GAS_MCF, WATER_BBL, HOURS_ON) VALUES ('WELL00000000007', TO_DATE('2015-06-01','YYYY-MM-DD'), 736.45, 5113.58, 41.96, 209.86);
INSERT INTO welldata.PRODUCTION (UWI, PROD_DATE, OIL_BBL, GAS_MCF, WATER_BBL, HOURS_ON) VALUES ('WELL00000000007', TO_DATE('2015-07-01','YYYY-MM-DD'), 1414.55, 5995.07, 1015.3, 543.31);
INSERT INTO welldata.PRODUCTION (UWI, PROD_DATE, OIL_BBL, GAS_MCF, WATER_BBL, HOURS_ON) VALUES ('WELL00000000007', TO_DATE('2015-08-01','YYYY-MM-DD'), 1626.59, 14134.22, 783.8, 285.01);
INSERT INTO welldata.PRODUCTION (UWI, PROD_DATE, OIL_BBL, GAS_MCF, WATER_BBL, HOURS_ON) VALUES ('WELL00000000007', TO_DATE('2015-09-01','YYYY-MM-DD'), 1839.16, 6715.22, 1159.44, 467.82);
INSERT INTO welldata.PRODUCTION (UWI, PROD_DATE, OIL_BBL, GAS_MCF, WATER_BBL, HOURS_ON) VALUES ('WELL00000000007', TO_DATE('2015-10-01','YYYY-MM-DD'), 1805.49, 1981.25, 1223.69, 688.42);
INSERT INTO welldata.PRODUCTION (UWI, PROD_DATE, OIL_BBL, GAS_MCF, WATER_BBL, HOURS_ON) VALUES ('WELL00000000007', TO_DATE('2015-11-01','YYYY-MM-DD'), 1142.39, 13086.51, 624.47, 439.47);
INSERT INTO welldata.PRODUCTION (UWI, PROD_DATE, OIL_BBL, GAS_MCF, WATER_BBL, HOURS_ON) VALUES ('WELL00000000007', TO_DATE('2015-12-01','YYYY-MM-DD'), 2757.61, 5356.19, 299.67, 385.22);
INSERT INTO welldata.PRODUCTION (UWI, PROD_DATE, OIL_BBL, GAS_MCF, WATER_BBL, HOURS_ON) VALUES ('WELL00000000007', TO_DATE('2016-01-01','YYYY-MM-DD'), 426.87, 5048.79, 151.25, 303.54);
INSERT INTO welldata.PRODUCTION (UWI, PROD_DATE, OIL_BBL, GAS_MCF, WATER_BBL, HOURS_ON) VALUES ('WELL00000000007', TO_DATE('2016-02-01','YYYY-MM-DD'), 2083.79, 4682.16, 1386.24, 225.99);
INSERT INTO welldata.PRODUCTION (UWI, PROD_DATE, OIL_BBL, GAS_MCF, WATER_BBL, HOURS_ON) VALUES ('WELL00000000007', TO_DATE('2016-03-01','YYYY-MM-DD'), 1407.73, 3533.1, 1326.41, 573.54);
INSERT INTO welldata.PRODUCTION (UWI, PROD_DATE, OIL_BBL, GAS_MCF, WATER_BBL, HOURS_ON) VALUES ('WELL00000000007', TO_DATE('2016-04-01','YYYY-MM-DD'), 125.49, 5778.81, 87.27, 152.73);
INSERT INTO welldata.PRODUCTION (UWI, PROD_DATE, OIL_BBL, GAS_MCF, WATER_BBL, HOURS_ON) VALUES ('WELL00000000007', TO_DATE('2016-05-01','YYYY-MM-DD'), 2595.49, 6620.03, 1490.09, 583.02);
INSERT INTO welldata.PRODUCTION (UWI, PROD_DATE, OIL_BBL, GAS_MCF, WATER_BBL, HOURS_ON) VALUES ('WELL00000000007', TO_DATE('2016-06-01','YYYY-MM-DD'), 2166.74, 10705.78, 481.54, 270.08);
INSERT INTO welldata.PRODUCTION (UWI, PROD_DATE, OIL_BBL, GAS_MCF, WATER_BBL, HOURS_ON) VALUES ('WELL00000000007', TO_DATE('2016-07-01','YYYY-MM-DD'), 297.57, 3659.69, 1428.43, 666.78);
INSERT INTO welldata.PRODUCTION (UWI, PROD_DATE, OIL_BBL, GAS_MCF, WATER_BBL, HOURS_ON) VALUES ('WELL00000000007', TO_DATE('2016-08-01','YYYY-MM-DD'), 779.7, 2196.14, 23.85, 133.8);
INSERT INTO welldata.PRODUCTION (UWI, PROD_DATE, OIL_BBL, GAS_MCF, WATER_BBL, HOURS_ON) VALUES ('WELL00000000007', TO_DATE('2016-09-01','YYYY-MM-DD'), 524.7, 14889.45, 1325.49, 483.9);
INSERT INTO welldata.PRODUCTION (UWI, PROD_DATE, OIL_BBL, GAS_MCF, WATER_BBL, HOURS_ON) VALUES ('WELL00000000007', TO_DATE('2016-10-01','YYYY-MM-DD'), 360.85, 5604.48, 947.76, 157.81);
INSERT INTO welldata.PRODUCTION (UWI, PROD_DATE, OIL_BBL, GAS_MCF, WATER_BBL, HOURS_ON) VALUES ('WELL00000000007', TO_DATE('2016-11-01','YYYY-MM-DD'), 1752.89, 12729.27, 1061.6, 582.83);
INSERT INTO welldata.PRODUCTION (UWI, PROD_DATE, OIL_BBL, GAS_MCF, WATER_BBL, HOURS_ON) VALUES ('WELL00000000007', TO_DATE('2016-12-01','YYYY-MM-DD'), 2514.86, 3758.61, 45.73, 295.09);
INSERT INTO welldata.PRODUCTION (UWI, PROD_DATE, OIL_BBL, GAS_MCF, WATER_BBL, HOURS_ON) VALUES ('WELL00000000007', TO_DATE('2017-01-01','YYYY-MM-DD'), 2971.01, 2169.7, 601.05, 183.55);
INSERT INTO welldata.PRODUCTION (UWI, PROD_DATE, OIL_BBL, GAS_MCF, WATER_BBL, HOURS_ON) VALUES ('WELL00000000007', TO_DATE('2017-02-01','YYYY-MM-DD'), 2084.82, 7254.15, 1064.95, 708.92);
INSERT INTO welldata.PRODUCTION (UWI, PROD_DATE, OIL_BBL, GAS_MCF, WATER_BBL, HOURS_ON) VALUES ('WELL00000000007', TO_DATE('2017-03-01','YYYY-MM-DD'), 681.8, 1607.56, 269.42, 272.38);
INSERT INTO welldata.PRODUCTION (UWI, PROD_DATE, OIL_BBL, GAS_MCF, WATER_BBL, HOURS_ON) VALUES ('WELL00000000007', TO_DATE('2017-04-01','YYYY-MM-DD'), 469.97, 3214.53, 368.73, 378.41);
INSERT INTO welldata.PRODUCTION (UWI, PROD_DATE, OIL_BBL, GAS_MCF, WATER_BBL, HOURS_ON) VALUES ('WELL00000000007', TO_DATE('2017-05-01','YYYY-MM-DD'), 264.49, 13671.87, 1219.58, 549.69);
INSERT INTO welldata.PRODUCTION (UWI, PROD_DATE, OIL_BBL, GAS_MCF, WATER_BBL, HOURS_ON) VALUES ('WELL00000000007', TO_DATE('2017-06-01','YYYY-MM-DD'), 1607.27, 9040.02, 471.36, 178.89);
INSERT INTO welldata.PRODUCTION (UWI, PROD_DATE, OIL_BBL, GAS_MCF, WATER_BBL, HOURS_ON) VALUES ('WELL00000000007', TO_DATE('2017-07-01','YYYY-MM-DD'), 2604.24, 11708.38, 863.92, 489.36);
INSERT INTO welldata.PRODUCTION (UWI, PROD_DATE, OIL_BBL, GAS_MCF, WATER_BBL, HOURS_ON) VALUES ('WELL00000000007', TO_DATE('2017-08-01','YYYY-MM-DD'), 1150.25, 14553.46, 989.82, 361.17);
INSERT INTO welldata.PRODUCTION (UWI, PROD_DATE, OIL_BBL, GAS_MCF, WATER_BBL, HOURS_ON) VALUES ('WELL00000000007', TO_DATE('2017-09-01','YYYY-MM-DD'), 1989.31, 9593.06, 1181.39, 429.13);
INSERT INTO welldata.PRODUCTION (UWI, PROD_DATE, OIL_BBL, GAS_MCF, WATER_BBL, HOURS_ON) VALUES ('WELL00000000007', TO_DATE('2017-10-01','YYYY-MM-DD'), 2984.84, 13816.74, 157.41, 252.46);
INSERT INTO welldata.PRODUCTION (UWI, PROD_DATE, OIL_BBL, GAS_MCF, WATER_BBL, HOURS_ON) VALUES ('WELL00000000007', TO_DATE('2017-11-01','YYYY-MM-DD'), 2163.13, 5907.83, 291.04, 560.94);
INSERT INTO welldata.PRODUCTION (UWI, PROD_DATE, OIL_BBL, GAS_MCF, WATER_BBL, HOURS_ON) VALUES ('WELL00000000007', TO_DATE('2017-12-01','YYYY-MM-DD'), 1054.08, 13864.88, 404.42, 175.97);
INSERT INTO welldata.PRODUCTION (UWI, PROD_DATE, OIL_BBL, GAS_MCF, WATER_BBL, HOURS_ON) VALUES ('WELL00000000007', TO_DATE('2018-01-01','YYYY-MM-DD'), 1879.64, 13130.41, 335.14, 681.83);
INSERT INTO welldata.PRODUCTION (UWI, PROD_DATE, OIL_BBL, GAS_MCF, WATER_BBL, HOURS_ON) VALUES ('WELL00000000007', TO_DATE('2018-02-01','YYYY-MM-DD'), 2118.4, 7320.26, 1044.9, 551.1);
INSERT INTO welldata.PRODUCTION (UWI, PROD_DATE, OIL_BBL, GAS_MCF, WATER_BBL, HOURS_ON) VALUES ('WELL00000000007', TO_DATE('2018-03-01','YYYY-MM-DD'), 1822.55, 9100.53, 1128.75, 695.12);
INSERT INTO welldata.PRODUCTION (UWI, PROD_DATE, OIL_BBL, GAS_MCF, WATER_BBL, HOURS_ON) VALUES ('WELL00000000007', TO_DATE('2018-04-01','YYYY-MM-DD'), 226.79, 11948.52, 1002.4, 355.03);
INSERT INTO welldata.PRODUCTION (UWI, PROD_DATE, OIL_BBL, GAS_MCF, WATER_BBL, HOURS_ON) VALUES ('WELL00000000007', TO_DATE('2018-05-01','YYYY-MM-DD'), 2138.14, 1182.33, 1073.92, 330.05);
INSERT INTO welldata.PRODUCTION (UWI, PROD_DATE, OIL_BBL, GAS_MCF, WATER_BBL, HOURS_ON) VALUES ('WELL00000000007', TO_DATE('2018-06-01','YYYY-MM-DD'), 100.75, 9853.74, 1087.31, 249.87);
INSERT INTO welldata.PRODUCTION (UWI, PROD_DATE, OIL_BBL, GAS_MCF, WATER_BBL, HOURS_ON) VALUES ('WELL00000000007', TO_DATE('2018-07-01','YYYY-MM-DD'), 2403.89, 5304.88, 765.8, 297.06);
INSERT INTO welldata.PRODUCTION (UWI, PROD_DATE, OIL_BBL, GAS_MCF, WATER_BBL, HOURS_ON) VALUES ('WELL00000000007', TO_DATE('2018-08-01','YYYY-MM-DD'), 2767.53, 10652.75, 857.2, 358.32);
INSERT INTO welldata.PRODUCTION (UWI, PROD_DATE, OIL_BBL, GAS_MCF, WATER_BBL, HOURS_ON) VALUES ('WELL00000000007', TO_DATE('2018-09-01','YYYY-MM-DD'), 122.09, 9483.82, 1272.12, 702.8);
INSERT INTO welldata.PRODUCTION (UWI, PROD_DATE, OIL_BBL, GAS_MCF, WATER_BBL, HOURS_ON) VALUES ('WELL00000000007', TO_DATE('2018-10-01','YYYY-MM-DD'), 2971.6, 8035.84, 1155.93, 337.25);
INSERT INTO welldata.PRODUCTION (UWI, PROD_DATE, OIL_BBL, GAS_MCF, WATER_BBL, HOURS_ON) VALUES ('WELL00000000007', TO_DATE('2018-11-01','YYYY-MM-DD'), 2410.91, 5906.6, 961.91, 168.34);
INSERT INTO welldata.PRODUCTION (UWI, PROD_DATE, OIL_BBL, GAS_MCF, WATER_BBL, HOURS_ON) VALUES ('WELL00000000007', TO_DATE('2018-12-01','YYYY-MM-DD'), 1994.32, 7450.53, 356.88, 276.11);
INSERT INTO welldata.PRODUCTION (UWI, PROD_DATE, OIL_BBL, GAS_MCF, WATER_BBL, HOURS_ON) VALUES ('WELL00000000007', TO_DATE('2019-01-01','YYYY-MM-DD'), 667.96, 13518.52, 682.18, 407.64);
INSERT INTO welldata.PRODUCTION (UWI, PROD_DATE, OIL_BBL, GAS_MCF, WATER_BBL, HOURS_ON) VALUES ('WELL00000000007', TO_DATE('2019-02-01','YYYY-MM-DD'), 2971.56, 4692.07, 1076.01, 171.15);
INSERT INTO welldata.PRODUCTION (UWI, PROD_DATE, OIL_BBL, GAS_MCF, WATER_BBL, HOURS_ON) VALUES ('WELL00000000007', TO_DATE('2019-03-01','YYYY-MM-DD'), 201.64, 6381.5, 142.42, 412.98);
INSERT INTO welldata.PRODUCTION (UWI, PROD_DATE, OIL_BBL, GAS_MCF, WATER_BBL, HOURS_ON) VALUES ('WELL00000000007', TO_DATE('2019-04-01','YYYY-MM-DD'), 2121.83, 14321.54, 535.18, 549.45);
INSERT INTO welldata.PRODUCTION (UWI, PROD_DATE, OIL_BBL, GAS_MCF, WATER_BBL, HOURS_ON) VALUES ('WELL00000000007', TO_DATE('2019-05-01','YYYY-MM-DD'), 2475.05, 6378.91, 704.81, 428.73);
INSERT INTO welldata.PRODUCTION (UWI, PROD_DATE, OIL_BBL, GAS_MCF, WATER_BBL, HOURS_ON) VALUES ('WELL00000000007', TO_DATE('2019-06-01','YYYY-MM-DD'), 2423.48, 11931.55, 686.61, 331.16);
INSERT INTO welldata.PRODUCTION (UWI, PROD_DATE, OIL_BBL, GAS_MCF, WATER_BBL, HOURS_ON) VALUES ('WELL00000000007', TO_DATE('2019-07-01','YYYY-MM-DD'), 2594.48, 11047.09, 1260.53, 278.08);
INSERT INTO welldata.PRODUCTION (UWI, PROD_DATE, OIL_BBL, GAS_MCF, WATER_BBL, HOURS_ON) VALUES ('WELL00000000007', TO_DATE('2019-08-01','YYYY-MM-DD'), 2322.27, 8479.75, 224.84, 707.22);
INSERT INTO welldata.PRODUCTION (UWI, PROD_DATE, OIL_BBL, GAS_MCF, WATER_BBL, HOURS_ON) VALUES ('WELL00000000007', TO_DATE('2019-09-01','YYYY-MM-DD'), 2069.93, 2948.26, 1212.9, 169.7);
INSERT INTO welldata.PRODUCTION (UWI, PROD_DATE, OIL_BBL, GAS_MCF, WATER_BBL, HOURS_ON) VALUES ('WELL00000000007', TO_DATE('2019-10-01','YYYY-MM-DD'), 300.39, 11301.72, 98.49, 663.42);
INSERT INTO welldata.PRODUCTION (UWI, PROD_DATE, OIL_BBL, GAS_MCF, WATER_BBL, HOURS_ON) VALUES ('WELL00000000007', TO_DATE('2019-11-01','YYYY-MM-DD'), 660.74, 6675.63, 492.68, 670.97);
INSERT INTO welldata.PRODUCTION (UWI, PROD_DATE, OIL_BBL, GAS_MCF, WATER_BBL, HOURS_ON) VALUES ('WELL00000000007', TO_DATE('2019-12-01','YYYY-MM-DD'), 649.26, 6739.32, 1186.49, 716.35);
INSERT INTO welldata.PRODUCTION (UWI, PROD_DATE, OIL_BBL, GAS_MCF, WATER_BBL, HOURS_ON) VALUES ('WELL00000000007', TO_DATE('2020-01-01','YYYY-MM-DD'), 240.54, 3743.27, 147.33, 445.29);
INSERT INTO welldata.PRODUCTION (UWI, PROD_DATE, OIL_BBL, GAS_MCF, WATER_BBL, HOURS_ON) VALUES ('WELL00000000007', TO_DATE('2020-02-01','YYYY-MM-DD'), 2539.5, 11741.05, 1280.36, 368.51);
INSERT INTO welldata.PRODUCTION (UWI, PROD_DATE, OIL_BBL, GAS_MCF, WATER_BBL, HOURS_ON) VALUES ('WELL00000000007', TO_DATE('2020-03-01','YYYY-MM-DD'), 849.44, 11378.05, 1388.77, 191.06);
INSERT INTO welldata.PRODUCTION (UWI, PROD_DATE, OIL_BBL, GAS_MCF, WATER_BBL, HOURS_ON) VALUES ('WELL00000000007', TO_DATE('2020-04-01','YYYY-MM-DD'), 1197.04, 9300.36, 921.46, 391.85);
INSERT INTO welldata.PRODUCTION (UWI, PROD_DATE, OIL_BBL, GAS_MCF, WATER_BBL, HOURS_ON) VALUES ('WELL00000000007', TO_DATE('2020-05-01','YYYY-MM-DD'), 2586.97, 5409.31, 55.26, 347.65);
INSERT INTO welldata.PRODUCTION (UWI, PROD_DATE, OIL_BBL, GAS_MCF, WATER_BBL, HOURS_ON) VALUES ('WELL00000000007', TO_DATE('2020-06-01','YYYY-MM-DD'), 1818.18, 4307.98, 550.05, 258.8);
INSERT INTO welldata.PRODUCTION (UWI, PROD_DATE, OIL_BBL, GAS_MCF, WATER_BBL, HOURS_ON) VALUES ('WELL00000000007', TO_DATE('2020-07-01','YYYY-MM-DD'), 985.09, 2003.97, 359.49, 636.36);
INSERT INTO welldata.PRODUCTION (UWI, PROD_DATE, OIL_BBL, GAS_MCF, WATER_BBL, HOURS_ON) VALUES ('WELL00000000007', TO_DATE('2020-08-01','YYYY-MM-DD'), 1934.43, 12745.02, 1024.34, 398.52);
INSERT INTO welldata.PRODUCTION (UWI, PROD_DATE, OIL_BBL, GAS_MCF, WATER_BBL, HOURS_ON) VALUES ('WELL00000000007', TO_DATE('2020-09-01','YYYY-MM-DD'), 2496.79, 7096.81, 990.06, 258.18);
INSERT INTO welldata.PRODUCTION (UWI, PROD_DATE, OIL_BBL, GAS_MCF, WATER_BBL, HOURS_ON) VALUES ('WELL00000000007', TO_DATE('2020-10-01','YYYY-MM-DD'), 2072.21, 7752.15, 383.52, 618.81);
INSERT INTO welldata.PRODUCTION (UWI, PROD_DATE, OIL_BBL, GAS_MCF, WATER_BBL, HOURS_ON) VALUES ('WELL00000000007', TO_DATE('2020-11-01','YYYY-MM-DD'), 1382.06, 8273.93, 1039.7, 658.16);
INSERT INTO welldata.PRODUCTION (UWI, PROD_DATE, OIL_BBL, GAS_MCF, WATER_BBL, HOURS_ON) VALUES ('WELL00000000007', TO_DATE('2020-12-01','YYYY-MM-DD'), 2452.7, 5924.77, 733.6, 126.94);
INSERT INTO welldata.PRODUCTION (UWI, PROD_DATE, OIL_BBL, GAS_MCF, WATER_BBL, HOURS_ON) VALUES ('WELL00000000007', TO_DATE('2021-01-01','YYYY-MM-DD'), 1432.97, 7029.2, 1488.62, 466.54);
INSERT INTO welldata.PRODUCTION (UWI, PROD_DATE, OIL_BBL, GAS_MCF, WATER_BBL, HOURS_ON) VALUES ('WELL00000000007', TO_DATE('2021-02-01','YYYY-MM-DD'), 1322.18, 1544.72, 555.68, 477.96);
INSERT INTO welldata.PRODUCTION (UWI, PROD_DATE, OIL_BBL, GAS_MCF, WATER_BBL, HOURS_ON) VALUES ('WELL00000000007', TO_DATE('2021-03-01','YYYY-MM-DD'), 928.58, 12516.43, 858.58, 564.54);
INSERT INTO welldata.PRODUCTION (UWI, PROD_DATE, OIL_BBL, GAS_MCF, WATER_BBL, HOURS_ON) VALUES ('WELL00000000007', TO_DATE('2021-04-01','YYYY-MM-DD'), 840.39, 7449.71, 486.37, 533.88);
INSERT INTO welldata.PRODUCTION (UWI, PROD_DATE, OIL_BBL, GAS_MCF, WATER_BBL, HOURS_ON) VALUES ('WELL00000000007', TO_DATE('2021-05-01','YYYY-MM-DD'), 1876.26, 7446.11, 308.27, 574.2);
INSERT INTO welldata.PRODUCTION (UWI, PROD_DATE, OIL_BBL, GAS_MCF, WATER_BBL, HOURS_ON) VALUES ('WELL00000000007', TO_DATE('2021-06-01','YYYY-MM-DD'), 1230.34, 3968.96, 891.84, 637.35);
INSERT INTO welldata.PRODUCTION (UWI, PROD_DATE, OIL_BBL, GAS_MCF, WATER_BBL, HOURS_ON) VALUES ('WELL00000000007', TO_DATE('2021-07-01','YYYY-MM-DD'), 323.79, 8050.49, 559.78, 294.58);
INSERT INTO welldata.PRODUCTION (UWI, PROD_DATE, OIL_BBL, GAS_MCF, WATER_BBL, HOURS_ON) VALUES ('WELL00000000007', TO_DATE('2021-08-01','YYYY-MM-DD'), 1404.31, 8557.48, 55.43, 655.47);
INSERT INTO welldata.PRODUCTION (UWI, PROD_DATE, OIL_BBL, GAS_MCF, WATER_BBL, HOURS_ON) VALUES ('WELL00000000007', TO_DATE('2021-09-01','YYYY-MM-DD'), 2466.44, 11710.23, 48.15, 376.39);
INSERT INTO welldata.PRODUCTION (UWI, PROD_DATE, OIL_BBL, GAS_MCF, WATER_BBL, HOURS_ON) VALUES ('WELL00000000007', TO_DATE('2021-10-01','YYYY-MM-DD'), 562.01, 9543.93, 330.79, 569.92);
INSERT INTO welldata.PRODUCTION (UWI, PROD_DATE, OIL_BBL, GAS_MCF, WATER_BBL, HOURS_ON) VALUES ('WELL00000000007', TO_DATE('2021-11-01','YYYY-MM-DD'), 576.04, 2988.6, 1111.9, 277.38);
INSERT INTO welldata.PRODUCTION (UWI, PROD_DATE, OIL_BBL, GAS_MCF, WATER_BBL, HOURS_ON) VALUES ('WELL00000000007', TO_DATE('2021-12-01','YYYY-MM-DD'), 2263.88, 10959.08, 39.47, 452.31);
INSERT INTO welldata.PRODUCTION (UWI, PROD_DATE, OIL_BBL, GAS_MCF, WATER_BBL, HOURS_ON) VALUES ('WELL00000000007', TO_DATE('2022-01-01','YYYY-MM-DD'), 440.59, 12479.52, 908.36, 262.6);
INSERT INTO welldata.PRODUCTION (UWI, PROD_DATE, OIL_BBL, GAS_MCF, WATER_BBL, HOURS_ON) VALUES ('WELL00000000007', TO_DATE('2022-02-01','YYYY-MM-DD'), 150.76, 5714.19, 867.57, 304.86);
INSERT INTO welldata.PRODUCTION (UWI, PROD_DATE, OIL_BBL, GAS_MCF, WATER_BBL, HOURS_ON) VALUES ('WELL00000000007', TO_DATE('2022-03-01','YYYY-MM-DD'), 1518.77, 11705.31, 796.84, 667.64);
INSERT INTO welldata.PRODUCTION (UWI, PROD_DATE, OIL_BBL, GAS_MCF, WATER_BBL, HOURS_ON) VALUES ('WELL00000000007', TO_DATE('2022-04-01','YYYY-MM-DD'), 1260.58, 14433.73, 987.72, 174.58);
INSERT INTO welldata.PRODUCTION (UWI, PROD_DATE, OIL_BBL, GAS_MCF, WATER_BBL, HOURS_ON) VALUES ('WELL00000000007', TO_DATE('2022-05-01','YYYY-MM-DD'), 1488.15, 4074.17, 282.05, 190.96);
INSERT INTO welldata.PRODUCTION (UWI, PROD_DATE, OIL_BBL, GAS_MCF, WATER_BBL, HOURS_ON) VALUES ('WELL00000000007', TO_DATE('2022-06-01','YYYY-MM-DD'), 1953.07, 9649.68, 554.52, 368.25);
INSERT INTO welldata.PRODUCTION (UWI, PROD_DATE, OIL_BBL, GAS_MCF, WATER_BBL, HOURS_ON) VALUES ('WELL00000000007', TO_DATE('2022-07-01','YYYY-MM-DD'), 2778.43, 1441.31, 459.36, 250.09);
INSERT INTO welldata.PRODUCTION (UWI, PROD_DATE, OIL_BBL, GAS_MCF, WATER_BBL, HOURS_ON) VALUES ('WELL00000000007', TO_DATE('2022-08-01','YYYY-MM-DD'), 2922.84, 13588.66, 598.65, 272.21);
INSERT INTO welldata.PRODUCTION (UWI, PROD_DATE, OIL_BBL, GAS_MCF, WATER_BBL, HOURS_ON) VALUES ('WELL00000000007', TO_DATE('2022-09-01','YYYY-MM-DD'), 544.98, 13423.02, 692.95, 667.77);
INSERT INTO welldata.PRODUCTION (UWI, PROD_DATE, OIL_BBL, GAS_MCF, WATER_BBL, HOURS_ON) VALUES ('WELL00000000007', TO_DATE('2022-10-01','YYYY-MM-DD'), 1261.32, 10840.56, 857.23, 518.06);
INSERT INTO welldata.PRODUCTION (UWI, PROD_DATE, OIL_BBL, GAS_MCF, WATER_BBL, HOURS_ON) VALUES ('WELL00000000007', TO_DATE('2022-11-01','YYYY-MM-DD'), 1877.69, 5305.18, 925.77, 564.44);
INSERT INTO welldata.PRODUCTION (UWI, PROD_DATE, OIL_BBL, GAS_MCF, WATER_BBL, HOURS_ON) VALUES ('WELL00000000007', TO_DATE('2022-12-01','YYYY-MM-DD'), 2969.75, 5030.32, 887.67, 572.18);
INSERT INTO welldata.PRODUCTION (UWI, PROD_DATE, OIL_BBL, GAS_MCF, WATER_BBL, HOURS_ON) VALUES ('WELL00000000007', TO_DATE('2023-01-01','YYYY-MM-DD'), 761.52, 8809.47, 696.05, 474.48);
INSERT INTO welldata.PRODUCTION (UWI, PROD_DATE, OIL_BBL, GAS_MCF, WATER_BBL, HOURS_ON) VALUES ('WELL00000000007', TO_DATE('2023-02-01','YYYY-MM-DD'), 1968.84, 9859.39, 1364.66, 160.38);
INSERT INTO welldata.PRODUCTION (UWI, PROD_DATE, OIL_BBL, GAS_MCF, WATER_BBL, HOURS_ON) VALUES ('WELL00000000007', TO_DATE('2023-03-01','YYYY-MM-DD'), 98.49, 12996.18, 960.2, 581.19);
INSERT INTO welldata.PRODUCTION (UWI, PROD_DATE, OIL_BBL, GAS_MCF, WATER_BBL, HOURS_ON) VALUES ('WELL00000000007', TO_DATE('2023-04-01','YYYY-MM-DD'), 2241.91, 620.29, 617.68, 345.36);
INSERT INTO welldata.PRODUCTION (UWI, PROD_DATE, OIL_BBL, GAS_MCF, WATER_BBL, HOURS_ON) VALUES ('WELL00000000007', TO_DATE('2023-05-01','YYYY-MM-DD'), 2093.18, 2589.24, 1167.17, 486.29);
INSERT INTO welldata.PRODUCTION (UWI, PROD_DATE, OIL_BBL, GAS_MCF, WATER_BBL, HOURS_ON) VALUES ('WELL00000000007', TO_DATE('2023-06-01','YYYY-MM-DD'), 1217.42, 2741.7, 514.11, 238.91);
INSERT INTO welldata.PRODUCTION (UWI, PROD_DATE, OIL_BBL, GAS_MCF, WATER_BBL, HOURS_ON) VALUES ('WELL00000000007', TO_DATE('2023-07-01','YYYY-MM-DD'), 542.24, 5717.46, 289.38, 237.32);
INSERT INTO welldata.PRODUCTION (UWI, PROD_DATE, OIL_BBL, GAS_MCF, WATER_BBL, HOURS_ON) VALUES ('WELL00000000007', TO_DATE('2023-08-01','YYYY-MM-DD'), 1393.5, 4428.56, 648.3, 268.18);
INSERT INTO welldata.PRODUCTION (UWI, PROD_DATE, OIL_BBL, GAS_MCF, WATER_BBL, HOURS_ON) VALUES ('WELL00000000007', TO_DATE('2023-09-01','YYYY-MM-DD'), 1189.04, 5755.97, 951.24, 587.14);
INSERT INTO welldata.PRODUCTION (UWI, PROD_DATE, OIL_BBL, GAS_MCF, WATER_BBL, HOURS_ON) VALUES ('WELL00000000007', TO_DATE('2023-10-01','YYYY-MM-DD'), 2148.23, 12708.66, 1487.7, 307.41);
INSERT INTO welldata.PRODUCTION (UWI, PROD_DATE, OIL_BBL, GAS_MCF, WATER_BBL, HOURS_ON) VALUES ('WELL00000000007', TO_DATE('2023-11-01','YYYY-MM-DD'), 1443.15, 9309.99, 1124.17, 266.34);
INSERT INTO welldata.PRODUCTION (UWI, PROD_DATE, OIL_BBL, GAS_MCF, WATER_BBL, HOURS_ON) VALUES ('WELL00000000007', TO_DATE('2023-12-01','YYYY-MM-DD'), 808.7, 2406.31, 783.74, 357.93);
INSERT INTO welldata.PRODUCTION (UWI, PROD_DATE, OIL_BBL, GAS_MCF, WATER_BBL, HOURS_ON) VALUES ('WELL00000000007', TO_DATE('2024-01-01','YYYY-MM-DD'), 898.5, 14901.66, 118.17, 437.05);
INSERT INTO welldata.PRODUCTION (UWI, PROD_DATE, OIL_BBL, GAS_MCF, WATER_BBL, HOURS_ON) VALUES ('WELL00000000007', TO_DATE('2024-02-01','YYYY-MM-DD'), 588.97, 11034.69, 1117.03, 155.38);
INSERT INTO welldata.PRODUCTION (UWI, PROD_DATE, OIL_BBL, GAS_MCF, WATER_BBL, HOURS_ON) VALUES ('WELL00000000007', TO_DATE('2024-03-01','YYYY-MM-DD'), 656.44, 1295.24, 648.14, 471.77);
INSERT INTO welldata.PRODUCTION (UWI, PROD_DATE, OIL_BBL, GAS_MCF, WATER_BBL, HOURS_ON) VALUES ('WELL00000000007', TO_DATE('2024-04-01','YYYY-MM-DD'), 1999.14, 13590.7, 143.89, 256.02);
INSERT INTO welldata.PRODUCTION (UWI, PROD_DATE, OIL_BBL, GAS_MCF, WATER_BBL, HOURS_ON) VALUES ('WELL00000000007', TO_DATE('2024-05-01','YYYY-MM-DD'), 1050.27, 10099.09, 550.38, 713.8);
INSERT INTO welldata.PRODUCTION (UWI, PROD_DATE, OIL_BBL, GAS_MCF, WATER_BBL, HOURS_ON) VALUES ('WELL00000000007', TO_DATE('2024-06-01','YYYY-MM-DD'), 384.16, 2880.12, 1410.14, 392.44);
INSERT INTO welldata.PRODUCTION (UWI, PROD_DATE, OIL_BBL, GAS_MCF, WATER_BBL, HOURS_ON) VALUES ('WELL00000000007', TO_DATE('2024-07-01','YYYY-MM-DD'), 898.0, 3967.19, 409.86, 559.62);
INSERT INTO welldata.PRODUCTION (UWI, PROD_DATE, OIL_BBL, GAS_MCF, WATER_BBL, HOURS_ON) VALUES ('WELL00000000007', TO_DATE('2024-08-01','YYYY-MM-DD'), 920.8, 1198.82, 44.54, 194.87);
INSERT INTO welldata.PRODUCTION (UWI, PROD_DATE, OIL_BBL, GAS_MCF, WATER_BBL, HOURS_ON) VALUES ('WELL00000000007', TO_DATE('2024-09-01','YYYY-MM-DD'), 1242.14, 13490.98, 1359.59, 610.25);
INSERT INTO welldata.PRODUCTION (UWI, PROD_DATE, OIL_BBL, GAS_MCF, WATER_BBL, HOURS_ON) VALUES ('WELL00000000007', TO_DATE('2024-10-01','YYYY-MM-DD'), 956.21, 1841.49, 1070.7, 697.74);
INSERT INTO welldata.PRODUCTION (UWI, PROD_DATE, OIL_BBL, GAS_MCF, WATER_BBL, HOURS_ON) VALUES ('WELL00000000007', TO_DATE('2024-11-01','YYYY-MM-DD'), 1138.91, 13457.44, 446.79, 193.24);
INSERT INTO welldata.PRODUCTION (UWI, PROD_DATE, OIL_BBL, GAS_MCF, WATER_BBL, HOURS_ON) VALUES ('WELL00000000007', TO_DATE('2024-12-01','YYYY-MM-DD'), 1608.65, 8783.88, 209.58, 452.71);
INSERT INTO welldata.FORMATION_TOPS (UWI, FORMATION, TOP_DEPTH_M, BASE_DEPTH_M, LITHOLOGY) VALUES ('WELL00000000007', 'Rajahmundry', 596, 759, 'SANDSTONE');
INSERT INTO welldata.FORMATION_TOPS (UWI, FORMATION, TOP_DEPTH_M, BASE_DEPTH_M, LITHOLOGY) VALUES ('WELL00000000007', 'Bengal', 957, 1339, 'LIMESTONE');
INSERT INTO welldata.FORMATION_TOPS (UWI, FORMATION, TOP_DEPTH_M, BASE_DEPTH_M, LITHOLOGY) VALUES ('WELL00000000007', 'Sanchore', 1053, 1124, 'SHALE');
INSERT INTO welldata.FORMATION_TOPS (UWI, FORMATION, TOP_DEPTH_M, BASE_DEPTH_M, LITHOLOGY) VALUES ('WELL00000000007', 'Barmer', 1156, 1526, 'DOLOMITE');
INSERT INTO welldata.CORE_ANALYSIS (UWI, CORE_RUN, TOP_DEPTH_M, BASE_DEPTH_M, GRAIN_DENSITY, BULK_DENSITY, RECOVERY_PCT) VALUES ('WELL00000000007', 1, 1303, 1358, 2.6174, 2.2338, 69.44);
INSERT INTO welldata.CORE_ANALYSIS (UWI, CORE_RUN, TOP_DEPTH_M, BASE_DEPTH_M, GRAIN_DENSITY, BULK_DENSITY, RECOVERY_PCT) VALUES ('WELL00000000007', 2, 1779, 1891, 2.6073, 1.9432, 72.79);
INSERT INTO welldata.WELL (UWI, WELL_NAME, OPERATOR, COUNTRY, BASIN, FIELD_NAME, SPUD_DATE, COMPLETION_DATE, WELL_TYPE, WELL_STATUS, SURFACE_LAT, SURFACE_LON, TOTAL_DEPTH_M, KB_ELEVATION_M) VALUES ('WELL00000000008', 'RELI-CA-008', 'Reliance', 'India', 'Cambay', 'Cambay Field 3', TO_DATE('2016-02-15','YYYY-MM-DD'), TO_DATE('2017-03-22','YYYY-MM-DD'), 'DEVELOPMENT', 'ABANDONED', 18.917548, 68.29575, 2470, 67.3);
INSERT INTO welldata.BOREHOLE (UBHI, UWI, BOREHOLE_NAME, BOREHOLE_TYPE, TOP_DEPTH_M, BASE_DEPTH_M) VALUES ('WELL00000000008-BH1', 'WELL00000000008', 'RELI-CA-008-BH1', 'DIRECTIONAL', 871, 1939);
INSERT INTO welldata.PETROPHYSICS (UBHI, SAMPLE_DEPTH_M, POROSITY, PERMEABILITY, WATER_SAT, FORMATION) VALUES ('WELL00000000008-BH1', 1000, 0.2458, 324.9137, 0.3992, 'Sanchore');
INSERT INTO welldata.PETROPHYSICS (UBHI, SAMPLE_DEPTH_M, POROSITY, PERMEABILITY, WATER_SAT, FORMATION) VALUES ('WELL00000000008-BH1', 1020, 0.0437, 115.9234, 0.2397, 'Rajahmundry');
INSERT INTO welldata.PETROPHYSICS (UBHI, SAMPLE_DEPTH_M, POROSITY, PERMEABILITY, WATER_SAT, FORMATION) VALUES ('WELL00000000008-BH1', 1040, 0.1412, 401.1019, 0.5631, 'Bengal');
INSERT INTO welldata.PETROPHYSICS (UBHI, SAMPLE_DEPTH_M, POROSITY, PERMEABILITY, WATER_SAT, FORMATION) VALUES ('WELL00000000008-BH1', 1060, 0.2315, 33.2533, 0.2878, 'Bengal');
INSERT INTO welldata.PETROPHYSICS (UBHI, SAMPLE_DEPTH_M, POROSITY, PERMEABILITY, WATER_SAT, FORMATION) VALUES ('WELL00000000008-BH1', 1080, 0.1249, 58.2479, 0.2388, 'Barmer');
INSERT INTO welldata.PETROPHYSICS (UBHI, SAMPLE_DEPTH_M, POROSITY, PERMEABILITY, WATER_SAT, FORMATION) VALUES ('WELL00000000008-BH1', 1100, 0.0714, 21.7813, 0.6242, 'Bengal');
INSERT INTO welldata.PETROPHYSICS (UBHI, SAMPLE_DEPTH_M, POROSITY, PERMEABILITY, WATER_SAT, FORMATION) VALUES ('WELL00000000008-BH1', 1120, 0.0545, 65.0985, 0.6767, 'Barmer');
INSERT INTO welldata.PETROPHYSICS (UBHI, SAMPLE_DEPTH_M, POROSITY, PERMEABILITY, WATER_SAT, FORMATION) VALUES ('WELL00000000008-BH1', 1140, 0.0561, 70.0427, 0.3779, 'Rajahmundry');
INSERT INTO welldata.PETROPHYSICS (UBHI, SAMPLE_DEPTH_M, POROSITY, PERMEABILITY, WATER_SAT, FORMATION) VALUES ('WELL00000000008-BH1', 1160, 0.0526, 227.4151, 0.7343, 'Sanchore');
INSERT INTO welldata.PETROPHYSICS (UBHI, SAMPLE_DEPTH_M, POROSITY, PERMEABILITY, WATER_SAT, FORMATION) VALUES ('WELL00000000008-BH1', 1180, 0.0585, 62.2612, 0.4181, 'Bengal');
INSERT INTO welldata.PETROPHYSICS (UBHI, SAMPLE_DEPTH_M, POROSITY, PERMEABILITY, WATER_SAT, FORMATION) VALUES ('WELL00000000008-BH1', 1200, 0.2628, 136.4905, 0.1538, 'Bengal');
INSERT INTO welldata.PETROPHYSICS (UBHI, SAMPLE_DEPTH_M, POROSITY, PERMEABILITY, WATER_SAT, FORMATION) VALUES ('WELL00000000008-BH1', 1220, 0.2073, 145.5974, 0.34, 'Rajahmundry');
INSERT INTO welldata.PETROPHYSICS (UBHI, SAMPLE_DEPTH_M, POROSITY, PERMEABILITY, WATER_SAT, FORMATION) VALUES ('WELL00000000008-BH1', 1240, 0.1256, 56.9826, 0.3912, 'Sanchore');
INSERT INTO welldata.PETROPHYSICS (UBHI, SAMPLE_DEPTH_M, POROSITY, PERMEABILITY, WATER_SAT, FORMATION) VALUES ('WELL00000000008-BH1', 1260, 0.1407, 153.3268, 0.2874, 'Sanchore');
INSERT INTO welldata.PETROPHYSICS (UBHI, SAMPLE_DEPTH_M, POROSITY, PERMEABILITY, WATER_SAT, FORMATION) VALUES ('WELL00000000008-BH1', 1280, 0.1157, 338.6707, 0.5746, 'Rajahmundry');
INSERT INTO welldata.PETROPHYSICS (UBHI, SAMPLE_DEPTH_M, POROSITY, PERMEABILITY, WATER_SAT, FORMATION) VALUES ('WELL00000000008-BH1', 1300, 0.215, 312.5, 0.5115, 'Barmer');
INSERT INTO welldata.PETROPHYSICS (UBHI, SAMPLE_DEPTH_M, POROSITY, PERMEABILITY, WATER_SAT, FORMATION) VALUES ('WELL00000000008-BH1', 1320, 0.1747, 368.7908, 0.5031, 'Bengal');
INSERT INTO welldata.PETROPHYSICS (UBHI, SAMPLE_DEPTH_M, POROSITY, PERMEABILITY, WATER_SAT, FORMATION) VALUES ('WELL00000000008-BH1', 1340, 0.2482, 152.1727, 0.4316, 'Sanchore');
INSERT INTO welldata.PETROPHYSICS (UBHI, SAMPLE_DEPTH_M, POROSITY, PERMEABILITY, WATER_SAT, FORMATION) VALUES ('WELL00000000008-BH1', 1360, 0.2284, 301.9513, 0.72, 'Rajahmundry');
INSERT INTO welldata.PETROPHYSICS (UBHI, SAMPLE_DEPTH_M, POROSITY, PERMEABILITY, WATER_SAT, FORMATION) VALUES ('WELL00000000008-BH1', 1380, 0.1199, 11.5648, 0.5008, 'Rajahmundry');
INSERT INTO welldata.PETROPHYSICS (UBHI, SAMPLE_DEPTH_M, POROSITY, PERMEABILITY, WATER_SAT, FORMATION) VALUES ('WELL00000000008-BH1', 1400, 0.1925, 73.2137, 0.3229, 'Rajahmundry');
INSERT INTO welldata.PETROPHYSICS (UBHI, SAMPLE_DEPTH_M, POROSITY, PERMEABILITY, WATER_SAT, FORMATION) VALUES ('WELL00000000008-BH1', 1420, 0.1855, 257.0807, 0.1784, 'Sanchore');
INSERT INTO welldata.PETROPHYSICS (UBHI, SAMPLE_DEPTH_M, POROSITY, PERMEABILITY, WATER_SAT, FORMATION) VALUES ('WELL00000000008-BH1', 1440, 0.0666, 184.7996, 0.566, 'Rajahmundry');
INSERT INTO welldata.PETROPHYSICS (UBHI, SAMPLE_DEPTH_M, POROSITY, PERMEABILITY, WATER_SAT, FORMATION) VALUES ('WELL00000000008-BH1', 1460, 0.2031, 327.9626, 0.71, 'Bengal');
INSERT INTO welldata.PETROPHYSICS (UBHI, SAMPLE_DEPTH_M, POROSITY, PERMEABILITY, WATER_SAT, FORMATION) VALUES ('WELL00000000008-BH1', 1480, 0.2509, 226.8451, 0.2276, 'Rajahmundry');
INSERT INTO welldata.PETROPHYSICS (UBHI, SAMPLE_DEPTH_M, POROSITY, PERMEABILITY, WATER_SAT, FORMATION) VALUES ('WELL00000000008-BH1', 1500, 0.2336, 401.1061, 0.677, 'Rajahmundry');
INSERT INTO welldata.PETROPHYSICS (UBHI, SAMPLE_DEPTH_M, POROSITY, PERMEABILITY, WATER_SAT, FORMATION) VALUES ('WELL00000000008-BH1', 1520, 0.1987, 116.0167, 0.4764, 'Rajahmundry');
INSERT INTO welldata.PETROPHYSICS (UBHI, SAMPLE_DEPTH_M, POROSITY, PERMEABILITY, WATER_SAT, FORMATION) VALUES ('WELL00000000008-BH1', 1540, 0.2436, 231.0606, 0.2021, 'Sanchore');
INSERT INTO welldata.PETROPHYSICS (UBHI, SAMPLE_DEPTH_M, POROSITY, PERMEABILITY, WATER_SAT, FORMATION) VALUES ('WELL00000000008-BH1', 1560, 0.2398, 415.2574, 0.732, 'Bengal');
INSERT INTO welldata.PETROPHYSICS (UBHI, SAMPLE_DEPTH_M, POROSITY, PERMEABILITY, WATER_SAT, FORMATION) VALUES ('WELL00000000008-BH1', 1580, 0.2267, 182.3767, 0.3203, 'Barmer');
INSERT INTO welldata.PETROPHYSICS (UBHI, SAMPLE_DEPTH_M, POROSITY, PERMEABILITY, WATER_SAT, FORMATION) VALUES ('WELL00000000008-BH1', 1600, 0.275, 422.682, 0.4025, 'Rajahmundry');
INSERT INTO welldata.PETROPHYSICS (UBHI, SAMPLE_DEPTH_M, POROSITY, PERMEABILITY, WATER_SAT, FORMATION) VALUES ('WELL00000000008-BH1', 1620, 0.087, 209.7982, 0.2226, 'Sanchore');
INSERT INTO welldata.PETROPHYSICS (UBHI, SAMPLE_DEPTH_M, POROSITY, PERMEABILITY, WATER_SAT, FORMATION) VALUES ('WELL00000000008-BH1', 1640, 0.0667, 299.284, 0.4314, 'Barmer');
INSERT INTO welldata.PETROPHYSICS (UBHI, SAMPLE_DEPTH_M, POROSITY, PERMEABILITY, WATER_SAT, FORMATION) VALUES ('WELL00000000008-BH1', 1660, 0.1767, 7.5509, 0.628, 'Rajahmundry');
INSERT INTO welldata.PETROPHYSICS (UBHI, SAMPLE_DEPTH_M, POROSITY, PERMEABILITY, WATER_SAT, FORMATION) VALUES ('WELL00000000008-BH1', 1680, 0.1204, 48.4273, 0.2095, 'Barmer');
INSERT INTO welldata.PETROPHYSICS (UBHI, SAMPLE_DEPTH_M, POROSITY, PERMEABILITY, WATER_SAT, FORMATION) VALUES ('WELL00000000008-BH1', 1700, 0.0494, 262.2073, 0.3515, 'Rajahmundry');
INSERT INTO welldata.PETROPHYSICS (UBHI, SAMPLE_DEPTH_M, POROSITY, PERMEABILITY, WATER_SAT, FORMATION) VALUES ('WELL00000000008-BH1', 1720, 0.104, 107.131, 0.4692, 'Sanchore');
INSERT INTO welldata.PETROPHYSICS (UBHI, SAMPLE_DEPTH_M, POROSITY, PERMEABILITY, WATER_SAT, FORMATION) VALUES ('WELL00000000008-BH1', 1740, 0.2621, 196.2548, 0.4437, 'Bengal');
INSERT INTO welldata.PETROPHYSICS (UBHI, SAMPLE_DEPTH_M, POROSITY, PERMEABILITY, WATER_SAT, FORMATION) VALUES ('WELL00000000008-BH1', 1760, 0.1881, 213.7508, 0.6979, 'Barmer');
INSERT INTO welldata.PETROPHYSICS (UBHI, SAMPLE_DEPTH_M, POROSITY, PERMEABILITY, WATER_SAT, FORMATION) VALUES ('WELL00000000008-BH1', 1780, 0.0852, 261.9205, 0.6968, 'Barmer');
INSERT INTO welldata.PETROPHYSICS (UBHI, SAMPLE_DEPTH_M, POROSITY, PERMEABILITY, WATER_SAT, FORMATION) VALUES ('WELL00000000008-BH1', 1800, 0.2615, 309.1495, 0.6201, 'Barmer');
INSERT INTO welldata.PETROPHYSICS (UBHI, SAMPLE_DEPTH_M, POROSITY, PERMEABILITY, WATER_SAT, FORMATION) VALUES ('WELL00000000008-BH1', 1820, 0.2709, 443.6373, 0.5785, 'Barmer');
INSERT INTO welldata.PETROPHYSICS (UBHI, SAMPLE_DEPTH_M, POROSITY, PERMEABILITY, WATER_SAT, FORMATION) VALUES ('WELL00000000008-BH1', 1840, 0.131, 328.5344, 0.6175, 'Bengal');
INSERT INTO welldata.PETROPHYSICS (UBHI, SAMPLE_DEPTH_M, POROSITY, PERMEABILITY, WATER_SAT, FORMATION) VALUES ('WELL00000000008-BH1', 1860, 0.1476, 251.1436, 0.6252, 'Rajahmundry');
INSERT INTO welldata.PETROPHYSICS (UBHI, SAMPLE_DEPTH_M, POROSITY, PERMEABILITY, WATER_SAT, FORMATION) VALUES ('WELL00000000008-BH1', 1880, 0.1505, 239.5478, 0.4177, 'Bengal');
INSERT INTO welldata.PETROPHYSICS (UBHI, SAMPLE_DEPTH_M, POROSITY, PERMEABILITY, WATER_SAT, FORMATION) VALUES ('WELL00000000008-BH1', 1900, 0.1046, 358.332, 0.4327, 'Barmer');
INSERT INTO welldata.PETROPHYSICS (UBHI, SAMPLE_DEPTH_M, POROSITY, PERMEABILITY, WATER_SAT, FORMATION) VALUES ('WELL00000000008-BH1', 1920, 0.1938, 171.9083, 0.3581, 'Bengal');
INSERT INTO welldata.PETROPHYSICS (UBHI, SAMPLE_DEPTH_M, POROSITY, PERMEABILITY, WATER_SAT, FORMATION) VALUES ('WELL00000000008-BH1', 1940, 0.0439, 418.3281, 0.5401, 'Barmer');
INSERT INTO welldata.PETROPHYSICS (UBHI, SAMPLE_DEPTH_M, POROSITY, PERMEABILITY, WATER_SAT, FORMATION) VALUES ('WELL00000000008-BH1', 1960, 0.0982, 339.8168, 0.6123, 'Rajahmundry');
INSERT INTO welldata.PETROPHYSICS (UBHI, SAMPLE_DEPTH_M, POROSITY, PERMEABILITY, WATER_SAT, FORMATION) VALUES ('WELL00000000008-BH1', 1980, 0.1169, 340.1975, 0.4263, 'Bengal');
INSERT INTO welldata.PETROPHYSICS (UBHI, SAMPLE_DEPTH_M, POROSITY, PERMEABILITY, WATER_SAT, FORMATION) VALUES ('WELL00000000008-BH1', 2000, 0.1283, 184.8468, 0.1509, 'Barmer');
INSERT INTO welldata.PETROPHYSICS (UBHI, SAMPLE_DEPTH_M, POROSITY, PERMEABILITY, WATER_SAT, FORMATION) VALUES ('WELL00000000008-BH1', 2020, 0.0728, 395.5654, 0.4631, 'Sanchore');
INSERT INTO welldata.PETROPHYSICS (UBHI, SAMPLE_DEPTH_M, POROSITY, PERMEABILITY, WATER_SAT, FORMATION) VALUES ('WELL00000000008-BH1', 2040, 0.1718, 333.0526, 0.5323, 'Rajahmundry');
INSERT INTO welldata.PETROPHYSICS (UBHI, SAMPLE_DEPTH_M, POROSITY, PERMEABILITY, WATER_SAT, FORMATION) VALUES ('WELL00000000008-BH1', 2060, 0.2102, 216.4443, 0.489, 'Rajahmundry');
INSERT INTO welldata.PETROPHYSICS (UBHI, SAMPLE_DEPTH_M, POROSITY, PERMEABILITY, WATER_SAT, FORMATION) VALUES ('WELL00000000008-BH1', 2080, 0.2492, 292.8679, 0.4672, 'Bengal');
INSERT INTO welldata.PETROPHYSICS (UBHI, SAMPLE_DEPTH_M, POROSITY, PERMEABILITY, WATER_SAT, FORMATION) VALUES ('WELL00000000008-BH1', 2100, 0.1627, 135.5839, 0.4796, 'Rajahmundry');
INSERT INTO welldata.PETROPHYSICS (UBHI, SAMPLE_DEPTH_M, POROSITY, PERMEABILITY, WATER_SAT, FORMATION) VALUES ('WELL00000000008-BH1', 2120, 0.2512, 120.6863, 0.2415, 'Rajahmundry');
INSERT INTO welldata.PETROPHYSICS (UBHI, SAMPLE_DEPTH_M, POROSITY, PERMEABILITY, WATER_SAT, FORMATION) VALUES ('WELL00000000008-BH1', 2140, 0.2262, 409.28, 0.6444, 'Bengal');
INSERT INTO welldata.PETROPHYSICS (UBHI, SAMPLE_DEPTH_M, POROSITY, PERMEABILITY, WATER_SAT, FORMATION) VALUES ('WELL00000000008-BH1', 2160, 0.0702, 236.2329, 0.4101, 'Sanchore');
INSERT INTO welldata.PETROPHYSICS (UBHI, SAMPLE_DEPTH_M, POROSITY, PERMEABILITY, WATER_SAT, FORMATION) VALUES ('WELL00000000008-BH1', 2180, 0.0885, 381.4684, 0.4577, 'Rajahmundry');
INSERT INTO welldata.PETROPHYSICS (UBHI, SAMPLE_DEPTH_M, POROSITY, PERMEABILITY, WATER_SAT, FORMATION) VALUES ('WELL00000000008-BH1', 2200, 0.1307, 241.5525, 0.175, 'Sanchore');
INSERT INTO welldata.PETROPHYSICS (UBHI, SAMPLE_DEPTH_M, POROSITY, PERMEABILITY, WATER_SAT, FORMATION) VALUES ('WELL00000000008-BH1', 2220, 0.1757, 266.6066, 0.5715, 'Sanchore');
INSERT INTO welldata.PETROPHYSICS (UBHI, SAMPLE_DEPTH_M, POROSITY, PERMEABILITY, WATER_SAT, FORMATION) VALUES ('WELL00000000008-BH1', 2240, 0.1087, 347.2015, 0.2653, 'Barmer');
INSERT INTO welldata.PETROPHYSICS (UBHI, SAMPLE_DEPTH_M, POROSITY, PERMEABILITY, WATER_SAT, FORMATION) VALUES ('WELL00000000008-BH1', 2260, 0.2545, 187.5318, 0.2712, 'Barmer');
INSERT INTO welldata.PETROPHYSICS (UBHI, SAMPLE_DEPTH_M, POROSITY, PERMEABILITY, WATER_SAT, FORMATION) VALUES ('WELL00000000008-BH1', 2280, 0.2176, 282.1195, 0.5627, 'Rajahmundry');
INSERT INTO welldata.PETROPHYSICS (UBHI, SAMPLE_DEPTH_M, POROSITY, PERMEABILITY, WATER_SAT, FORMATION) VALUES ('WELL00000000008-BH1', 2300, 0.0566, 406.677, 0.5601, 'Barmer');
INSERT INTO welldata.PETROPHYSICS (UBHI, SAMPLE_DEPTH_M, POROSITY, PERMEABILITY, WATER_SAT, FORMATION) VALUES ('WELL00000000008-BH1', 2320, 0.0545, 72.4006, 0.4371, 'Bengal');
INSERT INTO welldata.PETROPHYSICS (UBHI, SAMPLE_DEPTH_M, POROSITY, PERMEABILITY, WATER_SAT, FORMATION) VALUES ('WELL00000000008-BH1', 2340, 0.2089, 271.8008, 0.4792, 'Rajahmundry');
INSERT INTO welldata.PETROPHYSICS (UBHI, SAMPLE_DEPTH_M, POROSITY, PERMEABILITY, WATER_SAT, FORMATION) VALUES ('WELL00000000008-BH1', 2360, 0.1053, 392.0097, 0.5289, 'Bengal');
INSERT INTO welldata.PETROPHYSICS (UBHI, SAMPLE_DEPTH_M, POROSITY, PERMEABILITY, WATER_SAT, FORMATION) VALUES ('WELL00000000008-BH1', 2380, 0.0591, 310.8921, 0.2781, 'Barmer');
INSERT INTO welldata.PETROPHYSICS (UBHI, SAMPLE_DEPTH_M, POROSITY, PERMEABILITY, WATER_SAT, FORMATION) VALUES ('WELL00000000008-BH1', 2400, 0.1609, 307.235, 0.1806, 'Barmer');
INSERT INTO welldata.PETROPHYSICS (UBHI, SAMPLE_DEPTH_M, POROSITY, PERMEABILITY, WATER_SAT, FORMATION) VALUES ('WELL00000000008-BH1', 2420, 0.1792, 180.0646, 0.7069, 'Sanchore');
INSERT INTO welldata.PETROPHYSICS (UBHI, SAMPLE_DEPTH_M, POROSITY, PERMEABILITY, WATER_SAT, FORMATION) VALUES ('WELL00000000008-BH1', 2440, 0.2084, 343.4591, 0.5569, 'Sanchore');
INSERT INTO welldata.PETROPHYSICS (UBHI, SAMPLE_DEPTH_M, POROSITY, PERMEABILITY, WATER_SAT, FORMATION) VALUES ('WELL00000000008-BH1', 2460, 0.1029, 12.5354, 0.7318, 'Rajahmundry');
INSERT INTO welldata.PETROPHYSICS (UBHI, SAMPLE_DEPTH_M, POROSITY, PERMEABILITY, WATER_SAT, FORMATION) VALUES ('WELL00000000008-BH1', 2480, 0.0918, 276.101, 0.6328, 'Sanchore');
INSERT INTO welldata.PETROPHYSICS (UBHI, SAMPLE_DEPTH_M, POROSITY, PERMEABILITY, WATER_SAT, FORMATION) VALUES ('WELL00000000008-BH1', 2500, 0.0983, 245.2476, 0.556, 'Barmer');
INSERT INTO welldata.PETROPHYSICS (UBHI, SAMPLE_DEPTH_M, POROSITY, PERMEABILITY, WATER_SAT, FORMATION) VALUES ('WELL00000000008-BH1', 2520, 0.248, 10.2053, 0.7348, 'Sanchore');
INSERT INTO welldata.PETROPHYSICS (UBHI, SAMPLE_DEPTH_M, POROSITY, PERMEABILITY, WATER_SAT, FORMATION) VALUES ('WELL00000000008-BH1', 2540, 0.2552, 438.9057, 0.4654, 'Sanchore');
INSERT INTO welldata.PETROPHYSICS (UBHI, SAMPLE_DEPTH_M, POROSITY, PERMEABILITY, WATER_SAT, FORMATION) VALUES ('WELL00000000008-BH1', 2560, 0.1424, 187.9971, 0.6924, 'Barmer');
INSERT INTO welldata.PETROPHYSICS (UBHI, SAMPLE_DEPTH_M, POROSITY, PERMEABILITY, WATER_SAT, FORMATION) VALUES ('WELL00000000008-BH1', 2580, 0.1285, 87.7005, 0.5807, 'Rajahmundry');
INSERT INTO welldata.PETROPHYSICS (UBHI, SAMPLE_DEPTH_M, POROSITY, PERMEABILITY, WATER_SAT, FORMATION) VALUES ('WELL00000000008-BH1', 2600, 0.1316, 437.9891, 0.5643, 'Bengal');
INSERT INTO welldata.PETROPHYSICS (UBHI, SAMPLE_DEPTH_M, POROSITY, PERMEABILITY, WATER_SAT, FORMATION) VALUES ('WELL00000000008-BH1', 2620, 0.2544, 82.3568, 0.3959, 'Rajahmundry');
INSERT INTO welldata.PETROPHYSICS (UBHI, SAMPLE_DEPTH_M, POROSITY, PERMEABILITY, WATER_SAT, FORMATION) VALUES ('WELL00000000008-BH1', 2640, 0.2302, 124.9683, 0.6779, 'Rajahmundry');
INSERT INTO welldata.PETROPHYSICS (UBHI, SAMPLE_DEPTH_M, POROSITY, PERMEABILITY, WATER_SAT, FORMATION) VALUES ('WELL00000000008-BH1', 2660, 0.254, 372.2413, 0.2963, 'Barmer');
INSERT INTO welldata.PETROPHYSICS (UBHI, SAMPLE_DEPTH_M, POROSITY, PERMEABILITY, WATER_SAT, FORMATION) VALUES ('WELL00000000008-BH1', 2680, 0.1839, 140.719, 0.1787, 'Sanchore');
INSERT INTO welldata.PETROPHYSICS (UBHI, SAMPLE_DEPTH_M, POROSITY, PERMEABILITY, WATER_SAT, FORMATION) VALUES ('WELL00000000008-BH1', 2700, 0.2307, 252.6151, 0.1596, 'Bengal');
INSERT INTO welldata.PETROPHYSICS (UBHI, SAMPLE_DEPTH_M, POROSITY, PERMEABILITY, WATER_SAT, FORMATION) VALUES ('WELL00000000008-BH1', 2720, 0.0611, 352.5309, 0.5289, 'Bengal');
INSERT INTO welldata.PETROPHYSICS (UBHI, SAMPLE_DEPTH_M, POROSITY, PERMEABILITY, WATER_SAT, FORMATION) VALUES ('WELL00000000008-BH1', 2740, 0.1631, 139.98, 0.2204, 'Sanchore');
INSERT INTO welldata.PETROPHYSICS (UBHI, SAMPLE_DEPTH_M, POROSITY, PERMEABILITY, WATER_SAT, FORMATION) VALUES ('WELL00000000008-BH1', 2760, 0.2039, 178.1969, 0.3022, 'Rajahmundry');
INSERT INTO welldata.PETROPHYSICS (UBHI, SAMPLE_DEPTH_M, POROSITY, PERMEABILITY, WATER_SAT, FORMATION) VALUES ('WELL00000000008-BH1', 2780, 0.0809, 164.0804, 0.5724, 'Sanchore');
INSERT INTO welldata.PETROPHYSICS (UBHI, SAMPLE_DEPTH_M, POROSITY, PERMEABILITY, WATER_SAT, FORMATION) VALUES ('WELL00000000008-BH1', 2800, 0.1473, 146.9182, 0.6337, 'Sanchore');
INSERT INTO welldata.PETROPHYSICS (UBHI, SAMPLE_DEPTH_M, POROSITY, PERMEABILITY, WATER_SAT, FORMATION) VALUES ('WELL00000000008-BH1', 2820, 0.097, 369.4934, 0.479, 'Bengal');
INSERT INTO welldata.PETROPHYSICS (UBHI, SAMPLE_DEPTH_M, POROSITY, PERMEABILITY, WATER_SAT, FORMATION) VALUES ('WELL00000000008-BH1', 2840, 0.1744, 341.1617, 0.181, 'Barmer');
INSERT INTO welldata.PETROPHYSICS (UBHI, SAMPLE_DEPTH_M, POROSITY, PERMEABILITY, WATER_SAT, FORMATION) VALUES ('WELL00000000008-BH1', 2860, 0.0779, 102.4873, 0.6789, 'Bengal');
INSERT INTO welldata.PETROPHYSICS (UBHI, SAMPLE_DEPTH_M, POROSITY, PERMEABILITY, WATER_SAT, FORMATION) VALUES ('WELL00000000008-BH1', 2880, 0.2144, 356.3041, 0.2157, 'Barmer');
INSERT INTO welldata.PETROPHYSICS (UBHI, SAMPLE_DEPTH_M, POROSITY, PERMEABILITY, WATER_SAT, FORMATION) VALUES ('WELL00000000008-BH1', 2900, 0.0807, 2.3355, 0.5373, 'Barmer');
INSERT INTO welldata.PETROPHYSICS (UBHI, SAMPLE_DEPTH_M, POROSITY, PERMEABILITY, WATER_SAT, FORMATION) VALUES ('WELL00000000008-BH1', 2920, 0.1085, 299.1837, 0.2395, 'Sanchore');
INSERT INTO welldata.PETROPHYSICS (UBHI, SAMPLE_DEPTH_M, POROSITY, PERMEABILITY, WATER_SAT, FORMATION) VALUES ('WELL00000000008-BH1', 2940, 0.2216, 84.488, 0.5715, 'Barmer');
INSERT INTO welldata.PETROPHYSICS (UBHI, SAMPLE_DEPTH_M, POROSITY, PERMEABILITY, WATER_SAT, FORMATION) VALUES ('WELL00000000008-BH1', 2960, 0.2553, 392.3779, 0.5008, 'Rajahmundry');
INSERT INTO welldata.PETROPHYSICS (UBHI, SAMPLE_DEPTH_M, POROSITY, PERMEABILITY, WATER_SAT, FORMATION) VALUES ('WELL00000000008-BH1', 2980, 0.1342, 325.2135, 0.2046, 'Bengal');
INSERT INTO welldata.PETROPHYSICS (UBHI, SAMPLE_DEPTH_M, POROSITY, PERMEABILITY, WATER_SAT, FORMATION) VALUES ('WELL00000000008-BH1', 3000, 0.2331, 291.9667, 0.667, 'Bengal');
INSERT INTO welldata.BOREHOLE (UBHI, UWI, BOREHOLE_NAME, BOREHOLE_TYPE, TOP_DEPTH_M, BASE_DEPTH_M) VALUES ('WELL00000000008-BH2', 'WELL00000000008', 'RELI-CA-008-BH2', 'VERTICAL', 879, 1549);
INSERT INTO welldata.PETROPHYSICS (UBHI, SAMPLE_DEPTH_M, POROSITY, PERMEABILITY, WATER_SAT, FORMATION) VALUES ('WELL00000000008-BH2', 1000, 0.2343, 343.9406, 0.15, 'Bengal');
INSERT INTO welldata.PETROPHYSICS (UBHI, SAMPLE_DEPTH_M, POROSITY, PERMEABILITY, WATER_SAT, FORMATION) VALUES ('WELL00000000008-BH2', 1020, 0.1139, 52.8575, 0.6499, 'Barmer');
INSERT INTO welldata.PETROPHYSICS (UBHI, SAMPLE_DEPTH_M, POROSITY, PERMEABILITY, WATER_SAT, FORMATION) VALUES ('WELL00000000008-BH2', 1040, 0.1719, 124.8053, 0.4999, 'Sanchore');
INSERT INTO welldata.PETROPHYSICS (UBHI, SAMPLE_DEPTH_M, POROSITY, PERMEABILITY, WATER_SAT, FORMATION) VALUES ('WELL00000000008-BH2', 1060, 0.2535, 280.0361, 0.3963, 'Barmer');
INSERT INTO welldata.PETROPHYSICS (UBHI, SAMPLE_DEPTH_M, POROSITY, PERMEABILITY, WATER_SAT, FORMATION) VALUES ('WELL00000000008-BH2', 1080, 0.1983, 37.7136, 0.6338, 'Bengal');
INSERT INTO welldata.PETROPHYSICS (UBHI, SAMPLE_DEPTH_M, POROSITY, PERMEABILITY, WATER_SAT, FORMATION) VALUES ('WELL00000000008-BH2', 1100, 0.0712, 330.4855, 0.7314, 'Barmer');
INSERT INTO welldata.PETROPHYSICS (UBHI, SAMPLE_DEPTH_M, POROSITY, PERMEABILITY, WATER_SAT, FORMATION) VALUES ('WELL00000000008-BH2', 1120, 0.1449, 148.4627, 0.2486, 'Rajahmundry');
INSERT INTO welldata.PETROPHYSICS (UBHI, SAMPLE_DEPTH_M, POROSITY, PERMEABILITY, WATER_SAT, FORMATION) VALUES ('WELL00000000008-BH2', 1140, 0.1806, 402.4053, 0.7093, 'Bengal');
INSERT INTO welldata.PETROPHYSICS (UBHI, SAMPLE_DEPTH_M, POROSITY, PERMEABILITY, WATER_SAT, FORMATION) VALUES ('WELL00000000008-BH2', 1160, 0.2043, 214.1374, 0.2678, 'Bengal');
INSERT INTO welldata.PETROPHYSICS (UBHI, SAMPLE_DEPTH_M, POROSITY, PERMEABILITY, WATER_SAT, FORMATION) VALUES ('WELL00000000008-BH2', 1180, 0.1503, 228.6994, 0.7401, 'Barmer');
INSERT INTO welldata.PETROPHYSICS (UBHI, SAMPLE_DEPTH_M, POROSITY, PERMEABILITY, WATER_SAT, FORMATION) VALUES ('WELL00000000008-BH2', 1200, 0.2765, 366.9894, 0.3842, 'Sanchore');
INSERT INTO welldata.PETROPHYSICS (UBHI, SAMPLE_DEPTH_M, POROSITY, PERMEABILITY, WATER_SAT, FORMATION) VALUES ('WELL00000000008-BH2', 1220, 0.247, 76.5691, 0.2904, 'Rajahmundry');
INSERT INTO welldata.PETROPHYSICS (UBHI, SAMPLE_DEPTH_M, POROSITY, PERMEABILITY, WATER_SAT, FORMATION) VALUES ('WELL00000000008-BH2', 1240, 0.0486, 377.0371, 0.3223, 'Barmer');
INSERT INTO welldata.PETROPHYSICS (UBHI, SAMPLE_DEPTH_M, POROSITY, PERMEABILITY, WATER_SAT, FORMATION) VALUES ('WELL00000000008-BH2', 1260, 0.1267, 201.8013, 0.6577, 'Bengal');
INSERT INTO welldata.PETROPHYSICS (UBHI, SAMPLE_DEPTH_M, POROSITY, PERMEABILITY, WATER_SAT, FORMATION) VALUES ('WELL00000000008-BH2', 1280, 0.229, 2.0609, 0.4512, 'Bengal');
INSERT INTO welldata.PETROPHYSICS (UBHI, SAMPLE_DEPTH_M, POROSITY, PERMEABILITY, WATER_SAT, FORMATION) VALUES ('WELL00000000008-BH2', 1300, 0.0711, 154.7141, 0.6505, 'Bengal');
INSERT INTO welldata.PETROPHYSICS (UBHI, SAMPLE_DEPTH_M, POROSITY, PERMEABILITY, WATER_SAT, FORMATION) VALUES ('WELL00000000008-BH2', 1320, 0.2574, 119.0129, 0.3018, 'Barmer');
INSERT INTO welldata.PETROPHYSICS (UBHI, SAMPLE_DEPTH_M, POROSITY, PERMEABILITY, WATER_SAT, FORMATION) VALUES ('WELL00000000008-BH2', 1340, 0.1924, 7.5318, 0.6311, 'Barmer');
INSERT INTO welldata.PETROPHYSICS (UBHI, SAMPLE_DEPTH_M, POROSITY, PERMEABILITY, WATER_SAT, FORMATION) VALUES ('WELL00000000008-BH2', 1360, 0.067, 358.0636, 0.5063, 'Sanchore');
INSERT INTO welldata.PETROPHYSICS (UBHI, SAMPLE_DEPTH_M, POROSITY, PERMEABILITY, WATER_SAT, FORMATION) VALUES ('WELL00000000008-BH2', 1380, 0.2728, 18.8923, 0.3484, 'Sanchore');
INSERT INTO welldata.PETROPHYSICS (UBHI, SAMPLE_DEPTH_M, POROSITY, PERMEABILITY, WATER_SAT, FORMATION) VALUES ('WELL00000000008-BH2', 1400, 0.2015, 294.5038, 0.2125, 'Barmer');
INSERT INTO welldata.PETROPHYSICS (UBHI, SAMPLE_DEPTH_M, POROSITY, PERMEABILITY, WATER_SAT, FORMATION) VALUES ('WELL00000000008-BH2', 1420, 0.2697, 108.4283, 0.2345, 'Sanchore');
INSERT INTO welldata.PETROPHYSICS (UBHI, SAMPLE_DEPTH_M, POROSITY, PERMEABILITY, WATER_SAT, FORMATION) VALUES ('WELL00000000008-BH2', 1440, 0.0596, 27.7942, 0.208, 'Bengal');
INSERT INTO welldata.PETROPHYSICS (UBHI, SAMPLE_DEPTH_M, POROSITY, PERMEABILITY, WATER_SAT, FORMATION) VALUES ('WELL00000000008-BH2', 1460, 0.0495, 228.479, 0.2778, 'Bengal');
INSERT INTO welldata.PETROPHYSICS (UBHI, SAMPLE_DEPTH_M, POROSITY, PERMEABILITY, WATER_SAT, FORMATION) VALUES ('WELL00000000008-BH2', 1480, 0.1849, 272.9062, 0.2006, 'Barmer');
INSERT INTO welldata.PETROPHYSICS (UBHI, SAMPLE_DEPTH_M, POROSITY, PERMEABILITY, WATER_SAT, FORMATION) VALUES ('WELL00000000008-BH2', 1500, 0.2593, 309.6906, 0.5218, 'Sanchore');
INSERT INTO welldata.PETROPHYSICS (UBHI, SAMPLE_DEPTH_M, POROSITY, PERMEABILITY, WATER_SAT, FORMATION) VALUES ('WELL00000000008-BH2', 1520, 0.0421, 414.9509, 0.6952, 'Sanchore');
INSERT INTO welldata.PETROPHYSICS (UBHI, SAMPLE_DEPTH_M, POROSITY, PERMEABILITY, WATER_SAT, FORMATION) VALUES ('WELL00000000008-BH2', 1540, 0.1596, 140.6287, 0.255, 'Barmer');
INSERT INTO welldata.PETROPHYSICS (UBHI, SAMPLE_DEPTH_M, POROSITY, PERMEABILITY, WATER_SAT, FORMATION) VALUES ('WELL00000000008-BH2', 1560, 0.2304, 135.2208, 0.6798, 'Barmer');
INSERT INTO welldata.PETROPHYSICS (UBHI, SAMPLE_DEPTH_M, POROSITY, PERMEABILITY, WATER_SAT, FORMATION) VALUES ('WELL00000000008-BH2', 1580, 0.1006, 248.6138, 0.3696, 'Sanchore');
INSERT INTO welldata.PETROPHYSICS (UBHI, SAMPLE_DEPTH_M, POROSITY, PERMEABILITY, WATER_SAT, FORMATION) VALUES ('WELL00000000008-BH2', 1600, 0.174, 33.8133, 0.2811, 'Barmer');
INSERT INTO welldata.PETROPHYSICS (UBHI, SAMPLE_DEPTH_M, POROSITY, PERMEABILITY, WATER_SAT, FORMATION) VALUES ('WELL00000000008-BH2', 1620, 0.2044, 445.6249, 0.2589, 'Bengal');
INSERT INTO welldata.PETROPHYSICS (UBHI, SAMPLE_DEPTH_M, POROSITY, PERMEABILITY, WATER_SAT, FORMATION) VALUES ('WELL00000000008-BH2', 1640, 0.2796, 183.7127, 0.4444, 'Sanchore');
INSERT INTO welldata.PETROPHYSICS (UBHI, SAMPLE_DEPTH_M, POROSITY, PERMEABILITY, WATER_SAT, FORMATION) VALUES ('WELL00000000008-BH2', 1660, 0.0839, 441.8324, 0.6582, 'Sanchore');
INSERT INTO welldata.PETROPHYSICS (UBHI, SAMPLE_DEPTH_M, POROSITY, PERMEABILITY, WATER_SAT, FORMATION) VALUES ('WELL00000000008-BH2', 1680, 0.1942, 218.2642, 0.6218, 'Sanchore');
INSERT INTO welldata.PETROPHYSICS (UBHI, SAMPLE_DEPTH_M, POROSITY, PERMEABILITY, WATER_SAT, FORMATION) VALUES ('WELL00000000008-BH2', 1700, 0.2583, 337.2503, 0.2901, 'Rajahmundry');
INSERT INTO welldata.PETROPHYSICS (UBHI, SAMPLE_DEPTH_M, POROSITY, PERMEABILITY, WATER_SAT, FORMATION) VALUES ('WELL00000000008-BH2', 1720, 0.2127, 40.2022, 0.5051, 'Sanchore');
INSERT INTO welldata.PETROPHYSICS (UBHI, SAMPLE_DEPTH_M, POROSITY, PERMEABILITY, WATER_SAT, FORMATION) VALUES ('WELL00000000008-BH2', 1740, 0.2727, 339.1191, 0.2804, 'Barmer');
INSERT INTO welldata.PETROPHYSICS (UBHI, SAMPLE_DEPTH_M, POROSITY, PERMEABILITY, WATER_SAT, FORMATION) VALUES ('WELL00000000008-BH2', 1760, 0.0698, 43.8192, 0.7417, 'Rajahmundry');
INSERT INTO welldata.PETROPHYSICS (UBHI, SAMPLE_DEPTH_M, POROSITY, PERMEABILITY, WATER_SAT, FORMATION) VALUES ('WELL00000000008-BH2', 1780, 0.162, 225.74, 0.2055, 'Bengal');
INSERT INTO welldata.PETROPHYSICS (UBHI, SAMPLE_DEPTH_M, POROSITY, PERMEABILITY, WATER_SAT, FORMATION) VALUES ('WELL00000000008-BH2', 1800, 0.1317, 48.6315, 0.5119, 'Sanchore');
INSERT INTO welldata.PETROPHYSICS (UBHI, SAMPLE_DEPTH_M, POROSITY, PERMEABILITY, WATER_SAT, FORMATION) VALUES ('WELL00000000008-BH2', 1820, 0.1532, 2.7869, 0.3581, 'Sanchore');
INSERT INTO welldata.PETROPHYSICS (UBHI, SAMPLE_DEPTH_M, POROSITY, PERMEABILITY, WATER_SAT, FORMATION) VALUES ('WELL00000000008-BH2', 1840, 0.1496, 362.6674, 0.4583, 'Sanchore');
INSERT INTO welldata.PETROPHYSICS (UBHI, SAMPLE_DEPTH_M, POROSITY, PERMEABILITY, WATER_SAT, FORMATION) VALUES ('WELL00000000008-BH2', 1860, 0.1392, 401.1141, 0.2221, 'Rajahmundry');
INSERT INTO welldata.PETROPHYSICS (UBHI, SAMPLE_DEPTH_M, POROSITY, PERMEABILITY, WATER_SAT, FORMATION) VALUES ('WELL00000000008-BH2', 1880, 0.1014, 202.1738, 0.5798, 'Sanchore');
INSERT INTO welldata.PETROPHYSICS (UBHI, SAMPLE_DEPTH_M, POROSITY, PERMEABILITY, WATER_SAT, FORMATION) VALUES ('WELL00000000008-BH2', 1900, 0.0906, 47.5098, 0.5737, 'Barmer');
INSERT INTO welldata.PETROPHYSICS (UBHI, SAMPLE_DEPTH_M, POROSITY, PERMEABILITY, WATER_SAT, FORMATION) VALUES ('WELL00000000008-BH2', 1920, 0.2156, 296.707, 0.4491, 'Rajahmundry');
INSERT INTO welldata.PETROPHYSICS (UBHI, SAMPLE_DEPTH_M, POROSITY, PERMEABILITY, WATER_SAT, FORMATION) VALUES ('WELL00000000008-BH2', 1940, 0.1464, 127.3242, 0.6635, 'Sanchore');
INSERT INTO welldata.PETROPHYSICS (UBHI, SAMPLE_DEPTH_M, POROSITY, PERMEABILITY, WATER_SAT, FORMATION) VALUES ('WELL00000000008-BH2', 1960, 0.0534, 108.1234, 0.1781, 'Bengal');
INSERT INTO welldata.PETROPHYSICS (UBHI, SAMPLE_DEPTH_M, POROSITY, PERMEABILITY, WATER_SAT, FORMATION) VALUES ('WELL00000000008-BH2', 1980, 0.194, 273.414, 0.7418, 'Barmer');
INSERT INTO welldata.PETROPHYSICS (UBHI, SAMPLE_DEPTH_M, POROSITY, PERMEABILITY, WATER_SAT, FORMATION) VALUES ('WELL00000000008-BH2', 2000, 0.0532, 256.4019, 0.3705, 'Sanchore');
INSERT INTO welldata.PETROPHYSICS (UBHI, SAMPLE_DEPTH_M, POROSITY, PERMEABILITY, WATER_SAT, FORMATION) VALUES ('WELL00000000008-BH2', 2020, 0.0843, 129.1376, 0.5623, 'Rajahmundry');
INSERT INTO welldata.PETROPHYSICS (UBHI, SAMPLE_DEPTH_M, POROSITY, PERMEABILITY, WATER_SAT, FORMATION) VALUES ('WELL00000000008-BH2', 2040, 0.138, 251.2902, 0.6717, 'Sanchore');
INSERT INTO welldata.PETROPHYSICS (UBHI, SAMPLE_DEPTH_M, POROSITY, PERMEABILITY, WATER_SAT, FORMATION) VALUES ('WELL00000000008-BH2', 2060, 0.2402, 261.424, 0.3985, 'Sanchore');
INSERT INTO welldata.PETROPHYSICS (UBHI, SAMPLE_DEPTH_M, POROSITY, PERMEABILITY, WATER_SAT, FORMATION) VALUES ('WELL00000000008-BH2', 2080, 0.0997, 433.7132, 0.5848, 'Sanchore');
INSERT INTO welldata.PETROPHYSICS (UBHI, SAMPLE_DEPTH_M, POROSITY, PERMEABILITY, WATER_SAT, FORMATION) VALUES ('WELL00000000008-BH2', 2100, 0.1714, 116.761, 0.602, 'Barmer');
INSERT INTO welldata.PETROPHYSICS (UBHI, SAMPLE_DEPTH_M, POROSITY, PERMEABILITY, WATER_SAT, FORMATION) VALUES ('WELL00000000008-BH2', 2120, 0.0746, 4.7002, 0.5341, 'Rajahmundry');
INSERT INTO welldata.PETROPHYSICS (UBHI, SAMPLE_DEPTH_M, POROSITY, PERMEABILITY, WATER_SAT, FORMATION) VALUES ('WELL00000000008-BH2', 2140, 0.1676, 92.872, 0.4444, 'Sanchore');
INSERT INTO welldata.PETROPHYSICS (UBHI, SAMPLE_DEPTH_M, POROSITY, PERMEABILITY, WATER_SAT, FORMATION) VALUES ('WELL00000000008-BH2', 2160, 0.0522, 394.891, 0.6212, 'Rajahmundry');
INSERT INTO welldata.PETROPHYSICS (UBHI, SAMPLE_DEPTH_M, POROSITY, PERMEABILITY, WATER_SAT, FORMATION) VALUES ('WELL00000000008-BH2', 2180, 0.0691, 158.4576, 0.452, 'Rajahmundry');
INSERT INTO welldata.PETROPHYSICS (UBHI, SAMPLE_DEPTH_M, POROSITY, PERMEABILITY, WATER_SAT, FORMATION) VALUES ('WELL00000000008-BH2', 2200, 0.1401, 244.4194, 0.5092, 'Bengal');
INSERT INTO welldata.PETROPHYSICS (UBHI, SAMPLE_DEPTH_M, POROSITY, PERMEABILITY, WATER_SAT, FORMATION) VALUES ('WELL00000000008-BH2', 2220, 0.2428, 244.3168, 0.6996, 'Barmer');
INSERT INTO welldata.PETROPHYSICS (UBHI, SAMPLE_DEPTH_M, POROSITY, PERMEABILITY, WATER_SAT, FORMATION) VALUES ('WELL00000000008-BH2', 2240, 0.1763, 379.2592, 0.2207, 'Rajahmundry');
INSERT INTO welldata.PETROPHYSICS (UBHI, SAMPLE_DEPTH_M, POROSITY, PERMEABILITY, WATER_SAT, FORMATION) VALUES ('WELL00000000008-BH2', 2260, 0.2397, 384.3307, 0.3291, 'Rajahmundry');
INSERT INTO welldata.PETROPHYSICS (UBHI, SAMPLE_DEPTH_M, POROSITY, PERMEABILITY, WATER_SAT, FORMATION) VALUES ('WELL00000000008-BH2', 2280, 0.1394, 349.4971, 0.7402, 'Rajahmundry');
INSERT INTO welldata.PETROPHYSICS (UBHI, SAMPLE_DEPTH_M, POROSITY, PERMEABILITY, WATER_SAT, FORMATION) VALUES ('WELL00000000008-BH2', 2300, 0.2509, 19.2957, 0.4385, 'Bengal');
INSERT INTO welldata.PETROPHYSICS (UBHI, SAMPLE_DEPTH_M, POROSITY, PERMEABILITY, WATER_SAT, FORMATION) VALUES ('WELL00000000008-BH2', 2320, 0.164, 172.414, 0.5385, 'Rajahmundry');
INSERT INTO welldata.PETROPHYSICS (UBHI, SAMPLE_DEPTH_M, POROSITY, PERMEABILITY, WATER_SAT, FORMATION) VALUES ('WELL00000000008-BH2', 2340, 0.048, 301.8211, 0.2035, 'Rajahmundry');
INSERT INTO welldata.PETROPHYSICS (UBHI, SAMPLE_DEPTH_M, POROSITY, PERMEABILITY, WATER_SAT, FORMATION) VALUES ('WELL00000000008-BH2', 2360, 0.1513, 328.2358, 0.3391, 'Sanchore');
INSERT INTO welldata.PETROPHYSICS (UBHI, SAMPLE_DEPTH_M, POROSITY, PERMEABILITY, WATER_SAT, FORMATION) VALUES ('WELL00000000008-BH2', 2380, 0.1153, 286.7542, 0.6638, 'Rajahmundry');
INSERT INTO welldata.PETROPHYSICS (UBHI, SAMPLE_DEPTH_M, POROSITY, PERMEABILITY, WATER_SAT, FORMATION) VALUES ('WELL00000000008-BH2', 2400, 0.2356, 42.3941, 0.6305, 'Bengal');
INSERT INTO welldata.PETROPHYSICS (UBHI, SAMPLE_DEPTH_M, POROSITY, PERMEABILITY, WATER_SAT, FORMATION) VALUES ('WELL00000000008-BH2', 2420, 0.0597, 414.6739, 0.6529, 'Rajahmundry');
INSERT INTO welldata.PETROPHYSICS (UBHI, SAMPLE_DEPTH_M, POROSITY, PERMEABILITY, WATER_SAT, FORMATION) VALUES ('WELL00000000008-BH2', 2440, 0.2582, 86.3656, 0.6316, 'Barmer');
INSERT INTO welldata.PETROPHYSICS (UBHI, SAMPLE_DEPTH_M, POROSITY, PERMEABILITY, WATER_SAT, FORMATION) VALUES ('WELL00000000008-BH2', 2460, 0.2407, 380.8803, 0.5072, 'Bengal');
INSERT INTO welldata.PETROPHYSICS (UBHI, SAMPLE_DEPTH_M, POROSITY, PERMEABILITY, WATER_SAT, FORMATION) VALUES ('WELL00000000008-BH2', 2480, 0.0748, 447.0432, 0.3366, 'Rajahmundry');
INSERT INTO welldata.PETROPHYSICS (UBHI, SAMPLE_DEPTH_M, POROSITY, PERMEABILITY, WATER_SAT, FORMATION) VALUES ('WELL00000000008-BH2', 2500, 0.1394, 45.2476, 0.1711, 'Rajahmundry');
INSERT INTO welldata.PETROPHYSICS (UBHI, SAMPLE_DEPTH_M, POROSITY, PERMEABILITY, WATER_SAT, FORMATION) VALUES ('WELL00000000008-BH2', 2520, 0.1797, 61.7526, 0.5895, 'Sanchore');
INSERT INTO welldata.PETROPHYSICS (UBHI, SAMPLE_DEPTH_M, POROSITY, PERMEABILITY, WATER_SAT, FORMATION) VALUES ('WELL00000000008-BH2', 2540, 0.2012, 348.705, 0.2549, 'Sanchore');
INSERT INTO welldata.PETROPHYSICS (UBHI, SAMPLE_DEPTH_M, POROSITY, PERMEABILITY, WATER_SAT, FORMATION) VALUES ('WELL00000000008-BH2', 2560, 0.0502, 342.4194, 0.2481, 'Barmer');
INSERT INTO welldata.PETROPHYSICS (UBHI, SAMPLE_DEPTH_M, POROSITY, PERMEABILITY, WATER_SAT, FORMATION) VALUES ('WELL00000000008-BH2', 2580, 0.0823, 119.6277, 0.7257, 'Bengal');
INSERT INTO welldata.PETROPHYSICS (UBHI, SAMPLE_DEPTH_M, POROSITY, PERMEABILITY, WATER_SAT, FORMATION) VALUES ('WELL00000000008-BH2', 2600, 0.2706, 114.6508, 0.3796, 'Bengal');
INSERT INTO welldata.PETROPHYSICS (UBHI, SAMPLE_DEPTH_M, POROSITY, PERMEABILITY, WATER_SAT, FORMATION) VALUES ('WELL00000000008-BH2', 2620, 0.1944, 448.4183, 0.2799, 'Rajahmundry');
INSERT INTO welldata.PETROPHYSICS (UBHI, SAMPLE_DEPTH_M, POROSITY, PERMEABILITY, WATER_SAT, FORMATION) VALUES ('WELL00000000008-BH2', 2640, 0.2407, 91.3555, 0.157, 'Barmer');
INSERT INTO welldata.PETROPHYSICS (UBHI, SAMPLE_DEPTH_M, POROSITY, PERMEABILITY, WATER_SAT, FORMATION) VALUES ('WELL00000000008-BH2', 2660, 0.1532, 248.6417, 0.2754, 'Bengal');
INSERT INTO welldata.PETROPHYSICS (UBHI, SAMPLE_DEPTH_M, POROSITY, PERMEABILITY, WATER_SAT, FORMATION) VALUES ('WELL00000000008-BH2', 2680, 0.0792, 30.5563, 0.736, 'Bengal');
INSERT INTO welldata.PETROPHYSICS (UBHI, SAMPLE_DEPTH_M, POROSITY, PERMEABILITY, WATER_SAT, FORMATION) VALUES ('WELL00000000008-BH2', 2700, 0.1449, 277.18, 0.3693, 'Bengal');
INSERT INTO welldata.PETROPHYSICS (UBHI, SAMPLE_DEPTH_M, POROSITY, PERMEABILITY, WATER_SAT, FORMATION) VALUES ('WELL00000000008-BH2', 2720, 0.16, 105.2189, 0.3006, 'Bengal');
INSERT INTO welldata.PETROPHYSICS (UBHI, SAMPLE_DEPTH_M, POROSITY, PERMEABILITY, WATER_SAT, FORMATION) VALUES ('WELL00000000008-BH2', 2740, 0.2688, 352.0066, 0.6743, 'Sanchore');
INSERT INTO welldata.PETROPHYSICS (UBHI, SAMPLE_DEPTH_M, POROSITY, PERMEABILITY, WATER_SAT, FORMATION) VALUES ('WELL00000000008-BH2', 2760, 0.0851, 38.5675, 0.3783, 'Rajahmundry');
INSERT INTO welldata.PETROPHYSICS (UBHI, SAMPLE_DEPTH_M, POROSITY, PERMEABILITY, WATER_SAT, FORMATION) VALUES ('WELL00000000008-BH2', 2780, 0.2352, 358.8068, 0.1639, 'Barmer');
INSERT INTO welldata.PETROPHYSICS (UBHI, SAMPLE_DEPTH_M, POROSITY, PERMEABILITY, WATER_SAT, FORMATION) VALUES ('WELL00000000008-BH2', 2800, 0.0568, 267.8811, 0.6809, 'Bengal');
INSERT INTO welldata.PETROPHYSICS (UBHI, SAMPLE_DEPTH_M, POROSITY, PERMEABILITY, WATER_SAT, FORMATION) VALUES ('WELL00000000008-BH2', 2820, 0.1239, 327.7299, 0.2246, 'Bengal');
INSERT INTO welldata.PETROPHYSICS (UBHI, SAMPLE_DEPTH_M, POROSITY, PERMEABILITY, WATER_SAT, FORMATION) VALUES ('WELL00000000008-BH2', 2840, 0.1623, 36.9723, 0.5125, 'Rajahmundry');
INSERT INTO welldata.PETROPHYSICS (UBHI, SAMPLE_DEPTH_M, POROSITY, PERMEABILITY, WATER_SAT, FORMATION) VALUES ('WELL00000000008-BH2', 2860, 0.2327, 149.4622, 0.1516, 'Rajahmundry');
INSERT INTO welldata.PETROPHYSICS (UBHI, SAMPLE_DEPTH_M, POROSITY, PERMEABILITY, WATER_SAT, FORMATION) VALUES ('WELL00000000008-BH2', 2880, 0.265, 300.3739, 0.7244, 'Bengal');
INSERT INTO welldata.PETROPHYSICS (UBHI, SAMPLE_DEPTH_M, POROSITY, PERMEABILITY, WATER_SAT, FORMATION) VALUES ('WELL00000000008-BH2', 2900, 0.2663, 407.1409, 0.6697, 'Barmer');
INSERT INTO welldata.PETROPHYSICS (UBHI, SAMPLE_DEPTH_M, POROSITY, PERMEABILITY, WATER_SAT, FORMATION) VALUES ('WELL00000000008-BH2', 2920, 0.07, 42.8666, 0.3088, 'Bengal');
INSERT INTO welldata.PETROPHYSICS (UBHI, SAMPLE_DEPTH_M, POROSITY, PERMEABILITY, WATER_SAT, FORMATION) VALUES ('WELL00000000008-BH2', 2940, 0.2681, 283.1256, 0.6295, 'Rajahmundry');
INSERT INTO welldata.PETROPHYSICS (UBHI, SAMPLE_DEPTH_M, POROSITY, PERMEABILITY, WATER_SAT, FORMATION) VALUES ('WELL00000000008-BH2', 2960, 0.0784, 195.1083, 0.2207, 'Barmer');
INSERT INTO welldata.PETROPHYSICS (UBHI, SAMPLE_DEPTH_M, POROSITY, PERMEABILITY, WATER_SAT, FORMATION) VALUES ('WELL00000000008-BH2', 2980, 0.062, 240.1979, 0.6108, 'Sanchore');
INSERT INTO welldata.PETROPHYSICS (UBHI, SAMPLE_DEPTH_M, POROSITY, PERMEABILITY, WATER_SAT, FORMATION) VALUES ('WELL00000000008-BH2', 3000, 0.2775, 252.0789, 0.6932, 'Rajahmundry');
INSERT INTO welldata.PRODUCTION (UWI, PROD_DATE, OIL_BBL, GAS_MCF, WATER_BBL, HOURS_ON) VALUES ('WELL00000000008', TO_DATE('2015-01-01','YYYY-MM-DD'), 2004.39, 14736.55, 190.48, 339.95);
INSERT INTO welldata.PRODUCTION (UWI, PROD_DATE, OIL_BBL, GAS_MCF, WATER_BBL, HOURS_ON) VALUES ('WELL00000000008', TO_DATE('2015-02-01','YYYY-MM-DD'), 2546.45, 836.62, 201.39, 142.63);
INSERT INTO welldata.PRODUCTION (UWI, PROD_DATE, OIL_BBL, GAS_MCF, WATER_BBL, HOURS_ON) VALUES ('WELL00000000008', TO_DATE('2015-03-01','YYYY-MM-DD'), 1977.48, 4519.68, 784.57, 457.21);
INSERT INTO welldata.PRODUCTION (UWI, PROD_DATE, OIL_BBL, GAS_MCF, WATER_BBL, HOURS_ON) VALUES ('WELL00000000008', TO_DATE('2015-04-01','YYYY-MM-DD'), 346.49, 7763.58, 161.02, 356.56);
INSERT INTO welldata.PRODUCTION (UWI, PROD_DATE, OIL_BBL, GAS_MCF, WATER_BBL, HOURS_ON) VALUES ('WELL00000000008', TO_DATE('2015-05-01','YYYY-MM-DD'), 1299.66, 4191.0, 1395.82, 128.77);
INSERT INTO welldata.PRODUCTION (UWI, PROD_DATE, OIL_BBL, GAS_MCF, WATER_BBL, HOURS_ON) VALUES ('WELL00000000008', TO_DATE('2015-06-01','YYYY-MM-DD'), 290.47, 7303.46, 1250.2, 461.01);
INSERT INTO welldata.PRODUCTION (UWI, PROD_DATE, OIL_BBL, GAS_MCF, WATER_BBL, HOURS_ON) VALUES ('WELL00000000008', TO_DATE('2015-07-01','YYYY-MM-DD'), 1906.19, 7968.71, 1234.39, 354.94);
INSERT INTO welldata.PRODUCTION (UWI, PROD_DATE, OIL_BBL, GAS_MCF, WATER_BBL, HOURS_ON) VALUES ('WELL00000000008', TO_DATE('2015-08-01','YYYY-MM-DD'), 908.86, 8235.65, 205.08, 595.37);
INSERT INTO welldata.PRODUCTION (UWI, PROD_DATE, OIL_BBL, GAS_MCF, WATER_BBL, HOURS_ON) VALUES ('WELL00000000008', TO_DATE('2015-09-01','YYYY-MM-DD'), 2279.16, 12507.71, 186.91, 508.55);
INSERT INTO welldata.PRODUCTION (UWI, PROD_DATE, OIL_BBL, GAS_MCF, WATER_BBL, HOURS_ON) VALUES ('WELL00000000008', TO_DATE('2015-10-01','YYYY-MM-DD'), 483.28, 10736.35, 764.06, 481.75);
INSERT INTO welldata.PRODUCTION (UWI, PROD_DATE, OIL_BBL, GAS_MCF, WATER_BBL, HOURS_ON) VALUES ('WELL00000000008', TO_DATE('2015-11-01','YYYY-MM-DD'), 2094.32, 14583.91, 770.05, 500.66);
INSERT INTO welldata.PRODUCTION (UWI, PROD_DATE, OIL_BBL, GAS_MCF, WATER_BBL, HOURS_ON) VALUES ('WELL00000000008', TO_DATE('2015-12-01','YYYY-MM-DD'), 810.0, 3321.01, 573.57, 249.7);
INSERT INTO welldata.PRODUCTION (UWI, PROD_DATE, OIL_BBL, GAS_MCF, WATER_BBL, HOURS_ON) VALUES ('WELL00000000008', TO_DATE('2016-01-01','YYYY-MM-DD'), 840.32, 437.66, 314.06, 455.56);
INSERT INTO welldata.PRODUCTION (UWI, PROD_DATE, OIL_BBL, GAS_MCF, WATER_BBL, HOURS_ON) VALUES ('WELL00000000008', TO_DATE('2016-02-01','YYYY-MM-DD'), 237.42, 1024.13, 442.41, 223.2);
INSERT INTO welldata.PRODUCTION (UWI, PROD_DATE, OIL_BBL, GAS_MCF, WATER_BBL, HOURS_ON) VALUES ('WELL00000000008', TO_DATE('2016-03-01','YYYY-MM-DD'), 2105.02, 14952.71, 811.41, 642.93);
INSERT INTO welldata.PRODUCTION (UWI, PROD_DATE, OIL_BBL, GAS_MCF, WATER_BBL, HOURS_ON) VALUES ('WELL00000000008', TO_DATE('2016-04-01','YYYY-MM-DD'), 2805.05, 3048.08, 1019.83, 128.86);
INSERT INTO welldata.PRODUCTION (UWI, PROD_DATE, OIL_BBL, GAS_MCF, WATER_BBL, HOURS_ON) VALUES ('WELL00000000008', TO_DATE('2016-05-01','YYYY-MM-DD'), 194.22, 6208.41, 1481.7, 670.86);
INSERT INTO welldata.PRODUCTION (UWI, PROD_DATE, OIL_BBL, GAS_MCF, WATER_BBL, HOURS_ON) VALUES ('WELL00000000008', TO_DATE('2016-06-01','YYYY-MM-DD'), 413.29, 10539.83, 955.48, 642.6);
INSERT INTO welldata.PRODUCTION (UWI, PROD_DATE, OIL_BBL, GAS_MCF, WATER_BBL, HOURS_ON) VALUES ('WELL00000000008', TO_DATE('2016-07-01','YYYY-MM-DD'), 1577.53, 7448.7, 509.26, 254.25);
INSERT INTO welldata.PRODUCTION (UWI, PROD_DATE, OIL_BBL, GAS_MCF, WATER_BBL, HOURS_ON) VALUES ('WELL00000000008', TO_DATE('2016-08-01','YYYY-MM-DD'), 406.33, 1458.58, 860.68, 316.96);
INSERT INTO welldata.PRODUCTION (UWI, PROD_DATE, OIL_BBL, GAS_MCF, WATER_BBL, HOURS_ON) VALUES ('WELL00000000008', TO_DATE('2016-09-01','YYYY-MM-DD'), 1217.49, 12705.23, 132.04, 191.64);
INSERT INTO welldata.PRODUCTION (UWI, PROD_DATE, OIL_BBL, GAS_MCF, WATER_BBL, HOURS_ON) VALUES ('WELL00000000008', TO_DATE('2016-10-01','YYYY-MM-DD'), 1617.08, 11054.54, 669.73, 586.0);
INSERT INTO welldata.PRODUCTION (UWI, PROD_DATE, OIL_BBL, GAS_MCF, WATER_BBL, HOURS_ON) VALUES ('WELL00000000008', TO_DATE('2016-11-01','YYYY-MM-DD'), 1162.64, 1268.09, 301.16, 332.86);
INSERT INTO welldata.PRODUCTION (UWI, PROD_DATE, OIL_BBL, GAS_MCF, WATER_BBL, HOURS_ON) VALUES ('WELL00000000008', TO_DATE('2016-12-01','YYYY-MM-DD'), 2720.13, 14636.1, 1291.25, 139.27);
INSERT INTO welldata.PRODUCTION (UWI, PROD_DATE, OIL_BBL, GAS_MCF, WATER_BBL, HOURS_ON) VALUES ('WELL00000000008', TO_DATE('2017-01-01','YYYY-MM-DD'), 1160.12, 9650.23, 788.56, 687.9);
INSERT INTO welldata.PRODUCTION (UWI, PROD_DATE, OIL_BBL, GAS_MCF, WATER_BBL, HOURS_ON) VALUES ('WELL00000000008', TO_DATE('2017-02-01','YYYY-MM-DD'), 1065.32, 14892.15, 743.34, 159.32);
INSERT INTO welldata.PRODUCTION (UWI, PROD_DATE, OIL_BBL, GAS_MCF, WATER_BBL, HOURS_ON) VALUES ('WELL00000000008', TO_DATE('2017-03-01','YYYY-MM-DD'), 1284.9, 3700.36, 38.74, 545.61);
INSERT INTO welldata.PRODUCTION (UWI, PROD_DATE, OIL_BBL, GAS_MCF, WATER_BBL, HOURS_ON) VALUES ('WELL00000000008', TO_DATE('2017-04-01','YYYY-MM-DD'), 2175.22, 11347.67, 951.72, 609.1);
INSERT INTO welldata.PRODUCTION (UWI, PROD_DATE, OIL_BBL, GAS_MCF, WATER_BBL, HOURS_ON) VALUES ('WELL00000000008', TO_DATE('2017-05-01','YYYY-MM-DD'), 2912.99, 5518.66, 363.72, 427.26);
INSERT INTO welldata.PRODUCTION (UWI, PROD_DATE, OIL_BBL, GAS_MCF, WATER_BBL, HOURS_ON) VALUES ('WELL00000000008', TO_DATE('2017-06-01','YYYY-MM-DD'), 254.85, 493.18, 1381.1, 713.61);
INSERT INTO welldata.PRODUCTION (UWI, PROD_DATE, OIL_BBL, GAS_MCF, WATER_BBL, HOURS_ON) VALUES ('WELL00000000008', TO_DATE('2017-07-01','YYYY-MM-DD'), 2869.94, 7294.29, 640.03, 508.99);
INSERT INTO welldata.PRODUCTION (UWI, PROD_DATE, OIL_BBL, GAS_MCF, WATER_BBL, HOURS_ON) VALUES ('WELL00000000008', TO_DATE('2017-08-01','YYYY-MM-DD'), 640.3, 8355.67, 1288.25, 328.25);
INSERT INTO welldata.PRODUCTION (UWI, PROD_DATE, OIL_BBL, GAS_MCF, WATER_BBL, HOURS_ON) VALUES ('WELL00000000008', TO_DATE('2017-09-01','YYYY-MM-DD'), 1702.13, 2602.15, 277.21, 522.18);
INSERT INTO welldata.PRODUCTION (UWI, PROD_DATE, OIL_BBL, GAS_MCF, WATER_BBL, HOURS_ON) VALUES ('WELL00000000008', TO_DATE('2017-10-01','YYYY-MM-DD'), 1929.18, 4439.48, 217.33, 186.37);
INSERT INTO welldata.PRODUCTION (UWI, PROD_DATE, OIL_BBL, GAS_MCF, WATER_BBL, HOURS_ON) VALUES ('WELL00000000008', TO_DATE('2017-11-01','YYYY-MM-DD'), 176.09, 8483.65, 692.06, 329.71);
INSERT INTO welldata.PRODUCTION (UWI, PROD_DATE, OIL_BBL, GAS_MCF, WATER_BBL, HOURS_ON) VALUES ('WELL00000000008', TO_DATE('2017-12-01','YYYY-MM-DD'), 1200.07, 14688.31, 303.09, 600.77);
INSERT INTO welldata.PRODUCTION (UWI, PROD_DATE, OIL_BBL, GAS_MCF, WATER_BBL, HOURS_ON) VALUES ('WELL00000000008', TO_DATE('2018-01-01','YYYY-MM-DD'), 1352.41, 7004.02, 58.2, 546.78);
INSERT INTO welldata.PRODUCTION (UWI, PROD_DATE, OIL_BBL, GAS_MCF, WATER_BBL, HOURS_ON) VALUES ('WELL00000000008', TO_DATE('2018-02-01','YYYY-MM-DD'), 1547.22, 625.2, 463.0, 246.84);
INSERT INTO welldata.PRODUCTION (UWI, PROD_DATE, OIL_BBL, GAS_MCF, WATER_BBL, HOURS_ON) VALUES ('WELL00000000008', TO_DATE('2018-03-01','YYYY-MM-DD'), 2950.34, 5538.59, 879.5, 571.22);
INSERT INTO welldata.PRODUCTION (UWI, PROD_DATE, OIL_BBL, GAS_MCF, WATER_BBL, HOURS_ON) VALUES ('WELL00000000008', TO_DATE('2018-04-01','YYYY-MM-DD'), 2993.16, 11717.36, 524.66, 568.95);
INSERT INTO welldata.PRODUCTION (UWI, PROD_DATE, OIL_BBL, GAS_MCF, WATER_BBL, HOURS_ON) VALUES ('WELL00000000008', TO_DATE('2018-05-01','YYYY-MM-DD'), 1156.92, 5167.99, 209.75, 427.19);
INSERT INTO welldata.PRODUCTION (UWI, PROD_DATE, OIL_BBL, GAS_MCF, WATER_BBL, HOURS_ON) VALUES ('WELL00000000008', TO_DATE('2018-06-01','YYYY-MM-DD'), 2367.57, 10959.01, 96.7, 470.47);
INSERT INTO welldata.PRODUCTION (UWI, PROD_DATE, OIL_BBL, GAS_MCF, WATER_BBL, HOURS_ON) VALUES ('WELL00000000008', TO_DATE('2018-07-01','YYYY-MM-DD'), 328.06, 9435.93, 591.27, 310.62);
INSERT INTO welldata.PRODUCTION (UWI, PROD_DATE, OIL_BBL, GAS_MCF, WATER_BBL, HOURS_ON) VALUES ('WELL00000000008', TO_DATE('2018-08-01','YYYY-MM-DD'), 2193.55, 11586.65, 981.89, 222.76);
INSERT INTO welldata.PRODUCTION (UWI, PROD_DATE, OIL_BBL, GAS_MCF, WATER_BBL, HOURS_ON) VALUES ('WELL00000000008', TO_DATE('2018-09-01','YYYY-MM-DD'), 1989.15, 1883.31, 1091.01, 257.44);
INSERT INTO welldata.PRODUCTION (UWI, PROD_DATE, OIL_BBL, GAS_MCF, WATER_BBL, HOURS_ON) VALUES ('WELL00000000008', TO_DATE('2018-10-01','YYYY-MM-DD'), 1634.68, 12677.23, 660.95, 476.87);
INSERT INTO welldata.PRODUCTION (UWI, PROD_DATE, OIL_BBL, GAS_MCF, WATER_BBL, HOURS_ON) VALUES ('WELL00000000008', TO_DATE('2018-11-01','YYYY-MM-DD'), 1110.93, 11192.81, 785.51, 300.12);
INSERT INTO welldata.PRODUCTION (UWI, PROD_DATE, OIL_BBL, GAS_MCF, WATER_BBL, HOURS_ON) VALUES ('WELL00000000008', TO_DATE('2018-12-01','YYYY-MM-DD'), 1865.01, 14514.72, 309.4, 215.23);
INSERT INTO welldata.PRODUCTION (UWI, PROD_DATE, OIL_BBL, GAS_MCF, WATER_BBL, HOURS_ON) VALUES ('WELL00000000008', TO_DATE('2019-01-01','YYYY-MM-DD'), 499.32, 14378.47, 515.62, 326.71);
INSERT INTO welldata.PRODUCTION (UWI, PROD_DATE, OIL_BBL, GAS_MCF, WATER_BBL, HOURS_ON) VALUES ('WELL00000000008', TO_DATE('2019-02-01','YYYY-MM-DD'), 972.05, 3865.25, 599.64, 475.87);
INSERT INTO welldata.PRODUCTION (UWI, PROD_DATE, OIL_BBL, GAS_MCF, WATER_BBL, HOURS_ON) VALUES ('WELL00000000008', TO_DATE('2019-03-01','YYYY-MM-DD'), 2933.12, 4951.95, 157.38, 521.62);
INSERT INTO welldata.PRODUCTION (UWI, PROD_DATE, OIL_BBL, GAS_MCF, WATER_BBL, HOURS_ON) VALUES ('WELL00000000008', TO_DATE('2019-04-01','YYYY-MM-DD'), 703.68, 13161.57, 380.49, 550.57);
INSERT INTO welldata.PRODUCTION (UWI, PROD_DATE, OIL_BBL, GAS_MCF, WATER_BBL, HOURS_ON) VALUES ('WELL00000000008', TO_DATE('2019-05-01','YYYY-MM-DD'), 1757.45, 12860.37, 1447.91, 406.19);
INSERT INTO welldata.PRODUCTION (UWI, PROD_DATE, OIL_BBL, GAS_MCF, WATER_BBL, HOURS_ON) VALUES ('WELL00000000008', TO_DATE('2019-06-01','YYYY-MM-DD'), 1032.12, 8858.82, 886.69, 643.09);
INSERT INTO welldata.PRODUCTION (UWI, PROD_DATE, OIL_BBL, GAS_MCF, WATER_BBL, HOURS_ON) VALUES ('WELL00000000008', TO_DATE('2019-07-01','YYYY-MM-DD'), 1893.5, 6467.11, 1311.93, 710.63);
INSERT INTO welldata.PRODUCTION (UWI, PROD_DATE, OIL_BBL, GAS_MCF, WATER_BBL, HOURS_ON) VALUES ('WELL00000000008', TO_DATE('2019-08-01','YYYY-MM-DD'), 2821.47, 9503.36, 322.73, 593.65);
INSERT INTO welldata.PRODUCTION (UWI, PROD_DATE, OIL_BBL, GAS_MCF, WATER_BBL, HOURS_ON) VALUES ('WELL00000000008', TO_DATE('2019-09-01','YYYY-MM-DD'), 1156.36, 12711.42, 1339.0, 599.54);
INSERT INTO welldata.PRODUCTION (UWI, PROD_DATE, OIL_BBL, GAS_MCF, WATER_BBL, HOURS_ON) VALUES ('WELL00000000008', TO_DATE('2019-10-01','YYYY-MM-DD'), 213.06, 4907.53, 158.21, 493.52);
INSERT INTO welldata.PRODUCTION (UWI, PROD_DATE, OIL_BBL, GAS_MCF, WATER_BBL, HOURS_ON) VALUES ('WELL00000000008', TO_DATE('2019-11-01','YYYY-MM-DD'), 2797.72, 3011.42, 1054.48, 634.86);
INSERT INTO welldata.PRODUCTION (UWI, PROD_DATE, OIL_BBL, GAS_MCF, WATER_BBL, HOURS_ON) VALUES ('WELL00000000008', TO_DATE('2019-12-01','YYYY-MM-DD'), 940.24, 4166.6, 694.09, 533.87);
INSERT INTO welldata.PRODUCTION (UWI, PROD_DATE, OIL_BBL, GAS_MCF, WATER_BBL, HOURS_ON) VALUES ('WELL00000000008', TO_DATE('2020-01-01','YYYY-MM-DD'), 1629.8, 10714.32, 132.9, 389.6);
INSERT INTO welldata.PRODUCTION (UWI, PROD_DATE, OIL_BBL, GAS_MCF, WATER_BBL, HOURS_ON) VALUES ('WELL00000000008', TO_DATE('2020-02-01','YYYY-MM-DD'), 334.18, 12636.83, 1163.41, 401.82);
INSERT INTO welldata.PRODUCTION (UWI, PROD_DATE, OIL_BBL, GAS_MCF, WATER_BBL, HOURS_ON) VALUES ('WELL00000000008', TO_DATE('2020-03-01','YYYY-MM-DD'), 144.79, 1190.85, 330.09, 676.25);
INSERT INTO welldata.PRODUCTION (UWI, PROD_DATE, OIL_BBL, GAS_MCF, WATER_BBL, HOURS_ON) VALUES ('WELL00000000008', TO_DATE('2020-04-01','YYYY-MM-DD'), 2368.34, 7944.51, 1171.8, 219.35);
INSERT INTO welldata.PRODUCTION (UWI, PROD_DATE, OIL_BBL, GAS_MCF, WATER_BBL, HOURS_ON) VALUES ('WELL00000000008', TO_DATE('2020-05-01','YYYY-MM-DD'), 1011.86, 2464.39, 823.4, 510.55);
INSERT INTO welldata.PRODUCTION (UWI, PROD_DATE, OIL_BBL, GAS_MCF, WATER_BBL, HOURS_ON) VALUES ('WELL00000000008', TO_DATE('2020-06-01','YYYY-MM-DD'), 118.02, 13744.44, 162.92, 492.27);
INSERT INTO welldata.PRODUCTION (UWI, PROD_DATE, OIL_BBL, GAS_MCF, WATER_BBL, HOURS_ON) VALUES ('WELL00000000008', TO_DATE('2020-07-01','YYYY-MM-DD'), 1306.98, 3181.71, 673.64, 243.72);
INSERT INTO welldata.PRODUCTION (UWI, PROD_DATE, OIL_BBL, GAS_MCF, WATER_BBL, HOURS_ON) VALUES ('WELL00000000008', TO_DATE('2020-08-01','YYYY-MM-DD'), 1461.46, 8351.03, 527.48, 337.44);
INSERT INTO welldata.PRODUCTION (UWI, PROD_DATE, OIL_BBL, GAS_MCF, WATER_BBL, HOURS_ON) VALUES ('WELL00000000008', TO_DATE('2020-09-01','YYYY-MM-DD'), 809.27, 175.43, 487.48, 477.57);
INSERT INTO welldata.PRODUCTION (UWI, PROD_DATE, OIL_BBL, GAS_MCF, WATER_BBL, HOURS_ON) VALUES ('WELL00000000008', TO_DATE('2020-10-01','YYYY-MM-DD'), 507.16, 11500.8, 1286.31, 584.48);
INSERT INTO welldata.PRODUCTION (UWI, PROD_DATE, OIL_BBL, GAS_MCF, WATER_BBL, HOURS_ON) VALUES ('WELL00000000008', TO_DATE('2020-11-01','YYYY-MM-DD'), 2023.2, 14666.74, 351.13, 620.81);
INSERT INTO welldata.PRODUCTION (UWI, PROD_DATE, OIL_BBL, GAS_MCF, WATER_BBL, HOURS_ON) VALUES ('WELL00000000008', TO_DATE('2020-12-01','YYYY-MM-DD'), 301.9, 5626.22, 527.34, 516.67);
INSERT INTO welldata.PRODUCTION (UWI, PROD_DATE, OIL_BBL, GAS_MCF, WATER_BBL, HOURS_ON) VALUES ('WELL00000000008', TO_DATE('2021-01-01','YYYY-MM-DD'), 2847.6, 13251.14, 1264.34, 669.12);
INSERT INTO welldata.PRODUCTION (UWI, PROD_DATE, OIL_BBL, GAS_MCF, WATER_BBL, HOURS_ON) VALUES ('WELL00000000008', TO_DATE('2021-02-01','YYYY-MM-DD'), 579.54, 1008.9, 600.91, 391.35);
INSERT INTO welldata.PRODUCTION (UWI, PROD_DATE, OIL_BBL, GAS_MCF, WATER_BBL, HOURS_ON) VALUES ('WELL00000000008', TO_DATE('2021-03-01','YYYY-MM-DD'), 2156.65, 12026.73, 610.18, 353.78);
INSERT INTO welldata.PRODUCTION (UWI, PROD_DATE, OIL_BBL, GAS_MCF, WATER_BBL, HOURS_ON) VALUES ('WELL00000000008', TO_DATE('2021-04-01','YYYY-MM-DD'), 129.05, 12823.72, 940.01, 543.32);
INSERT INTO welldata.PRODUCTION (UWI, PROD_DATE, OIL_BBL, GAS_MCF, WATER_BBL, HOURS_ON) VALUES ('WELL00000000008', TO_DATE('2021-05-01','YYYY-MM-DD'), 2144.11, 7437.03, 1301.38, 524.67);
INSERT INTO welldata.PRODUCTION (UWI, PROD_DATE, OIL_BBL, GAS_MCF, WATER_BBL, HOURS_ON) VALUES ('WELL00000000008', TO_DATE('2021-06-01','YYYY-MM-DD'), 1577.57, 10455.33, 1108.14, 498.73);
INSERT INTO welldata.PRODUCTION (UWI, PROD_DATE, OIL_BBL, GAS_MCF, WATER_BBL, HOURS_ON) VALUES ('WELL00000000008', TO_DATE('2021-07-01','YYYY-MM-DD'), 1947.45, 3752.48, 990.86, 168.55);
INSERT INTO welldata.PRODUCTION (UWI, PROD_DATE, OIL_BBL, GAS_MCF, WATER_BBL, HOURS_ON) VALUES ('WELL00000000008', TO_DATE('2021-08-01','YYYY-MM-DD'), 2045.45, 6066.26, 1075.54, 677.67);
INSERT INTO welldata.PRODUCTION (UWI, PROD_DATE, OIL_BBL, GAS_MCF, WATER_BBL, HOURS_ON) VALUES ('WELL00000000008', TO_DATE('2021-09-01','YYYY-MM-DD'), 2590.44, 200.41, 63.42, 590.35);
INSERT INTO welldata.PRODUCTION (UWI, PROD_DATE, OIL_BBL, GAS_MCF, WATER_BBL, HOURS_ON) VALUES ('WELL00000000008', TO_DATE('2021-10-01','YYYY-MM-DD'), 896.8, 9618.53, 441.37, 461.67);
INSERT INTO welldata.PRODUCTION (UWI, PROD_DATE, OIL_BBL, GAS_MCF, WATER_BBL, HOURS_ON) VALUES ('WELL00000000008', TO_DATE('2021-11-01','YYYY-MM-DD'), 1301.48, 4216.98, 1106.07, 374.87);
INSERT INTO welldata.PRODUCTION (UWI, PROD_DATE, OIL_BBL, GAS_MCF, WATER_BBL, HOURS_ON) VALUES ('WELL00000000008', TO_DATE('2021-12-01','YYYY-MM-DD'), 1117.22, 4663.2, 741.17, 597.24);
INSERT INTO welldata.PRODUCTION (UWI, PROD_DATE, OIL_BBL, GAS_MCF, WATER_BBL, HOURS_ON) VALUES ('WELL00000000008', TO_DATE('2022-01-01','YYYY-MM-DD'), 734.35, 12240.33, 1480.44, 423.81);
INSERT INTO welldata.PRODUCTION (UWI, PROD_DATE, OIL_BBL, GAS_MCF, WATER_BBL, HOURS_ON) VALUES ('WELL00000000008', TO_DATE('2022-02-01','YYYY-MM-DD'), 1715.0, 9578.84, 1207.19, 606.2);
INSERT INTO welldata.PRODUCTION (UWI, PROD_DATE, OIL_BBL, GAS_MCF, WATER_BBL, HOURS_ON) VALUES ('WELL00000000008', TO_DATE('2022-03-01','YYYY-MM-DD'), 1135.86, 14971.86, 1424.99, 248.88);
INSERT INTO welldata.PRODUCTION (UWI, PROD_DATE, OIL_BBL, GAS_MCF, WATER_BBL, HOURS_ON) VALUES ('WELL00000000008', TO_DATE('2022-04-01','YYYY-MM-DD'), 1714.34, 12502.8, 497.53, 708.64);
INSERT INTO welldata.PRODUCTION (UWI, PROD_DATE, OIL_BBL, GAS_MCF, WATER_BBL, HOURS_ON) VALUES ('WELL00000000008', TO_DATE('2022-05-01','YYYY-MM-DD'), 1305.29, 12479.59, 875.04, 152.24);
INSERT INTO welldata.PRODUCTION (UWI, PROD_DATE, OIL_BBL, GAS_MCF, WATER_BBL, HOURS_ON) VALUES ('WELL00000000008', TO_DATE('2022-06-01','YYYY-MM-DD'), 2695.39, 4347.71, 278.44, 150.39);
INSERT INTO welldata.PRODUCTION (UWI, PROD_DATE, OIL_BBL, GAS_MCF, WATER_BBL, HOURS_ON) VALUES ('WELL00000000008', TO_DATE('2022-07-01','YYYY-MM-DD'), 108.09, 13469.97, 477.88, 300.88);
INSERT INTO welldata.PRODUCTION (UWI, PROD_DATE, OIL_BBL, GAS_MCF, WATER_BBL, HOURS_ON) VALUES ('WELL00000000008', TO_DATE('2022-08-01','YYYY-MM-DD'), 2971.91, 6727.13, 536.61, 560.37);
INSERT INTO welldata.PRODUCTION (UWI, PROD_DATE, OIL_BBL, GAS_MCF, WATER_BBL, HOURS_ON) VALUES ('WELL00000000008', TO_DATE('2022-09-01','YYYY-MM-DD'), 715.72, 13437.27, 1115.74, 590.23);
INSERT INTO welldata.PRODUCTION (UWI, PROD_DATE, OIL_BBL, GAS_MCF, WATER_BBL, HOURS_ON) VALUES ('WELL00000000008', TO_DATE('2022-10-01','YYYY-MM-DD'), 145.07, 3028.13, 420.68, 659.41);
INSERT INTO welldata.PRODUCTION (UWI, PROD_DATE, OIL_BBL, GAS_MCF, WATER_BBL, HOURS_ON) VALUES ('WELL00000000008', TO_DATE('2022-11-01','YYYY-MM-DD'), 938.33, 9953.18, 999.05, 667.43);
INSERT INTO welldata.PRODUCTION (UWI, PROD_DATE, OIL_BBL, GAS_MCF, WATER_BBL, HOURS_ON) VALUES ('WELL00000000008', TO_DATE('2022-12-01','YYYY-MM-DD'), 1491.04, 132.89, 329.34, 381.55);
INSERT INTO welldata.PRODUCTION (UWI, PROD_DATE, OIL_BBL, GAS_MCF, WATER_BBL, HOURS_ON) VALUES ('WELL00000000008', TO_DATE('2023-01-01','YYYY-MM-DD'), 1419.04, 11267.58, 1259.5, 613.08);
INSERT INTO welldata.PRODUCTION (UWI, PROD_DATE, OIL_BBL, GAS_MCF, WATER_BBL, HOURS_ON) VALUES ('WELL00000000008', TO_DATE('2023-02-01','YYYY-MM-DD'), 2451.05, 6677.28, 711.01, 295.69);
INSERT INTO welldata.PRODUCTION (UWI, PROD_DATE, OIL_BBL, GAS_MCF, WATER_BBL, HOURS_ON) VALUES ('WELL00000000008', TO_DATE('2023-03-01','YYYY-MM-DD'), 2556.05, 10304.13, 890.36, 295.25);
INSERT INTO welldata.PRODUCTION (UWI, PROD_DATE, OIL_BBL, GAS_MCF, WATER_BBL, HOURS_ON) VALUES ('WELL00000000008', TO_DATE('2023-04-01','YYYY-MM-DD'), 2527.62, 2830.29, 404.14, 451.93);
INSERT INTO welldata.PRODUCTION (UWI, PROD_DATE, OIL_BBL, GAS_MCF, WATER_BBL, HOURS_ON) VALUES ('WELL00000000008', TO_DATE('2023-05-01','YYYY-MM-DD'), 1565.91, 14061.09, 486.23, 719.65);
INSERT INTO welldata.PRODUCTION (UWI, PROD_DATE, OIL_BBL, GAS_MCF, WATER_BBL, HOURS_ON) VALUES ('WELL00000000008', TO_DATE('2023-06-01','YYYY-MM-DD'), 551.74, 2929.64, 194.26, 513.01);
INSERT INTO welldata.PRODUCTION (UWI, PROD_DATE, OIL_BBL, GAS_MCF, WATER_BBL, HOURS_ON) VALUES ('WELL00000000008', TO_DATE('2023-07-01','YYYY-MM-DD'), 2414.64, 7026.08, 733.63, 457.09);
INSERT INTO welldata.PRODUCTION (UWI, PROD_DATE, OIL_BBL, GAS_MCF, WATER_BBL, HOURS_ON) VALUES ('WELL00000000008', TO_DATE('2023-08-01','YYYY-MM-DD'), 2381.77, 4965.27, 1269.55, 367.96);
INSERT INTO welldata.PRODUCTION (UWI, PROD_DATE, OIL_BBL, GAS_MCF, WATER_BBL, HOURS_ON) VALUES ('WELL00000000008', TO_DATE('2023-09-01','YYYY-MM-DD'), 939.84, 6023.72, 1424.0, 268.89);
INSERT INTO welldata.PRODUCTION (UWI, PROD_DATE, OIL_BBL, GAS_MCF, WATER_BBL, HOURS_ON) VALUES ('WELL00000000008', TO_DATE('2023-10-01','YYYY-MM-DD'), 2306.64, 6869.72, 933.59, 659.48);
INSERT INTO welldata.PRODUCTION (UWI, PROD_DATE, OIL_BBL, GAS_MCF, WATER_BBL, HOURS_ON) VALUES ('WELL00000000008', TO_DATE('2023-11-01','YYYY-MM-DD'), 893.02, 13354.27, 1056.0, 175.76);
INSERT INTO welldata.PRODUCTION (UWI, PROD_DATE, OIL_BBL, GAS_MCF, WATER_BBL, HOURS_ON) VALUES ('WELL00000000008', TO_DATE('2023-12-01','YYYY-MM-DD'), 2890.44, 5346.17, 699.15, 217.74);
INSERT INTO welldata.PRODUCTION (UWI, PROD_DATE, OIL_BBL, GAS_MCF, WATER_BBL, HOURS_ON) VALUES ('WELL00000000008', TO_DATE('2024-01-01','YYYY-MM-DD'), 2637.93, 6423.19, 1339.01, 659.21);
INSERT INTO welldata.PRODUCTION (UWI, PROD_DATE, OIL_BBL, GAS_MCF, WATER_BBL, HOURS_ON) VALUES ('WELL00000000008', TO_DATE('2024-02-01','YYYY-MM-DD'), 277.0, 2434.77, 526.29, 238.46);
INSERT INTO welldata.PRODUCTION (UWI, PROD_DATE, OIL_BBL, GAS_MCF, WATER_BBL, HOURS_ON) VALUES ('WELL00000000008', TO_DATE('2024-03-01','YYYY-MM-DD'), 316.42, 4742.71, 860.94, 343.41);
INSERT INTO welldata.PRODUCTION (UWI, PROD_DATE, OIL_BBL, GAS_MCF, WATER_BBL, HOURS_ON) VALUES ('WELL00000000008', TO_DATE('2024-04-01','YYYY-MM-DD'), 709.61, 13669.76, 1218.31, 499.14);
INSERT INTO welldata.PRODUCTION (UWI, PROD_DATE, OIL_BBL, GAS_MCF, WATER_BBL, HOURS_ON) VALUES ('WELL00000000008', TO_DATE('2024-05-01','YYYY-MM-DD'), 1477.93, 9807.33, 498.06, 296.9);
INSERT INTO welldata.PRODUCTION (UWI, PROD_DATE, OIL_BBL, GAS_MCF, WATER_BBL, HOURS_ON) VALUES ('WELL00000000008', TO_DATE('2024-06-01','YYYY-MM-DD'), 2029.79, 5203.98, 1374.86, 238.68);
INSERT INTO welldata.PRODUCTION (UWI, PROD_DATE, OIL_BBL, GAS_MCF, WATER_BBL, HOURS_ON) VALUES ('WELL00000000008', TO_DATE('2024-07-01','YYYY-MM-DD'), 1197.62, 1723.01, 1023.18, 530.24);
INSERT INTO welldata.PRODUCTION (UWI, PROD_DATE, OIL_BBL, GAS_MCF, WATER_BBL, HOURS_ON) VALUES ('WELL00000000008', TO_DATE('2024-08-01','YYYY-MM-DD'), 2894.54, 12098.32, 508.54, 171.24);
INSERT INTO welldata.PRODUCTION (UWI, PROD_DATE, OIL_BBL, GAS_MCF, WATER_BBL, HOURS_ON) VALUES ('WELL00000000008', TO_DATE('2024-09-01','YYYY-MM-DD'), 2709.66, 11957.92, 175.53, 452.08);
INSERT INTO welldata.PRODUCTION (UWI, PROD_DATE, OIL_BBL, GAS_MCF, WATER_BBL, HOURS_ON) VALUES ('WELL00000000008', TO_DATE('2024-10-01','YYYY-MM-DD'), 692.08, 12369.35, 967.92, 604.82);
INSERT INTO welldata.PRODUCTION (UWI, PROD_DATE, OIL_BBL, GAS_MCF, WATER_BBL, HOURS_ON) VALUES ('WELL00000000008', TO_DATE('2024-11-01','YYYY-MM-DD'), 2404.29, 6054.68, 681.97, 447.1);
INSERT INTO welldata.PRODUCTION (UWI, PROD_DATE, OIL_BBL, GAS_MCF, WATER_BBL, HOURS_ON) VALUES ('WELL00000000008', TO_DATE('2024-12-01','YYYY-MM-DD'), 2042.31, 7784.18, 425.94, 439.43);
INSERT INTO welldata.FORMATION_TOPS (UWI, FORMATION, TOP_DEPTH_M, BASE_DEPTH_M, LITHOLOGY) VALUES ('WELL00000000008', 'Rajahmundry', 970, 1238, 'SANDSTONE');
INSERT INTO welldata.FORMATION_TOPS (UWI, FORMATION, TOP_DEPTH_M, BASE_DEPTH_M, LITHOLOGY) VALUES ('WELL00000000008', 'Bengal', 1190, 1440, 'LIMESTONE');
INSERT INTO welldata.FORMATION_TOPS (UWI, FORMATION, TOP_DEPTH_M, BASE_DEPTH_M, LITHOLOGY) VALUES ('WELL00000000008', 'Sanchore', 1220, 1320, 'SHALE');
INSERT INTO welldata.FORMATION_TOPS (UWI, FORMATION, TOP_DEPTH_M, BASE_DEPTH_M, LITHOLOGY) VALUES ('WELL00000000008', 'Barmer', 1585, 1867, 'DOLOMITE');
INSERT INTO welldata.CORE_ANALYSIS (UWI, CORE_RUN, TOP_DEPTH_M, BASE_DEPTH_M, GRAIN_DENSITY, BULK_DENSITY, RECOVERY_PCT) VALUES ('WELL00000000008', 1, 1106, 1142, 2.5788, 1.9915, 64.71);
INSERT INTO welldata.CORE_ANALYSIS (UWI, CORE_RUN, TOP_DEPTH_M, BASE_DEPTH_M, GRAIN_DENSITY, BULK_DENSITY, RECOVERY_PCT) VALUES ('WELL00000000008', 2, 1583, 1650, 2.759, 2.3496, 93.04);
INSERT INTO welldata.WELL (UWI, WELL_NAME, OPERATOR, COUNTRY, BASIN, FIELD_NAME, SPUD_DATE, COMPLETION_DATE, WELL_TYPE, WELL_STATUS, SURFACE_LAT, SURFACE_LON, TOTAL_DEPTH_M, KB_ELEVATION_M) VALUES ('WELL00000000009', 'CAIR-RA-009', 'Cairn India', 'India', 'Rajasthan', 'Rajasthan Field 3', TO_DATE('2006-05-23','YYYY-MM-DD'), NULL, 'DEVELOPMENT', 'ACTIVE', 20.177249, 69.685943, 4318, 75.25);
INSERT INTO welldata.BOREHOLE (UBHI, UWI, BOREHOLE_NAME, BOREHOLE_TYPE, TOP_DEPTH_M, BASE_DEPTH_M) VALUES ('WELL00000000009-BH1', 'WELL00000000009', 'CAIR-RA-009-BH1', 'VERTICAL', 512, 1195);
INSERT INTO welldata.PETROPHYSICS (UBHI, SAMPLE_DEPTH_M, POROSITY, PERMEABILITY, WATER_SAT, FORMATION) VALUES ('WELL00000000009-BH1', 1000, 0.2374, 386.9226, 0.4083, 'Bengal');
INSERT INTO welldata.PETROPHYSICS (UBHI, SAMPLE_DEPTH_M, POROSITY, PERMEABILITY, WATER_SAT, FORMATION) VALUES ('WELL00000000009-BH1', 1020, 0.0775, 430.5896, 0.6396, 'Barmer');
INSERT INTO welldata.PETROPHYSICS (UBHI, SAMPLE_DEPTH_M, POROSITY, PERMEABILITY, WATER_SAT, FORMATION) VALUES ('WELL00000000009-BH1', 1040, 0.1744, 424.2603, 0.3306, 'Barmer');
INSERT INTO welldata.PETROPHYSICS (UBHI, SAMPLE_DEPTH_M, POROSITY, PERMEABILITY, WATER_SAT, FORMATION) VALUES ('WELL00000000009-BH1', 1060, 0.2461, 264.9917, 0.5835, 'Bengal');
INSERT INTO welldata.PETROPHYSICS (UBHI, SAMPLE_DEPTH_M, POROSITY, PERMEABILITY, WATER_SAT, FORMATION) VALUES ('WELL00000000009-BH1', 1080, 0.1536, 290.5802, 0.6586, 'Sanchore');
INSERT INTO welldata.PETROPHYSICS (UBHI, SAMPLE_DEPTH_M, POROSITY, PERMEABILITY, WATER_SAT, FORMATION) VALUES ('WELL00000000009-BH1', 1100, 0.0762, 435.2937, 0.563, 'Bengal');
INSERT INTO welldata.PETROPHYSICS (UBHI, SAMPLE_DEPTH_M, POROSITY, PERMEABILITY, WATER_SAT, FORMATION) VALUES ('WELL00000000009-BH1', 1120, 0.0789, 188.0198, 0.4661, 'Rajahmundry');
INSERT INTO welldata.PETROPHYSICS (UBHI, SAMPLE_DEPTH_M, POROSITY, PERMEABILITY, WATER_SAT, FORMATION) VALUES ('WELL00000000009-BH1', 1140, 0.232, 363.1976, 0.1728, 'Bengal');
INSERT INTO welldata.PETROPHYSICS (UBHI, SAMPLE_DEPTH_M, POROSITY, PERMEABILITY, WATER_SAT, FORMATION) VALUES ('WELL00000000009-BH1', 1160, 0.1498, 129.5897, 0.5783, 'Barmer');
INSERT INTO welldata.PETROPHYSICS (UBHI, SAMPLE_DEPTH_M, POROSITY, PERMEABILITY, WATER_SAT, FORMATION) VALUES ('WELL00000000009-BH1', 1180, 0.2052, 257.8349, 0.3122, 'Barmer');
INSERT INTO welldata.PETROPHYSICS (UBHI, SAMPLE_DEPTH_M, POROSITY, PERMEABILITY, WATER_SAT, FORMATION) VALUES ('WELL00000000009-BH1', 1200, 0.223, 429.8062, 0.5229, 'Bengal');
INSERT INTO welldata.PETROPHYSICS (UBHI, SAMPLE_DEPTH_M, POROSITY, PERMEABILITY, WATER_SAT, FORMATION) VALUES ('WELL00000000009-BH1', 1220, 0.1976, 149.5925, 0.3061, 'Sanchore');
INSERT INTO welldata.PETROPHYSICS (UBHI, SAMPLE_DEPTH_M, POROSITY, PERMEABILITY, WATER_SAT, FORMATION) VALUES ('WELL00000000009-BH1', 1240, 0.2157, 294.367, 0.6831, 'Bengal');
INSERT INTO welldata.PETROPHYSICS (UBHI, SAMPLE_DEPTH_M, POROSITY, PERMEABILITY, WATER_SAT, FORMATION) VALUES ('WELL00000000009-BH1', 1260, 0.2743, 183.5924, 0.4046, 'Barmer');
INSERT INTO welldata.PETROPHYSICS (UBHI, SAMPLE_DEPTH_M, POROSITY, PERMEABILITY, WATER_SAT, FORMATION) VALUES ('WELL00000000009-BH1', 1280, 0.068, 72.8268, 0.4875, 'Rajahmundry');
INSERT INTO welldata.PETROPHYSICS (UBHI, SAMPLE_DEPTH_M, POROSITY, PERMEABILITY, WATER_SAT, FORMATION) VALUES ('WELL00000000009-BH1', 1300, 0.1654, 389.8894, 0.3948, 'Barmer');
INSERT INTO welldata.PETROPHYSICS (UBHI, SAMPLE_DEPTH_M, POROSITY, PERMEABILITY, WATER_SAT, FORMATION) VALUES ('WELL00000000009-BH1', 1320, 0.043, 240.3182, 0.6301, 'Sanchore');
INSERT INTO welldata.PETROPHYSICS (UBHI, SAMPLE_DEPTH_M, POROSITY, PERMEABILITY, WATER_SAT, FORMATION) VALUES ('WELL00000000009-BH1', 1340, 0.0982, 306.3783, 0.4157, 'Barmer');
INSERT INTO welldata.PETROPHYSICS (UBHI, SAMPLE_DEPTH_M, POROSITY, PERMEABILITY, WATER_SAT, FORMATION) VALUES ('WELL00000000009-BH1', 1360, 0.1551, 424.9363, 0.3619, 'Rajahmundry');
INSERT INTO welldata.PETROPHYSICS (UBHI, SAMPLE_DEPTH_M, POROSITY, PERMEABILITY, WATER_SAT, FORMATION) VALUES ('WELL00000000009-BH1', 1380, 0.2591, 412.8799, 0.436, 'Rajahmundry');
INSERT INTO welldata.PETROPHYSICS (UBHI, SAMPLE_DEPTH_M, POROSITY, PERMEABILITY, WATER_SAT, FORMATION) VALUES ('WELL00000000009-BH1', 1400, 0.0565, 133.1093, 0.1734, 'Sanchore');
INSERT INTO welldata.PETROPHYSICS (UBHI, SAMPLE_DEPTH_M, POROSITY, PERMEABILITY, WATER_SAT, FORMATION) VALUES ('WELL00000000009-BH1', 1420, 0.1719, 192.5412, 0.3962, 'Sanchore');
INSERT INTO welldata.PETROPHYSICS (UBHI, SAMPLE_DEPTH_M, POROSITY, PERMEABILITY, WATER_SAT, FORMATION) VALUES ('WELL00000000009-BH1', 1440, 0.1906, 103.9448, 0.3156, 'Sanchore');
INSERT INTO welldata.PETROPHYSICS (UBHI, SAMPLE_DEPTH_M, POROSITY, PERMEABILITY, WATER_SAT, FORMATION) VALUES ('WELL00000000009-BH1', 1460, 0.2643, 395.7974, 0.5903, 'Barmer');
INSERT INTO welldata.PETROPHYSICS (UBHI, SAMPLE_DEPTH_M, POROSITY, PERMEABILITY, WATER_SAT, FORMATION) VALUES ('WELL00000000009-BH1', 1480, 0.2655, 225.2331, 0.4695, 'Sanchore');
INSERT INTO welldata.PETROPHYSICS (UBHI, SAMPLE_DEPTH_M, POROSITY, PERMEABILITY, WATER_SAT, FORMATION) VALUES ('WELL00000000009-BH1', 1500, 0.0941, 358.3463, 0.3548, 'Barmer');
INSERT INTO welldata.PETROPHYSICS (UBHI, SAMPLE_DEPTH_M, POROSITY, PERMEABILITY, WATER_SAT, FORMATION) VALUES ('WELL00000000009-BH1', 1520, 0.1413, 101.3342, 0.4143, 'Bengal');
INSERT INTO welldata.PETROPHYSICS (UBHI, SAMPLE_DEPTH_M, POROSITY, PERMEABILITY, WATER_SAT, FORMATION) VALUES ('WELL00000000009-BH1', 1540, 0.2671, 401.5468, 0.3092, 'Barmer');
INSERT INTO welldata.PETROPHYSICS (UBHI, SAMPLE_DEPTH_M, POROSITY, PERMEABILITY, WATER_SAT, FORMATION) VALUES ('WELL00000000009-BH1', 1560, 0.095, 31.1974, 0.3039, 'Sanchore');
INSERT INTO welldata.PETROPHYSICS (UBHI, SAMPLE_DEPTH_M, POROSITY, PERMEABILITY, WATER_SAT, FORMATION) VALUES ('WELL00000000009-BH1', 1580, 0.1718, 339.9981, 0.5964, 'Bengal');
INSERT INTO welldata.PETROPHYSICS (UBHI, SAMPLE_DEPTH_M, POROSITY, PERMEABILITY, WATER_SAT, FORMATION) VALUES ('WELL00000000009-BH1', 1600, 0.2764, 75.0702, 0.3848, 'Rajahmundry');
INSERT INTO welldata.PETROPHYSICS (UBHI, SAMPLE_DEPTH_M, POROSITY, PERMEABILITY, WATER_SAT, FORMATION) VALUES ('WELL00000000009-BH1', 1620, 0.2339, 110.842, 0.2448, 'Rajahmundry');
INSERT INTO welldata.PETROPHYSICS (UBHI, SAMPLE_DEPTH_M, POROSITY, PERMEABILITY, WATER_SAT, FORMATION) VALUES ('WELL00000000009-BH1', 1640, 0.0707, 219.4622, 0.5356, 'Rajahmundry');
INSERT INTO welldata.PETROPHYSICS (UBHI, SAMPLE_DEPTH_M, POROSITY, PERMEABILITY, WATER_SAT, FORMATION) VALUES ('WELL00000000009-BH1', 1660, 0.2798, 172.7641, 0.355, 'Rajahmundry');
INSERT INTO welldata.PETROPHYSICS (UBHI, SAMPLE_DEPTH_M, POROSITY, PERMEABILITY, WATER_SAT, FORMATION) VALUES ('WELL00000000009-BH1', 1680, 0.0615, 264.6732, 0.4259, 'Rajahmundry');
INSERT INTO welldata.PETROPHYSICS (UBHI, SAMPLE_DEPTH_M, POROSITY, PERMEABILITY, WATER_SAT, FORMATION) VALUES ('WELL00000000009-BH1', 1700, 0.2331, 375.589, 0.6627, 'Sanchore');
INSERT INTO welldata.PETROPHYSICS (UBHI, SAMPLE_DEPTH_M, POROSITY, PERMEABILITY, WATER_SAT, FORMATION) VALUES ('WELL00000000009-BH1', 1720, 0.1028, 56.6453, 0.4811, 'Sanchore');
INSERT INTO welldata.PETROPHYSICS (UBHI, SAMPLE_DEPTH_M, POROSITY, PERMEABILITY, WATER_SAT, FORMATION) VALUES ('WELL00000000009-BH1', 1740, 0.248, 202.3546, 0.3459, 'Rajahmundry');
INSERT INTO welldata.PETROPHYSICS (UBHI, SAMPLE_DEPTH_M, POROSITY, PERMEABILITY, WATER_SAT, FORMATION) VALUES ('WELL00000000009-BH1', 1760, 0.1825, 94.8734, 0.3398, 'Bengal');
INSERT INTO welldata.PETROPHYSICS (UBHI, SAMPLE_DEPTH_M, POROSITY, PERMEABILITY, WATER_SAT, FORMATION) VALUES ('WELL00000000009-BH1', 1780, 0.0567, 268.4723, 0.6792, 'Bengal');
INSERT INTO welldata.PETROPHYSICS (UBHI, SAMPLE_DEPTH_M, POROSITY, PERMEABILITY, WATER_SAT, FORMATION) VALUES ('WELL00000000009-BH1', 1800, 0.1319, 417.2262, 0.568, 'Sanchore');
INSERT INTO welldata.PETROPHYSICS (UBHI, SAMPLE_DEPTH_M, POROSITY, PERMEABILITY, WATER_SAT, FORMATION) VALUES ('WELL00000000009-BH1', 1820, 0.1648, 183.1045, 0.7037, 'Bengal');
INSERT INTO welldata.PETROPHYSICS (UBHI, SAMPLE_DEPTH_M, POROSITY, PERMEABILITY, WATER_SAT, FORMATION) VALUES ('WELL00000000009-BH1', 1840, 0.2029, 153.5255, 0.5507, 'Sanchore');
INSERT INTO welldata.PETROPHYSICS (UBHI, SAMPLE_DEPTH_M, POROSITY, PERMEABILITY, WATER_SAT, FORMATION) VALUES ('WELL00000000009-BH1', 1860, 0.1054, 366.9087, 0.3111, 'Bengal');
INSERT INTO welldata.PETROPHYSICS (UBHI, SAMPLE_DEPTH_M, POROSITY, PERMEABILITY, WATER_SAT, FORMATION) VALUES ('WELL00000000009-BH1', 1880, 0.1043, 40.1351, 0.3042, 'Sanchore');
INSERT INTO welldata.PETROPHYSICS (UBHI, SAMPLE_DEPTH_M, POROSITY, PERMEABILITY, WATER_SAT, FORMATION) VALUES ('WELL00000000009-BH1', 1900, 0.1604, 326.3319, 0.3479, 'Rajahmundry');
INSERT INTO welldata.PETROPHYSICS (UBHI, SAMPLE_DEPTH_M, POROSITY, PERMEABILITY, WATER_SAT, FORMATION) VALUES ('WELL00000000009-BH1', 1920, 0.0996, 301.3212, 0.3861, 'Rajahmundry');
INSERT INTO welldata.PETROPHYSICS (UBHI, SAMPLE_DEPTH_M, POROSITY, PERMEABILITY, WATER_SAT, FORMATION) VALUES ('WELL00000000009-BH1', 1940, 0.0616, 434.5541, 0.6747, 'Barmer');
INSERT INTO welldata.PETROPHYSICS (UBHI, SAMPLE_DEPTH_M, POROSITY, PERMEABILITY, WATER_SAT, FORMATION) VALUES ('WELL00000000009-BH1', 1960, 0.2745, 191.3891, 0.2137, 'Barmer');
INSERT INTO welldata.PETROPHYSICS (UBHI, SAMPLE_DEPTH_M, POROSITY, PERMEABILITY, WATER_SAT, FORMATION) VALUES ('WELL00000000009-BH1', 1980, 0.1737, 411.3741, 0.6293, 'Sanchore');
INSERT INTO welldata.PETROPHYSICS (UBHI, SAMPLE_DEPTH_M, POROSITY, PERMEABILITY, WATER_SAT, FORMATION) VALUES ('WELL00000000009-BH1', 2000, 0.1105, 114.3091, 0.622, 'Sanchore');
INSERT INTO welldata.PETROPHYSICS (UBHI, SAMPLE_DEPTH_M, POROSITY, PERMEABILITY, WATER_SAT, FORMATION) VALUES ('WELL00000000009-BH1', 2020, 0.2002, 251.4866, 0.4343, 'Bengal');
INSERT INTO welldata.PETROPHYSICS (UBHI, SAMPLE_DEPTH_M, POROSITY, PERMEABILITY, WATER_SAT, FORMATION) VALUES ('WELL00000000009-BH1', 2040, 0.2592, 266.2684, 0.6024, 'Bengal');
INSERT INTO welldata.PETROPHYSICS (UBHI, SAMPLE_DEPTH_M, POROSITY, PERMEABILITY, WATER_SAT, FORMATION) VALUES ('WELL00000000009-BH1', 2060, 0.1786, 83.2955, 0.5985, 'Sanchore');
INSERT INTO welldata.PETROPHYSICS (UBHI, SAMPLE_DEPTH_M, POROSITY, PERMEABILITY, WATER_SAT, FORMATION) VALUES ('WELL00000000009-BH1', 2080, 0.1248, 343.5928, 0.6783, 'Sanchore');
INSERT INTO welldata.PETROPHYSICS (UBHI, SAMPLE_DEPTH_M, POROSITY, PERMEABILITY, WATER_SAT, FORMATION) VALUES ('WELL00000000009-BH1', 2100, 0.1037, 193.2297, 0.2541, 'Sanchore');
INSERT INTO welldata.PETROPHYSICS (UBHI, SAMPLE_DEPTH_M, POROSITY, PERMEABILITY, WATER_SAT, FORMATION) VALUES ('WELL00000000009-BH1', 2120, 0.0934, 426.4689, 0.4657, 'Sanchore');
INSERT INTO welldata.PETROPHYSICS (UBHI, SAMPLE_DEPTH_M, POROSITY, PERMEABILITY, WATER_SAT, FORMATION) VALUES ('WELL00000000009-BH1', 2140, 0.2739, 119.4006, 0.4769, 'Bengal');
INSERT INTO welldata.PETROPHYSICS (UBHI, SAMPLE_DEPTH_M, POROSITY, PERMEABILITY, WATER_SAT, FORMATION) VALUES ('WELL00000000009-BH1', 2160, 0.1157, 410.5976, 0.7176, 'Sanchore');
INSERT INTO welldata.PETROPHYSICS (UBHI, SAMPLE_DEPTH_M, POROSITY, PERMEABILITY, WATER_SAT, FORMATION) VALUES ('WELL00000000009-BH1', 2180, 0.2426, 361.5132, 0.6048, 'Bengal');
INSERT INTO welldata.PETROPHYSICS (UBHI, SAMPLE_DEPTH_M, POROSITY, PERMEABILITY, WATER_SAT, FORMATION) VALUES ('WELL00000000009-BH1', 2200, 0.1741, 228.6554, 0.6907, 'Rajahmundry');
INSERT INTO welldata.PETROPHYSICS (UBHI, SAMPLE_DEPTH_M, POROSITY, PERMEABILITY, WATER_SAT, FORMATION) VALUES ('WELL00000000009-BH1', 2220, 0.2235, 441.9851, 0.5887, 'Sanchore');
INSERT INTO welldata.PETROPHYSICS (UBHI, SAMPLE_DEPTH_M, POROSITY, PERMEABILITY, WATER_SAT, FORMATION) VALUES ('WELL00000000009-BH1', 2240, 0.0998, 9.0187, 0.3121, 'Bengal');
INSERT INTO welldata.PETROPHYSICS (UBHI, SAMPLE_DEPTH_M, POROSITY, PERMEABILITY, WATER_SAT, FORMATION) VALUES ('WELL00000000009-BH1', 2260, 0.2565, 305.1129, 0.4008, 'Barmer');
INSERT INTO welldata.PETROPHYSICS (UBHI, SAMPLE_DEPTH_M, POROSITY, PERMEABILITY, WATER_SAT, FORMATION) VALUES ('WELL00000000009-BH1', 2280, 0.1889, 304.4118, 0.7334, 'Rajahmundry');
INSERT INTO welldata.PETROPHYSICS (UBHI, SAMPLE_DEPTH_M, POROSITY, PERMEABILITY, WATER_SAT, FORMATION) VALUES ('WELL00000000009-BH1', 2300, 0.2575, 127.3722, 0.6149, 'Bengal');
INSERT INTO welldata.PETROPHYSICS (UBHI, SAMPLE_DEPTH_M, POROSITY, PERMEABILITY, WATER_SAT, FORMATION) VALUES ('WELL00000000009-BH1', 2320, 0.1349, 115.8726, 0.2125, 'Sanchore');
INSERT INTO welldata.PETROPHYSICS (UBHI, SAMPLE_DEPTH_M, POROSITY, PERMEABILITY, WATER_SAT, FORMATION) VALUES ('WELL00000000009-BH1', 2340, 0.0923, 146.4896, 0.5017, 'Barmer');
INSERT INTO welldata.PETROPHYSICS (UBHI, SAMPLE_DEPTH_M, POROSITY, PERMEABILITY, WATER_SAT, FORMATION) VALUES ('WELL00000000009-BH1', 2360, 0.2041, 291.556, 0.3743, 'Sanchore');
INSERT INTO welldata.PETROPHYSICS (UBHI, SAMPLE_DEPTH_M, POROSITY, PERMEABILITY, WATER_SAT, FORMATION) VALUES ('WELL00000000009-BH1', 2380, 0.1836, 308.9655, 0.5333, 'Barmer');
INSERT INTO welldata.PETROPHYSICS (UBHI, SAMPLE_DEPTH_M, POROSITY, PERMEABILITY, WATER_SAT, FORMATION) VALUES ('WELL00000000009-BH1', 2400, 0.0628, 300.8154, 0.3525, 'Barmer');
INSERT INTO welldata.PETROPHYSICS (UBHI, SAMPLE_DEPTH_M, POROSITY, PERMEABILITY, WATER_SAT, FORMATION) VALUES ('WELL00000000009-BH1', 2420, 0.0807, 383.8489, 0.4591, 'Sanchore');
INSERT INTO welldata.PETROPHYSICS (UBHI, SAMPLE_DEPTH_M, POROSITY, PERMEABILITY, WATER_SAT, FORMATION) VALUES ('WELL00000000009-BH1', 2440, 0.1317, 226.5907, 0.66, 'Sanchore');
INSERT INTO welldata.PETROPHYSICS (UBHI, SAMPLE_DEPTH_M, POROSITY, PERMEABILITY, WATER_SAT, FORMATION) VALUES ('WELL00000000009-BH1', 2460, 0.0913, 135.3238, 0.5737, 'Rajahmundry');
INSERT INTO welldata.PETROPHYSICS (UBHI, SAMPLE_DEPTH_M, POROSITY, PERMEABILITY, WATER_SAT, FORMATION) VALUES ('WELL00000000009-BH1', 2480, 0.0642, 213.8544, 0.6514, 'Bengal');
INSERT INTO welldata.PETROPHYSICS (UBHI, SAMPLE_DEPTH_M, POROSITY, PERMEABILITY, WATER_SAT, FORMATION) VALUES ('WELL00000000009-BH1', 2500, 0.1704, 349.8683, 0.7187, 'Sanchore');
INSERT INTO welldata.PETROPHYSICS (UBHI, SAMPLE_DEPTH_M, POROSITY, PERMEABILITY, WATER_SAT, FORMATION) VALUES ('WELL00000000009-BH1', 2520, 0.2276, 446.1099, 0.3429, 'Rajahmundry');
INSERT INTO welldata.PETROPHYSICS (UBHI, SAMPLE_DEPTH_M, POROSITY, PERMEABILITY, WATER_SAT, FORMATION) VALUES ('WELL00000000009-BH1', 2540, 0.1536, 329.8422, 0.726, 'Bengal');
INSERT INTO welldata.PETROPHYSICS (UBHI, SAMPLE_DEPTH_M, POROSITY, PERMEABILITY, WATER_SAT, FORMATION) VALUES ('WELL00000000009-BH1', 2560, 0.122, 148.1187, 0.5372, 'Sanchore');
INSERT INTO welldata.PETROPHYSICS (UBHI, SAMPLE_DEPTH_M, POROSITY, PERMEABILITY, WATER_SAT, FORMATION) VALUES ('WELL00000000009-BH1', 2580, 0.0489, 11.0579, 0.6531, 'Rajahmundry');
INSERT INTO welldata.PETROPHYSICS (UBHI, SAMPLE_DEPTH_M, POROSITY, PERMEABILITY, WATER_SAT, FORMATION) VALUES ('WELL00000000009-BH1', 2600, 0.2553, 5.7338, 0.1901, 'Bengal');
INSERT INTO welldata.PETROPHYSICS (UBHI, SAMPLE_DEPTH_M, POROSITY, PERMEABILITY, WATER_SAT, FORMATION) VALUES ('WELL00000000009-BH1', 2620, 0.2603, 131.4578, 0.741, 'Barmer');
INSERT INTO welldata.PETROPHYSICS (UBHI, SAMPLE_DEPTH_M, POROSITY, PERMEABILITY, WATER_SAT, FORMATION) VALUES ('WELL00000000009-BH1', 2640, 0.1861, 142.2782, 0.5304, 'Bengal');
INSERT INTO welldata.PETROPHYSICS (UBHI, SAMPLE_DEPTH_M, POROSITY, PERMEABILITY, WATER_SAT, FORMATION) VALUES ('WELL00000000009-BH1', 2660, 0.2562, 207.9958, 0.6826, 'Rajahmundry');
INSERT INTO welldata.PETROPHYSICS (UBHI, SAMPLE_DEPTH_M, POROSITY, PERMEABILITY, WATER_SAT, FORMATION) VALUES ('WELL00000000009-BH1', 2680, 0.2435, 254.5926, 0.6866, 'Bengal');
INSERT INTO welldata.PETROPHYSICS (UBHI, SAMPLE_DEPTH_M, POROSITY, PERMEABILITY, WATER_SAT, FORMATION) VALUES ('WELL00000000009-BH1', 2700, 0.1078, 411.5021, 0.7127, 'Rajahmundry');
INSERT INTO welldata.PETROPHYSICS (UBHI, SAMPLE_DEPTH_M, POROSITY, PERMEABILITY, WATER_SAT, FORMATION) VALUES ('WELL00000000009-BH1', 2720, 0.1539, 256.7861, 0.1721, 'Barmer');
INSERT INTO welldata.PETROPHYSICS (UBHI, SAMPLE_DEPTH_M, POROSITY, PERMEABILITY, WATER_SAT, FORMATION) VALUES ('WELL00000000009-BH1', 2740, 0.1847, 409.1991, 0.3135, 'Barmer');
INSERT INTO welldata.PETROPHYSICS (UBHI, SAMPLE_DEPTH_M, POROSITY, PERMEABILITY, WATER_SAT, FORMATION) VALUES ('WELL00000000009-BH1', 2760, 0.1422, 429.9802, 0.1674, 'Rajahmundry');
INSERT INTO welldata.PETROPHYSICS (UBHI, SAMPLE_DEPTH_M, POROSITY, PERMEABILITY, WATER_SAT, FORMATION) VALUES ('WELL00000000009-BH1', 2780, 0.2522, 255.3398, 0.4482, 'Bengal');
INSERT INTO welldata.PETROPHYSICS (UBHI, SAMPLE_DEPTH_M, POROSITY, PERMEABILITY, WATER_SAT, FORMATION) VALUES ('WELL00000000009-BH1', 2800, 0.0732, 28.5647, 0.3946, 'Sanchore');
INSERT INTO welldata.PETROPHYSICS (UBHI, SAMPLE_DEPTH_M, POROSITY, PERMEABILITY, WATER_SAT, FORMATION) VALUES ('WELL00000000009-BH1', 2820, 0.099, 91.5199, 0.3679, 'Rajahmundry');
INSERT INTO welldata.PETROPHYSICS (UBHI, SAMPLE_DEPTH_M, POROSITY, PERMEABILITY, WATER_SAT, FORMATION) VALUES ('WELL00000000009-BH1', 2840, 0.079, 401.4718, 0.1536, 'Bengal');
INSERT INTO welldata.PETROPHYSICS (UBHI, SAMPLE_DEPTH_M, POROSITY, PERMEABILITY, WATER_SAT, FORMATION) VALUES ('WELL00000000009-BH1', 2860, 0.1427, 207.744, 0.3546, 'Barmer');
INSERT INTO welldata.PETROPHYSICS (UBHI, SAMPLE_DEPTH_M, POROSITY, PERMEABILITY, WATER_SAT, FORMATION) VALUES ('WELL00000000009-BH1', 2880, 0.1255, 252.0819, 0.5506, 'Barmer');
INSERT INTO welldata.PETROPHYSICS (UBHI, SAMPLE_DEPTH_M, POROSITY, PERMEABILITY, WATER_SAT, FORMATION) VALUES ('WELL00000000009-BH1', 2900, 0.269, 219.8987, 0.5751, 'Barmer');
INSERT INTO welldata.PETROPHYSICS (UBHI, SAMPLE_DEPTH_M, POROSITY, PERMEABILITY, WATER_SAT, FORMATION) VALUES ('WELL00000000009-BH1', 2920, 0.1198, 255.3459, 0.3808, 'Rajahmundry');
INSERT INTO welldata.PETROPHYSICS (UBHI, SAMPLE_DEPTH_M, POROSITY, PERMEABILITY, WATER_SAT, FORMATION) VALUES ('WELL00000000009-BH1', 2940, 0.2056, 30.4077, 0.7363, 'Bengal');
INSERT INTO welldata.PETROPHYSICS (UBHI, SAMPLE_DEPTH_M, POROSITY, PERMEABILITY, WATER_SAT, FORMATION) VALUES ('WELL00000000009-BH1', 2960, 0.069, 223.9637, 0.5156, 'Rajahmundry');
INSERT INTO welldata.PETROPHYSICS (UBHI, SAMPLE_DEPTH_M, POROSITY, PERMEABILITY, WATER_SAT, FORMATION) VALUES ('WELL00000000009-BH1', 2980, 0.051, 193.3839, 0.4561, 'Barmer');
INSERT INTO welldata.PETROPHYSICS (UBHI, SAMPLE_DEPTH_M, POROSITY, PERMEABILITY, WATER_SAT, FORMATION) VALUES ('WELL00000000009-BH1', 3000, 0.1084, 384.6834, 0.5847, 'Barmer');
INSERT INTO welldata.BOREHOLE (UBHI, UWI, BOREHOLE_NAME, BOREHOLE_TYPE, TOP_DEPTH_M, BASE_DEPTH_M) VALUES ('WELL00000000009-BH2', 'WELL00000000009', 'CAIR-RA-009-BH2', 'VERTICAL', 633, 1617);
INSERT INTO welldata.PETROPHYSICS (UBHI, SAMPLE_DEPTH_M, POROSITY, PERMEABILITY, WATER_SAT, FORMATION) VALUES ('WELL00000000009-BH2', 1000, 0.1208, 54.5575, 0.2942, 'Bengal');
INSERT INTO welldata.PETROPHYSICS (UBHI, SAMPLE_DEPTH_M, POROSITY, PERMEABILITY, WATER_SAT, FORMATION) VALUES ('WELL00000000009-BH2', 1020, 0.1739, 199.0305, 0.3751, 'Sanchore');
INSERT INTO welldata.PETROPHYSICS (UBHI, SAMPLE_DEPTH_M, POROSITY, PERMEABILITY, WATER_SAT, FORMATION) VALUES ('WELL00000000009-BH2', 1040, 0.1492, 106.9377, 0.4859, 'Bengal');
INSERT INTO welldata.PETROPHYSICS (UBHI, SAMPLE_DEPTH_M, POROSITY, PERMEABILITY, WATER_SAT, FORMATION) VALUES ('WELL00000000009-BH2', 1060, 0.0529, 314.3178, 0.2896, 'Sanchore');
INSERT INTO welldata.PETROPHYSICS (UBHI, SAMPLE_DEPTH_M, POROSITY, PERMEABILITY, WATER_SAT, FORMATION) VALUES ('WELL00000000009-BH2', 1080, 0.2144, 193.9637, 0.6072, 'Barmer');
INSERT INTO welldata.PETROPHYSICS (UBHI, SAMPLE_DEPTH_M, POROSITY, PERMEABILITY, WATER_SAT, FORMATION) VALUES ('WELL00000000009-BH2', 1100, 0.1019, 29.2562, 0.5328, 'Rajahmundry');
INSERT INTO welldata.PETROPHYSICS (UBHI, SAMPLE_DEPTH_M, POROSITY, PERMEABILITY, WATER_SAT, FORMATION) VALUES ('WELL00000000009-BH2', 1120, 0.2288, 259.5096, 0.2081, 'Rajahmundry');
INSERT INTO welldata.PETROPHYSICS (UBHI, SAMPLE_DEPTH_M, POROSITY, PERMEABILITY, WATER_SAT, FORMATION) VALUES ('WELL00000000009-BH2', 1140, 0.1581, 57.9844, 0.6594, 'Rajahmundry');
INSERT INTO welldata.PETROPHYSICS (UBHI, SAMPLE_DEPTH_M, POROSITY, PERMEABILITY, WATER_SAT, FORMATION) VALUES ('WELL00000000009-BH2', 1160, 0.0935, 207.8733, 0.6134, 'Rajahmundry');
INSERT INTO welldata.PETROPHYSICS (UBHI, SAMPLE_DEPTH_M, POROSITY, PERMEABILITY, WATER_SAT, FORMATION) VALUES ('WELL00000000009-BH2', 1180, 0.2533, 133.954, 0.6177, 'Rajahmundry');
INSERT INTO welldata.PETROPHYSICS (UBHI, SAMPLE_DEPTH_M, POROSITY, PERMEABILITY, WATER_SAT, FORMATION) VALUES ('WELL00000000009-BH2', 1200, 0.041, 210.7903, 0.618, 'Rajahmundry');
INSERT INTO welldata.PETROPHYSICS (UBHI, SAMPLE_DEPTH_M, POROSITY, PERMEABILITY, WATER_SAT, FORMATION) VALUES ('WELL00000000009-BH2', 1220, 0.0547, 246.6752, 0.3487, 'Sanchore');
INSERT INTO welldata.PETROPHYSICS (UBHI, SAMPLE_DEPTH_M, POROSITY, PERMEABILITY, WATER_SAT, FORMATION) VALUES ('WELL00000000009-BH2', 1240, 0.2212, 50.8225, 0.2542, 'Rajahmundry');
INSERT INTO welldata.PETROPHYSICS (UBHI, SAMPLE_DEPTH_M, POROSITY, PERMEABILITY, WATER_SAT, FORMATION) VALUES ('WELL00000000009-BH2', 1260, 0.215, 413.7616, 0.2565, 'Sanchore');
INSERT INTO welldata.PETROPHYSICS (UBHI, SAMPLE_DEPTH_M, POROSITY, PERMEABILITY, WATER_SAT, FORMATION) VALUES ('WELL00000000009-BH2', 1280, 0.1081, 391.4334, 0.2445, 'Barmer');
INSERT INTO welldata.PETROPHYSICS (UBHI, SAMPLE_DEPTH_M, POROSITY, PERMEABILITY, WATER_SAT, FORMATION) VALUES ('WELL00000000009-BH2', 1300, 0.0694, 124.9027, 0.3369, 'Sanchore');
INSERT INTO welldata.PETROPHYSICS (UBHI, SAMPLE_DEPTH_M, POROSITY, PERMEABILITY, WATER_SAT, FORMATION) VALUES ('WELL00000000009-BH2', 1320, 0.119, 39.8122, 0.372, 'Rajahmundry');
INSERT INTO welldata.PETROPHYSICS (UBHI, SAMPLE_DEPTH_M, POROSITY, PERMEABILITY, WATER_SAT, FORMATION) VALUES ('WELL00000000009-BH2', 1340, 0.2742, 23.9105, 0.2875, 'Rajahmundry');
INSERT INTO welldata.PETROPHYSICS (UBHI, SAMPLE_DEPTH_M, POROSITY, PERMEABILITY, WATER_SAT, FORMATION) VALUES ('WELL00000000009-BH2', 1360, 0.1459, 216.9778, 0.6395, 'Bengal');
INSERT INTO welldata.PETROPHYSICS (UBHI, SAMPLE_DEPTH_M, POROSITY, PERMEABILITY, WATER_SAT, FORMATION) VALUES ('WELL00000000009-BH2', 1380, 0.126, 275.2612, 0.6869, 'Sanchore');
INSERT INTO welldata.PETROPHYSICS (UBHI, SAMPLE_DEPTH_M, POROSITY, PERMEABILITY, WATER_SAT, FORMATION) VALUES ('WELL00000000009-BH2', 1400, 0.0467, 436.4514, 0.2641, 'Bengal');
INSERT INTO welldata.PETROPHYSICS (UBHI, SAMPLE_DEPTH_M, POROSITY, PERMEABILITY, WATER_SAT, FORMATION) VALUES ('WELL00000000009-BH2', 1420, 0.1517, 237.2702, 0.6359, 'Bengal');
INSERT INTO welldata.PETROPHYSICS (UBHI, SAMPLE_DEPTH_M, POROSITY, PERMEABILITY, WATER_SAT, FORMATION) VALUES ('WELL00000000009-BH2', 1440, 0.1821, 357.6569, 0.6236, 'Barmer');
INSERT INTO welldata.PETROPHYSICS (UBHI, SAMPLE_DEPTH_M, POROSITY, PERMEABILITY, WATER_SAT, FORMATION) VALUES ('WELL00000000009-BH2', 1460, 0.1155, 246.0828, 0.5507, 'Rajahmundry');
INSERT INTO welldata.PETROPHYSICS (UBHI, SAMPLE_DEPTH_M, POROSITY, PERMEABILITY, WATER_SAT, FORMATION) VALUES ('WELL00000000009-BH2', 1480, 0.2393, 109.5436, 0.5663, 'Sanchore');
INSERT INTO welldata.PETROPHYSICS (UBHI, SAMPLE_DEPTH_M, POROSITY, PERMEABILITY, WATER_SAT, FORMATION) VALUES ('WELL00000000009-BH2', 1500, 0.2667, 343.3014, 0.5734, 'Bengal');
INSERT INTO welldata.PETROPHYSICS (UBHI, SAMPLE_DEPTH_M, POROSITY, PERMEABILITY, WATER_SAT, FORMATION) VALUES ('WELL00000000009-BH2', 1520, 0.2581, 272.5613, 0.7235, 'Sanchore');
INSERT INTO welldata.PETROPHYSICS (UBHI, SAMPLE_DEPTH_M, POROSITY, PERMEABILITY, WATER_SAT, FORMATION) VALUES ('WELL00000000009-BH2', 1540, 0.1681, 215.053, 0.292, 'Barmer');
INSERT INTO welldata.PETROPHYSICS (UBHI, SAMPLE_DEPTH_M, POROSITY, PERMEABILITY, WATER_SAT, FORMATION) VALUES ('WELL00000000009-BH2', 1560, 0.2696, 53.5057, 0.6628, 'Bengal');
INSERT INTO welldata.PETROPHYSICS (UBHI, SAMPLE_DEPTH_M, POROSITY, PERMEABILITY, WATER_SAT, FORMATION) VALUES ('WELL00000000009-BH2', 1580, 0.064, 328.6177, 0.6547, 'Barmer');
INSERT INTO welldata.PETROPHYSICS (UBHI, SAMPLE_DEPTH_M, POROSITY, PERMEABILITY, WATER_SAT, FORMATION) VALUES ('WELL00000000009-BH2', 1600, 0.0668, 11.3897, 0.5212, 'Rajahmundry');
INSERT INTO welldata.PETROPHYSICS (UBHI, SAMPLE_DEPTH_M, POROSITY, PERMEABILITY, WATER_SAT, FORMATION) VALUES ('WELL00000000009-BH2', 1620, 0.1122, 3.6987, 0.2492, 'Bengal');
INSERT INTO welldata.PETROPHYSICS (UBHI, SAMPLE_DEPTH_M, POROSITY, PERMEABILITY, WATER_SAT, FORMATION) VALUES ('WELL00000000009-BH2', 1640, 0.2423, 436.7254, 0.4027, 'Sanchore');
INSERT INTO welldata.PETROPHYSICS (UBHI, SAMPLE_DEPTH_M, POROSITY, PERMEABILITY, WATER_SAT, FORMATION) VALUES ('WELL00000000009-BH2', 1660, 0.159, 150.6232, 0.2108, 'Bengal');
INSERT INTO welldata.PETROPHYSICS (UBHI, SAMPLE_DEPTH_M, POROSITY, PERMEABILITY, WATER_SAT, FORMATION) VALUES ('WELL00000000009-BH2', 1680, 0.1226, 273.1468, 0.3405, 'Sanchore');
INSERT INTO welldata.PETROPHYSICS (UBHI, SAMPLE_DEPTH_M, POROSITY, PERMEABILITY, WATER_SAT, FORMATION) VALUES ('WELL00000000009-BH2', 1700, 0.0791, 83.7794, 0.5124, 'Bengal');
INSERT INTO welldata.PETROPHYSICS (UBHI, SAMPLE_DEPTH_M, POROSITY, PERMEABILITY, WATER_SAT, FORMATION) VALUES ('WELL00000000009-BH2', 1720, 0.1846, 101.8261, 0.6706, 'Bengal');
INSERT INTO welldata.PETROPHYSICS (UBHI, SAMPLE_DEPTH_M, POROSITY, PERMEABILITY, WATER_SAT, FORMATION) VALUES ('WELL00000000009-BH2', 1740, 0.2254, 237.9747, 0.7212, 'Sanchore');
INSERT INTO welldata.PETROPHYSICS (UBHI, SAMPLE_DEPTH_M, POROSITY, PERMEABILITY, WATER_SAT, FORMATION) VALUES ('WELL00000000009-BH2', 1760, 0.2746, 163.5025, 0.5214, 'Rajahmundry');
INSERT INTO welldata.PETROPHYSICS (UBHI, SAMPLE_DEPTH_M, POROSITY, PERMEABILITY, WATER_SAT, FORMATION) VALUES ('WELL00000000009-BH2', 1780, 0.1194, 64.8161, 0.3116, 'Bengal');
INSERT INTO welldata.PETROPHYSICS (UBHI, SAMPLE_DEPTH_M, POROSITY, PERMEABILITY, WATER_SAT, FORMATION) VALUES ('WELL00000000009-BH2', 1800, 0.1054, 46.509, 0.414, 'Sanchore');
INSERT INTO welldata.PETROPHYSICS (UBHI, SAMPLE_DEPTH_M, POROSITY, PERMEABILITY, WATER_SAT, FORMATION) VALUES ('WELL00000000009-BH2', 1820, 0.266, 271.2562, 0.6272, 'Rajahmundry');
INSERT INTO welldata.PETROPHYSICS (UBHI, SAMPLE_DEPTH_M, POROSITY, PERMEABILITY, WATER_SAT, FORMATION) VALUES ('WELL00000000009-BH2', 1840, 0.1205, 313.7036, 0.1876, 'Rajahmundry');
INSERT INTO welldata.PETROPHYSICS (UBHI, SAMPLE_DEPTH_M, POROSITY, PERMEABILITY, WATER_SAT, FORMATION) VALUES ('WELL00000000009-BH2', 1860, 0.1497, 266.8638, 0.328, 'Barmer');
INSERT INTO welldata.PETROPHYSICS (UBHI, SAMPLE_DEPTH_M, POROSITY, PERMEABILITY, WATER_SAT, FORMATION) VALUES ('WELL00000000009-BH2', 1880, 0.0714, 209.9296, 0.1988, 'Rajahmundry');
INSERT INTO welldata.PETROPHYSICS (UBHI, SAMPLE_DEPTH_M, POROSITY, PERMEABILITY, WATER_SAT, FORMATION) VALUES ('WELL00000000009-BH2', 1900, 0.2671, 142.8536, 0.2045, 'Rajahmundry');
INSERT INTO welldata.PETROPHYSICS (UBHI, SAMPLE_DEPTH_M, POROSITY, PERMEABILITY, WATER_SAT, FORMATION) VALUES ('WELL00000000009-BH2', 1920, 0.0911, 9.4825, 0.5654, 'Bengal');
INSERT INTO welldata.PETROPHYSICS (UBHI, SAMPLE_DEPTH_M, POROSITY, PERMEABILITY, WATER_SAT, FORMATION) VALUES ('WELL00000000009-BH2', 1940, 0.1292, 319.383, 0.3149, 'Rajahmundry');
INSERT INTO welldata.PETROPHYSICS (UBHI, SAMPLE_DEPTH_M, POROSITY, PERMEABILITY, WATER_SAT, FORMATION) VALUES ('WELL00000000009-BH2', 1960, 0.2389, 119.0389, 0.4954, 'Rajahmundry');
INSERT INTO welldata.PETROPHYSICS (UBHI, SAMPLE_DEPTH_M, POROSITY, PERMEABILITY, WATER_SAT, FORMATION) VALUES ('WELL00000000009-BH2', 1980, 0.2653, 258.1726, 0.2949, 'Sanchore');
INSERT INTO welldata.PETROPHYSICS (UBHI, SAMPLE_DEPTH_M, POROSITY, PERMEABILITY, WATER_SAT, FORMATION) VALUES ('WELL00000000009-BH2', 2000, 0.2601, 82.2134, 0.2488, 'Bengal');
INSERT INTO welldata.PETROPHYSICS (UBHI, SAMPLE_DEPTH_M, POROSITY, PERMEABILITY, WATER_SAT, FORMATION) VALUES ('WELL00000000009-BH2', 2020, 0.1912, 325.4725, 0.4601, 'Sanchore');
INSERT INTO welldata.PETROPHYSICS (UBHI, SAMPLE_DEPTH_M, POROSITY, PERMEABILITY, WATER_SAT, FORMATION) VALUES ('WELL00000000009-BH2', 2040, 0.2645, 175.3761, 0.4189, 'Sanchore');
INSERT INTO welldata.PETROPHYSICS (UBHI, SAMPLE_DEPTH_M, POROSITY, PERMEABILITY, WATER_SAT, FORMATION) VALUES ('WELL00000000009-BH2', 2060, 0.1584, 84.1999, 0.5537, 'Barmer');
INSERT INTO welldata.PETROPHYSICS (UBHI, SAMPLE_DEPTH_M, POROSITY, PERMEABILITY, WATER_SAT, FORMATION) VALUES ('WELL00000000009-BH2', 2080, 0.0457, 47.2668, 0.6468, 'Bengal');
INSERT INTO welldata.PETROPHYSICS (UBHI, SAMPLE_DEPTH_M, POROSITY, PERMEABILITY, WATER_SAT, FORMATION) VALUES ('WELL00000000009-BH2', 2100, 0.1924, 39.3514, 0.7355, 'Bengal');
INSERT INTO welldata.PETROPHYSICS (UBHI, SAMPLE_DEPTH_M, POROSITY, PERMEABILITY, WATER_SAT, FORMATION) VALUES ('WELL00000000009-BH2', 2120, 0.0948, 344.5591, 0.6292, 'Rajahmundry');
INSERT INTO welldata.PETROPHYSICS (UBHI, SAMPLE_DEPTH_M, POROSITY, PERMEABILITY, WATER_SAT, FORMATION) VALUES ('WELL00000000009-BH2', 2140, 0.1284, 346.5507, 0.2775, 'Bengal');
INSERT INTO welldata.PETROPHYSICS (UBHI, SAMPLE_DEPTH_M, POROSITY, PERMEABILITY, WATER_SAT, FORMATION) VALUES ('WELL00000000009-BH2', 2160, 0.1289, 344.0798, 0.257, 'Rajahmundry');
INSERT INTO welldata.PETROPHYSICS (UBHI, SAMPLE_DEPTH_M, POROSITY, PERMEABILITY, WATER_SAT, FORMATION) VALUES ('WELL00000000009-BH2', 2180, 0.2197, 410.6076, 0.3585, 'Barmer');
INSERT INTO welldata.PETROPHYSICS (UBHI, SAMPLE_DEPTH_M, POROSITY, PERMEABILITY, WATER_SAT, FORMATION) VALUES ('WELL00000000009-BH2', 2200, 0.0517, 310.3246, 0.666, 'Bengal');
INSERT INTO welldata.PETROPHYSICS (UBHI, SAMPLE_DEPTH_M, POROSITY, PERMEABILITY, WATER_SAT, FORMATION) VALUES ('WELL00000000009-BH2', 2220, 0.1877, 298.4292, 0.4958, 'Bengal');
INSERT INTO welldata.PETROPHYSICS (UBHI, SAMPLE_DEPTH_M, POROSITY, PERMEABILITY, WATER_SAT, FORMATION) VALUES ('WELL00000000009-BH2', 2240, 0.176, 201.2839, 0.474, 'Barmer');
INSERT INTO welldata.PETROPHYSICS (UBHI, SAMPLE_DEPTH_M, POROSITY, PERMEABILITY, WATER_SAT, FORMATION) VALUES ('WELL00000000009-BH2', 2260, 0.2137, 240.3878, 0.7221, 'Sanchore');
INSERT INTO welldata.PETROPHYSICS (UBHI, SAMPLE_DEPTH_M, POROSITY, PERMEABILITY, WATER_SAT, FORMATION) VALUES ('WELL00000000009-BH2', 2280, 0.1435, 334.8997, 0.5608, 'Rajahmundry');
INSERT INTO welldata.PETROPHYSICS (UBHI, SAMPLE_DEPTH_M, POROSITY, PERMEABILITY, WATER_SAT, FORMATION) VALUES ('WELL00000000009-BH2', 2300, 0.0959, 155.7739, 0.6544, 'Bengal');
INSERT INTO welldata.PETROPHYSICS (UBHI, SAMPLE_DEPTH_M, POROSITY, PERMEABILITY, WATER_SAT, FORMATION) VALUES ('WELL00000000009-BH2', 2320, 0.27, 317.1623, 0.7429, 'Bengal');
INSERT INTO welldata.PETROPHYSICS (UBHI, SAMPLE_DEPTH_M, POROSITY, PERMEABILITY, WATER_SAT, FORMATION) VALUES ('WELL00000000009-BH2', 2340, 0.2277, 12.0706, 0.4576, 'Bengal');
INSERT INTO welldata.PETROPHYSICS (UBHI, SAMPLE_DEPTH_M, POROSITY, PERMEABILITY, WATER_SAT, FORMATION) VALUES ('WELL00000000009-BH2', 2360, 0.2478, 328.4584, 0.5721, 'Barmer');
INSERT INTO welldata.PETROPHYSICS (UBHI, SAMPLE_DEPTH_M, POROSITY, PERMEABILITY, WATER_SAT, FORMATION) VALUES ('WELL00000000009-BH2', 2380, 0.1268, 419.6291, 0.6371, 'Bengal');
INSERT INTO welldata.PETROPHYSICS (UBHI, SAMPLE_DEPTH_M, POROSITY, PERMEABILITY, WATER_SAT, FORMATION) VALUES ('WELL00000000009-BH2', 2400, 0.0563, 125.2068, 0.5214, 'Barmer');
INSERT INTO welldata.PETROPHYSICS (UBHI, SAMPLE_DEPTH_M, POROSITY, PERMEABILITY, WATER_SAT, FORMATION) VALUES ('WELL00000000009-BH2', 2420, 0.2703, 396.8733, 0.5243, 'Barmer');
INSERT INTO welldata.PETROPHYSICS (UBHI, SAMPLE_DEPTH_M, POROSITY, PERMEABILITY, WATER_SAT, FORMATION) VALUES ('WELL00000000009-BH2', 2440, 0.046, 231.8603, 0.4772, 'Barmer');
INSERT INTO welldata.PETROPHYSICS (UBHI, SAMPLE_DEPTH_M, POROSITY, PERMEABILITY, WATER_SAT, FORMATION) VALUES ('WELL00000000009-BH2', 2460, 0.1959, 330.8319, 0.3002, 'Rajahmundry');
INSERT INTO welldata.PETROPHYSICS (UBHI, SAMPLE_DEPTH_M, POROSITY, PERMEABILITY, WATER_SAT, FORMATION) VALUES ('WELL00000000009-BH2', 2480, 0.0577, 28.0367, 0.3801, 'Rajahmundry');
INSERT INTO welldata.PETROPHYSICS (UBHI, SAMPLE_DEPTH_M, POROSITY, PERMEABILITY, WATER_SAT, FORMATION) VALUES ('WELL00000000009-BH2', 2500, 0.0737, 166.0289, 0.5654, 'Rajahmundry');
INSERT INTO welldata.PETROPHYSICS (UBHI, SAMPLE_DEPTH_M, POROSITY, PERMEABILITY, WATER_SAT, FORMATION) VALUES ('WELL00000000009-BH2', 2520, 0.1795, 384.5335, 0.285, 'Rajahmundry');
INSERT INTO welldata.PETROPHYSICS (UBHI, SAMPLE_DEPTH_M, POROSITY, PERMEABILITY, WATER_SAT, FORMATION) VALUES ('WELL00000000009-BH2', 2540, 0.1683, 189.9054, 0.4495, 'Sanchore');
INSERT INTO welldata.PETROPHYSICS (UBHI, SAMPLE_DEPTH_M, POROSITY, PERMEABILITY, WATER_SAT, FORMATION) VALUES ('WELL00000000009-BH2', 2560, 0.0989, 254.095, 0.229, 'Rajahmundry');
INSERT INTO welldata.PETROPHYSICS (UBHI, SAMPLE_DEPTH_M, POROSITY, PERMEABILITY, WATER_SAT, FORMATION) VALUES ('WELL00000000009-BH2', 2580, 0.2383, 393.7592, 0.3877, 'Sanchore');
INSERT INTO welldata.PETROPHYSICS (UBHI, SAMPLE_DEPTH_M, POROSITY, PERMEABILITY, WATER_SAT, FORMATION) VALUES ('WELL00000000009-BH2', 2600, 0.1574, 214.368, 0.4763, 'Sanchore');
INSERT INTO welldata.PETROPHYSICS (UBHI, SAMPLE_DEPTH_M, POROSITY, PERMEABILITY, WATER_SAT, FORMATION) VALUES ('WELL00000000009-BH2', 2620, 0.2047, 29.3538, 0.6876, 'Barmer');
INSERT INTO welldata.PETROPHYSICS (UBHI, SAMPLE_DEPTH_M, POROSITY, PERMEABILITY, WATER_SAT, FORMATION) VALUES ('WELL00000000009-BH2', 2640, 0.05, 409.8222, 0.6629, 'Bengal');
INSERT INTO welldata.PETROPHYSICS (UBHI, SAMPLE_DEPTH_M, POROSITY, PERMEABILITY, WATER_SAT, FORMATION) VALUES ('WELL00000000009-BH2', 2660, 0.2041, 206.9045, 0.5744, 'Sanchore');
INSERT INTO welldata.PETROPHYSICS (UBHI, SAMPLE_DEPTH_M, POROSITY, PERMEABILITY, WATER_SAT, FORMATION) VALUES ('WELL00000000009-BH2', 2680, 0.0873, 198.1059, 0.4998, 'Sanchore');
INSERT INTO welldata.PETROPHYSICS (UBHI, SAMPLE_DEPTH_M, POROSITY, PERMEABILITY, WATER_SAT, FORMATION) VALUES ('WELL00000000009-BH2', 2700, 0.213, 334.2146, 0.5789, 'Bengal');
INSERT INTO welldata.PETROPHYSICS (UBHI, SAMPLE_DEPTH_M, POROSITY, PERMEABILITY, WATER_SAT, FORMATION) VALUES ('WELL00000000009-BH2', 2720, 0.2476, 104.908, 0.3292, 'Barmer');
INSERT INTO welldata.PETROPHYSICS (UBHI, SAMPLE_DEPTH_M, POROSITY, PERMEABILITY, WATER_SAT, FORMATION) VALUES ('WELL00000000009-BH2', 2740, 0.2769, 85.3226, 0.6084, 'Sanchore');
INSERT INTO welldata.PETROPHYSICS (UBHI, SAMPLE_DEPTH_M, POROSITY, PERMEABILITY, WATER_SAT, FORMATION) VALUES ('WELL00000000009-BH2', 2760, 0.1067, 411.7492, 0.2005, 'Rajahmundry');
INSERT INTO welldata.PETROPHYSICS (UBHI, SAMPLE_DEPTH_M, POROSITY, PERMEABILITY, WATER_SAT, FORMATION) VALUES ('WELL00000000009-BH2', 2780, 0.2448, 120.6355, 0.4587, 'Rajahmundry');
INSERT INTO welldata.PETROPHYSICS (UBHI, SAMPLE_DEPTH_M, POROSITY, PERMEABILITY, WATER_SAT, FORMATION) VALUES ('WELL00000000009-BH2', 2800, 0.0893, 420.2051, 0.4609, 'Bengal');
INSERT INTO welldata.PETROPHYSICS (UBHI, SAMPLE_DEPTH_M, POROSITY, PERMEABILITY, WATER_SAT, FORMATION) VALUES ('WELL00000000009-BH2', 2820, 0.2778, 35.395, 0.4428, 'Bengal');
INSERT INTO welldata.PETROPHYSICS (UBHI, SAMPLE_DEPTH_M, POROSITY, PERMEABILITY, WATER_SAT, FORMATION) VALUES ('WELL00000000009-BH2', 2840, 0.1553, 175.7933, 0.2084, 'Barmer');
INSERT INTO welldata.PETROPHYSICS (UBHI, SAMPLE_DEPTH_M, POROSITY, PERMEABILITY, WATER_SAT, FORMATION) VALUES ('WELL00000000009-BH2', 2860, 0.2289, 209.4488, 0.5832, 'Bengal');
INSERT INTO welldata.PETROPHYSICS (UBHI, SAMPLE_DEPTH_M, POROSITY, PERMEABILITY, WATER_SAT, FORMATION) VALUES ('WELL00000000009-BH2', 2880, 0.0997, 179.6113, 0.4382, 'Barmer');
INSERT INTO welldata.PETROPHYSICS (UBHI, SAMPLE_DEPTH_M, POROSITY, PERMEABILITY, WATER_SAT, FORMATION) VALUES ('WELL00000000009-BH2', 2900, 0.2432, 1.7193, 0.2794, 'Sanchore');
INSERT INTO welldata.PETROPHYSICS (UBHI, SAMPLE_DEPTH_M, POROSITY, PERMEABILITY, WATER_SAT, FORMATION) VALUES ('WELL00000000009-BH2', 2920, 0.194, 61.5548, 0.466, 'Rajahmundry');
INSERT INTO welldata.PETROPHYSICS (UBHI, SAMPLE_DEPTH_M, POROSITY, PERMEABILITY, WATER_SAT, FORMATION) VALUES ('WELL00000000009-BH2', 2940, 0.2693, 330.8569, 0.2984, 'Bengal');
INSERT INTO welldata.PETROPHYSICS (UBHI, SAMPLE_DEPTH_M, POROSITY, PERMEABILITY, WATER_SAT, FORMATION) VALUES ('WELL00000000009-BH2', 2960, 0.1482, 359.5792, 0.1759, 'Sanchore');
INSERT INTO welldata.PETROPHYSICS (UBHI, SAMPLE_DEPTH_M, POROSITY, PERMEABILITY, WATER_SAT, FORMATION) VALUES ('WELL00000000009-BH2', 2980, 0.0406, 36.8613, 0.4032, 'Bengal');
INSERT INTO welldata.PETROPHYSICS (UBHI, SAMPLE_DEPTH_M, POROSITY, PERMEABILITY, WATER_SAT, FORMATION) VALUES ('WELL00000000009-BH2', 3000, 0.0407, 268.1218, 0.6478, 'Bengal');
INSERT INTO welldata.PRODUCTION (UWI, PROD_DATE, OIL_BBL, GAS_MCF, WATER_BBL, HOURS_ON) VALUES ('WELL00000000009', TO_DATE('2015-01-01','YYYY-MM-DD'), 2544.39, 9204.53, 218.17, 508.75);
INSERT INTO welldata.PRODUCTION (UWI, PROD_DATE, OIL_BBL, GAS_MCF, WATER_BBL, HOURS_ON) VALUES ('WELL00000000009', TO_DATE('2015-02-01','YYYY-MM-DD'), 1412.38, 14538.71, 928.19, 351.19);
INSERT INTO welldata.PRODUCTION (UWI, PROD_DATE, OIL_BBL, GAS_MCF, WATER_BBL, HOURS_ON) VALUES ('WELL00000000009', TO_DATE('2015-03-01','YYYY-MM-DD'), 2557.79, 9353.16, 1458.49, 659.84);
INSERT INTO welldata.PRODUCTION (UWI, PROD_DATE, OIL_BBL, GAS_MCF, WATER_BBL, HOURS_ON) VALUES ('WELL00000000009', TO_DATE('2015-04-01','YYYY-MM-DD'), 2786.71, 1222.11, 1298.45, 641.89);
INSERT INTO welldata.PRODUCTION (UWI, PROD_DATE, OIL_BBL, GAS_MCF, WATER_BBL, HOURS_ON) VALUES ('WELL00000000009', TO_DATE('2015-05-01','YYYY-MM-DD'), 238.82, 13965.5, 604.09, 220.11);
INSERT INTO welldata.PRODUCTION (UWI, PROD_DATE, OIL_BBL, GAS_MCF, WATER_BBL, HOURS_ON) VALUES ('WELL00000000009', TO_DATE('2015-06-01','YYYY-MM-DD'), 2569.09, 5358.25, 524.53, 178.77);
INSERT INTO welldata.PRODUCTION (UWI, PROD_DATE, OIL_BBL, GAS_MCF, WATER_BBL, HOURS_ON) VALUES ('WELL00000000009', TO_DATE('2015-07-01','YYYY-MM-DD'), 631.93, 11272.2, 845.36, 273.86);
INSERT INTO welldata.PRODUCTION (UWI, PROD_DATE, OIL_BBL, GAS_MCF, WATER_BBL, HOURS_ON) VALUES ('WELL00000000009', TO_DATE('2015-08-01','YYYY-MM-DD'), 2458.0, 3195.74, 26.23, 373.04);
INSERT INTO welldata.PRODUCTION (UWI, PROD_DATE, OIL_BBL, GAS_MCF, WATER_BBL, HOURS_ON) VALUES ('WELL00000000009', TO_DATE('2015-09-01','YYYY-MM-DD'), 1071.88, 14156.02, 672.21, 247.47);
INSERT INTO welldata.PRODUCTION (UWI, PROD_DATE, OIL_BBL, GAS_MCF, WATER_BBL, HOURS_ON) VALUES ('WELL00000000009', TO_DATE('2015-10-01','YYYY-MM-DD'), 2099.36, 8671.88, 953.33, 315.93);
INSERT INTO welldata.PRODUCTION (UWI, PROD_DATE, OIL_BBL, GAS_MCF, WATER_BBL, HOURS_ON) VALUES ('WELL00000000009', TO_DATE('2015-11-01','YYYY-MM-DD'), 2473.86, 9391.58, 278.87, 201.81);
INSERT INTO welldata.PRODUCTION (UWI, PROD_DATE, OIL_BBL, GAS_MCF, WATER_BBL, HOURS_ON) VALUES ('WELL00000000009', TO_DATE('2015-12-01','YYYY-MM-DD'), 2805.48, 13417.53, 881.46, 603.63);
INSERT INTO welldata.PRODUCTION (UWI, PROD_DATE, OIL_BBL, GAS_MCF, WATER_BBL, HOURS_ON) VALUES ('WELL00000000009', TO_DATE('2016-01-01','YYYY-MM-DD'), 2755.74, 5959.18, 55.89, 419.52);
INSERT INTO welldata.PRODUCTION (UWI, PROD_DATE, OIL_BBL, GAS_MCF, WATER_BBL, HOURS_ON) VALUES ('WELL00000000009', TO_DATE('2016-02-01','YYYY-MM-DD'), 1284.98, 11366.1, 1026.6, 287.38);
INSERT INTO welldata.PRODUCTION (UWI, PROD_DATE, OIL_BBL, GAS_MCF, WATER_BBL, HOURS_ON) VALUES ('WELL00000000009', TO_DATE('2016-03-01','YYYY-MM-DD'), 969.3, 8156.51, 213.72, 707.63);
INSERT INTO welldata.PRODUCTION (UWI, PROD_DATE, OIL_BBL, GAS_MCF, WATER_BBL, HOURS_ON) VALUES ('WELL00000000009', TO_DATE('2016-04-01','YYYY-MM-DD'), 1080.09, 11201.37, 1033.34, 409.34);
INSERT INTO welldata.PRODUCTION (UWI, PROD_DATE, OIL_BBL, GAS_MCF, WATER_BBL, HOURS_ON) VALUES ('WELL00000000009', TO_DATE('2016-05-01','YYYY-MM-DD'), 499.31, 14936.09, 433.48, 465.75);
INSERT INTO welldata.PRODUCTION (UWI, PROD_DATE, OIL_BBL, GAS_MCF, WATER_BBL, HOURS_ON) VALUES ('WELL00000000009', TO_DATE('2016-06-01','YYYY-MM-DD'), 2962.57, 494.04, 619.83, 124.74);
INSERT INTO welldata.PRODUCTION (UWI, PROD_DATE, OIL_BBL, GAS_MCF, WATER_BBL, HOURS_ON) VALUES ('WELL00000000009', TO_DATE('2016-07-01','YYYY-MM-DD'), 929.99, 12429.12, 447.01, 175.54);
INSERT INTO welldata.PRODUCTION (UWI, PROD_DATE, OIL_BBL, GAS_MCF, WATER_BBL, HOURS_ON) VALUES ('WELL00000000009', TO_DATE('2016-08-01','YYYY-MM-DD'), 750.31, 14665.05, 70.41, 197.73);
INSERT INTO welldata.PRODUCTION (UWI, PROD_DATE, OIL_BBL, GAS_MCF, WATER_BBL, HOURS_ON) VALUES ('WELL00000000009', TO_DATE('2016-09-01','YYYY-MM-DD'), 2136.92, 12218.49, 330.53, 415.43);
INSERT INTO welldata.PRODUCTION (UWI, PROD_DATE, OIL_BBL, GAS_MCF, WATER_BBL, HOURS_ON) VALUES ('WELL00000000009', TO_DATE('2016-10-01','YYYY-MM-DD'), 2654.56, 8568.2, 1338.05, 672.95);
INSERT INTO welldata.PRODUCTION (UWI, PROD_DATE, OIL_BBL, GAS_MCF, WATER_BBL, HOURS_ON) VALUES ('WELL00000000009', TO_DATE('2016-11-01','YYYY-MM-DD'), 2375.7, 9211.41, 918.59, 575.83);
INSERT INTO welldata.PRODUCTION (UWI, PROD_DATE, OIL_BBL, GAS_MCF, WATER_BBL, HOURS_ON) VALUES ('WELL00000000009', TO_DATE('2016-12-01','YYYY-MM-DD'), 2533.53, 1435.6, 46.27, 666.49);
INSERT INTO welldata.PRODUCTION (UWI, PROD_DATE, OIL_BBL, GAS_MCF, WATER_BBL, HOURS_ON) VALUES ('WELL00000000009', TO_DATE('2017-01-01','YYYY-MM-DD'), 2140.78, 4722.77, 175.13, 467.73);
INSERT INTO welldata.PRODUCTION (UWI, PROD_DATE, OIL_BBL, GAS_MCF, WATER_BBL, HOURS_ON) VALUES ('WELL00000000009', TO_DATE('2017-02-01','YYYY-MM-DD'), 1867.97, 11451.74, 257.05, 507.38);
INSERT INTO welldata.PRODUCTION (UWI, PROD_DATE, OIL_BBL, GAS_MCF, WATER_BBL, HOURS_ON) VALUES ('WELL00000000009', TO_DATE('2017-03-01','YYYY-MM-DD'), 1154.37, 8818.76, 1145.84, 310.67);
INSERT INTO welldata.PRODUCTION (UWI, PROD_DATE, OIL_BBL, GAS_MCF, WATER_BBL, HOURS_ON) VALUES ('WELL00000000009', TO_DATE('2017-04-01','YYYY-MM-DD'), 2873.76, 2627.12, 809.37, 207.7);
INSERT INTO welldata.PRODUCTION (UWI, PROD_DATE, OIL_BBL, GAS_MCF, WATER_BBL, HOURS_ON) VALUES ('WELL00000000009', TO_DATE('2017-05-01','YYYY-MM-DD'), 1048.77, 10067.5, 1011.34, 515.55);
INSERT INTO welldata.PRODUCTION (UWI, PROD_DATE, OIL_BBL, GAS_MCF, WATER_BBL, HOURS_ON) VALUES ('WELL00000000009', TO_DATE('2017-06-01','YYYY-MM-DD'), 1320.06, 6169.54, 598.09, 420.33);
INSERT INTO welldata.PRODUCTION (UWI, PROD_DATE, OIL_BBL, GAS_MCF, WATER_BBL, HOURS_ON) VALUES ('WELL00000000009', TO_DATE('2017-07-01','YYYY-MM-DD'), 2351.11, 6854.31, 386.56, 507.31);
INSERT INTO welldata.PRODUCTION (UWI, PROD_DATE, OIL_BBL, GAS_MCF, WATER_BBL, HOURS_ON) VALUES ('WELL00000000009', TO_DATE('2017-08-01','YYYY-MM-DD'), 462.78, 4731.17, 582.67, 497.92);
INSERT INTO welldata.PRODUCTION (UWI, PROD_DATE, OIL_BBL, GAS_MCF, WATER_BBL, HOURS_ON) VALUES ('WELL00000000009', TO_DATE('2017-09-01','YYYY-MM-DD'), 272.63, 3573.03, 1107.28, 190.33);
INSERT INTO welldata.PRODUCTION (UWI, PROD_DATE, OIL_BBL, GAS_MCF, WATER_BBL, HOURS_ON) VALUES ('WELL00000000009', TO_DATE('2017-10-01','YYYY-MM-DD'), 2632.39, 12348.51, 990.1, 556.54);
INSERT INTO welldata.PRODUCTION (UWI, PROD_DATE, OIL_BBL, GAS_MCF, WATER_BBL, HOURS_ON) VALUES ('WELL00000000009', TO_DATE('2017-11-01','YYYY-MM-DD'), 1685.47, 13535.17, 738.32, 272.55);
INSERT INTO welldata.PRODUCTION (UWI, PROD_DATE, OIL_BBL, GAS_MCF, WATER_BBL, HOURS_ON) VALUES ('WELL00000000009', TO_DATE('2017-12-01','YYYY-MM-DD'), 2132.27, 9648.43, 237.36, 530.11);
INSERT INTO welldata.PRODUCTION (UWI, PROD_DATE, OIL_BBL, GAS_MCF, WATER_BBL, HOURS_ON) VALUES ('WELL00000000009', TO_DATE('2018-01-01','YYYY-MM-DD'), 1400.4, 12162.22, 1480.86, 207.1);
INSERT INTO welldata.PRODUCTION (UWI, PROD_DATE, OIL_BBL, GAS_MCF, WATER_BBL, HOURS_ON) VALUES ('WELL00000000009', TO_DATE('2018-02-01','YYYY-MM-DD'), 1909.15, 1708.14, 678.63, 183.12);
INSERT INTO welldata.PRODUCTION (UWI, PROD_DATE, OIL_BBL, GAS_MCF, WATER_BBL, HOURS_ON) VALUES ('WELL00000000009', TO_DATE('2018-03-01','YYYY-MM-DD'), 2641.74, 12896.2, 1082.76, 705.01);
INSERT INTO welldata.PRODUCTION (UWI, PROD_DATE, OIL_BBL, GAS_MCF, WATER_BBL, HOURS_ON) VALUES ('WELL00000000009', TO_DATE('2018-04-01','YYYY-MM-DD'), 1718.32, 11429.3, 160.73, 717.17);
INSERT INTO welldata.PRODUCTION (UWI, PROD_DATE, OIL_BBL, GAS_MCF, WATER_BBL, HOURS_ON) VALUES ('WELL00000000009', TO_DATE('2018-05-01','YYYY-MM-DD'), 2537.34, 2243.9, 1158.26, 691.86);
INSERT INTO welldata.PRODUCTION (UWI, PROD_DATE, OIL_BBL, GAS_MCF, WATER_BBL, HOURS_ON) VALUES ('WELL00000000009', TO_DATE('2018-06-01','YYYY-MM-DD'), 1982.78, 2004.97, 692.42, 451.65);
INSERT INTO welldata.PRODUCTION (UWI, PROD_DATE, OIL_BBL, GAS_MCF, WATER_BBL, HOURS_ON) VALUES ('WELL00000000009', TO_DATE('2018-07-01','YYYY-MM-DD'), 1643.71, 8387.72, 837.56, 510.28);
INSERT INTO welldata.PRODUCTION (UWI, PROD_DATE, OIL_BBL, GAS_MCF, WATER_BBL, HOURS_ON) VALUES ('WELL00000000009', TO_DATE('2018-08-01','YYYY-MM-DD'), 1316.29, 12291.78, 1140.58, 380.43);
INSERT INTO welldata.PRODUCTION (UWI, PROD_DATE, OIL_BBL, GAS_MCF, WATER_BBL, HOURS_ON) VALUES ('WELL00000000009', TO_DATE('2018-09-01','YYYY-MM-DD'), 292.93, 7094.54, 1290.4, 596.1);
INSERT INTO welldata.PRODUCTION (UWI, PROD_DATE, OIL_BBL, GAS_MCF, WATER_BBL, HOURS_ON) VALUES ('WELL00000000009', TO_DATE('2018-10-01','YYYY-MM-DD'), 2373.41, 3511.74, 227.05, 133.73);
INSERT INTO welldata.PRODUCTION (UWI, PROD_DATE, OIL_BBL, GAS_MCF, WATER_BBL, HOURS_ON) VALUES ('WELL00000000009', TO_DATE('2018-11-01','YYYY-MM-DD'), 1967.41, 6253.92, 187.88, 632.34);
INSERT INTO welldata.PRODUCTION (UWI, PROD_DATE, OIL_BBL, GAS_MCF, WATER_BBL, HOURS_ON) VALUES ('WELL00000000009', TO_DATE('2018-12-01','YYYY-MM-DD'), 1098.67, 11903.11, 213.29, 657.63);
INSERT INTO welldata.PRODUCTION (UWI, PROD_DATE, OIL_BBL, GAS_MCF, WATER_BBL, HOURS_ON) VALUES ('WELL00000000009', TO_DATE('2019-01-01','YYYY-MM-DD'), 2032.56, 10816.09, 826.01, 460.64);
INSERT INTO welldata.PRODUCTION (UWI, PROD_DATE, OIL_BBL, GAS_MCF, WATER_BBL, HOURS_ON) VALUES ('WELL00000000009', TO_DATE('2019-02-01','YYYY-MM-DD'), 801.24, 1026.69, 815.59, 255.82);
INSERT INTO welldata.PRODUCTION (UWI, PROD_DATE, OIL_BBL, GAS_MCF, WATER_BBL, HOURS_ON) VALUES ('WELL00000000009', TO_DATE('2019-03-01','YYYY-MM-DD'), 1818.66, 7696.54, 1436.06, 453.56);
INSERT INTO welldata.PRODUCTION (UWI, PROD_DATE, OIL_BBL, GAS_MCF, WATER_BBL, HOURS_ON) VALUES ('WELL00000000009', TO_DATE('2019-04-01','YYYY-MM-DD'), 2841.63, 11473.3, 1330.6, 436.85);
INSERT INTO welldata.PRODUCTION (UWI, PROD_DATE, OIL_BBL, GAS_MCF, WATER_BBL, HOURS_ON) VALUES ('WELL00000000009', TO_DATE('2019-05-01','YYYY-MM-DD'), 1875.95, 4110.6, 905.54, 198.14);
INSERT INTO welldata.PRODUCTION (UWI, PROD_DATE, OIL_BBL, GAS_MCF, WATER_BBL, HOURS_ON) VALUES ('WELL00000000009', TO_DATE('2019-06-01','YYYY-MM-DD'), 617.36, 11214.45, 932.1, 544.65);
INSERT INTO welldata.PRODUCTION (UWI, PROD_DATE, OIL_BBL, GAS_MCF, WATER_BBL, HOURS_ON) VALUES ('WELL00000000009', TO_DATE('2019-07-01','YYYY-MM-DD'), 1886.9, 7683.12, 418.82, 151.65);
INSERT INTO welldata.PRODUCTION (UWI, PROD_DATE, OIL_BBL, GAS_MCF, WATER_BBL, HOURS_ON) VALUES ('WELL00000000009', TO_DATE('2019-08-01','YYYY-MM-DD'), 2987.53, 5689.68, 1434.78, 713.24);
INSERT INTO welldata.PRODUCTION (UWI, PROD_DATE, OIL_BBL, GAS_MCF, WATER_BBL, HOURS_ON) VALUES ('WELL00000000009', TO_DATE('2019-09-01','YYYY-MM-DD'), 2589.79, 7606.29, 964.95, 444.84);
INSERT INTO welldata.PRODUCTION (UWI, PROD_DATE, OIL_BBL, GAS_MCF, WATER_BBL, HOURS_ON) VALUES ('WELL00000000009', TO_DATE('2019-10-01','YYYY-MM-DD'), 2866.83, 8186.15, 841.38, 495.67);
INSERT INTO welldata.PRODUCTION (UWI, PROD_DATE, OIL_BBL, GAS_MCF, WATER_BBL, HOURS_ON) VALUES ('WELL00000000009', TO_DATE('2019-11-01','YYYY-MM-DD'), 459.29, 10257.44, 953.15, 155.23);
INSERT INTO welldata.PRODUCTION (UWI, PROD_DATE, OIL_BBL, GAS_MCF, WATER_BBL, HOURS_ON) VALUES ('WELL00000000009', TO_DATE('2019-12-01','YYYY-MM-DD'), 1523.18, 12375.43, 382.05, 688.02);
INSERT INTO welldata.PRODUCTION (UWI, PROD_DATE, OIL_BBL, GAS_MCF, WATER_BBL, HOURS_ON) VALUES ('WELL00000000009', TO_DATE('2020-01-01','YYYY-MM-DD'), 2593.86, 9587.42, 777.04, 449.07);
INSERT INTO welldata.PRODUCTION (UWI, PROD_DATE, OIL_BBL, GAS_MCF, WATER_BBL, HOURS_ON) VALUES ('WELL00000000009', TO_DATE('2020-02-01','YYYY-MM-DD'), 2467.71, 13087.35, 958.86, 420.86);
INSERT INTO welldata.PRODUCTION (UWI, PROD_DATE, OIL_BBL, GAS_MCF, WATER_BBL, HOURS_ON) VALUES ('WELL00000000009', TO_DATE('2020-03-01','YYYY-MM-DD'), 2627.1, 6965.85, 1057.48, 394.41);
INSERT INTO welldata.PRODUCTION (UWI, PROD_DATE, OIL_BBL, GAS_MCF, WATER_BBL, HOURS_ON) VALUES ('WELL00000000009', TO_DATE('2020-04-01','YYYY-MM-DD'), 1933.17, 9190.38, 1462.17, 683.75);
INSERT INTO welldata.PRODUCTION (UWI, PROD_DATE, OIL_BBL, GAS_MCF, WATER_BBL, HOURS_ON) VALUES ('WELL00000000009', TO_DATE('2020-05-01','YYYY-MM-DD'), 1217.56, 9737.97, 1077.57, 280.5);
INSERT INTO welldata.PRODUCTION (UWI, PROD_DATE, OIL_BBL, GAS_MCF, WATER_BBL, HOURS_ON) VALUES ('WELL00000000009', TO_DATE('2020-06-01','YYYY-MM-DD'), 653.87, 4448.86, 1024.68, 484.17);
INSERT INTO welldata.PRODUCTION (UWI, PROD_DATE, OIL_BBL, GAS_MCF, WATER_BBL, HOURS_ON) VALUES ('WELL00000000009', TO_DATE('2020-07-01','YYYY-MM-DD'), 1855.43, 11197.16, 677.06, 717.63);
INSERT INTO welldata.PRODUCTION (UWI, PROD_DATE, OIL_BBL, GAS_MCF, WATER_BBL, HOURS_ON) VALUES ('WELL00000000009', TO_DATE('2020-08-01','YYYY-MM-DD'), 1308.74, 10049.6, 594.7, 393.22);
INSERT INTO welldata.PRODUCTION (UWI, PROD_DATE, OIL_BBL, GAS_MCF, WATER_BBL, HOURS_ON) VALUES ('WELL00000000009', TO_DATE('2020-09-01','YYYY-MM-DD'), 282.26, 8103.83, 125.18, 646.13);
INSERT INTO welldata.PRODUCTION (UWI, PROD_DATE, OIL_BBL, GAS_MCF, WATER_BBL, HOURS_ON) VALUES ('WELL00000000009', TO_DATE('2020-10-01','YYYY-MM-DD'), 1340.27, 14752.26, 547.9, 454.7);
INSERT INTO welldata.PRODUCTION (UWI, PROD_DATE, OIL_BBL, GAS_MCF, WATER_BBL, HOURS_ON) VALUES ('WELL00000000009', TO_DATE('2020-11-01','YYYY-MM-DD'), 1238.52, 11046.35, 983.08, 217.02);
INSERT INTO welldata.PRODUCTION (UWI, PROD_DATE, OIL_BBL, GAS_MCF, WATER_BBL, HOURS_ON) VALUES ('WELL00000000009', TO_DATE('2020-12-01','YYYY-MM-DD'), 654.04, 4503.07, 530.9, 248.52);
INSERT INTO welldata.PRODUCTION (UWI, PROD_DATE, OIL_BBL, GAS_MCF, WATER_BBL, HOURS_ON) VALUES ('WELL00000000009', TO_DATE('2021-01-01','YYYY-MM-DD'), 2253.33, 6333.68, 1358.51, 162.43);
INSERT INTO welldata.PRODUCTION (UWI, PROD_DATE, OIL_BBL, GAS_MCF, WATER_BBL, HOURS_ON) VALUES ('WELL00000000009', TO_DATE('2021-02-01','YYYY-MM-DD'), 2210.23, 13725.11, 272.48, 449.92);
INSERT INTO welldata.PRODUCTION (UWI, PROD_DATE, OIL_BBL, GAS_MCF, WATER_BBL, HOURS_ON) VALUES ('WELL00000000009', TO_DATE('2021-03-01','YYYY-MM-DD'), 2556.41, 1698.73, 1312.61, 392.67);
INSERT INTO welldata.PRODUCTION (UWI, PROD_DATE, OIL_BBL, GAS_MCF, WATER_BBL, HOURS_ON) VALUES ('WELL00000000009', TO_DATE('2021-04-01','YYYY-MM-DD'), 2664.34, 8941.5, 1291.67, 423.09);
INSERT INTO welldata.PRODUCTION (UWI, PROD_DATE, OIL_BBL, GAS_MCF, WATER_BBL, HOURS_ON) VALUES ('WELL00000000009', TO_DATE('2021-05-01','YYYY-MM-DD'), 478.07, 3775.77, 78.82, 607.29);
INSERT INTO welldata.PRODUCTION (UWI, PROD_DATE, OIL_BBL, GAS_MCF, WATER_BBL, HOURS_ON) VALUES ('WELL00000000009', TO_DATE('2021-06-01','YYYY-MM-DD'), 1979.41, 11741.98, 953.71, 426.73);
INSERT INTO welldata.PRODUCTION (UWI, PROD_DATE, OIL_BBL, GAS_MCF, WATER_BBL, HOURS_ON) VALUES ('WELL00000000009', TO_DATE('2021-07-01','YYYY-MM-DD'), 2518.32, 2168.46, 1283.88, 201.04);
INSERT INTO welldata.PRODUCTION (UWI, PROD_DATE, OIL_BBL, GAS_MCF, WATER_BBL, HOURS_ON) VALUES ('WELL00000000009', TO_DATE('2021-08-01','YYYY-MM-DD'), 2657.42, 212.45, 165.86, 506.27);
INSERT INTO welldata.PRODUCTION (UWI, PROD_DATE, OIL_BBL, GAS_MCF, WATER_BBL, HOURS_ON) VALUES ('WELL00000000009', TO_DATE('2021-09-01','YYYY-MM-DD'), 1901.4, 12306.74, 439.58, 291.76);
INSERT INTO welldata.PRODUCTION (UWI, PROD_DATE, OIL_BBL, GAS_MCF, WATER_BBL, HOURS_ON) VALUES ('WELL00000000009', TO_DATE('2021-10-01','YYYY-MM-DD'), 1920.14, 10504.0, 136.88, 283.32);
INSERT INTO welldata.PRODUCTION (UWI, PROD_DATE, OIL_BBL, GAS_MCF, WATER_BBL, HOURS_ON) VALUES ('WELL00000000009', TO_DATE('2021-11-01','YYYY-MM-DD'), 2920.55, 3355.19, 1212.8, 189.36);
INSERT INTO welldata.PRODUCTION (UWI, PROD_DATE, OIL_BBL, GAS_MCF, WATER_BBL, HOURS_ON) VALUES ('WELL00000000009', TO_DATE('2021-12-01','YYYY-MM-DD'), 1470.46, 12356.37, 559.51, 252.53);
INSERT INTO welldata.PRODUCTION (UWI, PROD_DATE, OIL_BBL, GAS_MCF, WATER_BBL, HOURS_ON) VALUES ('WELL00000000009', TO_DATE('2022-01-01','YYYY-MM-DD'), 2217.63, 10964.72, 240.7, 481.09);
INSERT INTO welldata.PRODUCTION (UWI, PROD_DATE, OIL_BBL, GAS_MCF, WATER_BBL, HOURS_ON) VALUES ('WELL00000000009', TO_DATE('2022-02-01','YYYY-MM-DD'), 1371.53, 978.96, 1125.77, 511.81);
INSERT INTO welldata.PRODUCTION (UWI, PROD_DATE, OIL_BBL, GAS_MCF, WATER_BBL, HOURS_ON) VALUES ('WELL00000000009', TO_DATE('2022-03-01','YYYY-MM-DD'), 2439.41, 10662.51, 473.55, 530.06);
INSERT INTO welldata.PRODUCTION (UWI, PROD_DATE, OIL_BBL, GAS_MCF, WATER_BBL, HOURS_ON) VALUES ('WELL00000000009', TO_DATE('2022-04-01','YYYY-MM-DD'), 522.63, 11204.79, 1494.53, 681.97);
INSERT INTO welldata.PRODUCTION (UWI, PROD_DATE, OIL_BBL, GAS_MCF, WATER_BBL, HOURS_ON) VALUES ('WELL00000000009', TO_DATE('2022-05-01','YYYY-MM-DD'), 74.07, 14946.71, 1462.48, 194.62);
INSERT INTO welldata.PRODUCTION (UWI, PROD_DATE, OIL_BBL, GAS_MCF, WATER_BBL, HOURS_ON) VALUES ('WELL00000000009', TO_DATE('2022-06-01','YYYY-MM-DD'), 569.83, 13505.25, 274.66, 615.53);
INSERT INTO welldata.PRODUCTION (UWI, PROD_DATE, OIL_BBL, GAS_MCF, WATER_BBL, HOURS_ON) VALUES ('WELL00000000009', TO_DATE('2022-07-01','YYYY-MM-DD'), 1326.94, 13653.57, 794.12, 694.65);
INSERT INTO welldata.PRODUCTION (UWI, PROD_DATE, OIL_BBL, GAS_MCF, WATER_BBL, HOURS_ON) VALUES ('WELL00000000009', TO_DATE('2022-08-01','YYYY-MM-DD'), 2013.15, 8941.43, 211.54, 614.38);
INSERT INTO welldata.PRODUCTION (UWI, PROD_DATE, OIL_BBL, GAS_MCF, WATER_BBL, HOURS_ON) VALUES ('WELL00000000009', TO_DATE('2022-09-01','YYYY-MM-DD'), 2081.38, 672.06, 324.76, 620.61);
INSERT INTO welldata.PRODUCTION (UWI, PROD_DATE, OIL_BBL, GAS_MCF, WATER_BBL, HOURS_ON) VALUES ('WELL00000000009', TO_DATE('2022-10-01','YYYY-MM-DD'), 577.04, 9643.07, 294.5, 235.86);
INSERT INTO welldata.PRODUCTION (UWI, PROD_DATE, OIL_BBL, GAS_MCF, WATER_BBL, HOURS_ON) VALUES ('WELL00000000009', TO_DATE('2022-11-01','YYYY-MM-DD'), 53.24, 11072.45, 589.24, 494.75);
INSERT INTO welldata.PRODUCTION (UWI, PROD_DATE, OIL_BBL, GAS_MCF, WATER_BBL, HOURS_ON) VALUES ('WELL00000000009', TO_DATE('2022-12-01','YYYY-MM-DD'), 826.72, 2125.13, 1282.07, 193.37);
INSERT INTO welldata.PRODUCTION (UWI, PROD_DATE, OIL_BBL, GAS_MCF, WATER_BBL, HOURS_ON) VALUES ('WELL00000000009', TO_DATE('2023-01-01','YYYY-MM-DD'), 1336.89, 4387.92, 1067.22, 164.52);
INSERT INTO welldata.PRODUCTION (UWI, PROD_DATE, OIL_BBL, GAS_MCF, WATER_BBL, HOURS_ON) VALUES ('WELL00000000009', TO_DATE('2023-02-01','YYYY-MM-DD'), 880.02, 14917.14, 30.01, 330.64);
INSERT INTO welldata.PRODUCTION (UWI, PROD_DATE, OIL_BBL, GAS_MCF, WATER_BBL, HOURS_ON) VALUES ('WELL00000000009', TO_DATE('2023-03-01','YYYY-MM-DD'), 2289.49, 2892.28, 1265.75, 289.59);
INSERT INTO welldata.PRODUCTION (UWI, PROD_DATE, OIL_BBL, GAS_MCF, WATER_BBL, HOURS_ON) VALUES ('WELL00000000009', TO_DATE('2023-04-01','YYYY-MM-DD'), 773.02, 14231.83, 239.6, 194.93);
INSERT INTO welldata.PRODUCTION (UWI, PROD_DATE, OIL_BBL, GAS_MCF, WATER_BBL, HOURS_ON) VALUES ('WELL00000000009', TO_DATE('2023-05-01','YYYY-MM-DD'), 1197.89, 5551.24, 963.72, 381.64);
INSERT INTO welldata.PRODUCTION (UWI, PROD_DATE, OIL_BBL, GAS_MCF, WATER_BBL, HOURS_ON) VALUES ('WELL00000000009', TO_DATE('2023-06-01','YYYY-MM-DD'), 2927.36, 13471.5, 1034.66, 136.88);
INSERT INTO welldata.PRODUCTION (UWI, PROD_DATE, OIL_BBL, GAS_MCF, WATER_BBL, HOURS_ON) VALUES ('WELL00000000009', TO_DATE('2023-07-01','YYYY-MM-DD'), 2335.81, 5226.07, 812.24, 246.37);
INSERT INTO welldata.PRODUCTION (UWI, PROD_DATE, OIL_BBL, GAS_MCF, WATER_BBL, HOURS_ON) VALUES ('WELL00000000009', TO_DATE('2023-08-01','YYYY-MM-DD'), 472.25, 13841.34, 884.69, 656.12);
INSERT INTO welldata.PRODUCTION (UWI, PROD_DATE, OIL_BBL, GAS_MCF, WATER_BBL, HOURS_ON) VALUES ('WELL00000000009', TO_DATE('2023-09-01','YYYY-MM-DD'), 2975.26, 9773.49, 1122.37, 694.66);
INSERT INTO welldata.PRODUCTION (UWI, PROD_DATE, OIL_BBL, GAS_MCF, WATER_BBL, HOURS_ON) VALUES ('WELL00000000009', TO_DATE('2023-10-01','YYYY-MM-DD'), 584.09, 5807.32, 524.43, 376.71);
INSERT INTO welldata.PRODUCTION (UWI, PROD_DATE, OIL_BBL, GAS_MCF, WATER_BBL, HOURS_ON) VALUES ('WELL00000000009', TO_DATE('2023-11-01','YYYY-MM-DD'), 938.61, 2409.96, 1177.32, 549.33);
INSERT INTO welldata.PRODUCTION (UWI, PROD_DATE, OIL_BBL, GAS_MCF, WATER_BBL, HOURS_ON) VALUES ('WELL00000000009', TO_DATE('2023-12-01','YYYY-MM-DD'), 826.08, 8943.63, 772.56, 328.85);
INSERT INTO welldata.PRODUCTION (UWI, PROD_DATE, OIL_BBL, GAS_MCF, WATER_BBL, HOURS_ON) VALUES ('WELL00000000009', TO_DATE('2024-01-01','YYYY-MM-DD'), 1324.65, 11353.53, 1334.16, 223.35);
INSERT INTO welldata.PRODUCTION (UWI, PROD_DATE, OIL_BBL, GAS_MCF, WATER_BBL, HOURS_ON) VALUES ('WELL00000000009', TO_DATE('2024-02-01','YYYY-MM-DD'), 1040.51, 12620.89, 120.11, 593.56);
INSERT INTO welldata.PRODUCTION (UWI, PROD_DATE, OIL_BBL, GAS_MCF, WATER_BBL, HOURS_ON) VALUES ('WELL00000000009', TO_DATE('2024-03-01','YYYY-MM-DD'), 1881.95, 1282.67, 1428.13, 244.53);
INSERT INTO welldata.PRODUCTION (UWI, PROD_DATE, OIL_BBL, GAS_MCF, WATER_BBL, HOURS_ON) VALUES ('WELL00000000009', TO_DATE('2024-04-01','YYYY-MM-DD'), 264.14, 12853.2, 1190.18, 690.2);
INSERT INTO welldata.PRODUCTION (UWI, PROD_DATE, OIL_BBL, GAS_MCF, WATER_BBL, HOURS_ON) VALUES ('WELL00000000009', TO_DATE('2024-05-01','YYYY-MM-DD'), 138.24, 2815.8, 746.01, 336.01);
INSERT INTO welldata.PRODUCTION (UWI, PROD_DATE, OIL_BBL, GAS_MCF, WATER_BBL, HOURS_ON) VALUES ('WELL00000000009', TO_DATE('2024-06-01','YYYY-MM-DD'), 2140.69, 12472.28, 647.19, 128.1);
INSERT INTO welldata.PRODUCTION (UWI, PROD_DATE, OIL_BBL, GAS_MCF, WATER_BBL, HOURS_ON) VALUES ('WELL00000000009', TO_DATE('2024-07-01','YYYY-MM-DD'), 563.37, 4292.3, 924.99, 411.37);
INSERT INTO welldata.PRODUCTION (UWI, PROD_DATE, OIL_BBL, GAS_MCF, WATER_BBL, HOURS_ON) VALUES ('WELL00000000009', TO_DATE('2024-08-01','YYYY-MM-DD'), 2090.38, 7338.81, 801.36, 238.78);
INSERT INTO welldata.PRODUCTION (UWI, PROD_DATE, OIL_BBL, GAS_MCF, WATER_BBL, HOURS_ON) VALUES ('WELL00000000009', TO_DATE('2024-09-01','YYYY-MM-DD'), 2635.6, 7673.78, 928.79, 306.9);
INSERT INTO welldata.PRODUCTION (UWI, PROD_DATE, OIL_BBL, GAS_MCF, WATER_BBL, HOURS_ON) VALUES ('WELL00000000009', TO_DATE('2024-10-01','YYYY-MM-DD'), 2622.5, 14826.84, 585.42, 377.02);
INSERT INTO welldata.PRODUCTION (UWI, PROD_DATE, OIL_BBL, GAS_MCF, WATER_BBL, HOURS_ON) VALUES ('WELL00000000009', TO_DATE('2024-11-01','YYYY-MM-DD'), 2133.23, 10970.14, 823.93, 673.37);
INSERT INTO welldata.PRODUCTION (UWI, PROD_DATE, OIL_BBL, GAS_MCF, WATER_BBL, HOURS_ON) VALUES ('WELL00000000009', TO_DATE('2024-12-01','YYYY-MM-DD'), 2930.36, 7712.56, 912.91, 266.19);
INSERT INTO welldata.FORMATION_TOPS (UWI, FORMATION, TOP_DEPTH_M, BASE_DEPTH_M, LITHOLOGY) VALUES ('WELL00000000009', 'Rajahmundry', 663, 822, 'SANDSTONE');
INSERT INTO welldata.FORMATION_TOPS (UWI, FORMATION, TOP_DEPTH_M, BASE_DEPTH_M, LITHOLOGY) VALUES ('WELL00000000009', 'Bengal', 767, 904, 'LIMESTONE');
INSERT INTO welldata.FORMATION_TOPS (UWI, FORMATION, TOP_DEPTH_M, BASE_DEPTH_M, LITHOLOGY) VALUES ('WELL00000000009', 'Sanchore', 1107, 1342, 'SHALE');
INSERT INTO welldata.FORMATION_TOPS (UWI, FORMATION, TOP_DEPTH_M, BASE_DEPTH_M, LITHOLOGY) VALUES ('WELL00000000009', 'Barmer', 1199, 1358, 'DOLOMITE');
INSERT INTO welldata.CORE_ANALYSIS (UWI, CORE_RUN, TOP_DEPTH_M, BASE_DEPTH_M, GRAIN_DENSITY, BULK_DENSITY, RECOVERY_PCT) VALUES ('WELL00000000009', 1, 1988, 2084, 2.5478, 2.0904, 60.29);
INSERT INTO welldata.CORE_ANALYSIS (UWI, CORE_RUN, TOP_DEPTH_M, BASE_DEPTH_M, GRAIN_DENSITY, BULK_DENSITY, RECOVERY_PCT) VALUES ('WELL00000000009', 2, 1684, 1765, 2.7665, 2.2064, 92.77);
INSERT INTO welldata.WELL (UWI, WELL_NAME, OPERATOR, COUNTRY, BASIN, FIELD_NAME, SPUD_DATE, COMPLETION_DATE, WELL_TYPE, WELL_STATUS, SURFACE_LAT, SURFACE_LON, TOTAL_DEPTH_M, KB_ELEVATION_M) VALUES ('WELL00000000010', 'ONGC-KR-010', 'ONGC', 'India', 'Krishna-Godavari', 'Krishna Field 4', TO_DATE('2012-01-25','YYYY-MM-DD'), TO_DATE('2015-08-19','YYYY-MM-DD'), 'DEVELOPMENT', 'SUSPENDED', 17.826193, 77.09755, 2750, 54.49);
INSERT INTO welldata.BOREHOLE (UBHI, UWI, BOREHOLE_NAME, BOREHOLE_TYPE, TOP_DEPTH_M, BASE_DEPTH_M) VALUES ('WELL00000000010-BH1', 'WELL00000000010', 'ONGC-KR-010-BH1', 'DIRECTIONAL', 860, 1809);
INSERT INTO welldata.PETROPHYSICS (UBHI, SAMPLE_DEPTH_M, POROSITY, PERMEABILITY, WATER_SAT, FORMATION) VALUES ('WELL00000000010-BH1', 1000, 0.0662, 271.7751, 0.5754, 'Bengal');
INSERT INTO welldata.PETROPHYSICS (UBHI, SAMPLE_DEPTH_M, POROSITY, PERMEABILITY, WATER_SAT, FORMATION) VALUES ('WELL00000000010-BH1', 1020, 0.0414, 437.4118, 0.3617, 'Rajahmundry');
INSERT INTO welldata.PETROPHYSICS (UBHI, SAMPLE_DEPTH_M, POROSITY, PERMEABILITY, WATER_SAT, FORMATION) VALUES ('WELL00000000010-BH1', 1040, 0.0535, 371.6104, 0.1743, 'Rajahmundry');
INSERT INTO welldata.PETROPHYSICS (UBHI, SAMPLE_DEPTH_M, POROSITY, PERMEABILITY, WATER_SAT, FORMATION) VALUES ('WELL00000000010-BH1', 1060, 0.0896, 331.9364, 0.1834, 'Sanchore');
INSERT INTO welldata.PETROPHYSICS (UBHI, SAMPLE_DEPTH_M, POROSITY, PERMEABILITY, WATER_SAT, FORMATION) VALUES ('WELL00000000010-BH1', 1080, 0.2739, 352.0305, 0.4931, 'Sanchore');
INSERT INTO welldata.PETROPHYSICS (UBHI, SAMPLE_DEPTH_M, POROSITY, PERMEABILITY, WATER_SAT, FORMATION) VALUES ('WELL00000000010-BH1', 1100, 0.0568, 56.2815, 0.698, 'Barmer');
INSERT INTO welldata.PETROPHYSICS (UBHI, SAMPLE_DEPTH_M, POROSITY, PERMEABILITY, WATER_SAT, FORMATION) VALUES ('WELL00000000010-BH1', 1120, 0.0773, 147.9742, 0.2815, 'Sanchore');
INSERT INTO welldata.PETROPHYSICS (UBHI, SAMPLE_DEPTH_M, POROSITY, PERMEABILITY, WATER_SAT, FORMATION) VALUES ('WELL00000000010-BH1', 1140, 0.1073, 431.9801, 0.6359, 'Sanchore');
INSERT INTO welldata.PETROPHYSICS (UBHI, SAMPLE_DEPTH_M, POROSITY, PERMEABILITY, WATER_SAT, FORMATION) VALUES ('WELL00000000010-BH1', 1160, 0.0957, 448.157, 0.505, 'Barmer');
INSERT INTO welldata.PETROPHYSICS (UBHI, SAMPLE_DEPTH_M, POROSITY, PERMEABILITY, WATER_SAT, FORMATION) VALUES ('WELL00000000010-BH1', 1180, 0.2561, 119.9139, 0.4301, 'Sanchore');
INSERT INTO welldata.PETROPHYSICS (UBHI, SAMPLE_DEPTH_M, POROSITY, PERMEABILITY, WATER_SAT, FORMATION) VALUES ('WELL00000000010-BH1', 1200, 0.2146, 236.4795, 0.2903, 'Sanchore');
INSERT INTO welldata.PETROPHYSICS (UBHI, SAMPLE_DEPTH_M, POROSITY, PERMEABILITY, WATER_SAT, FORMATION) VALUES ('WELL00000000010-BH1', 1220, 0.1982, 337.8275, 0.7063, 'Bengal');
INSERT INTO welldata.PETROPHYSICS (UBHI, SAMPLE_DEPTH_M, POROSITY, PERMEABILITY, WATER_SAT, FORMATION) VALUES ('WELL00000000010-BH1', 1240, 0.1002, 268.9889, 0.7127, 'Bengal');
INSERT INTO welldata.PETROPHYSICS (UBHI, SAMPLE_DEPTH_M, POROSITY, PERMEABILITY, WATER_SAT, FORMATION) VALUES ('WELL00000000010-BH1', 1260, 0.1832, 83.8929, 0.301, 'Barmer');
INSERT INTO welldata.PETROPHYSICS (UBHI, SAMPLE_DEPTH_M, POROSITY, PERMEABILITY, WATER_SAT, FORMATION) VALUES ('WELL00000000010-BH1', 1280, 0.1185, 329.2372, 0.5451, 'Barmer');
INSERT INTO welldata.PETROPHYSICS (UBHI, SAMPLE_DEPTH_M, POROSITY, PERMEABILITY, WATER_SAT, FORMATION) VALUES ('WELL00000000010-BH1', 1300, 0.0419, 258.9707, 0.7187, 'Barmer');
INSERT INTO welldata.PETROPHYSICS (UBHI, SAMPLE_DEPTH_M, POROSITY, PERMEABILITY, WATER_SAT, FORMATION) VALUES ('WELL00000000010-BH1', 1320, 0.2423, 277.4484, 0.51, 'Barmer');
INSERT INTO welldata.PETROPHYSICS (UBHI, SAMPLE_DEPTH_M, POROSITY, PERMEABILITY, WATER_SAT, FORMATION) VALUES ('WELL00000000010-BH1', 1340, 0.0851, 291.2249, 0.4403, 'Rajahmundry');
INSERT INTO welldata.PETROPHYSICS (UBHI, SAMPLE_DEPTH_M, POROSITY, PERMEABILITY, WATER_SAT, FORMATION) VALUES ('WELL00000000010-BH1', 1360, 0.0529, 250.2793, 0.1848, 'Sanchore');
INSERT INTO welldata.PETROPHYSICS (UBHI, SAMPLE_DEPTH_M, POROSITY, PERMEABILITY, WATER_SAT, FORMATION) VALUES ('WELL00000000010-BH1', 1380, 0.2286, 114.4757, 0.386, 'Sanchore');
INSERT INTO welldata.PETROPHYSICS (UBHI, SAMPLE_DEPTH_M, POROSITY, PERMEABILITY, WATER_SAT, FORMATION) VALUES ('WELL00000000010-BH1', 1400, 0.1937, 19.4454, 0.6773, 'Sanchore');
INSERT INTO welldata.PETROPHYSICS (UBHI, SAMPLE_DEPTH_M, POROSITY, PERMEABILITY, WATER_SAT, FORMATION) VALUES ('WELL00000000010-BH1', 1420, 0.1642, 208.8981, 0.3383, 'Rajahmundry');
INSERT INTO welldata.PETROPHYSICS (UBHI, SAMPLE_DEPTH_M, POROSITY, PERMEABILITY, WATER_SAT, FORMATION) VALUES ('WELL00000000010-BH1', 1440, 0.0756, 328.7588, 0.164, 'Sanchore');
INSERT INTO welldata.PETROPHYSICS (UBHI, SAMPLE_DEPTH_M, POROSITY, PERMEABILITY, WATER_SAT, FORMATION) VALUES ('WELL00000000010-BH1', 1460, 0.2251, 87.3602, 0.1919, 'Sanchore');
INSERT INTO welldata.PETROPHYSICS (UBHI, SAMPLE_DEPTH_M, POROSITY, PERMEABILITY, WATER_SAT, FORMATION) VALUES ('WELL00000000010-BH1', 1480, 0.0577, 138.749, 0.1626, 'Bengal');
INSERT INTO welldata.PETROPHYSICS (UBHI, SAMPLE_DEPTH_M, POROSITY, PERMEABILITY, WATER_SAT, FORMATION) VALUES ('WELL00000000010-BH1', 1500, 0.0718, 312.7219, 0.5837, 'Barmer');
INSERT INTO welldata.PETROPHYSICS (UBHI, SAMPLE_DEPTH_M, POROSITY, PERMEABILITY, WATER_SAT, FORMATION) VALUES ('WELL00000000010-BH1', 1520, 0.0611, 188.5892, 0.5181, 'Bengal');
INSERT INTO welldata.PETROPHYSICS (UBHI, SAMPLE_DEPTH_M, POROSITY, PERMEABILITY, WATER_SAT, FORMATION) VALUES ('WELL00000000010-BH1', 1540, 0.0972, 385.3777, 0.5757, 'Bengal');
INSERT INTO welldata.PETROPHYSICS (UBHI, SAMPLE_DEPTH_M, POROSITY, PERMEABILITY, WATER_SAT, FORMATION) VALUES ('WELL00000000010-BH1', 1560, 0.0419, 288.5823, 0.7492, 'Barmer');
INSERT INTO welldata.PETROPHYSICS (UBHI, SAMPLE_DEPTH_M, POROSITY, PERMEABILITY, WATER_SAT, FORMATION) VALUES ('WELL00000000010-BH1', 1580, 0.2064, 436.9375, 0.6343, 'Bengal');
INSERT INTO welldata.PETROPHYSICS (UBHI, SAMPLE_DEPTH_M, POROSITY, PERMEABILITY, WATER_SAT, FORMATION) VALUES ('WELL00000000010-BH1', 1600, 0.0518, 132.3438, 0.2797, 'Barmer');
INSERT INTO welldata.PETROPHYSICS (UBHI, SAMPLE_DEPTH_M, POROSITY, PERMEABILITY, WATER_SAT, FORMATION) VALUES ('WELL00000000010-BH1', 1620, 0.0837, 327.208, 0.4298, 'Sanchore');
INSERT INTO welldata.PETROPHYSICS (UBHI, SAMPLE_DEPTH_M, POROSITY, PERMEABILITY, WATER_SAT, FORMATION) VALUES ('WELL00000000010-BH1', 1640, 0.0791, 242.4941, 0.3112, 'Rajahmundry');
INSERT INTO welldata.PETROPHYSICS (UBHI, SAMPLE_DEPTH_M, POROSITY, PERMEABILITY, WATER_SAT, FORMATION) VALUES ('WELL00000000010-BH1', 1660, 0.1725, 148.9712, 0.2501, 'Sanchore');
INSERT INTO welldata.PETROPHYSICS (UBHI, SAMPLE_DEPTH_M, POROSITY, PERMEABILITY, WATER_SAT, FORMATION) VALUES ('WELL00000000010-BH1', 1680, 0.1806, 291.0647, 0.6824, 'Rajahmundry');
INSERT INTO welldata.PETROPHYSICS (UBHI, SAMPLE_DEPTH_M, POROSITY, PERMEABILITY, WATER_SAT, FORMATION) VALUES ('WELL00000000010-BH1', 1700, 0.2554, 256.1178, 0.2352, 'Sanchore');
INSERT INTO welldata.PETROPHYSICS (UBHI, SAMPLE_DEPTH_M, POROSITY, PERMEABILITY, WATER_SAT, FORMATION) VALUES ('WELL00000000010-BH1', 1720, 0.0736, 298.8304, 0.254, 'Rajahmundry');
INSERT INTO welldata.PETROPHYSICS (UBHI, SAMPLE_DEPTH_M, POROSITY, PERMEABILITY, WATER_SAT, FORMATION) VALUES ('WELL00000000010-BH1', 1740, 0.1554, 223.0991, 0.158, 'Rajahmundry');
INSERT INTO welldata.PETROPHYSICS (UBHI, SAMPLE_DEPTH_M, POROSITY, PERMEABILITY, WATER_SAT, FORMATION) VALUES ('WELL00000000010-BH1', 1760, 0.1728, 215.035, 0.227, 'Sanchore');
INSERT INTO welldata.PETROPHYSICS (UBHI, SAMPLE_DEPTH_M, POROSITY, PERMEABILITY, WATER_SAT, FORMATION) VALUES ('WELL00000000010-BH1', 1780, 0.2043, 391.5018, 0.7152, 'Barmer');
INSERT INTO welldata.PETROPHYSICS (UBHI, SAMPLE_DEPTH_M, POROSITY, PERMEABILITY, WATER_SAT, FORMATION) VALUES ('WELL00000000010-BH1', 1800, 0.2665, 268.9287, 0.6335, 'Bengal');
INSERT INTO welldata.PETROPHYSICS (UBHI, SAMPLE_DEPTH_M, POROSITY, PERMEABILITY, WATER_SAT, FORMATION) VALUES ('WELL00000000010-BH1', 1820, 0.2189, 58.786, 0.2763, 'Barmer');
INSERT INTO welldata.PETROPHYSICS (UBHI, SAMPLE_DEPTH_M, POROSITY, PERMEABILITY, WATER_SAT, FORMATION) VALUES ('WELL00000000010-BH1', 1840, 0.1683, 234.737, 0.4752, 'Bengal');
INSERT INTO welldata.PETROPHYSICS (UBHI, SAMPLE_DEPTH_M, POROSITY, PERMEABILITY, WATER_SAT, FORMATION) VALUES ('WELL00000000010-BH1', 1860, 0.1498, 430.6378, 0.6906, 'Barmer');
INSERT INTO welldata.PETROPHYSICS (UBHI, SAMPLE_DEPTH_M, POROSITY, PERMEABILITY, WATER_SAT, FORMATION) VALUES ('WELL00000000010-BH1', 1880, 0.2534, 50.8127, 0.4587, 'Sanchore');
INSERT INTO welldata.PETROPHYSICS (UBHI, SAMPLE_DEPTH_M, POROSITY, PERMEABILITY, WATER_SAT, FORMATION) VALUES ('WELL00000000010-BH1', 1900, 0.2211, 189.6904, 0.6936, 'Barmer');
INSERT INTO welldata.PETROPHYSICS (UBHI, SAMPLE_DEPTH_M, POROSITY, PERMEABILITY, WATER_SAT, FORMATION) VALUES ('WELL00000000010-BH1', 1920, 0.118, 29.8946, 0.2598, 'Bengal');
INSERT INTO welldata.PETROPHYSICS (UBHI, SAMPLE_DEPTH_M, POROSITY, PERMEABILITY, WATER_SAT, FORMATION) VALUES ('WELL00000000010-BH1', 1940, 0.2399, 347.2464, 0.7238, 'Sanchore');
INSERT INTO welldata.PETROPHYSICS (UBHI, SAMPLE_DEPTH_M, POROSITY, PERMEABILITY, WATER_SAT, FORMATION) VALUES ('WELL00000000010-BH1', 1960, 0.1286, 269.0015, 0.4123, 'Bengal');
INSERT INTO welldata.PETROPHYSICS (UBHI, SAMPLE_DEPTH_M, POROSITY, PERMEABILITY, WATER_SAT, FORMATION) VALUES ('WELL00000000010-BH1', 1980, 0.0958, 112.3194, 0.6019, 'Barmer');
INSERT INTO welldata.PETROPHYSICS (UBHI, SAMPLE_DEPTH_M, POROSITY, PERMEABILITY, WATER_SAT, FORMATION) VALUES ('WELL00000000010-BH1', 2000, 0.2108, 48.4813, 0.6687, 'Sanchore');
INSERT INTO welldata.PETROPHYSICS (UBHI, SAMPLE_DEPTH_M, POROSITY, PERMEABILITY, WATER_SAT, FORMATION) VALUES ('WELL00000000010-BH1', 2020, 0.2278, 68.4454, 0.1509, 'Sanchore');
INSERT INTO welldata.PETROPHYSICS (UBHI, SAMPLE_DEPTH_M, POROSITY, PERMEABILITY, WATER_SAT, FORMATION) VALUES ('WELL00000000010-BH1', 2040, 0.0508, 66.2476, 0.6188, 'Barmer');
INSERT INTO welldata.PETROPHYSICS (UBHI, SAMPLE_DEPTH_M, POROSITY, PERMEABILITY, WATER_SAT, FORMATION) VALUES ('WELL00000000010-BH1', 2060, 0.1749, 351.3708, 0.2794, 'Barmer');
INSERT INTO welldata.PETROPHYSICS (UBHI, SAMPLE_DEPTH_M, POROSITY, PERMEABILITY, WATER_SAT, FORMATION) VALUES ('WELL00000000010-BH1', 2080, 0.2478, 250.8403, 0.4174, 'Bengal');
INSERT INTO welldata.PETROPHYSICS (UBHI, SAMPLE_DEPTH_M, POROSITY, PERMEABILITY, WATER_SAT, FORMATION) VALUES ('WELL00000000010-BH1', 2100, 0.1745, 142.4617, 0.6759, 'Sanchore');
INSERT INTO welldata.PETROPHYSICS (UBHI, SAMPLE_DEPTH_M, POROSITY, PERMEABILITY, WATER_SAT, FORMATION) VALUES ('WELL00000000010-BH1', 2120, 0.2238, 62.1497, 0.1921, 'Sanchore');
INSERT INTO welldata.PETROPHYSICS (UBHI, SAMPLE_DEPTH_M, POROSITY, PERMEABILITY, WATER_SAT, FORMATION) VALUES ('WELL00000000010-BH1', 2140, 0.1629, 193.3126, 0.207, 'Bengal');
INSERT INTO welldata.PETROPHYSICS (UBHI, SAMPLE_DEPTH_M, POROSITY, PERMEABILITY, WATER_SAT, FORMATION) VALUES ('WELL00000000010-BH1', 2160, 0.2321, 342.1622, 0.5438, 'Barmer');
INSERT INTO welldata.PETROPHYSICS (UBHI, SAMPLE_DEPTH_M, POROSITY, PERMEABILITY, WATER_SAT, FORMATION) VALUES ('WELL00000000010-BH1', 2180, 0.1941, 215.46, 0.2396, 'Bengal');
INSERT INTO welldata.PETROPHYSICS (UBHI, SAMPLE_DEPTH_M, POROSITY, PERMEABILITY, WATER_SAT, FORMATION) VALUES ('WELL00000000010-BH1', 2200, 0.0503, 154.6924, 0.7353, 'Rajahmundry');
INSERT INTO welldata.PETROPHYSICS (UBHI, SAMPLE_DEPTH_M, POROSITY, PERMEABILITY, WATER_SAT, FORMATION) VALUES ('WELL00000000010-BH1', 2220, 0.2219, 152.7619, 0.3749, 'Barmer');
INSERT INTO welldata.PETROPHYSICS (UBHI, SAMPLE_DEPTH_M, POROSITY, PERMEABILITY, WATER_SAT, FORMATION) VALUES ('WELL00000000010-BH1', 2240, 0.2106, 313.3161, 0.5643, 'Bengal');
INSERT INTO welldata.PETROPHYSICS (UBHI, SAMPLE_DEPTH_M, POROSITY, PERMEABILITY, WATER_SAT, FORMATION) VALUES ('WELL00000000010-BH1', 2260, 0.1926, 339.0116, 0.5452, 'Bengal');
INSERT INTO welldata.PETROPHYSICS (UBHI, SAMPLE_DEPTH_M, POROSITY, PERMEABILITY, WATER_SAT, FORMATION) VALUES ('WELL00000000010-BH1', 2280, 0.2761, 77.2433, 0.6856, 'Sanchore');
INSERT INTO welldata.PETROPHYSICS (UBHI, SAMPLE_DEPTH_M, POROSITY, PERMEABILITY, WATER_SAT, FORMATION) VALUES ('WELL00000000010-BH1', 2300, 0.1991, 75.0905, 0.4205, 'Sanchore');
INSERT INTO welldata.PETROPHYSICS (UBHI, SAMPLE_DEPTH_M, POROSITY, PERMEABILITY, WATER_SAT, FORMATION) VALUES ('WELL00000000010-BH1', 2320, 0.052, 147.2426, 0.5755, 'Bengal');
INSERT INTO welldata.PETROPHYSICS (UBHI, SAMPLE_DEPTH_M, POROSITY, PERMEABILITY, WATER_SAT, FORMATION) VALUES ('WELL00000000010-BH1', 2340, 0.2502, 84.6609, 0.5124, 'Sanchore');
INSERT INTO welldata.PETROPHYSICS (UBHI, SAMPLE_DEPTH_M, POROSITY, PERMEABILITY, WATER_SAT, FORMATION) VALUES ('WELL00000000010-BH1', 2360, 0.1434, 192.1569, 0.2398, 'Barmer');
INSERT INTO welldata.PETROPHYSICS (UBHI, SAMPLE_DEPTH_M, POROSITY, PERMEABILITY, WATER_SAT, FORMATION) VALUES ('WELL00000000010-BH1', 2380, 0.0752, 68.9265, 0.2842, 'Bengal');
INSERT INTO welldata.PETROPHYSICS (UBHI, SAMPLE_DEPTH_M, POROSITY, PERMEABILITY, WATER_SAT, FORMATION) VALUES ('WELL00000000010-BH1', 2400, 0.118, 425.7385, 0.5543, 'Rajahmundry');
INSERT INTO welldata.PETROPHYSICS (UBHI, SAMPLE_DEPTH_M, POROSITY, PERMEABILITY, WATER_SAT, FORMATION) VALUES ('WELL00000000010-BH1', 2420, 0.0487, 238.5824, 0.6288, 'Bengal');
INSERT INTO welldata.PETROPHYSICS (UBHI, SAMPLE_DEPTH_M, POROSITY, PERMEABILITY, WATER_SAT, FORMATION) VALUES ('WELL00000000010-BH1', 2440, 0.2615, 403.6319, 0.522, 'Rajahmundry');
INSERT INTO welldata.PETROPHYSICS (UBHI, SAMPLE_DEPTH_M, POROSITY, PERMEABILITY, WATER_SAT, FORMATION) VALUES ('WELL00000000010-BH1', 2460, 0.1758, 392.1006, 0.5154, 'Rajahmundry');
INSERT INTO welldata.PETROPHYSICS (UBHI, SAMPLE_DEPTH_M, POROSITY, PERMEABILITY, WATER_SAT, FORMATION) VALUES ('WELL00000000010-BH1', 2480, 0.0973, 139.2365, 0.4351, 'Rajahmundry');
INSERT INTO welldata.PETROPHYSICS (UBHI, SAMPLE_DEPTH_M, POROSITY, PERMEABILITY, WATER_SAT, FORMATION) VALUES ('WELL00000000010-BH1', 2500, 0.1941, 90.0983, 0.2625, 'Rajahmundry');
INSERT INTO welldata.PETROPHYSICS (UBHI, SAMPLE_DEPTH_M, POROSITY, PERMEABILITY, WATER_SAT, FORMATION) VALUES ('WELL00000000010-BH1', 2520, 0.11, 262.7226, 0.3418, 'Bengal');
INSERT INTO welldata.PETROPHYSICS (UBHI, SAMPLE_DEPTH_M, POROSITY, PERMEABILITY, WATER_SAT, FORMATION) VALUES ('WELL00000000010-BH1', 2540, 0.1961, 312.0767, 0.3129, 'Barmer');
INSERT INTO welldata.PETROPHYSICS (UBHI, SAMPLE_DEPTH_M, POROSITY, PERMEABILITY, WATER_SAT, FORMATION) VALUES ('WELL00000000010-BH1', 2560, 0.2162, 205.0653, 0.4998, 'Barmer');
INSERT INTO welldata.PETROPHYSICS (UBHI, SAMPLE_DEPTH_M, POROSITY, PERMEABILITY, WATER_SAT, FORMATION) VALUES ('WELL00000000010-BH1', 2580, 0.047, 334.4335, 0.415, 'Rajahmundry');
INSERT INTO welldata.PETROPHYSICS (UBHI, SAMPLE_DEPTH_M, POROSITY, PERMEABILITY, WATER_SAT, FORMATION) VALUES ('WELL00000000010-BH1', 2600, 0.2229, 325.1267, 0.2338, 'Bengal');
INSERT INTO welldata.PETROPHYSICS (UBHI, SAMPLE_DEPTH_M, POROSITY, PERMEABILITY, WATER_SAT, FORMATION) VALUES ('WELL00000000010-BH1', 2620, 0.1708, 201.2492, 0.3898, 'Sanchore');
INSERT INTO welldata.PETROPHYSICS (UBHI, SAMPLE_DEPTH_M, POROSITY, PERMEABILITY, WATER_SAT, FORMATION) VALUES ('WELL00000000010-BH1', 2640, 0.2106, 156.1254, 0.356, 'Sanchore');
INSERT INTO welldata.PETROPHYSICS (UBHI, SAMPLE_DEPTH_M, POROSITY, PERMEABILITY, WATER_SAT, FORMATION) VALUES ('WELL00000000010-BH1', 2660, 0.2729, 110.8943, 0.7498, 'Bengal');
INSERT INTO welldata.PETROPHYSICS (UBHI, SAMPLE_DEPTH_M, POROSITY, PERMEABILITY, WATER_SAT, FORMATION) VALUES ('WELL00000000010-BH1', 2680, 0.0965, 36.3946, 0.6507, 'Rajahmundry');
INSERT INTO welldata.PETROPHYSICS (UBHI, SAMPLE_DEPTH_M, POROSITY, PERMEABILITY, WATER_SAT, FORMATION) VALUES ('WELL00000000010-BH1', 2700, 0.1945, 426.8873, 0.6499, 'Sanchore');
INSERT INTO welldata.PETROPHYSICS (UBHI, SAMPLE_DEPTH_M, POROSITY, PERMEABILITY, WATER_SAT, FORMATION) VALUES ('WELL00000000010-BH1', 2720, 0.2135, 365.6877, 0.1693, 'Sanchore');
INSERT INTO welldata.PETROPHYSICS (UBHI, SAMPLE_DEPTH_M, POROSITY, PERMEABILITY, WATER_SAT, FORMATION) VALUES ('WELL00000000010-BH1', 2740, 0.0835, 278.5056, 0.6969, 'Barmer');
INSERT INTO welldata.PETROPHYSICS (UBHI, SAMPLE_DEPTH_M, POROSITY, PERMEABILITY, WATER_SAT, FORMATION) VALUES ('WELL00000000010-BH1', 2760, 0.1034, 225.3709, 0.3001, 'Rajahmundry');
INSERT INTO welldata.PETROPHYSICS (UBHI, SAMPLE_DEPTH_M, POROSITY, PERMEABILITY, WATER_SAT, FORMATION) VALUES ('WELL00000000010-BH1', 2780, 0.2235, 291.1762, 0.2633, 'Barmer');
INSERT INTO welldata.PETROPHYSICS (UBHI, SAMPLE_DEPTH_M, POROSITY, PERMEABILITY, WATER_SAT, FORMATION) VALUES ('WELL00000000010-BH1', 2800, 0.1075, 136.1266, 0.333, 'Sanchore');
INSERT INTO welldata.PETROPHYSICS (UBHI, SAMPLE_DEPTH_M, POROSITY, PERMEABILITY, WATER_SAT, FORMATION) VALUES ('WELL00000000010-BH1', 2820, 0.154, 158.1023, 0.5315, 'Barmer');
INSERT INTO welldata.PETROPHYSICS (UBHI, SAMPLE_DEPTH_M, POROSITY, PERMEABILITY, WATER_SAT, FORMATION) VALUES ('WELL00000000010-BH1', 2840, 0.185, 105.8877, 0.3165, 'Sanchore');
INSERT INTO welldata.PETROPHYSICS (UBHI, SAMPLE_DEPTH_M, POROSITY, PERMEABILITY, WATER_SAT, FORMATION) VALUES ('WELL00000000010-BH1', 2860, 0.1002, 281.7057, 0.3491, 'Rajahmundry');
INSERT INTO welldata.PETROPHYSICS (UBHI, SAMPLE_DEPTH_M, POROSITY, PERMEABILITY, WATER_SAT, FORMATION) VALUES ('WELL00000000010-BH1', 2880, 0.1557, 197.4382, 0.4298, 'Barmer');
INSERT INTO welldata.PETROPHYSICS (UBHI, SAMPLE_DEPTH_M, POROSITY, PERMEABILITY, WATER_SAT, FORMATION) VALUES ('WELL00000000010-BH1', 2900, 0.1157, 163.5234, 0.5443, 'Rajahmundry');
INSERT INTO welldata.PETROPHYSICS (UBHI, SAMPLE_DEPTH_M, POROSITY, PERMEABILITY, WATER_SAT, FORMATION) VALUES ('WELL00000000010-BH1', 2920, 0.0406, 243.3382, 0.4051, 'Barmer');
INSERT INTO welldata.PETROPHYSICS (UBHI, SAMPLE_DEPTH_M, POROSITY, PERMEABILITY, WATER_SAT, FORMATION) VALUES ('WELL00000000010-BH1', 2940, 0.1234, 395.951, 0.6609, 'Sanchore');
INSERT INTO welldata.PETROPHYSICS (UBHI, SAMPLE_DEPTH_M, POROSITY, PERMEABILITY, WATER_SAT, FORMATION) VALUES ('WELL00000000010-BH1', 2960, 0.2381, 329.6234, 0.1572, 'Bengal');
INSERT INTO welldata.PETROPHYSICS (UBHI, SAMPLE_DEPTH_M, POROSITY, PERMEABILITY, WATER_SAT, FORMATION) VALUES ('WELL00000000010-BH1', 2980, 0.2655, 175.404, 0.4152, 'Sanchore');
INSERT INTO welldata.PETROPHYSICS (UBHI, SAMPLE_DEPTH_M, POROSITY, PERMEABILITY, WATER_SAT, FORMATION) VALUES ('WELL00000000010-BH1', 3000, 0.1407, 0.6928, 0.6136, 'Barmer');
INSERT INTO welldata.BOREHOLE (UBHI, UWI, BOREHOLE_NAME, BOREHOLE_TYPE, TOP_DEPTH_M, BASE_DEPTH_M) VALUES ('WELL00000000010-BH2', 'WELL00000000010', 'ONGC-KR-010-BH2', 'VERTICAL', 549, 1646);
INSERT INTO welldata.PETROPHYSICS (UBHI, SAMPLE_DEPTH_M, POROSITY, PERMEABILITY, WATER_SAT, FORMATION) VALUES ('WELL00000000010-BH2', 1000, 0.0829, 81.2658, 0.4741, 'Sanchore');
INSERT INTO welldata.PETROPHYSICS (UBHI, SAMPLE_DEPTH_M, POROSITY, PERMEABILITY, WATER_SAT, FORMATION) VALUES ('WELL00000000010-BH2', 1020, 0.1134, 253.7961, 0.7147, 'Sanchore');
INSERT INTO welldata.PETROPHYSICS (UBHI, SAMPLE_DEPTH_M, POROSITY, PERMEABILITY, WATER_SAT, FORMATION) VALUES ('WELL00000000010-BH2', 1040, 0.0716, 200.4577, 0.5098, 'Bengal');
INSERT INTO welldata.PETROPHYSICS (UBHI, SAMPLE_DEPTH_M, POROSITY, PERMEABILITY, WATER_SAT, FORMATION) VALUES ('WELL00000000010-BH2', 1060, 0.108, 213.2025, 0.5305, 'Rajahmundry');
INSERT INTO welldata.PETROPHYSICS (UBHI, SAMPLE_DEPTH_M, POROSITY, PERMEABILITY, WATER_SAT, FORMATION) VALUES ('WELL00000000010-BH2', 1080, 0.1957, 292.7632, 0.4232, 'Rajahmundry');
INSERT INTO welldata.PETROPHYSICS (UBHI, SAMPLE_DEPTH_M, POROSITY, PERMEABILITY, WATER_SAT, FORMATION) VALUES ('WELL00000000010-BH2', 1100, 0.2042, 71.1072, 0.7374, 'Barmer');
INSERT INTO welldata.PETROPHYSICS (UBHI, SAMPLE_DEPTH_M, POROSITY, PERMEABILITY, WATER_SAT, FORMATION) VALUES ('WELL00000000010-BH2', 1120, 0.15, 321.7361, 0.4682, 'Bengal');
INSERT INTO welldata.PETROPHYSICS (UBHI, SAMPLE_DEPTH_M, POROSITY, PERMEABILITY, WATER_SAT, FORMATION) VALUES ('WELL00000000010-BH2', 1140, 0.2106, 415.9577, 0.5955, 'Rajahmundry');
INSERT INTO welldata.PETROPHYSICS (UBHI, SAMPLE_DEPTH_M, POROSITY, PERMEABILITY, WATER_SAT, FORMATION) VALUES ('WELL00000000010-BH2', 1160, 0.2402, 277.6065, 0.5184, 'Sanchore');
INSERT INTO welldata.PETROPHYSICS (UBHI, SAMPLE_DEPTH_M, POROSITY, PERMEABILITY, WATER_SAT, FORMATION) VALUES ('WELL00000000010-BH2', 1180, 0.17, 395.7561, 0.7243, 'Rajahmundry');
INSERT INTO welldata.PETROPHYSICS (UBHI, SAMPLE_DEPTH_M, POROSITY, PERMEABILITY, WATER_SAT, FORMATION) VALUES ('WELL00000000010-BH2', 1200, 0.0923, 326.5142, 0.7486, 'Sanchore');
INSERT INTO welldata.PETROPHYSICS (UBHI, SAMPLE_DEPTH_M, POROSITY, PERMEABILITY, WATER_SAT, FORMATION) VALUES ('WELL00000000010-BH2', 1220, 0.2748, 8.2673, 0.52, 'Bengal');
INSERT INTO welldata.PETROPHYSICS (UBHI, SAMPLE_DEPTH_M, POROSITY, PERMEABILITY, WATER_SAT, FORMATION) VALUES ('WELL00000000010-BH2', 1240, 0.0455, 250.4342, 0.2288, 'Sanchore');
INSERT INTO welldata.PETROPHYSICS (UBHI, SAMPLE_DEPTH_M, POROSITY, PERMEABILITY, WATER_SAT, FORMATION) VALUES ('WELL00000000010-BH2', 1260, 0.074, 284.4447, 0.1612, 'Rajahmundry');
INSERT INTO welldata.PETROPHYSICS (UBHI, SAMPLE_DEPTH_M, POROSITY, PERMEABILITY, WATER_SAT, FORMATION) VALUES ('WELL00000000010-BH2', 1280, 0.0482, 329.99, 0.2397, 'Rajahmundry');
INSERT INTO welldata.PETROPHYSICS (UBHI, SAMPLE_DEPTH_M, POROSITY, PERMEABILITY, WATER_SAT, FORMATION) VALUES ('WELL00000000010-BH2', 1300, 0.1249, 66.8322, 0.6289, 'Barmer');
INSERT INTO welldata.PETROPHYSICS (UBHI, SAMPLE_DEPTH_M, POROSITY, PERMEABILITY, WATER_SAT, FORMATION) VALUES ('WELL00000000010-BH2', 1320, 0.2198, 30.3413, 0.6347, 'Rajahmundry');
INSERT INTO welldata.PETROPHYSICS (UBHI, SAMPLE_DEPTH_M, POROSITY, PERMEABILITY, WATER_SAT, FORMATION) VALUES ('WELL00000000010-BH2', 1340, 0.2465, 34.1121, 0.2266, 'Sanchore');
INSERT INTO welldata.PETROPHYSICS (UBHI, SAMPLE_DEPTH_M, POROSITY, PERMEABILITY, WATER_SAT, FORMATION) VALUES ('WELL00000000010-BH2', 1360, 0.2794, 321.7591, 0.6323, 'Rajahmundry');
INSERT INTO welldata.PETROPHYSICS (UBHI, SAMPLE_DEPTH_M, POROSITY, PERMEABILITY, WATER_SAT, FORMATION) VALUES ('WELL00000000010-BH2', 1380, 0.0636, 415.192, 0.4983, 'Rajahmundry');
INSERT INTO welldata.PETROPHYSICS (UBHI, SAMPLE_DEPTH_M, POROSITY, PERMEABILITY, WATER_SAT, FORMATION) VALUES ('WELL00000000010-BH2', 1400, 0.2454, 228.8368, 0.2206, 'Barmer');
INSERT INTO welldata.PETROPHYSICS (UBHI, SAMPLE_DEPTH_M, POROSITY, PERMEABILITY, WATER_SAT, FORMATION) VALUES ('WELL00000000010-BH2', 1420, 0.1974, 44.1998, 0.5777, 'Barmer');
INSERT INTO welldata.PETROPHYSICS (UBHI, SAMPLE_DEPTH_M, POROSITY, PERMEABILITY, WATER_SAT, FORMATION) VALUES ('WELL00000000010-BH2', 1440, 0.115, 242.5723, 0.3558, 'Bengal');
INSERT INTO welldata.PETROPHYSICS (UBHI, SAMPLE_DEPTH_M, POROSITY, PERMEABILITY, WATER_SAT, FORMATION) VALUES ('WELL00000000010-BH2', 1460, 0.179, 361.8127, 0.1539, 'Bengal');
INSERT INTO welldata.PETROPHYSICS (UBHI, SAMPLE_DEPTH_M, POROSITY, PERMEABILITY, WATER_SAT, FORMATION) VALUES ('WELL00000000010-BH2', 1480, 0.1391, 172.0781, 0.4752, 'Bengal');
INSERT INTO welldata.PETROPHYSICS (UBHI, SAMPLE_DEPTH_M, POROSITY, PERMEABILITY, WATER_SAT, FORMATION) VALUES ('WELL00000000010-BH2', 1500, 0.1644, 287.6176, 0.3437, 'Sanchore');
INSERT INTO welldata.PETROPHYSICS (UBHI, SAMPLE_DEPTH_M, POROSITY, PERMEABILITY, WATER_SAT, FORMATION) VALUES ('WELL00000000010-BH2', 1520, 0.1666, 4.2639, 0.2625, 'Sanchore');
INSERT INTO welldata.PETROPHYSICS (UBHI, SAMPLE_DEPTH_M, POROSITY, PERMEABILITY, WATER_SAT, FORMATION) VALUES ('WELL00000000010-BH2', 1540, 0.0648, 254.3592, 0.5217, 'Sanchore');
INSERT INTO welldata.PETROPHYSICS (UBHI, SAMPLE_DEPTH_M, POROSITY, PERMEABILITY, WATER_SAT, FORMATION) VALUES ('WELL00000000010-BH2', 1560, 0.2105, 248.1866, 0.3568, 'Sanchore');
INSERT INTO welldata.PETROPHYSICS (UBHI, SAMPLE_DEPTH_M, POROSITY, PERMEABILITY, WATER_SAT, FORMATION) VALUES ('WELL00000000010-BH2', 1580, 0.0968, 384.9205, 0.446, 'Bengal');
INSERT INTO welldata.PETROPHYSICS (UBHI, SAMPLE_DEPTH_M, POROSITY, PERMEABILITY, WATER_SAT, FORMATION) VALUES ('WELL00000000010-BH2', 1600, 0.0683, 89.4213, 0.2764, 'Sanchore');
INSERT INTO welldata.PETROPHYSICS (UBHI, SAMPLE_DEPTH_M, POROSITY, PERMEABILITY, WATER_SAT, FORMATION) VALUES ('WELL00000000010-BH2', 1620, 0.0968, 106.9105, 0.3132, 'Sanchore');
INSERT INTO welldata.PETROPHYSICS (UBHI, SAMPLE_DEPTH_M, POROSITY, PERMEABILITY, WATER_SAT, FORMATION) VALUES ('WELL00000000010-BH2', 1640, 0.1687, 438.2979, 0.3195, 'Bengal');
INSERT INTO welldata.PETROPHYSICS (UBHI, SAMPLE_DEPTH_M, POROSITY, PERMEABILITY, WATER_SAT, FORMATION) VALUES ('WELL00000000010-BH2', 1660, 0.1073, 369.8888, 0.5958, 'Rajahmundry');
INSERT INTO welldata.PETROPHYSICS (UBHI, SAMPLE_DEPTH_M, POROSITY, PERMEABILITY, WATER_SAT, FORMATION) VALUES ('WELL00000000010-BH2', 1680, 0.0737, 95.3059, 0.708, 'Sanchore');
INSERT INTO welldata.PETROPHYSICS (UBHI, SAMPLE_DEPTH_M, POROSITY, PERMEABILITY, WATER_SAT, FORMATION) VALUES ('WELL00000000010-BH2', 1700, 0.2591, 251.9941, 0.3291, 'Sanchore');
INSERT INTO welldata.PETROPHYSICS (UBHI, SAMPLE_DEPTH_M, POROSITY, PERMEABILITY, WATER_SAT, FORMATION) VALUES ('WELL00000000010-BH2', 1720, 0.0771, 166.9922, 0.6823, 'Barmer');
INSERT INTO welldata.PETROPHYSICS (UBHI, SAMPLE_DEPTH_M, POROSITY, PERMEABILITY, WATER_SAT, FORMATION) VALUES ('WELL00000000010-BH2', 1740, 0.2284, 242.5988, 0.72, 'Barmer');
INSERT INTO welldata.PETROPHYSICS (UBHI, SAMPLE_DEPTH_M, POROSITY, PERMEABILITY, WATER_SAT, FORMATION) VALUES ('WELL00000000010-BH2', 1760, 0.2515, 411.4218, 0.6004, 'Barmer');
INSERT INTO welldata.PETROPHYSICS (UBHI, SAMPLE_DEPTH_M, POROSITY, PERMEABILITY, WATER_SAT, FORMATION) VALUES ('WELL00000000010-BH2', 1780, 0.0884, 131.1526, 0.3798, 'Barmer');
INSERT INTO welldata.PETROPHYSICS (UBHI, SAMPLE_DEPTH_M, POROSITY, PERMEABILITY, WATER_SAT, FORMATION) VALUES ('WELL00000000010-BH2', 1800, 0.2593, 5.6483, 0.2208, 'Bengal');
INSERT INTO welldata.PETROPHYSICS (UBHI, SAMPLE_DEPTH_M, POROSITY, PERMEABILITY, WATER_SAT, FORMATION) VALUES ('WELL00000000010-BH2', 1820, 0.1735, 122.3875, 0.5708, 'Barmer');
INSERT INTO welldata.PETROPHYSICS (UBHI, SAMPLE_DEPTH_M, POROSITY, PERMEABILITY, WATER_SAT, FORMATION) VALUES ('WELL00000000010-BH2', 1840, 0.2072, 31.7811, 0.7018, 'Barmer');
INSERT INTO welldata.PETROPHYSICS (UBHI, SAMPLE_DEPTH_M, POROSITY, PERMEABILITY, WATER_SAT, FORMATION) VALUES ('WELL00000000010-BH2', 1860, 0.2369, 362.0766, 0.1905, 'Sanchore');
INSERT INTO welldata.PETROPHYSICS (UBHI, SAMPLE_DEPTH_M, POROSITY, PERMEABILITY, WATER_SAT, FORMATION) VALUES ('WELL00000000010-BH2', 1880, 0.2235, 193.6595, 0.2021, 'Barmer');
INSERT INTO welldata.PETROPHYSICS (UBHI, SAMPLE_DEPTH_M, POROSITY, PERMEABILITY, WATER_SAT, FORMATION) VALUES ('WELL00000000010-BH2', 1900, 0.0999, 290.1751, 0.1667, 'Bengal');
INSERT INTO welldata.PETROPHYSICS (UBHI, SAMPLE_DEPTH_M, POROSITY, PERMEABILITY, WATER_SAT, FORMATION) VALUES ('WELL00000000010-BH2', 1920, 0.1409, 305.9747, 0.4254, 'Sanchore');
INSERT INTO welldata.PETROPHYSICS (UBHI, SAMPLE_DEPTH_M, POROSITY, PERMEABILITY, WATER_SAT, FORMATION) VALUES ('WELL00000000010-BH2', 1940, 0.0454, 259.3329, 0.2458, 'Rajahmundry');
INSERT INTO welldata.PETROPHYSICS (UBHI, SAMPLE_DEPTH_M, POROSITY, PERMEABILITY, WATER_SAT, FORMATION) VALUES ('WELL00000000010-BH2', 1960, 0.1567, 174.4575, 0.4411, 'Rajahmundry');
INSERT INTO welldata.PETROPHYSICS (UBHI, SAMPLE_DEPTH_M, POROSITY, PERMEABILITY, WATER_SAT, FORMATION) VALUES ('WELL00000000010-BH2', 1980, 0.0771, 279.2229, 0.506, 'Bengal');
INSERT INTO welldata.PETROPHYSICS (UBHI, SAMPLE_DEPTH_M, POROSITY, PERMEABILITY, WATER_SAT, FORMATION) VALUES ('WELL00000000010-BH2', 2000, 0.1725, 397.0688, 0.6732, 'Bengal');
INSERT INTO welldata.PETROPHYSICS (UBHI, SAMPLE_DEPTH_M, POROSITY, PERMEABILITY, WATER_SAT, FORMATION) VALUES ('WELL00000000010-BH2', 2020, 0.0792, 276.142, 0.6299, 'Sanchore');
INSERT INTO welldata.PETROPHYSICS (UBHI, SAMPLE_DEPTH_M, POROSITY, PERMEABILITY, WATER_SAT, FORMATION) VALUES ('WELL00000000010-BH2', 2040, 0.0745, 210.4656, 0.5942, 'Bengal');
INSERT INTO welldata.PETROPHYSICS (UBHI, SAMPLE_DEPTH_M, POROSITY, PERMEABILITY, WATER_SAT, FORMATION) VALUES ('WELL00000000010-BH2', 2060, 0.0424, 327.9338, 0.7388, 'Bengal');
INSERT INTO welldata.PETROPHYSICS (UBHI, SAMPLE_DEPTH_M, POROSITY, PERMEABILITY, WATER_SAT, FORMATION) VALUES ('WELL00000000010-BH2', 2080, 0.0876, 179.9435, 0.5533, 'Rajahmundry');
INSERT INTO welldata.PETROPHYSICS (UBHI, SAMPLE_DEPTH_M, POROSITY, PERMEABILITY, WATER_SAT, FORMATION) VALUES ('WELL00000000010-BH2', 2100, 0.0617, 33.0807, 0.3024, 'Rajahmundry');
INSERT INTO welldata.PETROPHYSICS (UBHI, SAMPLE_DEPTH_M, POROSITY, PERMEABILITY, WATER_SAT, FORMATION) VALUES ('WELL00000000010-BH2', 2120, 0.2308, 143.5947, 0.571, 'Sanchore');
INSERT INTO welldata.PETROPHYSICS (UBHI, SAMPLE_DEPTH_M, POROSITY, PERMEABILITY, WATER_SAT, FORMATION) VALUES ('WELL00000000010-BH2', 2140, 0.217, 86.8595, 0.3116, 'Rajahmundry');
INSERT INTO welldata.PETROPHYSICS (UBHI, SAMPLE_DEPTH_M, POROSITY, PERMEABILITY, WATER_SAT, FORMATION) VALUES ('WELL00000000010-BH2', 2160, 0.1161, 227.7462, 0.1511, 'Rajahmundry');
INSERT INTO welldata.PETROPHYSICS (UBHI, SAMPLE_DEPTH_M, POROSITY, PERMEABILITY, WATER_SAT, FORMATION) VALUES ('WELL00000000010-BH2', 2180, 0.2174, 406.5187, 0.3502, 'Barmer');
INSERT INTO welldata.PETROPHYSICS (UBHI, SAMPLE_DEPTH_M, POROSITY, PERMEABILITY, WATER_SAT, FORMATION) VALUES ('WELL00000000010-BH2', 2200, 0.1943, 234.1404, 0.3714, 'Sanchore');
INSERT INTO welldata.PETROPHYSICS (UBHI, SAMPLE_DEPTH_M, POROSITY, PERMEABILITY, WATER_SAT, FORMATION) VALUES ('WELL00000000010-BH2', 2220, 0.1149, 441.1481, 0.3319, 'Bengal');
INSERT INTO welldata.PETROPHYSICS (UBHI, SAMPLE_DEPTH_M, POROSITY, PERMEABILITY, WATER_SAT, FORMATION) VALUES ('WELL00000000010-BH2', 2240, 0.0829, 434.567, 0.4854, 'Bengal');
INSERT INTO welldata.PETROPHYSICS (UBHI, SAMPLE_DEPTH_M, POROSITY, PERMEABILITY, WATER_SAT, FORMATION) VALUES ('WELL00000000010-BH2', 2260, 0.2397, 348.7278, 0.541, 'Bengal');
INSERT INTO welldata.PETROPHYSICS (UBHI, SAMPLE_DEPTH_M, POROSITY, PERMEABILITY, WATER_SAT, FORMATION) VALUES ('WELL00000000010-BH2', 2280, 0.0522, 150.7983, 0.2672, 'Rajahmundry');
INSERT INTO welldata.PETROPHYSICS (UBHI, SAMPLE_DEPTH_M, POROSITY, PERMEABILITY, WATER_SAT, FORMATION) VALUES ('WELL00000000010-BH2', 2300, 0.1575, 143.7533, 0.4089, 'Barmer');
INSERT INTO welldata.PETROPHYSICS (UBHI, SAMPLE_DEPTH_M, POROSITY, PERMEABILITY, WATER_SAT, FORMATION) VALUES ('WELL00000000010-BH2', 2320, 0.2053, 108.8836, 0.6327, 'Bengal');
INSERT INTO welldata.PETROPHYSICS (UBHI, SAMPLE_DEPTH_M, POROSITY, PERMEABILITY, WATER_SAT, FORMATION) VALUES ('WELL00000000010-BH2', 2340, 0.236, 49.3297, 0.2671, 'Bengal');
INSERT INTO welldata.PETROPHYSICS (UBHI, SAMPLE_DEPTH_M, POROSITY, PERMEABILITY, WATER_SAT, FORMATION) VALUES ('WELL00000000010-BH2', 2360, 0.2716, 428.9601, 0.1779, 'Sanchore');
INSERT INTO welldata.PETROPHYSICS (UBHI, SAMPLE_DEPTH_M, POROSITY, PERMEABILITY, WATER_SAT, FORMATION) VALUES ('WELL00000000010-BH2', 2380, 0.0891, 368.385, 0.6285, 'Sanchore');
INSERT INTO welldata.PETROPHYSICS (UBHI, SAMPLE_DEPTH_M, POROSITY, PERMEABILITY, WATER_SAT, FORMATION) VALUES ('WELL00000000010-BH2', 2400, 0.1022, 226.2616, 0.1862, 'Rajahmundry');
INSERT INTO welldata.PETROPHYSICS (UBHI, SAMPLE_DEPTH_M, POROSITY, PERMEABILITY, WATER_SAT, FORMATION) VALUES ('WELL00000000010-BH2', 2420, 0.2741, 146.5653, 0.6602, 'Sanchore');
INSERT INTO welldata.PETROPHYSICS (UBHI, SAMPLE_DEPTH_M, POROSITY, PERMEABILITY, WATER_SAT, FORMATION) VALUES ('WELL00000000010-BH2', 2440, 0.1274, 304.3201, 0.3199, 'Barmer');
INSERT INTO welldata.PETROPHYSICS (UBHI, SAMPLE_DEPTH_M, POROSITY, PERMEABILITY, WATER_SAT, FORMATION) VALUES ('WELL00000000010-BH2', 2460, 0.1926, 321.3499, 0.3264, 'Rajahmundry');
INSERT INTO welldata.PETROPHYSICS (UBHI, SAMPLE_DEPTH_M, POROSITY, PERMEABILITY, WATER_SAT, FORMATION) VALUES ('WELL00000000010-BH2', 2480, 0.2576, 404.8782, 0.4561, 'Barmer');
INSERT INTO welldata.PETROPHYSICS (UBHI, SAMPLE_DEPTH_M, POROSITY, PERMEABILITY, WATER_SAT, FORMATION) VALUES ('WELL00000000010-BH2', 2500, 0.062, 152.5881, 0.7354, 'Sanchore');
INSERT INTO welldata.PETROPHYSICS (UBHI, SAMPLE_DEPTH_M, POROSITY, PERMEABILITY, WATER_SAT, FORMATION) VALUES ('WELL00000000010-BH2', 2520, 0.2351, 215.9614, 0.5329, 'Barmer');
INSERT INTO welldata.PETROPHYSICS (UBHI, SAMPLE_DEPTH_M, POROSITY, PERMEABILITY, WATER_SAT, FORMATION) VALUES ('WELL00000000010-BH2', 2540, 0.0713, 263.4485, 0.1771, 'Sanchore');
INSERT INTO welldata.PETROPHYSICS (UBHI, SAMPLE_DEPTH_M, POROSITY, PERMEABILITY, WATER_SAT, FORMATION) VALUES ('WELL00000000010-BH2', 2560, 0.0655, 214.7652, 0.2031, 'Bengal');
INSERT INTO welldata.PETROPHYSICS (UBHI, SAMPLE_DEPTH_M, POROSITY, PERMEABILITY, WATER_SAT, FORMATION) VALUES ('WELL00000000010-BH2', 2580, 0.1833, 183.801, 0.5977, 'Sanchore');
INSERT INTO welldata.PETROPHYSICS (UBHI, SAMPLE_DEPTH_M, POROSITY, PERMEABILITY, WATER_SAT, FORMATION) VALUES ('WELL00000000010-BH2', 2600, 0.1892, 153.5613, 0.1816, 'Barmer');
INSERT INTO welldata.PETROPHYSICS (UBHI, SAMPLE_DEPTH_M, POROSITY, PERMEABILITY, WATER_SAT, FORMATION) VALUES ('WELL00000000010-BH2', 2620, 0.1275, 388.1484, 0.4896, 'Sanchore');
INSERT INTO welldata.PETROPHYSICS (UBHI, SAMPLE_DEPTH_M, POROSITY, PERMEABILITY, WATER_SAT, FORMATION) VALUES ('WELL00000000010-BH2', 2640, 0.0424, 432.8174, 0.6353, 'Bengal');
INSERT INTO welldata.PETROPHYSICS (UBHI, SAMPLE_DEPTH_M, POROSITY, PERMEABILITY, WATER_SAT, FORMATION) VALUES ('WELL00000000010-BH2', 2660, 0.2231, 82.0936, 0.3629, 'Sanchore');
INSERT INTO welldata.PETROPHYSICS (UBHI, SAMPLE_DEPTH_M, POROSITY, PERMEABILITY, WATER_SAT, FORMATION) VALUES ('WELL00000000010-BH2', 2680, 0.0835, 179.6883, 0.4185, 'Rajahmundry');
INSERT INTO welldata.PETROPHYSICS (UBHI, SAMPLE_DEPTH_M, POROSITY, PERMEABILITY, WATER_SAT, FORMATION) VALUES ('WELL00000000010-BH2', 2700, 0.2306, 426.8068, 0.4249, 'Bengal');
INSERT INTO welldata.PETROPHYSICS (UBHI, SAMPLE_DEPTH_M, POROSITY, PERMEABILITY, WATER_SAT, FORMATION) VALUES ('WELL00000000010-BH2', 2720, 0.2756, 333.0948, 0.2367, 'Bengal');
INSERT INTO welldata.PETROPHYSICS (UBHI, SAMPLE_DEPTH_M, POROSITY, PERMEABILITY, WATER_SAT, FORMATION) VALUES ('WELL00000000010-BH2', 2740, 0.1054, 139.0931, 0.6848, 'Barmer');
INSERT INTO welldata.PETROPHYSICS (UBHI, SAMPLE_DEPTH_M, POROSITY, PERMEABILITY, WATER_SAT, FORMATION) VALUES ('WELL00000000010-BH2', 2760, 0.252, 87.1371, 0.5055, 'Rajahmundry');
INSERT INTO welldata.PETROPHYSICS (UBHI, SAMPLE_DEPTH_M, POROSITY, PERMEABILITY, WATER_SAT, FORMATION) VALUES ('WELL00000000010-BH2', 2780, 0.159, 93.9886, 0.2514, 'Sanchore');
INSERT INTO welldata.PETROPHYSICS (UBHI, SAMPLE_DEPTH_M, POROSITY, PERMEABILITY, WATER_SAT, FORMATION) VALUES ('WELL00000000010-BH2', 2800, 0.1227, 90.7808, 0.1855, 'Barmer');
INSERT INTO welldata.PETROPHYSICS (UBHI, SAMPLE_DEPTH_M, POROSITY, PERMEABILITY, WATER_SAT, FORMATION) VALUES ('WELL00000000010-BH2', 2820, 0.2367, 80.7121, 0.6228, 'Rajahmundry');
INSERT INTO welldata.PETROPHYSICS (UBHI, SAMPLE_DEPTH_M, POROSITY, PERMEABILITY, WATER_SAT, FORMATION) VALUES ('WELL00000000010-BH2', 2840, 0.1286, 184.3848, 0.3641, 'Barmer');
INSERT INTO welldata.PETROPHYSICS (UBHI, SAMPLE_DEPTH_M, POROSITY, PERMEABILITY, WATER_SAT, FORMATION) VALUES ('WELL00000000010-BH2', 2860, 0.1202, 75.1839, 0.5921, 'Sanchore');
INSERT INTO welldata.PETROPHYSICS (UBHI, SAMPLE_DEPTH_M, POROSITY, PERMEABILITY, WATER_SAT, FORMATION) VALUES ('WELL00000000010-BH2', 2880, 0.2728, 48.5914, 0.5977, 'Rajahmundry');
INSERT INTO welldata.PETROPHYSICS (UBHI, SAMPLE_DEPTH_M, POROSITY, PERMEABILITY, WATER_SAT, FORMATION) VALUES ('WELL00000000010-BH2', 2900, 0.1927, 258.0467, 0.5476, 'Rajahmundry');
INSERT INTO welldata.PETROPHYSICS (UBHI, SAMPLE_DEPTH_M, POROSITY, PERMEABILITY, WATER_SAT, FORMATION) VALUES ('WELL00000000010-BH2', 2920, 0.1054, 295.3322, 0.1658, 'Bengal');
INSERT INTO welldata.PETROPHYSICS (UBHI, SAMPLE_DEPTH_M, POROSITY, PERMEABILITY, WATER_SAT, FORMATION) VALUES ('WELL00000000010-BH2', 2940, 0.1895, 438.0285, 0.1575, 'Bengal');
INSERT INTO welldata.PETROPHYSICS (UBHI, SAMPLE_DEPTH_M, POROSITY, PERMEABILITY, WATER_SAT, FORMATION) VALUES ('WELL00000000010-BH2', 2960, 0.1898, 228.7241, 0.5115, 'Barmer');
INSERT INTO welldata.PETROPHYSICS (UBHI, SAMPLE_DEPTH_M, POROSITY, PERMEABILITY, WATER_SAT, FORMATION) VALUES ('WELL00000000010-BH2', 2980, 0.2705, 351.8343, 0.294, 'Rajahmundry');
INSERT INTO welldata.PETROPHYSICS (UBHI, SAMPLE_DEPTH_M, POROSITY, PERMEABILITY, WATER_SAT, FORMATION) VALUES ('WELL00000000010-BH2', 3000, 0.2498, 235.6105, 0.7159, 'Bengal');
INSERT INTO welldata.PRODUCTION (UWI, PROD_DATE, OIL_BBL, GAS_MCF, WATER_BBL, HOURS_ON) VALUES ('WELL00000000010', TO_DATE('2015-01-01','YYYY-MM-DD'), 400.79, 9954.26, 1168.42, 588.68);
INSERT INTO welldata.PRODUCTION (UWI, PROD_DATE, OIL_BBL, GAS_MCF, WATER_BBL, HOURS_ON) VALUES ('WELL00000000010', TO_DATE('2015-02-01','YYYY-MM-DD'), 1241.59, 4255.62, 958.18, 343.28);
INSERT INTO welldata.PRODUCTION (UWI, PROD_DATE, OIL_BBL, GAS_MCF, WATER_BBL, HOURS_ON) VALUES ('WELL00000000010', TO_DATE('2015-03-01','YYYY-MM-DD'), 146.71, 10714.61, 1409.39, 556.74);
INSERT INTO welldata.PRODUCTION (UWI, PROD_DATE, OIL_BBL, GAS_MCF, WATER_BBL, HOURS_ON) VALUES ('WELL00000000010', TO_DATE('2015-04-01','YYYY-MM-DD'), 285.83, 14374.18, 493.56, 240.24);
INSERT INTO welldata.PRODUCTION (UWI, PROD_DATE, OIL_BBL, GAS_MCF, WATER_BBL, HOURS_ON) VALUES ('WELL00000000010', TO_DATE('2015-05-01','YYYY-MM-DD'), 965.34, 7598.73, 1332.92, 300.42);
INSERT INTO welldata.PRODUCTION (UWI, PROD_DATE, OIL_BBL, GAS_MCF, WATER_BBL, HOURS_ON) VALUES ('WELL00000000010', TO_DATE('2015-06-01','YYYY-MM-DD'), 2001.97, 4712.23, 637.39, 550.88);
INSERT INTO welldata.PRODUCTION (UWI, PROD_DATE, OIL_BBL, GAS_MCF, WATER_BBL, HOURS_ON) VALUES ('WELL00000000010', TO_DATE('2015-07-01','YYYY-MM-DD'), 2747.72, 13673.71, 757.2, 364.69);
INSERT INTO welldata.PRODUCTION (UWI, PROD_DATE, OIL_BBL, GAS_MCF, WATER_BBL, HOURS_ON) VALUES ('WELL00000000010', TO_DATE('2015-08-01','YYYY-MM-DD'), 2195.07, 12138.35, 552.62, 596.16);
INSERT INTO welldata.PRODUCTION (UWI, PROD_DATE, OIL_BBL, GAS_MCF, WATER_BBL, HOURS_ON) VALUES ('WELL00000000010', TO_DATE('2015-09-01','YYYY-MM-DD'), 1916.28, 1201.94, 218.88, 386.76);
INSERT INTO welldata.PRODUCTION (UWI, PROD_DATE, OIL_BBL, GAS_MCF, WATER_BBL, HOURS_ON) VALUES ('WELL00000000010', TO_DATE('2015-10-01','YYYY-MM-DD'), 2449.29, 5127.88, 633.08, 712.02);
INSERT INTO welldata.PRODUCTION (UWI, PROD_DATE, OIL_BBL, GAS_MCF, WATER_BBL, HOURS_ON) VALUES ('WELL00000000010', TO_DATE('2015-11-01','YYYY-MM-DD'), 569.43, 3414.94, 1360.01, 291.71);
INSERT INTO welldata.PRODUCTION (UWI, PROD_DATE, OIL_BBL, GAS_MCF, WATER_BBL, HOURS_ON) VALUES ('WELL00000000010', TO_DATE('2015-12-01','YYYY-MM-DD'), 2706.05, 1870.91, 574.95, 646.06);
INSERT INTO welldata.PRODUCTION (UWI, PROD_DATE, OIL_BBL, GAS_MCF, WATER_BBL, HOURS_ON) VALUES ('WELL00000000010', TO_DATE('2016-01-01','YYYY-MM-DD'), 1895.36, 7289.52, 635.38, 520.48);
INSERT INTO welldata.PRODUCTION (UWI, PROD_DATE, OIL_BBL, GAS_MCF, WATER_BBL, HOURS_ON) VALUES ('WELL00000000010', TO_DATE('2016-02-01','YYYY-MM-DD'), 116.81, 1633.07, 36.17, 593.74);
INSERT INTO welldata.PRODUCTION (UWI, PROD_DATE, OIL_BBL, GAS_MCF, WATER_BBL, HOURS_ON) VALUES ('WELL00000000010', TO_DATE('2016-03-01','YYYY-MM-DD'), 1639.26, 4306.53, 1388.0, 705.04);
INSERT INTO welldata.PRODUCTION (UWI, PROD_DATE, OIL_BBL, GAS_MCF, WATER_BBL, HOURS_ON) VALUES ('WELL00000000010', TO_DATE('2016-04-01','YYYY-MM-DD'), 1766.76, 5436.76, 952.79, 642.91);
INSERT INTO welldata.PRODUCTION (UWI, PROD_DATE, OIL_BBL, GAS_MCF, WATER_BBL, HOURS_ON) VALUES ('WELL00000000010', TO_DATE('2016-05-01','YYYY-MM-DD'), 147.58, 241.67, 503.52, 624.18);
INSERT INTO welldata.PRODUCTION (UWI, PROD_DATE, OIL_BBL, GAS_MCF, WATER_BBL, HOURS_ON) VALUES ('WELL00000000010', TO_DATE('2016-06-01','YYYY-MM-DD'), 1156.41, 9017.89, 1377.85, 656.03);
INSERT INTO welldata.PRODUCTION (UWI, PROD_DATE, OIL_BBL, GAS_MCF, WATER_BBL, HOURS_ON) VALUES ('WELL00000000010', TO_DATE('2016-07-01','YYYY-MM-DD'), 1858.33, 5170.37, 899.42, 578.37);
INSERT INTO welldata.PRODUCTION (UWI, PROD_DATE, OIL_BBL, GAS_MCF, WATER_BBL, HOURS_ON) VALUES ('WELL00000000010', TO_DATE('2016-08-01','YYYY-MM-DD'), 548.5, 9545.49, 694.22, 709.5);
INSERT INTO welldata.PRODUCTION (UWI, PROD_DATE, OIL_BBL, GAS_MCF, WATER_BBL, HOURS_ON) VALUES ('WELL00000000010', TO_DATE('2016-09-01','YYYY-MM-DD'), 1705.96, 13322.78, 805.78, 554.95);
INSERT INTO welldata.PRODUCTION (UWI, PROD_DATE, OIL_BBL, GAS_MCF, WATER_BBL, HOURS_ON) VALUES ('WELL00000000010', TO_DATE('2016-10-01','YYYY-MM-DD'), 2497.34, 5622.22, 493.57, 247.49);
INSERT INTO welldata.PRODUCTION (UWI, PROD_DATE, OIL_BBL, GAS_MCF, WATER_BBL, HOURS_ON) VALUES ('WELL00000000010', TO_DATE('2016-11-01','YYYY-MM-DD'), 54.51, 10640.33, 41.79, 509.42);
INSERT INTO welldata.PRODUCTION (UWI, PROD_DATE, OIL_BBL, GAS_MCF, WATER_BBL, HOURS_ON) VALUES ('WELL00000000010', TO_DATE('2016-12-01','YYYY-MM-DD'), 1192.17, 997.59, 168.89, 305.22);
INSERT INTO welldata.PRODUCTION (UWI, PROD_DATE, OIL_BBL, GAS_MCF, WATER_BBL, HOURS_ON) VALUES ('WELL00000000010', TO_DATE('2017-01-01','YYYY-MM-DD'), 195.62, 100.06, 661.13, 157.09);
INSERT INTO welldata.PRODUCTION (UWI, PROD_DATE, OIL_BBL, GAS_MCF, WATER_BBL, HOURS_ON) VALUES ('WELL00000000010', TO_DATE('2017-02-01','YYYY-MM-DD'), 1855.2, 12144.92, 824.97, 481.26);
INSERT INTO welldata.PRODUCTION (UWI, PROD_DATE, OIL_BBL, GAS_MCF, WATER_BBL, HOURS_ON) VALUES ('WELL00000000010', TO_DATE('2017-03-01','YYYY-MM-DD'), 2789.12, 1271.6, 1182.13, 662.84);
INSERT INTO welldata.PRODUCTION (UWI, PROD_DATE, OIL_BBL, GAS_MCF, WATER_BBL, HOURS_ON) VALUES ('WELL00000000010', TO_DATE('2017-04-01','YYYY-MM-DD'), 2214.7, 4668.41, 959.22, 157.54);
INSERT INTO welldata.PRODUCTION (UWI, PROD_DATE, OIL_BBL, GAS_MCF, WATER_BBL, HOURS_ON) VALUES ('WELL00000000010', TO_DATE('2017-05-01','YYYY-MM-DD'), 2921.8, 8546.92, 1056.91, 434.07);
INSERT INTO welldata.PRODUCTION (UWI, PROD_DATE, OIL_BBL, GAS_MCF, WATER_BBL, HOURS_ON) VALUES ('WELL00000000010', TO_DATE('2017-06-01','YYYY-MM-DD'), 1789.36, 7712.67, 1267.62, 719.76);
INSERT INTO welldata.PRODUCTION (UWI, PROD_DATE, OIL_BBL, GAS_MCF, WATER_BBL, HOURS_ON) VALUES ('WELL00000000010', TO_DATE('2017-07-01','YYYY-MM-DD'), 2985.59, 8050.94, 1030.65, 303.88);
INSERT INTO welldata.PRODUCTION (UWI, PROD_DATE, OIL_BBL, GAS_MCF, WATER_BBL, HOURS_ON) VALUES ('WELL00000000010', TO_DATE('2017-08-01','YYYY-MM-DD'), 2534.68, 2757.86, 527.67, 134.85);
INSERT INTO welldata.PRODUCTION (UWI, PROD_DATE, OIL_BBL, GAS_MCF, WATER_BBL, HOURS_ON) VALUES ('WELL00000000010', TO_DATE('2017-09-01','YYYY-MM-DD'), 1751.43, 13697.42, 1203.28, 606.64);
INSERT INTO welldata.PRODUCTION (UWI, PROD_DATE, OIL_BBL, GAS_MCF, WATER_BBL, HOURS_ON) VALUES ('WELL00000000010', TO_DATE('2017-10-01','YYYY-MM-DD'), 2506.07, 12991.75, 1103.41, 220.1);
INSERT INTO welldata.PRODUCTION (UWI, PROD_DATE, OIL_BBL, GAS_MCF, WATER_BBL, HOURS_ON) VALUES ('WELL00000000010', TO_DATE('2017-11-01','YYYY-MM-DD'), 1013.12, 6009.24, 787.53, 182.9);
INSERT INTO welldata.PRODUCTION (UWI, PROD_DATE, OIL_BBL, GAS_MCF, WATER_BBL, HOURS_ON) VALUES ('WELL00000000010', TO_DATE('2017-12-01','YYYY-MM-DD'), 1857.33, 13591.15, 836.94, 670.82);
INSERT INTO welldata.PRODUCTION (UWI, PROD_DATE, OIL_BBL, GAS_MCF, WATER_BBL, HOURS_ON) VALUES ('WELL00000000010', TO_DATE('2018-01-01','YYYY-MM-DD'), 365.84, 4788.41, 596.88, 212.79);
INSERT INTO welldata.PRODUCTION (UWI, PROD_DATE, OIL_BBL, GAS_MCF, WATER_BBL, HOURS_ON) VALUES ('WELL00000000010', TO_DATE('2018-02-01','YYYY-MM-DD'), 2608.88, 5405.82, 475.3, 276.45);
INSERT INTO welldata.PRODUCTION (UWI, PROD_DATE, OIL_BBL, GAS_MCF, WATER_BBL, HOURS_ON) VALUES ('WELL00000000010', TO_DATE('2018-03-01','YYYY-MM-DD'), 2670.14, 11391.76, 1158.02, 307.17);
INSERT INTO welldata.PRODUCTION (UWI, PROD_DATE, OIL_BBL, GAS_MCF, WATER_BBL, HOURS_ON) VALUES ('WELL00000000010', TO_DATE('2018-04-01','YYYY-MM-DD'), 2211.68, 5835.47, 48.69, 358.48);
INSERT INTO welldata.PRODUCTION (UWI, PROD_DATE, OIL_BBL, GAS_MCF, WATER_BBL, HOURS_ON) VALUES ('WELL00000000010', TO_DATE('2018-05-01','YYYY-MM-DD'), 2217.41, 7705.26, 1184.08, 210.93);
INSERT INTO welldata.PRODUCTION (UWI, PROD_DATE, OIL_BBL, GAS_MCF, WATER_BBL, HOURS_ON) VALUES ('WELL00000000010', TO_DATE('2018-06-01','YYYY-MM-DD'), 2727.85, 3005.58, 1166.54, 508.05);
INSERT INTO welldata.PRODUCTION (UWI, PROD_DATE, OIL_BBL, GAS_MCF, WATER_BBL, HOURS_ON) VALUES ('WELL00000000010', TO_DATE('2018-07-01','YYYY-MM-DD'), 2287.49, 2354.58, 25.69, 353.89);
INSERT INTO welldata.PRODUCTION (UWI, PROD_DATE, OIL_BBL, GAS_MCF, WATER_BBL, HOURS_ON) VALUES ('WELL00000000010', TO_DATE('2018-08-01','YYYY-MM-DD'), 1254.31, 4505.31, 805.05, 645.65);
INSERT INTO welldata.PRODUCTION (UWI, PROD_DATE, OIL_BBL, GAS_MCF, WATER_BBL, HOURS_ON) VALUES ('WELL00000000010', TO_DATE('2018-09-01','YYYY-MM-DD'), 1307.48, 9491.26, 858.92, 643.58);
INSERT INTO welldata.PRODUCTION (UWI, PROD_DATE, OIL_BBL, GAS_MCF, WATER_BBL, HOURS_ON) VALUES ('WELL00000000010', TO_DATE('2018-10-01','YYYY-MM-DD'), 869.71, 11432.69, 1401.68, 286.3);
INSERT INTO welldata.PRODUCTION (UWI, PROD_DATE, OIL_BBL, GAS_MCF, WATER_BBL, HOURS_ON) VALUES ('WELL00000000010', TO_DATE('2018-11-01','YYYY-MM-DD'), 1646.07, 4629.66, 642.76, 314.69);
INSERT INTO welldata.PRODUCTION (UWI, PROD_DATE, OIL_BBL, GAS_MCF, WATER_BBL, HOURS_ON) VALUES ('WELL00000000010', TO_DATE('2018-12-01','YYYY-MM-DD'), 522.27, 12619.48, 76.86, 417.94);
INSERT INTO welldata.PRODUCTION (UWI, PROD_DATE, OIL_BBL, GAS_MCF, WATER_BBL, HOURS_ON) VALUES ('WELL00000000010', TO_DATE('2019-01-01','YYYY-MM-DD'), 2452.84, 9155.53, 322.44, 182.38);
INSERT INTO welldata.PRODUCTION (UWI, PROD_DATE, OIL_BBL, GAS_MCF, WATER_BBL, HOURS_ON) VALUES ('WELL00000000010', TO_DATE('2019-02-01','YYYY-MM-DD'), 627.35, 10037.37, 572.06, 275.99);
INSERT INTO welldata.PRODUCTION (UWI, PROD_DATE, OIL_BBL, GAS_MCF, WATER_BBL, HOURS_ON) VALUES ('WELL00000000010', TO_DATE('2019-03-01','YYYY-MM-DD'), 2493.23, 3554.63, 134.5, 699.65);
INSERT INTO welldata.PRODUCTION (UWI, PROD_DATE, OIL_BBL, GAS_MCF, WATER_BBL, HOURS_ON) VALUES ('WELL00000000010', TO_DATE('2019-04-01','YYYY-MM-DD'), 489.86, 7850.66, 1269.58, 420.19);
INSERT INTO welldata.PRODUCTION (UWI, PROD_DATE, OIL_BBL, GAS_MCF, WATER_BBL, HOURS_ON) VALUES ('WELL00000000010', TO_DATE('2019-05-01','YYYY-MM-DD'), 2854.75, 4629.68, 272.36, 219.93);
INSERT INTO welldata.PRODUCTION (UWI, PROD_DATE, OIL_BBL, GAS_MCF, WATER_BBL, HOURS_ON) VALUES ('WELL00000000010', TO_DATE('2019-06-01','YYYY-MM-DD'), 1063.87, 8948.1, 1106.62, 329.06);
INSERT INTO welldata.PRODUCTION (UWI, PROD_DATE, OIL_BBL, GAS_MCF, WATER_BBL, HOURS_ON) VALUES ('WELL00000000010', TO_DATE('2019-07-01','YYYY-MM-DD'), 1079.99, 8117.86, 677.64, 516.15);
INSERT INTO welldata.PRODUCTION (UWI, PROD_DATE, OIL_BBL, GAS_MCF, WATER_BBL, HOURS_ON) VALUES ('WELL00000000010', TO_DATE('2019-08-01','YYYY-MM-DD'), 2506.32, 13208.11, 677.38, 180.08);
INSERT INTO welldata.PRODUCTION (UWI, PROD_DATE, OIL_BBL, GAS_MCF, WATER_BBL, HOURS_ON) VALUES ('WELL00000000010', TO_DATE('2019-09-01','YYYY-MM-DD'), 905.78, 3967.86, 427.49, 197.78);
INSERT INTO welldata.PRODUCTION (UWI, PROD_DATE, OIL_BBL, GAS_MCF, WATER_BBL, HOURS_ON) VALUES ('WELL00000000010', TO_DATE('2019-10-01','YYYY-MM-DD'), 2842.52, 8008.42, 1027.87, 643.99);
INSERT INTO welldata.PRODUCTION (UWI, PROD_DATE, OIL_BBL, GAS_MCF, WATER_BBL, HOURS_ON) VALUES ('WELL00000000010', TO_DATE('2019-11-01','YYYY-MM-DD'), 511.87, 14231.91, 992.4, 664.29);
INSERT INTO welldata.PRODUCTION (UWI, PROD_DATE, OIL_BBL, GAS_MCF, WATER_BBL, HOURS_ON) VALUES ('WELL00000000010', TO_DATE('2019-12-01','YYYY-MM-DD'), 2376.04, 244.31, 1082.22, 657.04);
INSERT INTO welldata.PRODUCTION (UWI, PROD_DATE, OIL_BBL, GAS_MCF, WATER_BBL, HOURS_ON) VALUES ('WELL00000000010', TO_DATE('2020-01-01','YYYY-MM-DD'), 2236.95, 3088.61, 111.27, 264.53);
INSERT INTO welldata.PRODUCTION (UWI, PROD_DATE, OIL_BBL, GAS_MCF, WATER_BBL, HOURS_ON) VALUES ('WELL00000000010', TO_DATE('2020-02-01','YYYY-MM-DD'), 726.14, 11550.4, 695.09, 465.25);
INSERT INTO welldata.PRODUCTION (UWI, PROD_DATE, OIL_BBL, GAS_MCF, WATER_BBL, HOURS_ON) VALUES ('WELL00000000010', TO_DATE('2020-03-01','YYYY-MM-DD'), 2140.54, 5548.15, 470.46, 228.83);
INSERT INTO welldata.PRODUCTION (UWI, PROD_DATE, OIL_BBL, GAS_MCF, WATER_BBL, HOURS_ON) VALUES ('WELL00000000010', TO_DATE('2020-04-01','YYYY-MM-DD'), 1399.72, 7898.58, 924.05, 273.47);
INSERT INTO welldata.PRODUCTION (UWI, PROD_DATE, OIL_BBL, GAS_MCF, WATER_BBL, HOURS_ON) VALUES ('WELL00000000010', TO_DATE('2020-05-01','YYYY-MM-DD'), 2164.2, 3791.4, 730.76, 256.73);
INSERT INTO welldata.PRODUCTION (UWI, PROD_DATE, OIL_BBL, GAS_MCF, WATER_BBL, HOURS_ON) VALUES ('WELL00000000010', TO_DATE('2020-06-01','YYYY-MM-DD'), 2793.17, 10600.05, 136.95, 376.96);
INSERT INTO welldata.PRODUCTION (UWI, PROD_DATE, OIL_BBL, GAS_MCF, WATER_BBL, HOURS_ON) VALUES ('WELL00000000010', TO_DATE('2020-07-01','YYYY-MM-DD'), 594.46, 10413.07, 85.97, 197.45);
INSERT INTO welldata.PRODUCTION (UWI, PROD_DATE, OIL_BBL, GAS_MCF, WATER_BBL, HOURS_ON) VALUES ('WELL00000000010', TO_DATE('2020-08-01','YYYY-MM-DD'), 1600.26, 14363.65, 1249.42, 290.89);
INSERT INTO welldata.PRODUCTION (UWI, PROD_DATE, OIL_BBL, GAS_MCF, WATER_BBL, HOURS_ON) VALUES ('WELL00000000010', TO_DATE('2020-09-01','YYYY-MM-DD'), 2604.21, 13445.56, 395.48, 588.45);
INSERT INTO welldata.PRODUCTION (UWI, PROD_DATE, OIL_BBL, GAS_MCF, WATER_BBL, HOURS_ON) VALUES ('WELL00000000010', TO_DATE('2020-10-01','YYYY-MM-DD'), 1515.16, 3820.53, 979.31, 535.1);
INSERT INTO welldata.PRODUCTION (UWI, PROD_DATE, OIL_BBL, GAS_MCF, WATER_BBL, HOURS_ON) VALUES ('WELL00000000010', TO_DATE('2020-11-01','YYYY-MM-DD'), 2445.74, 5160.19, 353.97, 493.75);
INSERT INTO welldata.PRODUCTION (UWI, PROD_DATE, OIL_BBL, GAS_MCF, WATER_BBL, HOURS_ON) VALUES ('WELL00000000010', TO_DATE('2020-12-01','YYYY-MM-DD'), 2863.14, 10352.22, 939.39, 303.34);
INSERT INTO welldata.PRODUCTION (UWI, PROD_DATE, OIL_BBL, GAS_MCF, WATER_BBL, HOURS_ON) VALUES ('WELL00000000010', TO_DATE('2021-01-01','YYYY-MM-DD'), 686.74, 128.89, 943.25, 161.91);
INSERT INTO welldata.PRODUCTION (UWI, PROD_DATE, OIL_BBL, GAS_MCF, WATER_BBL, HOURS_ON) VALUES ('WELL00000000010', TO_DATE('2021-02-01','YYYY-MM-DD'), 2683.95, 1696.74, 588.59, 636.21);
INSERT INTO welldata.PRODUCTION (UWI, PROD_DATE, OIL_BBL, GAS_MCF, WATER_BBL, HOURS_ON) VALUES ('WELL00000000010', TO_DATE('2021-03-01','YYYY-MM-DD'), 647.04, 11856.53, 545.77, 425.39);
INSERT INTO welldata.PRODUCTION (UWI, PROD_DATE, OIL_BBL, GAS_MCF, WATER_BBL, HOURS_ON) VALUES ('WELL00000000010', TO_DATE('2021-04-01','YYYY-MM-DD'), 764.58, 4423.78, 1202.23, 578.7);
INSERT INTO welldata.PRODUCTION (UWI, PROD_DATE, OIL_BBL, GAS_MCF, WATER_BBL, HOURS_ON) VALUES ('WELL00000000010', TO_DATE('2021-05-01','YYYY-MM-DD'), 569.74, 14173.3, 1030.22, 255.99);
INSERT INTO welldata.PRODUCTION (UWI, PROD_DATE, OIL_BBL, GAS_MCF, WATER_BBL, HOURS_ON) VALUES ('WELL00000000010', TO_DATE('2021-06-01','YYYY-MM-DD'), 2694.99, 12151.47, 1380.33, 221.74);
INSERT INTO welldata.PRODUCTION (UWI, PROD_DATE, OIL_BBL, GAS_MCF, WATER_BBL, HOURS_ON) VALUES ('WELL00000000010', TO_DATE('2021-07-01','YYYY-MM-DD'), 599.33, 14609.49, 1313.53, 579.9);
INSERT INTO welldata.PRODUCTION (UWI, PROD_DATE, OIL_BBL, GAS_MCF, WATER_BBL, HOURS_ON) VALUES ('WELL00000000010', TO_DATE('2021-08-01','YYYY-MM-DD'), 828.09, 4888.71, 1115.95, 513.04);
INSERT INTO welldata.PRODUCTION (UWI, PROD_DATE, OIL_BBL, GAS_MCF, WATER_BBL, HOURS_ON) VALUES ('WELL00000000010', TO_DATE('2021-09-01','YYYY-MM-DD'), 696.93, 12800.89, 1419.63, 365.78);
INSERT INTO welldata.PRODUCTION (UWI, PROD_DATE, OIL_BBL, GAS_MCF, WATER_BBL, HOURS_ON) VALUES ('WELL00000000010', TO_DATE('2021-10-01','YYYY-MM-DD'), 2501.17, 2724.27, 146.2, 511.03);
INSERT INTO welldata.PRODUCTION (UWI, PROD_DATE, OIL_BBL, GAS_MCF, WATER_BBL, HOURS_ON) VALUES ('WELL00000000010', TO_DATE('2021-11-01','YYYY-MM-DD'), 1851.73, 12636.48, 1260.33, 469.88);
INSERT INTO welldata.PRODUCTION (UWI, PROD_DATE, OIL_BBL, GAS_MCF, WATER_BBL, HOURS_ON) VALUES ('WELL00000000010', TO_DATE('2021-12-01','YYYY-MM-DD'), 2513.92, 12475.9, 166.41, 471.43);
INSERT INTO welldata.PRODUCTION (UWI, PROD_DATE, OIL_BBL, GAS_MCF, WATER_BBL, HOURS_ON) VALUES ('WELL00000000010', TO_DATE('2022-01-01','YYYY-MM-DD'), 2402.47, 12017.55, 720.64, 209.63);
INSERT INTO welldata.PRODUCTION (UWI, PROD_DATE, OIL_BBL, GAS_MCF, WATER_BBL, HOURS_ON) VALUES ('WELL00000000010', TO_DATE('2022-02-01','YYYY-MM-DD'), 637.19, 183.35, 181.71, 543.37);
INSERT INTO welldata.PRODUCTION (UWI, PROD_DATE, OIL_BBL, GAS_MCF, WATER_BBL, HOURS_ON) VALUES ('WELL00000000010', TO_DATE('2022-03-01','YYYY-MM-DD'), 2294.46, 11600.57, 347.92, 272.61);
INSERT INTO welldata.PRODUCTION (UWI, PROD_DATE, OIL_BBL, GAS_MCF, WATER_BBL, HOURS_ON) VALUES ('WELL00000000010', TO_DATE('2022-04-01','YYYY-MM-DD'), 2524.02, 9331.13, 210.65, 177.96);
INSERT INTO welldata.PRODUCTION (UWI, PROD_DATE, OIL_BBL, GAS_MCF, WATER_BBL, HOURS_ON) VALUES ('WELL00000000010', TO_DATE('2022-05-01','YYYY-MM-DD'), 189.23, 8128.67, 1405.4, 693.66);
INSERT INTO welldata.PRODUCTION (UWI, PROD_DATE, OIL_BBL, GAS_MCF, WATER_BBL, HOURS_ON) VALUES ('WELL00000000010', TO_DATE('2022-06-01','YYYY-MM-DD'), 2872.33, 14613.25, 873.06, 162.93);
INSERT INTO welldata.PRODUCTION (UWI, PROD_DATE, OIL_BBL, GAS_MCF, WATER_BBL, HOURS_ON) VALUES ('WELL00000000010', TO_DATE('2022-07-01','YYYY-MM-DD'), 1417.63, 6431.04, 623.22, 236.35);
INSERT INTO welldata.PRODUCTION (UWI, PROD_DATE, OIL_BBL, GAS_MCF, WATER_BBL, HOURS_ON) VALUES ('WELL00000000010', TO_DATE('2022-08-01','YYYY-MM-DD'), 678.14, 9661.74, 1363.11, 284.27);
INSERT INTO welldata.PRODUCTION (UWI, PROD_DATE, OIL_BBL, GAS_MCF, WATER_BBL, HOURS_ON) VALUES ('WELL00000000010', TO_DATE('2022-09-01','YYYY-MM-DD'), 1779.18, 13970.33, 1144.09, 714.26);
INSERT INTO welldata.PRODUCTION (UWI, PROD_DATE, OIL_BBL, GAS_MCF, WATER_BBL, HOURS_ON) VALUES ('WELL00000000010', TO_DATE('2022-10-01','YYYY-MM-DD'), 2497.28, 2103.27, 228.03, 404.48);
INSERT INTO welldata.PRODUCTION (UWI, PROD_DATE, OIL_BBL, GAS_MCF, WATER_BBL, HOURS_ON) VALUES ('WELL00000000010', TO_DATE('2022-11-01','YYYY-MM-DD'), 2633.54, 11980.37, 877.48, 228.15);
INSERT INTO welldata.PRODUCTION (UWI, PROD_DATE, OIL_BBL, GAS_MCF, WATER_BBL, HOURS_ON) VALUES ('WELL00000000010', TO_DATE('2022-12-01','YYYY-MM-DD'), 1628.5, 1751.97, 294.09, 615.41);
INSERT INTO welldata.PRODUCTION (UWI, PROD_DATE, OIL_BBL, GAS_MCF, WATER_BBL, HOURS_ON) VALUES ('WELL00000000010', TO_DATE('2023-01-01','YYYY-MM-DD'), 208.61, 14200.99, 70.93, 475.34);
INSERT INTO welldata.PRODUCTION (UWI, PROD_DATE, OIL_BBL, GAS_MCF, WATER_BBL, HOURS_ON) VALUES ('WELL00000000010', TO_DATE('2023-02-01','YYYY-MM-DD'), 479.82, 14469.25, 1214.05, 255.94);
INSERT INTO welldata.PRODUCTION (UWI, PROD_DATE, OIL_BBL, GAS_MCF, WATER_BBL, HOURS_ON) VALUES ('WELL00000000010', TO_DATE('2023-03-01','YYYY-MM-DD'), 2626.2, 12036.41, 275.66, 470.52);
INSERT INTO welldata.PRODUCTION (UWI, PROD_DATE, OIL_BBL, GAS_MCF, WATER_BBL, HOURS_ON) VALUES ('WELL00000000010', TO_DATE('2023-04-01','YYYY-MM-DD'), 545.35, 9910.78, 769.98, 400.42);
INSERT INTO welldata.PRODUCTION (UWI, PROD_DATE, OIL_BBL, GAS_MCF, WATER_BBL, HOURS_ON) VALUES ('WELL00000000010', TO_DATE('2023-05-01','YYYY-MM-DD'), 151.39, 887.8, 458.4, 440.49);
INSERT INTO welldata.PRODUCTION (UWI, PROD_DATE, OIL_BBL, GAS_MCF, WATER_BBL, HOURS_ON) VALUES ('WELL00000000010', TO_DATE('2023-06-01','YYYY-MM-DD'), 933.4, 8542.79, 1029.88, 188.59);
INSERT INTO welldata.PRODUCTION (UWI, PROD_DATE, OIL_BBL, GAS_MCF, WATER_BBL, HOURS_ON) VALUES ('WELL00000000010', TO_DATE('2023-07-01','YYYY-MM-DD'), 536.66, 5047.34, 557.41, 425.07);
INSERT INTO welldata.PRODUCTION (UWI, PROD_DATE, OIL_BBL, GAS_MCF, WATER_BBL, HOURS_ON) VALUES ('WELL00000000010', TO_DATE('2023-08-01','YYYY-MM-DD'), 51.96, 9275.52, 577.64, 390.32);
INSERT INTO welldata.PRODUCTION (UWI, PROD_DATE, OIL_BBL, GAS_MCF, WATER_BBL, HOURS_ON) VALUES ('WELL00000000010', TO_DATE('2023-09-01','YYYY-MM-DD'), 2143.17, 1825.26, 282.41, 335.76);
INSERT INTO welldata.PRODUCTION (UWI, PROD_DATE, OIL_BBL, GAS_MCF, WATER_BBL, HOURS_ON) VALUES ('WELL00000000010', TO_DATE('2023-10-01','YYYY-MM-DD'), 294.95, 1623.75, 262.08, 181.09);
INSERT INTO welldata.PRODUCTION (UWI, PROD_DATE, OIL_BBL, GAS_MCF, WATER_BBL, HOURS_ON) VALUES ('WELL00000000010', TO_DATE('2023-11-01','YYYY-MM-DD'), 1904.36, 5052.7, 891.76, 649.97);
INSERT INTO welldata.PRODUCTION (UWI, PROD_DATE, OIL_BBL, GAS_MCF, WATER_BBL, HOURS_ON) VALUES ('WELL00000000010', TO_DATE('2023-12-01','YYYY-MM-DD'), 224.57, 9583.91, 1252.69, 244.93);
INSERT INTO welldata.PRODUCTION (UWI, PROD_DATE, OIL_BBL, GAS_MCF, WATER_BBL, HOURS_ON) VALUES ('WELL00000000010', TO_DATE('2024-01-01','YYYY-MM-DD'), 2082.72, 6971.3, 1153.75, 149.49);
INSERT INTO welldata.PRODUCTION (UWI, PROD_DATE, OIL_BBL, GAS_MCF, WATER_BBL, HOURS_ON) VALUES ('WELL00000000010', TO_DATE('2024-02-01','YYYY-MM-DD'), 1622.8, 7637.25, 1095.77, 583.48);
INSERT INTO welldata.PRODUCTION (UWI, PROD_DATE, OIL_BBL, GAS_MCF, WATER_BBL, HOURS_ON) VALUES ('WELL00000000010', TO_DATE('2024-03-01','YYYY-MM-DD'), 2697.89, 10508.5, 919.72, 340.38);
INSERT INTO welldata.PRODUCTION (UWI, PROD_DATE, OIL_BBL, GAS_MCF, WATER_BBL, HOURS_ON) VALUES ('WELL00000000010', TO_DATE('2024-04-01','YYYY-MM-DD'), 1444.17, 367.39, 786.6, 671.67);
INSERT INTO welldata.PRODUCTION (UWI, PROD_DATE, OIL_BBL, GAS_MCF, WATER_BBL, HOURS_ON) VALUES ('WELL00000000010', TO_DATE('2024-05-01','YYYY-MM-DD'), 177.08, 14494.2, 826.29, 405.75);
INSERT INTO welldata.PRODUCTION (UWI, PROD_DATE, OIL_BBL, GAS_MCF, WATER_BBL, HOURS_ON) VALUES ('WELL00000000010', TO_DATE('2024-06-01','YYYY-MM-DD'), 2956.44, 3243.9, 184.28, 716.5);
INSERT INTO welldata.PRODUCTION (UWI, PROD_DATE, OIL_BBL, GAS_MCF, WATER_BBL, HOURS_ON) VALUES ('WELL00000000010', TO_DATE('2024-07-01','YYYY-MM-DD'), 1812.98, 14692.21, 407.1, 552.47);
INSERT INTO welldata.PRODUCTION (UWI, PROD_DATE, OIL_BBL, GAS_MCF, WATER_BBL, HOURS_ON) VALUES ('WELL00000000010', TO_DATE('2024-08-01','YYYY-MM-DD'), 2501.69, 9702.4, 831.87, 581.26);
INSERT INTO welldata.PRODUCTION (UWI, PROD_DATE, OIL_BBL, GAS_MCF, WATER_BBL, HOURS_ON) VALUES ('WELL00000000010', TO_DATE('2024-09-01','YYYY-MM-DD'), 2327.24, 7172.96, 757.05, 537.9);
INSERT INTO welldata.PRODUCTION (UWI, PROD_DATE, OIL_BBL, GAS_MCF, WATER_BBL, HOURS_ON) VALUES ('WELL00000000010', TO_DATE('2024-10-01','YYYY-MM-DD'), 541.84, 11845.96, 1470.13, 593.2);
INSERT INTO welldata.PRODUCTION (UWI, PROD_DATE, OIL_BBL, GAS_MCF, WATER_BBL, HOURS_ON) VALUES ('WELL00000000010', TO_DATE('2024-11-01','YYYY-MM-DD'), 2592.3, 4390.74, 333.61, 147.96);
INSERT INTO welldata.PRODUCTION (UWI, PROD_DATE, OIL_BBL, GAS_MCF, WATER_BBL, HOURS_ON) VALUES ('WELL00000000010', TO_DATE('2024-12-01','YYYY-MM-DD'), 1821.26, 11283.82, 636.6, 570.24);
INSERT INTO welldata.FORMATION_TOPS (UWI, FORMATION, TOP_DEPTH_M, BASE_DEPTH_M, LITHOLOGY) VALUES ('WELL00000000010', 'Rajahmundry', 989, 1238, 'SANDSTONE');
INSERT INTO welldata.FORMATION_TOPS (UWI, FORMATION, TOP_DEPTH_M, BASE_DEPTH_M, LITHOLOGY) VALUES ('WELL00000000010', 'Bengal', 1076, 1247, 'LIMESTONE');
INSERT INTO welldata.FORMATION_TOPS (UWI, FORMATION, TOP_DEPTH_M, BASE_DEPTH_M, LITHOLOGY) VALUES ('WELL00000000010', 'Sanchore', 1367, 1542, 'SHALE');
INSERT INTO welldata.FORMATION_TOPS (UWI, FORMATION, TOP_DEPTH_M, BASE_DEPTH_M, LITHOLOGY) VALUES ('WELL00000000010', 'Barmer', 1171, 1533, 'DOLOMITE');
INSERT INTO welldata.CORE_ANALYSIS (UWI, CORE_RUN, TOP_DEPTH_M, BASE_DEPTH_M, GRAIN_DENSITY, BULK_DENSITY, RECOVERY_PCT) VALUES ('WELL00000000010', 1, 1629, 1704, 2.6678, 1.9931, 84.73);
INSERT INTO welldata.CORE_ANALYSIS (UWI, CORE_RUN, TOP_DEPTH_M, BASE_DEPTH_M, GRAIN_DENSITY, BULK_DENSITY, RECOVERY_PCT) VALUES ('WELL00000000010', 2, 1726, 1801, 2.6383, 2.1274, 74.33);
INSERT INTO welldata.WELL (UWI, WELL_NAME, OPERATOR, COUNTRY, BASIN, FIELD_NAME, SPUD_DATE, COMPLETION_DATE, WELL_TYPE, WELL_STATUS, SURFACE_LAT, SURFACE_LON, TOTAL_DEPTH_M, KB_ELEVATION_M) VALUES ('WELL00000000011', 'RELI-CA-011', 'Reliance', 'India', 'Cambay', 'Cambay Field 4', TO_DATE('2005-07-26','YYYY-MM-DD'), NULL, 'APPRAISAL', 'ACTIVE', 21.219177, 70.054853, 3899, 99.01);
INSERT INTO welldata.BOREHOLE (UBHI, UWI, BOREHOLE_NAME, BOREHOLE_TYPE, TOP_DEPTH_M, BASE_DEPTH_M) VALUES ('WELL00000000011-BH1', 'WELL00000000011', 'RELI-CA-011-BH1', 'DIRECTIONAL', 547, 1169);
INSERT INTO welldata.PETROPHYSICS (UBHI, SAMPLE_DEPTH_M, POROSITY, PERMEABILITY, WATER_SAT, FORMATION) VALUES ('WELL00000000011-BH1', 1000, 0.1369, 259.4267, 0.1618, 'Barmer');
INSERT INTO welldata.PETROPHYSICS (UBHI, SAMPLE_DEPTH_M, POROSITY, PERMEABILITY, WATER_SAT, FORMATION) VALUES ('WELL00000000011-BH1', 1020, 0.0497, 386.0569, 0.4836, 'Barmer');
INSERT INTO welldata.PETROPHYSICS (UBHI, SAMPLE_DEPTH_M, POROSITY, PERMEABILITY, WATER_SAT, FORMATION) VALUES ('WELL00000000011-BH1', 1040, 0.2066, 168.8482, 0.1988, 'Barmer');
INSERT INTO welldata.PETROPHYSICS (UBHI, SAMPLE_DEPTH_M, POROSITY, PERMEABILITY, WATER_SAT, FORMATION) VALUES ('WELL00000000011-BH1', 1060, 0.0885, 225.3155, 0.597, 'Barmer');
INSERT INTO welldata.PETROPHYSICS (UBHI, SAMPLE_DEPTH_M, POROSITY, PERMEABILITY, WATER_SAT, FORMATION) VALUES ('WELL00000000011-BH1', 1080, 0.1362, 77.8618, 0.7149, 'Bengal');
INSERT INTO welldata.PETROPHYSICS (UBHI, SAMPLE_DEPTH_M, POROSITY, PERMEABILITY, WATER_SAT, FORMATION) VALUES ('WELL00000000011-BH1', 1100, 0.2464, 76.4138, 0.3328, 'Bengal');
INSERT INTO welldata.PETROPHYSICS (UBHI, SAMPLE_DEPTH_M, POROSITY, PERMEABILITY, WATER_SAT, FORMATION) VALUES ('WELL00000000011-BH1', 1120, 0.1411, 100.3841, 0.546, 'Barmer');
INSERT INTO welldata.PETROPHYSICS (UBHI, SAMPLE_DEPTH_M, POROSITY, PERMEABILITY, WATER_SAT, FORMATION) VALUES ('WELL00000000011-BH1', 1140, 0.1172, 18.7471, 0.6148, 'Sanchore');
INSERT INTO welldata.PETROPHYSICS (UBHI, SAMPLE_DEPTH_M, POROSITY, PERMEABILITY, WATER_SAT, FORMATION) VALUES ('WELL00000000011-BH1', 1160, 0.2615, 348.0064, 0.5853, 'Barmer');
INSERT INTO welldata.PETROPHYSICS (UBHI, SAMPLE_DEPTH_M, POROSITY, PERMEABILITY, WATER_SAT, FORMATION) VALUES ('WELL00000000011-BH1', 1180, 0.2027, 231.9181, 0.6048, 'Sanchore');
INSERT INTO welldata.PETROPHYSICS (UBHI, SAMPLE_DEPTH_M, POROSITY, PERMEABILITY, WATER_SAT, FORMATION) VALUES ('WELL00000000011-BH1', 1200, 0.0797, 397.249, 0.5741, 'Bengal');
INSERT INTO welldata.PETROPHYSICS (UBHI, SAMPLE_DEPTH_M, POROSITY, PERMEABILITY, WATER_SAT, FORMATION) VALUES ('WELL00000000011-BH1', 1220, 0.0512, 336.0022, 0.4028, 'Rajahmundry');
INSERT INTO welldata.PETROPHYSICS (UBHI, SAMPLE_DEPTH_M, POROSITY, PERMEABILITY, WATER_SAT, FORMATION) VALUES ('WELL00000000011-BH1', 1240, 0.1414, 405.7551, 0.4139, 'Barmer');
INSERT INTO welldata.PETROPHYSICS (UBHI, SAMPLE_DEPTH_M, POROSITY, PERMEABILITY, WATER_SAT, FORMATION) VALUES ('WELL00000000011-BH1', 1260, 0.0939, 117.246, 0.7436, 'Rajahmundry');
INSERT INTO welldata.PETROPHYSICS (UBHI, SAMPLE_DEPTH_M, POROSITY, PERMEABILITY, WATER_SAT, FORMATION) VALUES ('WELL00000000011-BH1', 1280, 0.0428, 80.4044, 0.1656, 'Rajahmundry');
INSERT INTO welldata.PETROPHYSICS (UBHI, SAMPLE_DEPTH_M, POROSITY, PERMEABILITY, WATER_SAT, FORMATION) VALUES ('WELL00000000011-BH1', 1300, 0.2277, 147.7755, 0.2003, 'Barmer');
INSERT INTO welldata.PETROPHYSICS (UBHI, SAMPLE_DEPTH_M, POROSITY, PERMEABILITY, WATER_SAT, FORMATION) VALUES ('WELL00000000011-BH1', 1320, 0.1786, 412.4481, 0.5826, 'Sanchore');
INSERT INTO welldata.PETROPHYSICS (UBHI, SAMPLE_DEPTH_M, POROSITY, PERMEABILITY, WATER_SAT, FORMATION) VALUES ('WELL00000000011-BH1', 1340, 0.0796, 14.2637, 0.4731, 'Sanchore');
INSERT INTO welldata.PETROPHYSICS (UBHI, SAMPLE_DEPTH_M, POROSITY, PERMEABILITY, WATER_SAT, FORMATION) VALUES ('WELL00000000011-BH1', 1360, 0.1771, 308.1785, 0.7404, 'Sanchore');
INSERT INTO welldata.PETROPHYSICS (UBHI, SAMPLE_DEPTH_M, POROSITY, PERMEABILITY, WATER_SAT, FORMATION) VALUES ('WELL00000000011-BH1', 1380, 0.188, 116.2611, 0.6441, 'Bengal');
INSERT INTO welldata.PETROPHYSICS (UBHI, SAMPLE_DEPTH_M, POROSITY, PERMEABILITY, WATER_SAT, FORMATION) VALUES ('WELL00000000011-BH1', 1400, 0.2584, 241.9253, 0.219, 'Barmer');
INSERT INTO welldata.PETROPHYSICS (UBHI, SAMPLE_DEPTH_M, POROSITY, PERMEABILITY, WATER_SAT, FORMATION) VALUES ('WELL00000000011-BH1', 1420, 0.233, 71.7461, 0.3343, 'Barmer');
INSERT INTO welldata.PETROPHYSICS (UBHI, SAMPLE_DEPTH_M, POROSITY, PERMEABILITY, WATER_SAT, FORMATION) VALUES ('WELL00000000011-BH1', 1440, 0.04, 326.9397, 0.6096, 'Rajahmundry');
INSERT INTO welldata.PETROPHYSICS (UBHI, SAMPLE_DEPTH_M, POROSITY, PERMEABILITY, WATER_SAT, FORMATION) VALUES ('WELL00000000011-BH1', 1460, 0.0662, 152.1412, 0.3706, 'Rajahmundry');
INSERT INTO welldata.PETROPHYSICS (UBHI, SAMPLE_DEPTH_M, POROSITY, PERMEABILITY, WATER_SAT, FORMATION) VALUES ('WELL00000000011-BH1', 1480, 0.1988, 353.6028, 0.6174, 'Rajahmundry');
INSERT INTO welldata.PETROPHYSICS (UBHI, SAMPLE_DEPTH_M, POROSITY, PERMEABILITY, WATER_SAT, FORMATION) VALUES ('WELL00000000011-BH1', 1500, 0.2246, 316.0143, 0.6614, 'Rajahmundry');
INSERT INTO welldata.PETROPHYSICS (UBHI, SAMPLE_DEPTH_M, POROSITY, PERMEABILITY, WATER_SAT, FORMATION) VALUES ('WELL00000000011-BH1', 1520, 0.2268, 377.2528, 0.1565, 'Sanchore');
INSERT INTO welldata.PETROPHYSICS (UBHI, SAMPLE_DEPTH_M, POROSITY, PERMEABILITY, WATER_SAT, FORMATION) VALUES ('WELL00000000011-BH1', 1540, 0.2361, 171.6058, 0.3541, 'Rajahmundry');
INSERT INTO welldata.PETROPHYSICS (UBHI, SAMPLE_DEPTH_M, POROSITY, PERMEABILITY, WATER_SAT, FORMATION) VALUES ('WELL00000000011-BH1', 1560, 0.2422, 33.1426, 0.3444, 'Barmer');
INSERT INTO welldata.PETROPHYSICS (UBHI, SAMPLE_DEPTH_M, POROSITY, PERMEABILITY, WATER_SAT, FORMATION) VALUES ('WELL00000000011-BH1', 1580, 0.1615, 310.5835, 0.6943, 'Barmer');
INSERT INTO welldata.PETROPHYSICS (UBHI, SAMPLE_DEPTH_M, POROSITY, PERMEABILITY, WATER_SAT, FORMATION) VALUES ('WELL00000000011-BH1', 1600, 0.2425, 325.8242, 0.2376, 'Bengal');
INSERT INTO welldata.PETROPHYSICS (UBHI, SAMPLE_DEPTH_M, POROSITY, PERMEABILITY, WATER_SAT, FORMATION) VALUES ('WELL00000000011-BH1', 1620, 0.2509, 251.9586, 0.1558, 'Sanchore');
INSERT INTO welldata.PETROPHYSICS (UBHI, SAMPLE_DEPTH_M, POROSITY, PERMEABILITY, WATER_SAT, FORMATION) VALUES ('WELL00000000011-BH1', 1640, 0.1195, 77.1665, 0.3733, 'Rajahmundry');
INSERT INTO welldata.PETROPHYSICS (UBHI, SAMPLE_DEPTH_M, POROSITY, PERMEABILITY, WATER_SAT, FORMATION) VALUES ('WELL00000000011-BH1', 1660, 0.1078, 333.8235, 0.3098, 'Bengal');
INSERT INTO welldata.PETROPHYSICS (UBHI, SAMPLE_DEPTH_M, POROSITY, PERMEABILITY, WATER_SAT, FORMATION) VALUES ('WELL00000000011-BH1', 1680, 0.2205, 104.4192, 0.3476, 'Sanchore');
INSERT INTO welldata.PETROPHYSICS (UBHI, SAMPLE_DEPTH_M, POROSITY, PERMEABILITY, WATER_SAT, FORMATION) VALUES ('WELL00000000011-BH1', 1700, 0.1396, 197.1093, 0.5601, 'Bengal');
INSERT INTO welldata.PETROPHYSICS (UBHI, SAMPLE_DEPTH_M, POROSITY, PERMEABILITY, WATER_SAT, FORMATION) VALUES ('WELL00000000011-BH1', 1720, 0.081, 150.0263, 0.7233, 'Barmer');
INSERT INTO welldata.PETROPHYSICS (UBHI, SAMPLE_DEPTH_M, POROSITY, PERMEABILITY, WATER_SAT, FORMATION) VALUES ('WELL00000000011-BH1', 1740, 0.1513, 236.0048, 0.6868, 'Barmer');
INSERT INTO welldata.PETROPHYSICS (UBHI, SAMPLE_DEPTH_M, POROSITY, PERMEABILITY, WATER_SAT, FORMATION) VALUES ('WELL00000000011-BH1', 1760, 0.209, 218.9471, 0.715, 'Barmer');
INSERT INTO welldata.PETROPHYSICS (UBHI, SAMPLE_DEPTH_M, POROSITY, PERMEABILITY, WATER_SAT, FORMATION) VALUES ('WELL00000000011-BH1', 1780, 0.1301, 446.5709, 0.2983, 'Rajahmundry');
INSERT INTO welldata.PETROPHYSICS (UBHI, SAMPLE_DEPTH_M, POROSITY, PERMEABILITY, WATER_SAT, FORMATION) VALUES ('WELL00000000011-BH1', 1800, 0.0807, 432.5175, 0.5691, 'Bengal');
INSERT INTO welldata.PETROPHYSICS (UBHI, SAMPLE_DEPTH_M, POROSITY, PERMEABILITY, WATER_SAT, FORMATION) VALUES ('WELL00000000011-BH1', 1820, 0.1558, 148.4148, 0.6266, 'Rajahmundry');
INSERT INTO welldata.PETROPHYSICS (UBHI, SAMPLE_DEPTH_M, POROSITY, PERMEABILITY, WATER_SAT, FORMATION) VALUES ('WELL00000000011-BH1', 1840, 0.187, 236.7648, 0.2322, 'Sanchore');
INSERT INTO welldata.PETROPHYSICS (UBHI, SAMPLE_DEPTH_M, POROSITY, PERMEABILITY, WATER_SAT, FORMATION) VALUES ('WELL00000000011-BH1', 1860, 0.1472, 234.594, 0.726, 'Barmer');
INSERT INTO welldata.PETROPHYSICS (UBHI, SAMPLE_DEPTH_M, POROSITY, PERMEABILITY, WATER_SAT, FORMATION) VALUES ('WELL00000000011-BH1', 1880, 0.1433, 249.1253, 0.2098, 'Sanchore');
INSERT INTO welldata.PETROPHYSICS (UBHI, SAMPLE_DEPTH_M, POROSITY, PERMEABILITY, WATER_SAT, FORMATION) VALUES ('WELL00000000011-BH1', 1900, 0.0702, 338.9849, 0.1695, 'Rajahmundry');
INSERT INTO welldata.PETROPHYSICS (UBHI, SAMPLE_DEPTH_M, POROSITY, PERMEABILITY, WATER_SAT, FORMATION) VALUES ('WELL00000000011-BH1', 1920, 0.0878, 73.0821, 0.4046, 'Barmer');
INSERT INTO welldata.PETROPHYSICS (UBHI, SAMPLE_DEPTH_M, POROSITY, PERMEABILITY, WATER_SAT, FORMATION) VALUES ('WELL00000000011-BH1', 1940, 0.1639, 138.8676, 0.4754, 'Bengal');
INSERT INTO welldata.PETROPHYSICS (UBHI, SAMPLE_DEPTH_M, POROSITY, PERMEABILITY, WATER_SAT, FORMATION) VALUES ('WELL00000000011-BH1', 1960, 0.1767, 214.8435, 0.4447, 'Sanchore');
INSERT INTO welldata.PETROPHYSICS (UBHI, SAMPLE_DEPTH_M, POROSITY, PERMEABILITY, WATER_SAT, FORMATION) VALUES ('WELL00000000011-BH1', 1980, 0.1495, 185.2068, 0.4986, 'Rajahmundry');
INSERT INTO welldata.PETROPHYSICS (UBHI, SAMPLE_DEPTH_M, POROSITY, PERMEABILITY, WATER_SAT, FORMATION) VALUES ('WELL00000000011-BH1', 2000, 0.168, 431.1575, 0.2723, 'Bengal');
INSERT INTO welldata.PETROPHYSICS (UBHI, SAMPLE_DEPTH_M, POROSITY, PERMEABILITY, WATER_SAT, FORMATION) VALUES ('WELL00000000011-BH1', 2020, 0.0488, 437.8196, 0.3057, 'Barmer');
INSERT INTO welldata.PETROPHYSICS (UBHI, SAMPLE_DEPTH_M, POROSITY, PERMEABILITY, WATER_SAT, FORMATION) VALUES ('WELL00000000011-BH1', 2040, 0.1297, 437.7954, 0.6449, 'Sanchore');
INSERT INTO welldata.PETROPHYSICS (UBHI, SAMPLE_DEPTH_M, POROSITY, PERMEABILITY, WATER_SAT, FORMATION) VALUES ('WELL00000000011-BH1', 2060, 0.2419, 17.0314, 0.1668, 'Sanchore');
INSERT INTO welldata.PETROPHYSICS (UBHI, SAMPLE_DEPTH_M, POROSITY, PERMEABILITY, WATER_SAT, FORMATION) VALUES ('WELL00000000011-BH1', 2080, 0.2764, 387.3985, 0.4375, 'Rajahmundry');
INSERT INTO welldata.PETROPHYSICS (UBHI, SAMPLE_DEPTH_M, POROSITY, PERMEABILITY, WATER_SAT, FORMATION) VALUES ('WELL00000000011-BH1', 2100, 0.2339, 419.2072, 0.219, 'Sanchore');
INSERT INTO welldata.PETROPHYSICS (UBHI, SAMPLE_DEPTH_M, POROSITY, PERMEABILITY, WATER_SAT, FORMATION) VALUES ('WELL00000000011-BH1', 2120, 0.1012, 70.026, 0.3157, 'Bengal');
INSERT INTO welldata.PETROPHYSICS (UBHI, SAMPLE_DEPTH_M, POROSITY, PERMEABILITY, WATER_SAT, FORMATION) VALUES ('WELL00000000011-BH1', 2140, 0.276, 40.3434, 0.3847, 'Rajahmundry');
INSERT INTO welldata.PETROPHYSICS (UBHI, SAMPLE_DEPTH_M, POROSITY, PERMEABILITY, WATER_SAT, FORMATION) VALUES ('WELL00000000011-BH1', 2160, 0.2414, 169.1183, 0.5184, 'Barmer');
INSERT INTO welldata.PETROPHYSICS (UBHI, SAMPLE_DEPTH_M, POROSITY, PERMEABILITY, WATER_SAT, FORMATION) VALUES ('WELL00000000011-BH1', 2180, 0.109, 339.1647, 0.1589, 'Rajahmundry');
INSERT INTO welldata.PETROPHYSICS (UBHI, SAMPLE_DEPTH_M, POROSITY, PERMEABILITY, WATER_SAT, FORMATION) VALUES ('WELL00000000011-BH1', 2200, 0.1236, 271.143, 0.3707, 'Barmer');
INSERT INTO welldata.PETROPHYSICS (UBHI, SAMPLE_DEPTH_M, POROSITY, PERMEABILITY, WATER_SAT, FORMATION) VALUES ('WELL00000000011-BH1', 2220, 0.0617, 142.0412, 0.1508, 'Bengal');
INSERT INTO welldata.PETROPHYSICS (UBHI, SAMPLE_DEPTH_M, POROSITY, PERMEABILITY, WATER_SAT, FORMATION) VALUES ('WELL00000000011-BH1', 2240, 0.2454, 426.2067, 0.1588, 'Rajahmundry');
INSERT INTO welldata.PETROPHYSICS (UBHI, SAMPLE_DEPTH_M, POROSITY, PERMEABILITY, WATER_SAT, FORMATION) VALUES ('WELL00000000011-BH1', 2260, 0.0725, 248.9255, 0.2888, 'Rajahmundry');
INSERT INTO welldata.PETROPHYSICS (UBHI, SAMPLE_DEPTH_M, POROSITY, PERMEABILITY, WATER_SAT, FORMATION) VALUES ('WELL00000000011-BH1', 2280, 0.0963, 38.0381, 0.2953, 'Sanchore');
INSERT INTO welldata.PETROPHYSICS (UBHI, SAMPLE_DEPTH_M, POROSITY, PERMEABILITY, WATER_SAT, FORMATION) VALUES ('WELL00000000011-BH1', 2300, 0.1007, 327.9303, 0.3755, 'Rajahmundry');
INSERT INTO welldata.PETROPHYSICS (UBHI, SAMPLE_DEPTH_M, POROSITY, PERMEABILITY, WATER_SAT, FORMATION) VALUES ('WELL00000000011-BH1', 2320, 0.2663, 4.3058, 0.6076, 'Sanchore');
INSERT INTO welldata.PETROPHYSICS (UBHI, SAMPLE_DEPTH_M, POROSITY, PERMEABILITY, WATER_SAT, FORMATION) VALUES ('WELL00000000011-BH1', 2340, 0.2513, 148.0279, 0.5015, 'Rajahmundry');
INSERT INTO welldata.PETROPHYSICS (UBHI, SAMPLE_DEPTH_M, POROSITY, PERMEABILITY, WATER_SAT, FORMATION) VALUES ('WELL00000000011-BH1', 2360, 0.1858, 429.7207, 0.2811, 'Bengal');
INSERT INTO welldata.PETROPHYSICS (UBHI, SAMPLE_DEPTH_M, POROSITY, PERMEABILITY, WATER_SAT, FORMATION) VALUES ('WELL00000000011-BH1', 2380, 0.271, 104.664, 0.5859, 'Rajahmundry');
INSERT INTO welldata.PETROPHYSICS (UBHI, SAMPLE_DEPTH_M, POROSITY, PERMEABILITY, WATER_SAT, FORMATION) VALUES ('WELL00000000011-BH1', 2400, 0.2025, 265.0722, 0.6607, 'Sanchore');
INSERT INTO welldata.PETROPHYSICS (UBHI, SAMPLE_DEPTH_M, POROSITY, PERMEABILITY, WATER_SAT, FORMATION) VALUES ('WELL00000000011-BH1', 2420, 0.2435, 267.6401, 0.5015, 'Sanchore');
INSERT INTO welldata.PETROPHYSICS (UBHI, SAMPLE_DEPTH_M, POROSITY, PERMEABILITY, WATER_SAT, FORMATION) VALUES ('WELL00000000011-BH1', 2440, 0.2459, 3.7788, 0.6396, 'Sanchore');
INSERT INTO welldata.PETROPHYSICS (UBHI, SAMPLE_DEPTH_M, POROSITY, PERMEABILITY, WATER_SAT, FORMATION) VALUES ('WELL00000000011-BH1', 2460, 0.1647, 264.8259, 0.6554, 'Bengal');
INSERT INTO welldata.PETROPHYSICS (UBHI, SAMPLE_DEPTH_M, POROSITY, PERMEABILITY, WATER_SAT, FORMATION) VALUES ('WELL00000000011-BH1', 2480, 0.2143, 62.2379, 0.3199, 'Barmer');
INSERT INTO welldata.PETROPHYSICS (UBHI, SAMPLE_DEPTH_M, POROSITY, PERMEABILITY, WATER_SAT, FORMATION) VALUES ('WELL00000000011-BH1', 2500, 0.1691, 224.9773, 0.1921, 'Barmer');
INSERT INTO welldata.PETROPHYSICS (UBHI, SAMPLE_DEPTH_M, POROSITY, PERMEABILITY, WATER_SAT, FORMATION) VALUES ('WELL00000000011-BH1', 2520, 0.2207, 15.9119, 0.4722, 'Bengal');
INSERT INTO welldata.PETROPHYSICS (UBHI, SAMPLE_DEPTH_M, POROSITY, PERMEABILITY, WATER_SAT, FORMATION) VALUES ('WELL00000000011-BH1', 2540, 0.224, 302.6581, 0.4234, 'Barmer');
INSERT INTO welldata.PETROPHYSICS (UBHI, SAMPLE_DEPTH_M, POROSITY, PERMEABILITY, WATER_SAT, FORMATION) VALUES ('WELL00000000011-BH1', 2560, 0.1296, 415.5616, 0.4134, 'Bengal');
INSERT INTO welldata.PETROPHYSICS (UBHI, SAMPLE_DEPTH_M, POROSITY, PERMEABILITY, WATER_SAT, FORMATION) VALUES ('WELL00000000011-BH1', 2580, 0.0621, 224.1669, 0.6843, 'Barmer');
INSERT INTO welldata.PETROPHYSICS (UBHI, SAMPLE_DEPTH_M, POROSITY, PERMEABILITY, WATER_SAT, FORMATION) VALUES ('WELL00000000011-BH1', 2600, 0.1364, 421.3084, 0.3809, 'Bengal');
INSERT INTO welldata.PETROPHYSICS (UBHI, SAMPLE_DEPTH_M, POROSITY, PERMEABILITY, WATER_SAT, FORMATION) VALUES ('WELL00000000011-BH1', 2620, 0.0536, 214.3877, 0.1909, 'Rajahmundry');
INSERT INTO welldata.PETROPHYSICS (UBHI, SAMPLE_DEPTH_M, POROSITY, PERMEABILITY, WATER_SAT, FORMATION) VALUES ('WELL00000000011-BH1', 2640, 0.1176, 279.995, 0.5661, 'Sanchore');
INSERT INTO welldata.PETROPHYSICS (UBHI, SAMPLE_DEPTH_M, POROSITY, PERMEABILITY, WATER_SAT, FORMATION) VALUES ('WELL00000000011-BH1', 2660, 0.1136, 331.5016, 0.6312, 'Barmer');
INSERT INTO welldata.PETROPHYSICS (UBHI, SAMPLE_DEPTH_M, POROSITY, PERMEABILITY, WATER_SAT, FORMATION) VALUES ('WELL00000000011-BH1', 2680, 0.2289, 391.0431, 0.3055, 'Sanchore');
INSERT INTO welldata.PETROPHYSICS (UBHI, SAMPLE_DEPTH_M, POROSITY, PERMEABILITY, WATER_SAT, FORMATION) VALUES ('WELL00000000011-BH1', 2700, 0.1976, 277.3391, 0.4077, 'Bengal');
INSERT INTO welldata.PETROPHYSICS (UBHI, SAMPLE_DEPTH_M, POROSITY, PERMEABILITY, WATER_SAT, FORMATION) VALUES ('WELL00000000011-BH1', 2720, 0.112, 146.6642, 0.5969, 'Sanchore');
INSERT INTO welldata.PETROPHYSICS (UBHI, SAMPLE_DEPTH_M, POROSITY, PERMEABILITY, WATER_SAT, FORMATION) VALUES ('WELL00000000011-BH1', 2740, 0.1984, 416.5678, 0.5712, 'Bengal');
INSERT INTO welldata.PETROPHYSICS (UBHI, SAMPLE_DEPTH_M, POROSITY, PERMEABILITY, WATER_SAT, FORMATION) VALUES ('WELL00000000011-BH1', 2760, 0.2225, 417.3123, 0.5513, 'Barmer');
INSERT INTO welldata.PETROPHYSICS (UBHI, SAMPLE_DEPTH_M, POROSITY, PERMEABILITY, WATER_SAT, FORMATION) VALUES ('WELL00000000011-BH1', 2780, 0.0763, 253.5484, 0.6592, 'Sanchore');
INSERT INTO welldata.PETROPHYSICS (UBHI, SAMPLE_DEPTH_M, POROSITY, PERMEABILITY, WATER_SAT, FORMATION) VALUES ('WELL00000000011-BH1', 2800, 0.2076, 252.4542, 0.7079, 'Barmer');
INSERT INTO welldata.PETROPHYSICS (UBHI, SAMPLE_DEPTH_M, POROSITY, PERMEABILITY, WATER_SAT, FORMATION) VALUES ('WELL00000000011-BH1', 2820, 0.054, 176.229, 0.2609, 'Rajahmundry');
INSERT INTO welldata.PETROPHYSICS (UBHI, SAMPLE_DEPTH_M, POROSITY, PERMEABILITY, WATER_SAT, FORMATION) VALUES ('WELL00000000011-BH1', 2840, 0.2157, 369.6412, 0.1639, 'Sanchore');
INSERT INTO welldata.PETROPHYSICS (UBHI, SAMPLE_DEPTH_M, POROSITY, PERMEABILITY, WATER_SAT, FORMATION) VALUES ('WELL00000000011-BH1', 2860, 0.0817, 101.3957, 0.6924, 'Barmer');
INSERT INTO welldata.PETROPHYSICS (UBHI, SAMPLE_DEPTH_M, POROSITY, PERMEABILITY, WATER_SAT, FORMATION) VALUES ('WELL00000000011-BH1', 2880, 0.2599, 239.8681, 0.6842, 'Bengal');
INSERT INTO welldata.PETROPHYSICS (UBHI, SAMPLE_DEPTH_M, POROSITY, PERMEABILITY, WATER_SAT, FORMATION) VALUES ('WELL00000000011-BH1', 2900, 0.261, 447.6628, 0.3726, 'Bengal');
INSERT INTO welldata.PETROPHYSICS (UBHI, SAMPLE_DEPTH_M, POROSITY, PERMEABILITY, WATER_SAT, FORMATION) VALUES ('WELL00000000011-BH1', 2920, 0.2658, 370.4508, 0.7243, 'Rajahmundry');
INSERT INTO welldata.PETROPHYSICS (UBHI, SAMPLE_DEPTH_M, POROSITY, PERMEABILITY, WATER_SAT, FORMATION) VALUES ('WELL00000000011-BH1', 2940, 0.2499, 389.4137, 0.6131, 'Barmer');
INSERT INTO welldata.PETROPHYSICS (UBHI, SAMPLE_DEPTH_M, POROSITY, PERMEABILITY, WATER_SAT, FORMATION) VALUES ('WELL00000000011-BH1', 2960, 0.1484, 360.9532, 0.669, 'Sanchore');
INSERT INTO welldata.PETROPHYSICS (UBHI, SAMPLE_DEPTH_M, POROSITY, PERMEABILITY, WATER_SAT, FORMATION) VALUES ('WELL00000000011-BH1', 2980, 0.2244, 125.5345, 0.4776, 'Sanchore');
INSERT INTO welldata.PETROPHYSICS (UBHI, SAMPLE_DEPTH_M, POROSITY, PERMEABILITY, WATER_SAT, FORMATION) VALUES ('WELL00000000011-BH1', 3000, 0.2521, 373.0647, 0.5882, 'Rajahmundry');
INSERT INTO welldata.BOREHOLE (UBHI, UWI, BOREHOLE_NAME, BOREHOLE_TYPE, TOP_DEPTH_M, BASE_DEPTH_M) VALUES ('WELL00000000011-BH2', 'WELL00000000011', 'RELI-CA-011-BH2', 'VERTICAL', 637, 1811);
INSERT INTO welldata.PETROPHYSICS (UBHI, SAMPLE_DEPTH_M, POROSITY, PERMEABILITY, WATER_SAT, FORMATION) VALUES ('WELL00000000011-BH2', 1000, 0.1941, 177.4758, 0.2502, 'Barmer');
INSERT INTO welldata.PETROPHYSICS (UBHI, SAMPLE_DEPTH_M, POROSITY, PERMEABILITY, WATER_SAT, FORMATION) VALUES ('WELL00000000011-BH2', 1020, 0.1208, 339.6631, 0.3731, 'Sanchore');
INSERT INTO welldata.PETROPHYSICS (UBHI, SAMPLE_DEPTH_M, POROSITY, PERMEABILITY, WATER_SAT, FORMATION) VALUES ('WELL00000000011-BH2', 1040, 0.1157, 335.5774, 0.3833, 'Rajahmundry');
INSERT INTO welldata.PETROPHYSICS (UBHI, SAMPLE_DEPTH_M, POROSITY, PERMEABILITY, WATER_SAT, FORMATION) VALUES ('WELL00000000011-BH2', 1060, 0.0954, 327.925, 0.3682, 'Sanchore');
INSERT INTO welldata.PETROPHYSICS (UBHI, SAMPLE_DEPTH_M, POROSITY, PERMEABILITY, WATER_SAT, FORMATION) VALUES ('WELL00000000011-BH2', 1080, 0.1732, 205.9145, 0.2994, 'Rajahmundry');
INSERT INTO welldata.PETROPHYSICS (UBHI, SAMPLE_DEPTH_M, POROSITY, PERMEABILITY, WATER_SAT, FORMATION) VALUES ('WELL00000000011-BH2', 1100, 0.0581, 66.6582, 0.6429, 'Bengal');
INSERT INTO welldata.PETROPHYSICS (UBHI, SAMPLE_DEPTH_M, POROSITY, PERMEABILITY, WATER_SAT, FORMATION) VALUES ('WELL00000000011-BH2', 1120, 0.2104, 145.0358, 0.5458, 'Barmer');
INSERT INTO welldata.PETROPHYSICS (UBHI, SAMPLE_DEPTH_M, POROSITY, PERMEABILITY, WATER_SAT, FORMATION) VALUES ('WELL00000000011-BH2', 1140, 0.1746, 199.8543, 0.5004, 'Barmer');
INSERT INTO welldata.PETROPHYSICS (UBHI, SAMPLE_DEPTH_M, POROSITY, PERMEABILITY, WATER_SAT, FORMATION) VALUES ('WELL00000000011-BH2', 1160, 0.2208, 339.3214, 0.2678, 'Sanchore');
INSERT INTO welldata.PETROPHYSICS (UBHI, SAMPLE_DEPTH_M, POROSITY, PERMEABILITY, WATER_SAT, FORMATION) VALUES ('WELL00000000011-BH2', 1180, 0.0533, 352.8156, 0.3473, 'Rajahmundry');
INSERT INTO welldata.PETROPHYSICS (UBHI, SAMPLE_DEPTH_M, POROSITY, PERMEABILITY, WATER_SAT, FORMATION) VALUES ('WELL00000000011-BH2', 1200, 0.0448, 352.0806, 0.1577, 'Barmer');
INSERT INTO welldata.PETROPHYSICS (UBHI, SAMPLE_DEPTH_M, POROSITY, PERMEABILITY, WATER_SAT, FORMATION) VALUES ('WELL00000000011-BH2', 1220, 0.1955, 68.7986, 0.3629, 'Barmer');
INSERT INTO welldata.PETROPHYSICS (UBHI, SAMPLE_DEPTH_M, POROSITY, PERMEABILITY, WATER_SAT, FORMATION) VALUES ('WELL00000000011-BH2', 1240, 0.2616, 138.6686, 0.3653, 'Rajahmundry');
INSERT INTO welldata.PETROPHYSICS (UBHI, SAMPLE_DEPTH_M, POROSITY, PERMEABILITY, WATER_SAT, FORMATION) VALUES ('WELL00000000011-BH2', 1260, 0.0583, 272.0087, 0.3585, 'Sanchore');
INSERT INTO welldata.PETROPHYSICS (UBHI, SAMPLE_DEPTH_M, POROSITY, PERMEABILITY, WATER_SAT, FORMATION) VALUES ('WELL00000000011-BH2', 1280, 0.1213, 248.7227, 0.1777, 'Barmer');
INSERT INTO welldata.PETROPHYSICS (UBHI, SAMPLE_DEPTH_M, POROSITY, PERMEABILITY, WATER_SAT, FORMATION) VALUES ('WELL00000000011-BH2', 1300, 0.1802, 266.1514, 0.2266, 'Rajahmundry');
INSERT INTO welldata.PETROPHYSICS (UBHI, SAMPLE_DEPTH_M, POROSITY, PERMEABILITY, WATER_SAT, FORMATION) VALUES ('WELL00000000011-BH2', 1320, 0.0496, 298.8427, 0.203, 'Rajahmundry');
INSERT INTO welldata.PETROPHYSICS (UBHI, SAMPLE_DEPTH_M, POROSITY, PERMEABILITY, WATER_SAT, FORMATION) VALUES ('WELL00000000011-BH2', 1340, 0.1111, 340.1982, 0.3275, 'Bengal');
INSERT INTO welldata.PETROPHYSICS (UBHI, SAMPLE_DEPTH_M, POROSITY, PERMEABILITY, WATER_SAT, FORMATION) VALUES ('WELL00000000011-BH2', 1360, 0.2131, 22.2959, 0.471, 'Rajahmundry');
INSERT INTO welldata.PETROPHYSICS (UBHI, SAMPLE_DEPTH_M, POROSITY, PERMEABILITY, WATER_SAT, FORMATION) VALUES ('WELL00000000011-BH2', 1380, 0.0771, 154.7181, 0.3163, 'Sanchore');
INSERT INTO welldata.PETROPHYSICS (UBHI, SAMPLE_DEPTH_M, POROSITY, PERMEABILITY, WATER_SAT, FORMATION) VALUES ('WELL00000000011-BH2', 1400, 0.2755, 347.2178, 0.6648, 'Barmer');
INSERT INTO welldata.PETROPHYSICS (UBHI, SAMPLE_DEPTH_M, POROSITY, PERMEABILITY, WATER_SAT, FORMATION) VALUES ('WELL00000000011-BH2', 1420, 0.144, 269.2641, 0.2364, 'Sanchore');
INSERT INTO welldata.PETROPHYSICS (UBHI, SAMPLE_DEPTH_M, POROSITY, PERMEABILITY, WATER_SAT, FORMATION) VALUES ('WELL00000000011-BH2', 1440, 0.2718, 95.8148, 0.6914, 'Rajahmundry');
INSERT INTO welldata.PETROPHYSICS (UBHI, SAMPLE_DEPTH_M, POROSITY, PERMEABILITY, WATER_SAT, FORMATION) VALUES ('WELL00000000011-BH2', 1460, 0.1615, 372.2653, 0.3691, 'Rajahmundry');
INSERT INTO welldata.PETROPHYSICS (UBHI, SAMPLE_DEPTH_M, POROSITY, PERMEABILITY, WATER_SAT, FORMATION) VALUES ('WELL00000000011-BH2', 1480, 0.1364, 370.1665, 0.5171, 'Rajahmundry');
INSERT INTO welldata.PETROPHYSICS (UBHI, SAMPLE_DEPTH_M, POROSITY, PERMEABILITY, WATER_SAT, FORMATION) VALUES ('WELL00000000011-BH2', 1500, 0.0576, 180.5922, 0.6328, 'Sanchore');
INSERT INTO welldata.PETROPHYSICS (UBHI, SAMPLE_DEPTH_M, POROSITY, PERMEABILITY, WATER_SAT, FORMATION) VALUES ('WELL00000000011-BH2', 1520, 0.1118, 64.452, 0.6547, 'Bengal');
INSERT INTO welldata.PETROPHYSICS (UBHI, SAMPLE_DEPTH_M, POROSITY, PERMEABILITY, WATER_SAT, FORMATION) VALUES ('WELL00000000011-BH2', 1540, 0.1996, 291.6957, 0.2203, 'Barmer');
INSERT INTO welldata.PETROPHYSICS (UBHI, SAMPLE_DEPTH_M, POROSITY, PERMEABILITY, WATER_SAT, FORMATION) VALUES ('WELL00000000011-BH2', 1560, 0.2597, 306.4549, 0.2863, 'Rajahmundry');
INSERT INTO welldata.PETROPHYSICS (UBHI, SAMPLE_DEPTH_M, POROSITY, PERMEABILITY, WATER_SAT, FORMATION) VALUES ('WELL00000000011-BH2', 1580, 0.1072, 137.4726, 0.4511, 'Sanchore');
INSERT INTO welldata.PETROPHYSICS (UBHI, SAMPLE_DEPTH_M, POROSITY, PERMEABILITY, WATER_SAT, FORMATION) VALUES ('WELL00000000011-BH2', 1600, 0.1831, 247.2447, 0.3512, 'Bengal');
INSERT INTO welldata.PETROPHYSICS (UBHI, SAMPLE_DEPTH_M, POROSITY, PERMEABILITY, WATER_SAT, FORMATION) VALUES ('WELL00000000011-BH2', 1620, 0.206, 281.5685, 0.2753, 'Rajahmundry');
INSERT INTO welldata.PETROPHYSICS (UBHI, SAMPLE_DEPTH_M, POROSITY, PERMEABILITY, WATER_SAT, FORMATION) VALUES ('WELL00000000011-BH2', 1640, 0.0729, 274.9236, 0.5158, 'Barmer');
INSERT INTO welldata.PETROPHYSICS (UBHI, SAMPLE_DEPTH_M, POROSITY, PERMEABILITY, WATER_SAT, FORMATION) VALUES ('WELL00000000011-BH2', 1660, 0.2064, 97.7927, 0.3064, 'Bengal');
INSERT INTO welldata.PETROPHYSICS (UBHI, SAMPLE_DEPTH_M, POROSITY, PERMEABILITY, WATER_SAT, FORMATION) VALUES ('WELL00000000011-BH2', 1680, 0.2085, 404.3969, 0.3832, 'Sanchore');
INSERT INTO welldata.PETROPHYSICS (UBHI, SAMPLE_DEPTH_M, POROSITY, PERMEABILITY, WATER_SAT, FORMATION) VALUES ('WELL00000000011-BH2', 1700, 0.2125, 81.5651, 0.4225, 'Sanchore');
INSERT INTO welldata.PETROPHYSICS (UBHI, SAMPLE_DEPTH_M, POROSITY, PERMEABILITY, WATER_SAT, FORMATION) VALUES ('WELL00000000011-BH2', 1720, 0.2236, 334.4146, 0.2489, 'Sanchore');
INSERT INTO welldata.PETROPHYSICS (UBHI, SAMPLE_DEPTH_M, POROSITY, PERMEABILITY, WATER_SAT, FORMATION) VALUES ('WELL00000000011-BH2', 1740, 0.0559, 189.728, 0.2008, 'Barmer');
INSERT INTO welldata.PETROPHYSICS (UBHI, SAMPLE_DEPTH_M, POROSITY, PERMEABILITY, WATER_SAT, FORMATION) VALUES ('WELL00000000011-BH2', 1760, 0.131, 382.9011, 0.5123, 'Barmer');
INSERT INTO welldata.PETROPHYSICS (UBHI, SAMPLE_DEPTH_M, POROSITY, PERMEABILITY, WATER_SAT, FORMATION) VALUES ('WELL00000000011-BH2', 1780, 0.0454, 268.6613, 0.4883, 'Sanchore');
INSERT INTO welldata.PETROPHYSICS (UBHI, SAMPLE_DEPTH_M, POROSITY, PERMEABILITY, WATER_SAT, FORMATION) VALUES ('WELL00000000011-BH2', 1800, 0.2361, 47.7403, 0.7084, 'Rajahmundry');
INSERT INTO welldata.PETROPHYSICS (UBHI, SAMPLE_DEPTH_M, POROSITY, PERMEABILITY, WATER_SAT, FORMATION) VALUES ('WELL00000000011-BH2', 1820, 0.2663, 56.6577, 0.4473, 'Sanchore');
INSERT INTO welldata.PETROPHYSICS (UBHI, SAMPLE_DEPTH_M, POROSITY, PERMEABILITY, WATER_SAT, FORMATION) VALUES ('WELL00000000011-BH2', 1840, 0.1432, 274.0446, 0.627, 'Barmer');
INSERT INTO welldata.PETROPHYSICS (UBHI, SAMPLE_DEPTH_M, POROSITY, PERMEABILITY, WATER_SAT, FORMATION) VALUES ('WELL00000000011-BH2', 1860, 0.067, 249.8268, 0.742, 'Rajahmundry');
INSERT INTO welldata.PETROPHYSICS (UBHI, SAMPLE_DEPTH_M, POROSITY, PERMEABILITY, WATER_SAT, FORMATION) VALUES ('WELL00000000011-BH2', 1880, 0.0405, 357.341, 0.4336, 'Barmer');
INSERT INTO welldata.PETROPHYSICS (UBHI, SAMPLE_DEPTH_M, POROSITY, PERMEABILITY, WATER_SAT, FORMATION) VALUES ('WELL00000000011-BH2', 1900, 0.2027, 251.3111, 0.723, 'Sanchore');
INSERT INTO welldata.PETROPHYSICS (UBHI, SAMPLE_DEPTH_M, POROSITY, PERMEABILITY, WATER_SAT, FORMATION) VALUES ('WELL00000000011-BH2', 1920, 0.2423, 301.6532, 0.7014, 'Barmer');
INSERT INTO welldata.PETROPHYSICS (UBHI, SAMPLE_DEPTH_M, POROSITY, PERMEABILITY, WATER_SAT, FORMATION) VALUES ('WELL00000000011-BH2', 1940, 0.2679, 439.2651, 0.6347, 'Bengal');
INSERT INTO welldata.PETROPHYSICS (UBHI, SAMPLE_DEPTH_M, POROSITY, PERMEABILITY, WATER_SAT, FORMATION) VALUES ('WELL00000000011-BH2', 1960, 0.155, 363.4188, 0.488, 'Sanchore');
INSERT INTO welldata.PETROPHYSICS (UBHI, SAMPLE_DEPTH_M, POROSITY, PERMEABILITY, WATER_SAT, FORMATION) VALUES ('WELL00000000011-BH2', 1980, 0.239, 437.805, 0.411, 'Bengal');
INSERT INTO welldata.PETROPHYSICS (UBHI, SAMPLE_DEPTH_M, POROSITY, PERMEABILITY, WATER_SAT, FORMATION) VALUES ('WELL00000000011-BH2', 2000, 0.2387, 243.8819, 0.1611, 'Sanchore');
INSERT INTO welldata.PETROPHYSICS (UBHI, SAMPLE_DEPTH_M, POROSITY, PERMEABILITY, WATER_SAT, FORMATION) VALUES ('WELL00000000011-BH2', 2020, 0.1791, 154.8213, 0.1506, 'Barmer');
INSERT INTO welldata.PETROPHYSICS (UBHI, SAMPLE_DEPTH_M, POROSITY, PERMEABILITY, WATER_SAT, FORMATION) VALUES ('WELL00000000011-BH2', 2040, 0.2431, 97.6087, 0.1764, 'Rajahmundry');
INSERT INTO welldata.PETROPHYSICS (UBHI, SAMPLE_DEPTH_M, POROSITY, PERMEABILITY, WATER_SAT, FORMATION) VALUES ('WELL00000000011-BH2', 2060, 0.1211, 148.2104, 0.5668, 'Bengal');
INSERT INTO welldata.PETROPHYSICS (UBHI, SAMPLE_DEPTH_M, POROSITY, PERMEABILITY, WATER_SAT, FORMATION) VALUES ('WELL00000000011-BH2', 2080, 0.2637, 172.8872, 0.4906, 'Rajahmundry');
INSERT INTO welldata.PETROPHYSICS (UBHI, SAMPLE_DEPTH_M, POROSITY, PERMEABILITY, WATER_SAT, FORMATION) VALUES ('WELL00000000011-BH2', 2100, 0.2251, 398.9394, 0.2201, 'Bengal');
INSERT INTO welldata.PETROPHYSICS (UBHI, SAMPLE_DEPTH_M, POROSITY, PERMEABILITY, WATER_SAT, FORMATION) VALUES ('WELL00000000011-BH2', 2120, 0.2219, 132.9802, 0.5564, 'Bengal');
INSERT INTO welldata.PETROPHYSICS (UBHI, SAMPLE_DEPTH_M, POROSITY, PERMEABILITY, WATER_SAT, FORMATION) VALUES ('WELL00000000011-BH2', 2140, 0.2518, 228.5661, 0.407, 'Rajahmundry');
INSERT INTO welldata.PETROPHYSICS (UBHI, SAMPLE_DEPTH_M, POROSITY, PERMEABILITY, WATER_SAT, FORMATION) VALUES ('WELL00000000011-BH2', 2160, 0.0715, 425.9797, 0.6521, 'Rajahmundry');
INSERT INTO welldata.PETROPHYSICS (UBHI, SAMPLE_DEPTH_M, POROSITY, PERMEABILITY, WATER_SAT, FORMATION) VALUES ('WELL00000000011-BH2', 2180, 0.1606, 144.4674, 0.1564, 'Barmer');
INSERT INTO welldata.PETROPHYSICS (UBHI, SAMPLE_DEPTH_M, POROSITY, PERMEABILITY, WATER_SAT, FORMATION) VALUES ('WELL00000000011-BH2', 2200, 0.1005, 170.3734, 0.6484, 'Bengal');
INSERT INTO welldata.PETROPHYSICS (UBHI, SAMPLE_DEPTH_M, POROSITY, PERMEABILITY, WATER_SAT, FORMATION) VALUES ('WELL00000000011-BH2', 2220, 0.1195, 95.2295, 0.4201, 'Sanchore');
INSERT INTO welldata.PETROPHYSICS (UBHI, SAMPLE_DEPTH_M, POROSITY, PERMEABILITY, WATER_SAT, FORMATION) VALUES ('WELL00000000011-BH2', 2240, 0.2647, 393.9878, 0.4531, 'Rajahmundry');
INSERT INTO welldata.PETROPHYSICS (UBHI, SAMPLE_DEPTH_M, POROSITY, PERMEABILITY, WATER_SAT, FORMATION) VALUES ('WELL00000000011-BH2', 2260, 0.2365, 375.5107, 0.19, 'Sanchore');
INSERT INTO welldata.PETROPHYSICS (UBHI, SAMPLE_DEPTH_M, POROSITY, PERMEABILITY, WATER_SAT, FORMATION) VALUES ('WELL00000000011-BH2', 2280, 0.2602, 248.5725, 0.3686, 'Sanchore');
INSERT INTO welldata.PETROPHYSICS (UBHI, SAMPLE_DEPTH_M, POROSITY, PERMEABILITY, WATER_SAT, FORMATION) VALUES ('WELL00000000011-BH2', 2300, 0.0536, 340.2361, 0.2921, 'Bengal');
INSERT INTO welldata.PETROPHYSICS (UBHI, SAMPLE_DEPTH_M, POROSITY, PERMEABILITY, WATER_SAT, FORMATION) VALUES ('WELL00000000011-BH2', 2320, 0.0451, 201.6483, 0.3782, 'Rajahmundry');
INSERT INTO welldata.PETROPHYSICS (UBHI, SAMPLE_DEPTH_M, POROSITY, PERMEABILITY, WATER_SAT, FORMATION) VALUES ('WELL00000000011-BH2', 2340, 0.0598, 196.1935, 0.2985, 'Sanchore');
INSERT INTO welldata.PETROPHYSICS (UBHI, SAMPLE_DEPTH_M, POROSITY, PERMEABILITY, WATER_SAT, FORMATION) VALUES ('WELL00000000011-BH2', 2360, 0.1339, 18.822, 0.528, 'Rajahmundry');
INSERT INTO welldata.PETROPHYSICS (UBHI, SAMPLE_DEPTH_M, POROSITY, PERMEABILITY, WATER_SAT, FORMATION) VALUES ('WELL00000000011-BH2', 2380, 0.0565, 324.109, 0.2664, 'Sanchore');
INSERT INTO welldata.PETROPHYSICS (UBHI, SAMPLE_DEPTH_M, POROSITY, PERMEABILITY, WATER_SAT, FORMATION) VALUES ('WELL00000000011-BH2', 2400, 0.0864, 230.8437, 0.4612, 'Bengal');
INSERT INTO welldata.PETROPHYSICS (UBHI, SAMPLE_DEPTH_M, POROSITY, PERMEABILITY, WATER_SAT, FORMATION) VALUES ('WELL00000000011-BH2', 2420, 0.2289, 226.888, 0.6557, 'Barmer');
INSERT INTO welldata.PETROPHYSICS (UBHI, SAMPLE_DEPTH_M, POROSITY, PERMEABILITY, WATER_SAT, FORMATION) VALUES ('WELL00000000011-BH2', 2440, 0.2297, 82.2491, 0.4698, 'Sanchore');
INSERT INTO welldata.PETROPHYSICS (UBHI, SAMPLE_DEPTH_M, POROSITY, PERMEABILITY, WATER_SAT, FORMATION) VALUES ('WELL00000000011-BH2', 2460, 0.2344, 11.8315, 0.3368, 'Rajahmundry');
INSERT INTO welldata.PETROPHYSICS (UBHI, SAMPLE_DEPTH_M, POROSITY, PERMEABILITY, WATER_SAT, FORMATION) VALUES ('WELL00000000011-BH2', 2480, 0.0739, 367.7009, 0.7115, 'Rajahmundry');
INSERT INTO welldata.PETROPHYSICS (UBHI, SAMPLE_DEPTH_M, POROSITY, PERMEABILITY, WATER_SAT, FORMATION) VALUES ('WELL00000000011-BH2', 2500, 0.0604, 141.6214, 0.54, 'Rajahmundry');
INSERT INTO welldata.PETROPHYSICS (UBHI, SAMPLE_DEPTH_M, POROSITY, PERMEABILITY, WATER_SAT, FORMATION) VALUES ('WELL00000000011-BH2', 2520, 0.275, 53.3757, 0.4403, 'Rajahmundry');
INSERT INTO welldata.PETROPHYSICS (UBHI, SAMPLE_DEPTH_M, POROSITY, PERMEABILITY, WATER_SAT, FORMATION) VALUES ('WELL00000000011-BH2', 2540, 0.115, 373.5501, 0.5143, 'Bengal');
INSERT INTO welldata.PETROPHYSICS (UBHI, SAMPLE_DEPTH_M, POROSITY, PERMEABILITY, WATER_SAT, FORMATION) VALUES ('WELL00000000011-BH2', 2560, 0.27, 24.3545, 0.5217, 'Bengal');
INSERT INTO welldata.PETROPHYSICS (UBHI, SAMPLE_DEPTH_M, POROSITY, PERMEABILITY, WATER_SAT, FORMATION) VALUES ('WELL00000000011-BH2', 2580, 0.0639, 274.0379, 0.267, 'Sanchore');
INSERT INTO welldata.PETROPHYSICS (UBHI, SAMPLE_DEPTH_M, POROSITY, PERMEABILITY, WATER_SAT, FORMATION) VALUES ('WELL00000000011-BH2', 2600, 0.1446, 409.6221, 0.4897, 'Bengal');
INSERT INTO welldata.PETROPHYSICS (UBHI, SAMPLE_DEPTH_M, POROSITY, PERMEABILITY, WATER_SAT, FORMATION) VALUES ('WELL00000000011-BH2', 2620, 0.1202, 116.8049, 0.5348, 'Rajahmundry');
INSERT INTO welldata.PETROPHYSICS (UBHI, SAMPLE_DEPTH_M, POROSITY, PERMEABILITY, WATER_SAT, FORMATION) VALUES ('WELL00000000011-BH2', 2640, 0.0574, 259.459, 0.3468, 'Rajahmundry');
INSERT INTO welldata.PETROPHYSICS (UBHI, SAMPLE_DEPTH_M, POROSITY, PERMEABILITY, WATER_SAT, FORMATION) VALUES ('WELL00000000011-BH2', 2660, 0.1246, 334.9027, 0.2609, 'Sanchore');
INSERT INTO welldata.PETROPHYSICS (UBHI, SAMPLE_DEPTH_M, POROSITY, PERMEABILITY, WATER_SAT, FORMATION) VALUES ('WELL00000000011-BH2', 2680, 0.2399, 293.2093, 0.7186, 'Barmer');
INSERT INTO welldata.PETROPHYSICS (UBHI, SAMPLE_DEPTH_M, POROSITY, PERMEABILITY, WATER_SAT, FORMATION) VALUES ('WELL00000000011-BH2', 2700, 0.1504, 217.9824, 0.6117, 'Bengal');
INSERT INTO welldata.PETROPHYSICS (UBHI, SAMPLE_DEPTH_M, POROSITY, PERMEABILITY, WATER_SAT, FORMATION) VALUES ('WELL00000000011-BH2', 2720, 0.2145, 386.0471, 0.7289, 'Rajahmundry');
INSERT INTO welldata.PETROPHYSICS (UBHI, SAMPLE_DEPTH_M, POROSITY, PERMEABILITY, WATER_SAT, FORMATION) VALUES ('WELL00000000011-BH2', 2740, 0.1072, 158.2379, 0.2786, 'Barmer');
INSERT INTO welldata.PETROPHYSICS (UBHI, SAMPLE_DEPTH_M, POROSITY, PERMEABILITY, WATER_SAT, FORMATION) VALUES ('WELL00000000011-BH2', 2760, 0.0649, 279.5689, 0.6916, 'Sanchore');
INSERT INTO welldata.PETROPHYSICS (UBHI, SAMPLE_DEPTH_M, POROSITY, PERMEABILITY, WATER_SAT, FORMATION) VALUES ('WELL00000000011-BH2', 2780, 0.2536, 72.6206, 0.2412, 'Sanchore');
INSERT INTO welldata.PETROPHYSICS (UBHI, SAMPLE_DEPTH_M, POROSITY, PERMEABILITY, WATER_SAT, FORMATION) VALUES ('WELL00000000011-BH2', 2800, 0.1255, 304.8355, 0.5136, 'Sanchore');
INSERT INTO welldata.PETROPHYSICS (UBHI, SAMPLE_DEPTH_M, POROSITY, PERMEABILITY, WATER_SAT, FORMATION) VALUES ('WELL00000000011-BH2', 2820, 0.0971, 428.2855, 0.5129, 'Bengal');
INSERT INTO welldata.PETROPHYSICS (UBHI, SAMPLE_DEPTH_M, POROSITY, PERMEABILITY, WATER_SAT, FORMATION) VALUES ('WELL00000000011-BH2', 2840, 0.1922, 192.0333, 0.573, 'Barmer');
INSERT INTO welldata.PETROPHYSICS (UBHI, SAMPLE_DEPTH_M, POROSITY, PERMEABILITY, WATER_SAT, FORMATION) VALUES ('WELL00000000011-BH2', 2860, 0.0563, 176.4333, 0.3353, 'Rajahmundry');
INSERT INTO welldata.PETROPHYSICS (UBHI, SAMPLE_DEPTH_M, POROSITY, PERMEABILITY, WATER_SAT, FORMATION) VALUES ('WELL00000000011-BH2', 2880, 0.2454, 163.0967, 0.4043, 'Barmer');
INSERT INTO welldata.PETROPHYSICS (UBHI, SAMPLE_DEPTH_M, POROSITY, PERMEABILITY, WATER_SAT, FORMATION) VALUES ('WELL00000000011-BH2', 2900, 0.1404, 346.2016, 0.4362, 'Barmer');
INSERT INTO welldata.PETROPHYSICS (UBHI, SAMPLE_DEPTH_M, POROSITY, PERMEABILITY, WATER_SAT, FORMATION) VALUES ('WELL00000000011-BH2', 2920, 0.1617, 117.867, 0.4053, 'Bengal');
INSERT INTO welldata.PETROPHYSICS (UBHI, SAMPLE_DEPTH_M, POROSITY, PERMEABILITY, WATER_SAT, FORMATION) VALUES ('WELL00000000011-BH2', 2940, 0.1453, 112.7639, 0.5939, 'Rajahmundry');
INSERT INTO welldata.PETROPHYSICS (UBHI, SAMPLE_DEPTH_M, POROSITY, PERMEABILITY, WATER_SAT, FORMATION) VALUES ('WELL00000000011-BH2', 2960, 0.1753, 63.1891, 0.2679, 'Bengal');
INSERT INTO welldata.PETROPHYSICS (UBHI, SAMPLE_DEPTH_M, POROSITY, PERMEABILITY, WATER_SAT, FORMATION) VALUES ('WELL00000000011-BH2', 2980, 0.1507, 207.7873, 0.5183, 'Barmer');
INSERT INTO welldata.PETROPHYSICS (UBHI, SAMPLE_DEPTH_M, POROSITY, PERMEABILITY, WATER_SAT, FORMATION) VALUES ('WELL00000000011-BH2', 3000, 0.2038, 123.3304, 0.4848, 'Sanchore');
INSERT INTO welldata.PRODUCTION (UWI, PROD_DATE, OIL_BBL, GAS_MCF, WATER_BBL, HOURS_ON) VALUES ('WELL00000000011', TO_DATE('2015-01-01','YYYY-MM-DD'), 1596.07, 11194.33, 231.86, 477.43);
INSERT INTO welldata.PRODUCTION (UWI, PROD_DATE, OIL_BBL, GAS_MCF, WATER_BBL, HOURS_ON) VALUES ('WELL00000000011', TO_DATE('2015-02-01','YYYY-MM-DD'), 1576.85, 4596.47, 81.71, 389.43);
INSERT INTO welldata.PRODUCTION (UWI, PROD_DATE, OIL_BBL, GAS_MCF, WATER_BBL, HOURS_ON) VALUES ('WELL00000000011', TO_DATE('2015-03-01','YYYY-MM-DD'), 273.29, 2065.3, 287.67, 532.13);
INSERT INTO welldata.PRODUCTION (UWI, PROD_DATE, OIL_BBL, GAS_MCF, WATER_BBL, HOURS_ON) VALUES ('WELL00000000011', TO_DATE('2015-04-01','YYYY-MM-DD'), 2892.84, 10206.04, 845.14, 481.34);
INSERT INTO welldata.PRODUCTION (UWI, PROD_DATE, OIL_BBL, GAS_MCF, WATER_BBL, HOURS_ON) VALUES ('WELL00000000011', TO_DATE('2015-05-01','YYYY-MM-DD'), 743.3, 9709.0, 1123.21, 258.72);
INSERT INTO welldata.PRODUCTION (UWI, PROD_DATE, OIL_BBL, GAS_MCF, WATER_BBL, HOURS_ON) VALUES ('WELL00000000011', TO_DATE('2015-06-01','YYYY-MM-DD'), 2120.11, 13247.51, 938.08, 364.9);
INSERT INTO welldata.PRODUCTION (UWI, PROD_DATE, OIL_BBL, GAS_MCF, WATER_BBL, HOURS_ON) VALUES ('WELL00000000011', TO_DATE('2015-07-01','YYYY-MM-DD'), 152.26, 6141.64, 1100.6, 235.51);
INSERT INTO welldata.PRODUCTION (UWI, PROD_DATE, OIL_BBL, GAS_MCF, WATER_BBL, HOURS_ON) VALUES ('WELL00000000011', TO_DATE('2015-08-01','YYYY-MM-DD'), 1668.15, 4119.29, 550.48, 471.92);
INSERT INTO welldata.PRODUCTION (UWI, PROD_DATE, OIL_BBL, GAS_MCF, WATER_BBL, HOURS_ON) VALUES ('WELL00000000011', TO_DATE('2015-09-01','YYYY-MM-DD'), 1963.96, 4244.64, 850.46, 555.34);
INSERT INTO welldata.PRODUCTION (UWI, PROD_DATE, OIL_BBL, GAS_MCF, WATER_BBL, HOURS_ON) VALUES ('WELL00000000011', TO_DATE('2015-10-01','YYYY-MM-DD'), 2061.64, 13312.61, 839.48, 714.11);
INSERT INTO welldata.PRODUCTION (UWI, PROD_DATE, OIL_BBL, GAS_MCF, WATER_BBL, HOURS_ON) VALUES ('WELL00000000011', TO_DATE('2015-11-01','YYYY-MM-DD'), 2723.94, 7405.2, 1381.81, 244.33);
INSERT INTO welldata.PRODUCTION (UWI, PROD_DATE, OIL_BBL, GAS_MCF, WATER_BBL, HOURS_ON) VALUES ('WELL00000000011', TO_DATE('2015-12-01','YYYY-MM-DD'), 1143.88, 14987.6, 747.44, 590.42);
INSERT INTO welldata.PRODUCTION (UWI, PROD_DATE, OIL_BBL, GAS_MCF, WATER_BBL, HOURS_ON) VALUES ('WELL00000000011', TO_DATE('2016-01-01','YYYY-MM-DD'), 2973.23, 11771.52, 1405.52, 690.62);
INSERT INTO welldata.PRODUCTION (UWI, PROD_DATE, OIL_BBL, GAS_MCF, WATER_BBL, HOURS_ON) VALUES ('WELL00000000011', TO_DATE('2016-02-01','YYYY-MM-DD'), 2527.17, 2865.42, 286.4, 672.87);
INSERT INTO welldata.PRODUCTION (UWI, PROD_DATE, OIL_BBL, GAS_MCF, WATER_BBL, HOURS_ON) VALUES ('WELL00000000011', TO_DATE('2016-03-01','YYYY-MM-DD'), 529.02, 2221.95, 67.24, 525.96);
INSERT INTO welldata.PRODUCTION (UWI, PROD_DATE, OIL_BBL, GAS_MCF, WATER_BBL, HOURS_ON) VALUES ('WELL00000000011', TO_DATE('2016-04-01','YYYY-MM-DD'), 1368.23, 11494.07, 619.44, 648.11);
INSERT INTO welldata.PRODUCTION (UWI, PROD_DATE, OIL_BBL, GAS_MCF, WATER_BBL, HOURS_ON) VALUES ('WELL00000000011', TO_DATE('2016-05-01','YYYY-MM-DD'), 2132.56, 9104.0, 691.59, 397.69);
INSERT INTO welldata.PRODUCTION (UWI, PROD_DATE, OIL_BBL, GAS_MCF, WATER_BBL, HOURS_ON) VALUES ('WELL00000000011', TO_DATE('2016-06-01','YYYY-MM-DD'), 2365.63, 6885.2, 649.11, 387.53);
INSERT INTO welldata.PRODUCTION (UWI, PROD_DATE, OIL_BBL, GAS_MCF, WATER_BBL, HOURS_ON) VALUES ('WELL00000000011', TO_DATE('2016-07-01','YYYY-MM-DD'), 2879.38, 585.81, 1354.37, 553.49);
INSERT INTO welldata.PRODUCTION (UWI, PROD_DATE, OIL_BBL, GAS_MCF, WATER_BBL, HOURS_ON) VALUES ('WELL00000000011', TO_DATE('2016-08-01','YYYY-MM-DD'), 299.05, 9013.97, 1192.91, 140.5);
INSERT INTO welldata.PRODUCTION (UWI, PROD_DATE, OIL_BBL, GAS_MCF, WATER_BBL, HOURS_ON) VALUES ('WELL00000000011', TO_DATE('2016-09-01','YYYY-MM-DD'), 2271.28, 4040.99, 562.82, 359.84);
INSERT INTO welldata.PRODUCTION (UWI, PROD_DATE, OIL_BBL, GAS_MCF, WATER_BBL, HOURS_ON) VALUES ('WELL00000000011', TO_DATE('2016-10-01','YYYY-MM-DD'), 2459.66, 1573.57, 1475.89, 524.8);
INSERT INTO welldata.PRODUCTION (UWI, PROD_DATE, OIL_BBL, GAS_MCF, WATER_BBL, HOURS_ON) VALUES ('WELL00000000011', TO_DATE('2016-11-01','YYYY-MM-DD'), 575.31, 2139.67, 1126.54, 547.18);
INSERT INTO welldata.PRODUCTION (UWI, PROD_DATE, OIL_BBL, GAS_MCF, WATER_BBL, HOURS_ON) VALUES ('WELL00000000011', TO_DATE('2016-12-01','YYYY-MM-DD'), 2397.61, 10188.45, 851.41, 147.79);
INSERT INTO welldata.PRODUCTION (UWI, PROD_DATE, OIL_BBL, GAS_MCF, WATER_BBL, HOURS_ON) VALUES ('WELL00000000011', TO_DATE('2017-01-01','YYYY-MM-DD'), 1590.31, 10979.4, 389.23, 274.93);
INSERT INTO welldata.PRODUCTION (UWI, PROD_DATE, OIL_BBL, GAS_MCF, WATER_BBL, HOURS_ON) VALUES ('WELL00000000011', TO_DATE('2017-02-01','YYYY-MM-DD'), 983.12, 14938.19, 1413.8, 133.42);
INSERT INTO welldata.PRODUCTION (UWI, PROD_DATE, OIL_BBL, GAS_MCF, WATER_BBL, HOURS_ON) VALUES ('WELL00000000011', TO_DATE('2017-03-01','YYYY-MM-DD'), 2715.27, 6965.5, 454.77, 267.07);
INSERT INTO welldata.PRODUCTION (UWI, PROD_DATE, OIL_BBL, GAS_MCF, WATER_BBL, HOURS_ON) VALUES ('WELL00000000011', TO_DATE('2017-04-01','YYYY-MM-DD'), 625.27, 13463.45, 1397.38, 605.76);
INSERT INTO welldata.PRODUCTION (UWI, PROD_DATE, OIL_BBL, GAS_MCF, WATER_BBL, HOURS_ON) VALUES ('WELL00000000011', TO_DATE('2017-05-01','YYYY-MM-DD'), 81.37, 1053.36, 466.44, 558.32);
INSERT INTO welldata.PRODUCTION (UWI, PROD_DATE, OIL_BBL, GAS_MCF, WATER_BBL, HOURS_ON) VALUES ('WELL00000000011', TO_DATE('2017-06-01','YYYY-MM-DD'), 1308.13, 3354.08, 782.66, 377.07);
INSERT INTO welldata.PRODUCTION (UWI, PROD_DATE, OIL_BBL, GAS_MCF, WATER_BBL, HOURS_ON) VALUES ('WELL00000000011', TO_DATE('2017-07-01','YYYY-MM-DD'), 2963.8, 9098.03, 470.41, 684.46);
INSERT INTO welldata.PRODUCTION (UWI, PROD_DATE, OIL_BBL, GAS_MCF, WATER_BBL, HOURS_ON) VALUES ('WELL00000000011', TO_DATE('2017-08-01','YYYY-MM-DD'), 1718.42, 1185.87, 322.01, 486.57);
INSERT INTO welldata.PRODUCTION (UWI, PROD_DATE, OIL_BBL, GAS_MCF, WATER_BBL, HOURS_ON) VALUES ('WELL00000000011', TO_DATE('2017-09-01','YYYY-MM-DD'), 2181.8, 7736.16, 1420.7, 705.02);
INSERT INTO welldata.PRODUCTION (UWI, PROD_DATE, OIL_BBL, GAS_MCF, WATER_BBL, HOURS_ON) VALUES ('WELL00000000011', TO_DATE('2017-10-01','YYYY-MM-DD'), 1028.94, 3304.86, 1334.36, 649.57);
INSERT INTO welldata.PRODUCTION (UWI, PROD_DATE, OIL_BBL, GAS_MCF, WATER_BBL, HOURS_ON) VALUES ('WELL00000000011', TO_DATE('2017-11-01','YYYY-MM-DD'), 145.19, 10167.81, 527.41, 516.73);
INSERT INTO welldata.PRODUCTION (UWI, PROD_DATE, OIL_BBL, GAS_MCF, WATER_BBL, HOURS_ON) VALUES ('WELL00000000011', TO_DATE('2017-12-01','YYYY-MM-DD'), 1439.9, 4569.63, 821.97, 617.66);
INSERT INTO welldata.PRODUCTION (UWI, PROD_DATE, OIL_BBL, GAS_MCF, WATER_BBL, HOURS_ON) VALUES ('WELL00000000011', TO_DATE('2018-01-01','YYYY-MM-DD'), 1746.01, 1749.09, 651.82, 455.0);
INSERT INTO welldata.PRODUCTION (UWI, PROD_DATE, OIL_BBL, GAS_MCF, WATER_BBL, HOURS_ON) VALUES ('WELL00000000011', TO_DATE('2018-02-01','YYYY-MM-DD'), 2644.0, 7751.77, 1064.6, 336.85);
INSERT INTO welldata.PRODUCTION (UWI, PROD_DATE, OIL_BBL, GAS_MCF, WATER_BBL, HOURS_ON) VALUES ('WELL00000000011', TO_DATE('2018-03-01','YYYY-MM-DD'), 934.78, 14311.26, 1270.75, 658.48);
INSERT INTO welldata.PRODUCTION (UWI, PROD_DATE, OIL_BBL, GAS_MCF, WATER_BBL, HOURS_ON) VALUES ('WELL00000000011', TO_DATE('2018-04-01','YYYY-MM-DD'), 2087.76, 3535.7, 1075.11, 292.47);
INSERT INTO welldata.PRODUCTION (UWI, PROD_DATE, OIL_BBL, GAS_MCF, WATER_BBL, HOURS_ON) VALUES ('WELL00000000011', TO_DATE('2018-05-01','YYYY-MM-DD'), 2732.21, 9986.86, 1047.79, 420.65);
INSERT INTO welldata.PRODUCTION (UWI, PROD_DATE, OIL_BBL, GAS_MCF, WATER_BBL, HOURS_ON) VALUES ('WELL00000000011', TO_DATE('2018-06-01','YYYY-MM-DD'), 1603.54, 9508.29, 1203.51, 295.88);
INSERT INTO welldata.PRODUCTION (UWI, PROD_DATE, OIL_BBL, GAS_MCF, WATER_BBL, HOURS_ON) VALUES ('WELL00000000011', TO_DATE('2018-07-01','YYYY-MM-DD'), 533.37, 4210.53, 657.51, 425.68);
INSERT INTO welldata.PRODUCTION (UWI, PROD_DATE, OIL_BBL, GAS_MCF, WATER_BBL, HOURS_ON) VALUES ('WELL00000000011', TO_DATE('2018-08-01','YYYY-MM-DD'), 2139.7, 1138.5, 857.1, 588.48);
INSERT INTO welldata.PRODUCTION (UWI, PROD_DATE, OIL_BBL, GAS_MCF, WATER_BBL, HOURS_ON) VALUES ('WELL00000000011', TO_DATE('2018-09-01','YYYY-MM-DD'), 205.55, 5023.77, 431.63, 269.65);
INSERT INTO welldata.PRODUCTION (UWI, PROD_DATE, OIL_BBL, GAS_MCF, WATER_BBL, HOURS_ON) VALUES ('WELL00000000011', TO_DATE('2018-10-01','YYYY-MM-DD'), 289.36, 11148.21, 213.22, 143.23);
INSERT INTO welldata.PRODUCTION (UWI, PROD_DATE, OIL_BBL, GAS_MCF, WATER_BBL, HOURS_ON) VALUES ('WELL00000000011', TO_DATE('2018-11-01','YYYY-MM-DD'), 2319.56, 5104.39, 940.02, 404.19);
INSERT INTO welldata.PRODUCTION (UWI, PROD_DATE, OIL_BBL, GAS_MCF, WATER_BBL, HOURS_ON) VALUES ('WELL00000000011', TO_DATE('2018-12-01','YYYY-MM-DD'), 1319.39, 727.38, 822.43, 710.81);
INSERT INTO welldata.PRODUCTION (UWI, PROD_DATE, OIL_BBL, GAS_MCF, WATER_BBL, HOURS_ON) VALUES ('WELL00000000011', TO_DATE('2019-01-01','YYYY-MM-DD'), 1773.27, 4800.5, 1238.88, 398.68);
INSERT INTO welldata.PRODUCTION (UWI, PROD_DATE, OIL_BBL, GAS_MCF, WATER_BBL, HOURS_ON) VALUES ('WELL00000000011', TO_DATE('2019-02-01','YYYY-MM-DD'), 2137.53, 10869.63, 503.54, 653.28);
INSERT INTO welldata.PRODUCTION (UWI, PROD_DATE, OIL_BBL, GAS_MCF, WATER_BBL, HOURS_ON) VALUES ('WELL00000000011', TO_DATE('2019-03-01','YYYY-MM-DD'), 2784.65, 13759.7, 409.4, 712.73);
INSERT INTO welldata.PRODUCTION (UWI, PROD_DATE, OIL_BBL, GAS_MCF, WATER_BBL, HOURS_ON) VALUES ('WELL00000000011', TO_DATE('2019-04-01','YYYY-MM-DD'), 833.38, 4543.06, 1366.32, 298.15);
INSERT INTO welldata.PRODUCTION (UWI, PROD_DATE, OIL_BBL, GAS_MCF, WATER_BBL, HOURS_ON) VALUES ('WELL00000000011', TO_DATE('2019-05-01','YYYY-MM-DD'), 388.64, 6863.5, 729.43, 161.26);
INSERT INTO welldata.PRODUCTION (UWI, PROD_DATE, OIL_BBL, GAS_MCF, WATER_BBL, HOURS_ON) VALUES ('WELL00000000011', TO_DATE('2019-06-01','YYYY-MM-DD'), 872.91, 4106.18, 1335.74, 413.82);
INSERT INTO welldata.PRODUCTION (UWI, PROD_DATE, OIL_BBL, GAS_MCF, WATER_BBL, HOURS_ON) VALUES ('WELL00000000011', TO_DATE('2019-07-01','YYYY-MM-DD'), 396.02, 7903.07, 853.1, 673.06);
INSERT INTO welldata.PRODUCTION (UWI, PROD_DATE, OIL_BBL, GAS_MCF, WATER_BBL, HOURS_ON) VALUES ('WELL00000000011', TO_DATE('2019-08-01','YYYY-MM-DD'), 1253.64, 1414.85, 679.56, 333.18);
INSERT INTO welldata.PRODUCTION (UWI, PROD_DATE, OIL_BBL, GAS_MCF, WATER_BBL, HOURS_ON) VALUES ('WELL00000000011', TO_DATE('2019-09-01','YYYY-MM-DD'), 89.3, 3543.66, 864.65, 325.68);
INSERT INTO welldata.PRODUCTION (UWI, PROD_DATE, OIL_BBL, GAS_MCF, WATER_BBL, HOURS_ON) VALUES ('WELL00000000011', TO_DATE('2019-10-01','YYYY-MM-DD'), 2485.5, 10558.81, 957.58, 290.12);
INSERT INTO welldata.PRODUCTION (UWI, PROD_DATE, OIL_BBL, GAS_MCF, WATER_BBL, HOURS_ON) VALUES ('WELL00000000011', TO_DATE('2019-11-01','YYYY-MM-DD'), 1073.03, 12492.91, 1305.75, 557.61);
INSERT INTO welldata.PRODUCTION (UWI, PROD_DATE, OIL_BBL, GAS_MCF, WATER_BBL, HOURS_ON) VALUES ('WELL00000000011', TO_DATE('2019-12-01','YYYY-MM-DD'), 1470.47, 10292.49, 692.8, 438.99);
INSERT INTO welldata.PRODUCTION (UWI, PROD_DATE, OIL_BBL, GAS_MCF, WATER_BBL, HOURS_ON) VALUES ('WELL00000000011', TO_DATE('2020-01-01','YYYY-MM-DD'), 526.71, 7234.83, 711.23, 382.82);
INSERT INTO welldata.PRODUCTION (UWI, PROD_DATE, OIL_BBL, GAS_MCF, WATER_BBL, HOURS_ON) VALUES ('WELL00000000011', TO_DATE('2020-02-01','YYYY-MM-DD'), 947.0, 6303.84, 663.28, 329.16);
INSERT INTO welldata.PRODUCTION (UWI, PROD_DATE, OIL_BBL, GAS_MCF, WATER_BBL, HOURS_ON) VALUES ('WELL00000000011', TO_DATE('2020-03-01','YYYY-MM-DD'), 1047.55, 12815.02, 1104.95, 177.4);
INSERT INTO welldata.PRODUCTION (UWI, PROD_DATE, OIL_BBL, GAS_MCF, WATER_BBL, HOURS_ON) VALUES ('WELL00000000011', TO_DATE('2020-04-01','YYYY-MM-DD'), 2275.01, 11369.59, 1370.26, 548.63);
INSERT INTO welldata.PRODUCTION (UWI, PROD_DATE, OIL_BBL, GAS_MCF, WATER_BBL, HOURS_ON) VALUES ('WELL00000000011', TO_DATE('2020-05-01','YYYY-MM-DD'), 105.15, 7708.82, 935.84, 625.56);
INSERT INTO welldata.PRODUCTION (UWI, PROD_DATE, OIL_BBL, GAS_MCF, WATER_BBL, HOURS_ON) VALUES ('WELL00000000011', TO_DATE('2020-06-01','YYYY-MM-DD'), 853.44, 3144.63, 1469.53, 554.98);
INSERT INTO welldata.PRODUCTION (UWI, PROD_DATE, OIL_BBL, GAS_MCF, WATER_BBL, HOURS_ON) VALUES ('WELL00000000011', TO_DATE('2020-07-01','YYYY-MM-DD'), 2911.33, 14142.1, 829.88, 651.29);
INSERT INTO welldata.PRODUCTION (UWI, PROD_DATE, OIL_BBL, GAS_MCF, WATER_BBL, HOURS_ON) VALUES ('WELL00000000011', TO_DATE('2020-08-01','YYYY-MM-DD'), 1795.47, 7133.73, 372.08, 154.13);
INSERT INTO welldata.PRODUCTION (UWI, PROD_DATE, OIL_BBL, GAS_MCF, WATER_BBL, HOURS_ON) VALUES ('WELL00000000011', TO_DATE('2020-09-01','YYYY-MM-DD'), 831.34, 422.12, 1469.07, 333.59);
INSERT INTO welldata.PRODUCTION (UWI, PROD_DATE, OIL_BBL, GAS_MCF, WATER_BBL, HOURS_ON) VALUES ('WELL00000000011', TO_DATE('2020-10-01','YYYY-MM-DD'), 1491.24, 10336.65, 214.75, 693.77);
INSERT INTO welldata.PRODUCTION (UWI, PROD_DATE, OIL_BBL, GAS_MCF, WATER_BBL, HOURS_ON) VALUES ('WELL00000000011', TO_DATE('2020-11-01','YYYY-MM-DD'), 1592.79, 6259.59, 26.76, 601.42);
INSERT INTO welldata.PRODUCTION (UWI, PROD_DATE, OIL_BBL, GAS_MCF, WATER_BBL, HOURS_ON) VALUES ('WELL00000000011', TO_DATE('2020-12-01','YYYY-MM-DD'), 895.62, 6805.09, 1234.52, 596.49);
INSERT INTO welldata.PRODUCTION (UWI, PROD_DATE, OIL_BBL, GAS_MCF, WATER_BBL, HOURS_ON) VALUES ('WELL00000000011', TO_DATE('2021-01-01','YYYY-MM-DD'), 2165.05, 549.9, 285.29, 323.88);
INSERT INTO welldata.PRODUCTION (UWI, PROD_DATE, OIL_BBL, GAS_MCF, WATER_BBL, HOURS_ON) VALUES ('WELL00000000011', TO_DATE('2021-02-01','YYYY-MM-DD'), 2394.35, 14204.17, 862.7, 322.98);
INSERT INTO welldata.PRODUCTION (UWI, PROD_DATE, OIL_BBL, GAS_MCF, WATER_BBL, HOURS_ON) VALUES ('WELL00000000011', TO_DATE('2021-03-01','YYYY-MM-DD'), 2329.05, 14114.45, 1355.54, 289.74);
INSERT INTO welldata.PRODUCTION (UWI, PROD_DATE, OIL_BBL, GAS_MCF, WATER_BBL, HOURS_ON) VALUES ('WELL00000000011', TO_DATE('2021-04-01','YYYY-MM-DD'), 2080.02, 4611.92, 60.31, 394.73);
INSERT INTO welldata.PRODUCTION (UWI, PROD_DATE, OIL_BBL, GAS_MCF, WATER_BBL, HOURS_ON) VALUES ('WELL00000000011', TO_DATE('2021-05-01','YYYY-MM-DD'), 1091.0, 3561.3, 431.02, 221.06);
INSERT INTO welldata.PRODUCTION (UWI, PROD_DATE, OIL_BBL, GAS_MCF, WATER_BBL, HOURS_ON) VALUES ('WELL00000000011', TO_DATE('2021-06-01','YYYY-MM-DD'), 1330.05, 8612.06, 1182.18, 358.55);
INSERT INTO welldata.PRODUCTION (UWI, PROD_DATE, OIL_BBL, GAS_MCF, WATER_BBL, HOURS_ON) VALUES ('WELL00000000011', TO_DATE('2021-07-01','YYYY-MM-DD'), 1166.74, 12934.27, 435.76, 327.71);
INSERT INTO welldata.PRODUCTION (UWI, PROD_DATE, OIL_BBL, GAS_MCF, WATER_BBL, HOURS_ON) VALUES ('WELL00000000011', TO_DATE('2021-08-01','YYYY-MM-DD'), 2052.95, 2118.79, 734.02, 651.99);
INSERT INTO welldata.PRODUCTION (UWI, PROD_DATE, OIL_BBL, GAS_MCF, WATER_BBL, HOURS_ON) VALUES ('WELL00000000011', TO_DATE('2021-09-01','YYYY-MM-DD'), 1928.14, 5122.8, 1132.68, 551.01);
INSERT INTO welldata.PRODUCTION (UWI, PROD_DATE, OIL_BBL, GAS_MCF, WATER_BBL, HOURS_ON) VALUES ('WELL00000000011', TO_DATE('2021-10-01','YYYY-MM-DD'), 789.29, 9448.08, 693.28, 490.77);
INSERT INTO welldata.PRODUCTION (UWI, PROD_DATE, OIL_BBL, GAS_MCF, WATER_BBL, HOURS_ON) VALUES ('WELL00000000011', TO_DATE('2021-11-01','YYYY-MM-DD'), 1895.3, 11345.2, 1345.79, 682.38);
INSERT INTO welldata.PRODUCTION (UWI, PROD_DATE, OIL_BBL, GAS_MCF, WATER_BBL, HOURS_ON) VALUES ('WELL00000000011', TO_DATE('2021-12-01','YYYY-MM-DD'), 1200.88, 6779.79, 698.61, 356.68);
INSERT INTO welldata.PRODUCTION (UWI, PROD_DATE, OIL_BBL, GAS_MCF, WATER_BBL, HOURS_ON) VALUES ('WELL00000000011', TO_DATE('2022-01-01','YYYY-MM-DD'), 1592.76, 10296.22, 21.92, 634.64);
INSERT INTO welldata.PRODUCTION (UWI, PROD_DATE, OIL_BBL, GAS_MCF, WATER_BBL, HOURS_ON) VALUES ('WELL00000000011', TO_DATE('2022-02-01','YYYY-MM-DD'), 1879.17, 6408.92, 1299.09, 691.06);
INSERT INTO welldata.PRODUCTION (UWI, PROD_DATE, OIL_BBL, GAS_MCF, WATER_BBL, HOURS_ON) VALUES ('WELL00000000011', TO_DATE('2022-03-01','YYYY-MM-DD'), 1438.94, 13913.74, 1020.34, 397.17);
INSERT INTO welldata.PRODUCTION (UWI, PROD_DATE, OIL_BBL, GAS_MCF, WATER_BBL, HOURS_ON) VALUES ('WELL00000000011', TO_DATE('2022-04-01','YYYY-MM-DD'), 2040.85, 7025.82, 22.79, 558.3);
INSERT INTO welldata.PRODUCTION (UWI, PROD_DATE, OIL_BBL, GAS_MCF, WATER_BBL, HOURS_ON) VALUES ('WELL00000000011', TO_DATE('2022-05-01','YYYY-MM-DD'), 2435.79, 7881.05, 66.56, 218.71);
INSERT INTO welldata.PRODUCTION (UWI, PROD_DATE, OIL_BBL, GAS_MCF, WATER_BBL, HOURS_ON) VALUES ('WELL00000000011', TO_DATE('2022-06-01','YYYY-MM-DD'), 404.68, 2221.21, 452.71, 623.1);
INSERT INTO welldata.PRODUCTION (UWI, PROD_DATE, OIL_BBL, GAS_MCF, WATER_BBL, HOURS_ON) VALUES ('WELL00000000011', TO_DATE('2022-07-01','YYYY-MM-DD'), 2149.6, 14902.59, 770.96, 262.47);
INSERT INTO welldata.PRODUCTION (UWI, PROD_DATE, OIL_BBL, GAS_MCF, WATER_BBL, HOURS_ON) VALUES ('WELL00000000011', TO_DATE('2022-08-01','YYYY-MM-DD'), 1466.95, 3323.16, 1147.98, 294.6);
INSERT INTO welldata.PRODUCTION (UWI, PROD_DATE, OIL_BBL, GAS_MCF, WATER_BBL, HOURS_ON) VALUES ('WELL00000000011', TO_DATE('2022-09-01','YYYY-MM-DD'), 2815.69, 12964.39, 221.6, 437.94);
INSERT INTO welldata.PRODUCTION (UWI, PROD_DATE, OIL_BBL, GAS_MCF, WATER_BBL, HOURS_ON) VALUES ('WELL00000000011', TO_DATE('2022-10-01','YYYY-MM-DD'), 1138.12, 9501.23, 1164.42, 506.68);
INSERT INTO welldata.PRODUCTION (UWI, PROD_DATE, OIL_BBL, GAS_MCF, WATER_BBL, HOURS_ON) VALUES ('WELL00000000011', TO_DATE('2022-11-01','YYYY-MM-DD'), 435.31, 10657.08, 1171.43, 255.0);
INSERT INTO welldata.PRODUCTION (UWI, PROD_DATE, OIL_BBL, GAS_MCF, WATER_BBL, HOURS_ON) VALUES ('WELL00000000011', TO_DATE('2022-12-01','YYYY-MM-DD'), 795.29, 8151.93, 43.34, 127.42);
INSERT INTO welldata.PRODUCTION (UWI, PROD_DATE, OIL_BBL, GAS_MCF, WATER_BBL, HOURS_ON) VALUES ('WELL00000000011', TO_DATE('2023-01-01','YYYY-MM-DD'), 1526.3, 1060.83, 1292.32, 447.15);
INSERT INTO welldata.PRODUCTION (UWI, PROD_DATE, OIL_BBL, GAS_MCF, WATER_BBL, HOURS_ON) VALUES ('WELL00000000011', TO_DATE('2023-02-01','YYYY-MM-DD'), 241.71, 6511.21, 312.19, 476.9);
INSERT INTO welldata.PRODUCTION (UWI, PROD_DATE, OIL_BBL, GAS_MCF, WATER_BBL, HOURS_ON) VALUES ('WELL00000000011', TO_DATE('2023-03-01','YYYY-MM-DD'), 883.48, 14443.22, 256.53, 161.12);
INSERT INTO welldata.PRODUCTION (UWI, PROD_DATE, OIL_BBL, GAS_MCF, WATER_BBL, HOURS_ON) VALUES ('WELL00000000011', TO_DATE('2023-04-01','YYYY-MM-DD'), 1818.04, 9570.79, 832.05, 704.66);
INSERT INTO welldata.PRODUCTION (UWI, PROD_DATE, OIL_BBL, GAS_MCF, WATER_BBL, HOURS_ON) VALUES ('WELL00000000011', TO_DATE('2023-05-01','YYYY-MM-DD'), 334.43, 12050.4, 1286.11, 415.34);
INSERT INTO welldata.PRODUCTION (UWI, PROD_DATE, OIL_BBL, GAS_MCF, WATER_BBL, HOURS_ON) VALUES ('WELL00000000011', TO_DATE('2023-06-01','YYYY-MM-DD'), 1068.52, 7075.1, 453.14, 406.92);
INSERT INTO welldata.PRODUCTION (UWI, PROD_DATE, OIL_BBL, GAS_MCF, WATER_BBL, HOURS_ON) VALUES ('WELL00000000011', TO_DATE('2023-07-01','YYYY-MM-DD'), 1743.4, 10185.02, 1296.46, 532.5);
INSERT INTO welldata.PRODUCTION (UWI, PROD_DATE, OIL_BBL, GAS_MCF, WATER_BBL, HOURS_ON) VALUES ('WELL00000000011', TO_DATE('2023-08-01','YYYY-MM-DD'), 2313.63, 6555.27, 1178.82, 714.12);
INSERT INTO welldata.PRODUCTION (UWI, PROD_DATE, OIL_BBL, GAS_MCF, WATER_BBL, HOURS_ON) VALUES ('WELL00000000011', TO_DATE('2023-09-01','YYYY-MM-DD'), 2546.37, 10863.88, 1096.59, 716.95);
INSERT INTO welldata.PRODUCTION (UWI, PROD_DATE, OIL_BBL, GAS_MCF, WATER_BBL, HOURS_ON) VALUES ('WELL00000000011', TO_DATE('2023-10-01','YYYY-MM-DD'), 1108.6, 11634.37, 1202.44, 483.76);
INSERT INTO welldata.PRODUCTION (UWI, PROD_DATE, OIL_BBL, GAS_MCF, WATER_BBL, HOURS_ON) VALUES ('WELL00000000011', TO_DATE('2023-11-01','YYYY-MM-DD'), 574.68, 117.95, 1228.91, 698.2);
INSERT INTO welldata.PRODUCTION (UWI, PROD_DATE, OIL_BBL, GAS_MCF, WATER_BBL, HOURS_ON) VALUES ('WELL00000000011', TO_DATE('2023-12-01','YYYY-MM-DD'), 1792.31, 14735.27, 751.18, 207.59);
INSERT INTO welldata.PRODUCTION (UWI, PROD_DATE, OIL_BBL, GAS_MCF, WATER_BBL, HOURS_ON) VALUES ('WELL00000000011', TO_DATE('2024-01-01','YYYY-MM-DD'), 844.74, 2379.75, 664.18, 717.27);
INSERT INTO welldata.PRODUCTION (UWI, PROD_DATE, OIL_BBL, GAS_MCF, WATER_BBL, HOURS_ON) VALUES ('WELL00000000011', TO_DATE('2024-02-01','YYYY-MM-DD'), 2052.38, 8342.62, 1369.65, 471.11);
INSERT INTO welldata.PRODUCTION (UWI, PROD_DATE, OIL_BBL, GAS_MCF, WATER_BBL, HOURS_ON) VALUES ('WELL00000000011', TO_DATE('2024-03-01','YYYY-MM-DD'), 923.37, 11915.8, 561.56, 164.54);
INSERT INTO welldata.PRODUCTION (UWI, PROD_DATE, OIL_BBL, GAS_MCF, WATER_BBL, HOURS_ON) VALUES ('WELL00000000011', TO_DATE('2024-04-01','YYYY-MM-DD'), 805.62, 758.56, 611.06, 678.56);
INSERT INTO welldata.PRODUCTION (UWI, PROD_DATE, OIL_BBL, GAS_MCF, WATER_BBL, HOURS_ON) VALUES ('WELL00000000011', TO_DATE('2024-05-01','YYYY-MM-DD'), 858.81, 12933.73, 256.16, 125.76);
INSERT INTO welldata.PRODUCTION (UWI, PROD_DATE, OIL_BBL, GAS_MCF, WATER_BBL, HOURS_ON) VALUES ('WELL00000000011', TO_DATE('2024-06-01','YYYY-MM-DD'), 1868.12, 11163.43, 929.9, 374.06);
INSERT INTO welldata.PRODUCTION (UWI, PROD_DATE, OIL_BBL, GAS_MCF, WATER_BBL, HOURS_ON) VALUES ('WELL00000000011', TO_DATE('2024-07-01','YYYY-MM-DD'), 2654.78, 12829.94, 894.13, 319.62);
INSERT INTO welldata.PRODUCTION (UWI, PROD_DATE, OIL_BBL, GAS_MCF, WATER_BBL, HOURS_ON) VALUES ('WELL00000000011', TO_DATE('2024-08-01','YYYY-MM-DD'), 2745.49, 5051.14, 375.39, 390.61);
INSERT INTO welldata.PRODUCTION (UWI, PROD_DATE, OIL_BBL, GAS_MCF, WATER_BBL, HOURS_ON) VALUES ('WELL00000000011', TO_DATE('2024-09-01','YYYY-MM-DD'), 644.32, 2824.91, 200.73, 492.35);
INSERT INTO welldata.PRODUCTION (UWI, PROD_DATE, OIL_BBL, GAS_MCF, WATER_BBL, HOURS_ON) VALUES ('WELL00000000011', TO_DATE('2024-10-01','YYYY-MM-DD'), 414.64, 7132.43, 120.03, 413.55);
INSERT INTO welldata.PRODUCTION (UWI, PROD_DATE, OIL_BBL, GAS_MCF, WATER_BBL, HOURS_ON) VALUES ('WELL00000000011', TO_DATE('2024-11-01','YYYY-MM-DD'), 1633.83, 2019.3, 408.14, 702.05);
INSERT INTO welldata.PRODUCTION (UWI, PROD_DATE, OIL_BBL, GAS_MCF, WATER_BBL, HOURS_ON) VALUES ('WELL00000000011', TO_DATE('2024-12-01','YYYY-MM-DD'), 1238.05, 9548.18, 630.38, 277.51);
INSERT INTO welldata.FORMATION_TOPS (UWI, FORMATION, TOP_DEPTH_M, BASE_DEPTH_M, LITHOLOGY) VALUES ('WELL00000000011', 'Rajahmundry', 717, 897, 'SANDSTONE');
INSERT INTO welldata.FORMATION_TOPS (UWI, FORMATION, TOP_DEPTH_M, BASE_DEPTH_M, LITHOLOGY) VALUES ('WELL00000000011', 'Bengal', 890, 1056, 'LIMESTONE');
INSERT INTO welldata.FORMATION_TOPS (UWI, FORMATION, TOP_DEPTH_M, BASE_DEPTH_M, LITHOLOGY) VALUES ('WELL00000000011', 'Sanchore', 1284, 1427, 'SHALE');
INSERT INTO welldata.FORMATION_TOPS (UWI, FORMATION, TOP_DEPTH_M, BASE_DEPTH_M, LITHOLOGY) VALUES ('WELL00000000011', 'Barmer', 1653, 1963, 'DOLOMITE');
INSERT INTO welldata.CORE_ANALYSIS (UWI, CORE_RUN, TOP_DEPTH_M, BASE_DEPTH_M, GRAIN_DENSITY, BULK_DENSITY, RECOVERY_PCT) VALUES ('WELL00000000011', 1, 1364, 1403, 2.6157, 2.0795, 64.04);
INSERT INTO welldata.CORE_ANALYSIS (UWI, CORE_RUN, TOP_DEPTH_M, BASE_DEPTH_M, GRAIN_DENSITY, BULK_DENSITY, RECOVERY_PCT) VALUES ('WELL00000000011', 2, 2184, 2236, 2.5601, 1.9247, 70.74);
INSERT INTO welldata.WELL (UWI, WELL_NAME, OPERATOR, COUNTRY, BASIN, FIELD_NAME, SPUD_DATE, COMPLETION_DATE, WELL_TYPE, WELL_STATUS, SURFACE_LAT, SURFACE_LON, TOTAL_DEPTH_M, KB_ELEVATION_M) VALUES ('WELL00000000012', 'CAIR-RA-012', 'Cairn India', 'India', 'Rajasthan', 'Rajasthan Field 4', TO_DATE('2006-08-28','YYYY-MM-DD'), TO_DATE('2010-04-04','YYYY-MM-DD'), 'DEVELOPMENT', 'ABANDONED', 21.506812, 72.144245, 2618, 113.51);
INSERT INTO welldata.BOREHOLE (UBHI, UWI, BOREHOLE_NAME, BOREHOLE_TYPE, TOP_DEPTH_M, BASE_DEPTH_M) VALUES ('WELL00000000012-BH1', 'WELL00000000012', 'CAIR-RA-012-BH1', 'VERTICAL', 816, 1632);
INSERT INTO welldata.PETROPHYSICS (UBHI, SAMPLE_DEPTH_M, POROSITY, PERMEABILITY, WATER_SAT, FORMATION) VALUES ('WELL00000000012-BH1', 1000, 0.0787, 49.9443, 0.7422, 'Rajahmundry');
INSERT INTO welldata.PETROPHYSICS (UBHI, SAMPLE_DEPTH_M, POROSITY, PERMEABILITY, WATER_SAT, FORMATION) VALUES ('WELL00000000012-BH1', 1020, 0.1995, 57.1025, 0.4545, 'Bengal');
INSERT INTO welldata.PETROPHYSICS (UBHI, SAMPLE_DEPTH_M, POROSITY, PERMEABILITY, WATER_SAT, FORMATION) VALUES ('WELL00000000012-BH1', 1040, 0.1501, 374.0977, 0.4667, 'Barmer');
INSERT INTO welldata.PETROPHYSICS (UBHI, SAMPLE_DEPTH_M, POROSITY, PERMEABILITY, WATER_SAT, FORMATION) VALUES ('WELL00000000012-BH1', 1060, 0.1547, 10.0142, 0.3744, 'Sanchore');
INSERT INTO welldata.PETROPHYSICS (UBHI, SAMPLE_DEPTH_M, POROSITY, PERMEABILITY, WATER_SAT, FORMATION) VALUES ('WELL00000000012-BH1', 1080, 0.2659, 49.7523, 0.693, 'Barmer');
INSERT INTO welldata.PETROPHYSICS (UBHI, SAMPLE_DEPTH_M, POROSITY, PERMEABILITY, WATER_SAT, FORMATION) VALUES ('WELL00000000012-BH1', 1100, 0.0889, 146.9045, 0.3975, 'Barmer');
INSERT INTO welldata.PETROPHYSICS (UBHI, SAMPLE_DEPTH_M, POROSITY, PERMEABILITY, WATER_SAT, FORMATION) VALUES ('WELL00000000012-BH1', 1120, 0.0818, 372.9192, 0.1628, 'Sanchore');
INSERT INTO welldata.PETROPHYSICS (UBHI, SAMPLE_DEPTH_M, POROSITY, PERMEABILITY, WATER_SAT, FORMATION) VALUES ('WELL00000000012-BH1', 1140, 0.0983, 42.1705, 0.182, 'Sanchore');
INSERT INTO welldata.PETROPHYSICS (UBHI, SAMPLE_DEPTH_M, POROSITY, PERMEABILITY, WATER_SAT, FORMATION) VALUES ('WELL00000000012-BH1', 1160, 0.1377, 86.0777, 0.6006, 'Sanchore');
INSERT INTO welldata.PETROPHYSICS (UBHI, SAMPLE_DEPTH_M, POROSITY, PERMEABILITY, WATER_SAT, FORMATION) VALUES ('WELL00000000012-BH1', 1180, 0.1926, 198.4737, 0.4745, 'Sanchore');
INSERT INTO welldata.PETROPHYSICS (UBHI, SAMPLE_DEPTH_M, POROSITY, PERMEABILITY, WATER_SAT, FORMATION) VALUES ('WELL00000000012-BH1', 1200, 0.2275, 93.6224, 0.5195, 'Bengal');
INSERT INTO welldata.PETROPHYSICS (UBHI, SAMPLE_DEPTH_M, POROSITY, PERMEABILITY, WATER_SAT, FORMATION) VALUES ('WELL00000000012-BH1', 1220, 0.1442, 129.3627, 0.4227, 'Rajahmundry');
INSERT INTO welldata.PETROPHYSICS (UBHI, SAMPLE_DEPTH_M, POROSITY, PERMEABILITY, WATER_SAT, FORMATION) VALUES ('WELL00000000012-BH1', 1240, 0.0952, 170.5622, 0.5429, 'Bengal');
INSERT INTO welldata.PETROPHYSICS (UBHI, SAMPLE_DEPTH_M, POROSITY, PERMEABILITY, WATER_SAT, FORMATION) VALUES ('WELL00000000012-BH1', 1260, 0.2315, 141.0616, 0.3941, 'Sanchore');
INSERT INTO welldata.PETROPHYSICS (UBHI, SAMPLE_DEPTH_M, POROSITY, PERMEABILITY, WATER_SAT, FORMATION) VALUES ('WELL00000000012-BH1', 1280, 0.0792, 448.9517, 0.3677, 'Rajahmundry');
INSERT INTO welldata.PETROPHYSICS (UBHI, SAMPLE_DEPTH_M, POROSITY, PERMEABILITY, WATER_SAT, FORMATION) VALUES ('WELL00000000012-BH1', 1300, 0.1821, 259.5973, 0.173, 'Barmer');
INSERT INTO welldata.PETROPHYSICS (UBHI, SAMPLE_DEPTH_M, POROSITY, PERMEABILITY, WATER_SAT, FORMATION) VALUES ('WELL00000000012-BH1', 1320, 0.1496, 328.8979, 0.1814, 'Rajahmundry');
INSERT INTO welldata.PETROPHYSICS (UBHI, SAMPLE_DEPTH_M, POROSITY, PERMEABILITY, WATER_SAT, FORMATION) VALUES ('WELL00000000012-BH1', 1340, 0.1908, 89.299, 0.2907, 'Bengal');
INSERT INTO welldata.PETROPHYSICS (UBHI, SAMPLE_DEPTH_M, POROSITY, PERMEABILITY, WATER_SAT, FORMATION) VALUES ('WELL00000000012-BH1', 1360, 0.2474, 63.2592, 0.5372, 'Bengal');
INSERT INTO welldata.PETROPHYSICS (UBHI, SAMPLE_DEPTH_M, POROSITY, PERMEABILITY, WATER_SAT, FORMATION) VALUES ('WELL00000000012-BH1', 1380, 0.2372, 189.8139, 0.6566, 'Rajahmundry');
INSERT INTO welldata.PETROPHYSICS (UBHI, SAMPLE_DEPTH_M, POROSITY, PERMEABILITY, WATER_SAT, FORMATION) VALUES ('WELL00000000012-BH1', 1400, 0.27, 395.0037, 0.6137, 'Sanchore');
INSERT INTO welldata.PETROPHYSICS (UBHI, SAMPLE_DEPTH_M, POROSITY, PERMEABILITY, WATER_SAT, FORMATION) VALUES ('WELL00000000012-BH1', 1420, 0.2148, 395.325, 0.2375, 'Barmer');
INSERT INTO welldata.PETROPHYSICS (UBHI, SAMPLE_DEPTH_M, POROSITY, PERMEABILITY, WATER_SAT, FORMATION) VALUES ('WELL00000000012-BH1', 1440, 0.1193, 342.2845, 0.5583, 'Rajahmundry');
INSERT INTO welldata.PETROPHYSICS (UBHI, SAMPLE_DEPTH_M, POROSITY, PERMEABILITY, WATER_SAT, FORMATION) VALUES ('WELL00000000012-BH1', 1460, 0.1694, 422.8288, 0.5819, 'Rajahmundry');
INSERT INTO welldata.PETROPHYSICS (UBHI, SAMPLE_DEPTH_M, POROSITY, PERMEABILITY, WATER_SAT, FORMATION) VALUES ('WELL00000000012-BH1', 1480, 0.2667, 72.3319, 0.2335, 'Rajahmundry');
INSERT INTO welldata.PETROPHYSICS (UBHI, SAMPLE_DEPTH_M, POROSITY, PERMEABILITY, WATER_SAT, FORMATION) VALUES ('WELL00000000012-BH1', 1500, 0.2478, 160.2453, 0.3872, 'Barmer');
INSERT INTO welldata.PETROPHYSICS (UBHI, SAMPLE_DEPTH_M, POROSITY, PERMEABILITY, WATER_SAT, FORMATION) VALUES ('WELL00000000012-BH1', 1520, 0.1108, 291.0526, 0.4935, 'Bengal');
INSERT INTO welldata.PETROPHYSICS (UBHI, SAMPLE_DEPTH_M, POROSITY, PERMEABILITY, WATER_SAT, FORMATION) VALUES ('WELL00000000012-BH1', 1540, 0.1009, 338.6514, 0.3789, 'Bengal');
INSERT INTO welldata.PETROPHYSICS (UBHI, SAMPLE_DEPTH_M, POROSITY, PERMEABILITY, WATER_SAT, FORMATION) VALUES ('WELL00000000012-BH1', 1560, 0.1723, 257.1278, 0.5477, 'Barmer');
INSERT INTO welldata.PETROPHYSICS (UBHI, SAMPLE_DEPTH_M, POROSITY, PERMEABILITY, WATER_SAT, FORMATION) VALUES ('WELL00000000012-BH1', 1580, 0.1218, 283.8262, 0.1811, 'Bengal');
INSERT INTO welldata.PETROPHYSICS (UBHI, SAMPLE_DEPTH_M, POROSITY, PERMEABILITY, WATER_SAT, FORMATION) VALUES ('WELL00000000012-BH1', 1600, 0.0602, 60.0488, 0.2765, 'Rajahmundry');
INSERT INTO welldata.PETROPHYSICS (UBHI, SAMPLE_DEPTH_M, POROSITY, PERMEABILITY, WATER_SAT, FORMATION) VALUES ('WELL00000000012-BH1', 1620, 0.2389, 115.8939, 0.7112, 'Rajahmundry');
INSERT INTO welldata.PETROPHYSICS (UBHI, SAMPLE_DEPTH_M, POROSITY, PERMEABILITY, WATER_SAT, FORMATION) VALUES ('WELL00000000012-BH1', 1640, 0.0868, 232.6008, 0.6064, 'Sanchore');
INSERT INTO welldata.PETROPHYSICS (UBHI, SAMPLE_DEPTH_M, POROSITY, PERMEABILITY, WATER_SAT, FORMATION) VALUES ('WELL00000000012-BH1', 1660, 0.2452, 161.3365, 0.6983, 'Bengal');
INSERT INTO welldata.PETROPHYSICS (UBHI, SAMPLE_DEPTH_M, POROSITY, PERMEABILITY, WATER_SAT, FORMATION) VALUES ('WELL00000000012-BH1', 1680, 0.1479, 154.9002, 0.4492, 'Bengal');
INSERT INTO welldata.PETROPHYSICS (UBHI, SAMPLE_DEPTH_M, POROSITY, PERMEABILITY, WATER_SAT, FORMATION) VALUES ('WELL00000000012-BH1', 1700, 0.2761, 128.7043, 0.5346, 'Sanchore');
INSERT INTO welldata.PETROPHYSICS (UBHI, SAMPLE_DEPTH_M, POROSITY, PERMEABILITY, WATER_SAT, FORMATION) VALUES ('WELL00000000012-BH1', 1720, 0.2265, 173.7708, 0.2091, 'Rajahmundry');
INSERT INTO welldata.PETROPHYSICS (UBHI, SAMPLE_DEPTH_M, POROSITY, PERMEABILITY, WATER_SAT, FORMATION) VALUES ('WELL00000000012-BH1', 1740, 0.1917, 120.7691, 0.3817, 'Barmer');
INSERT INTO welldata.PETROPHYSICS (UBHI, SAMPLE_DEPTH_M, POROSITY, PERMEABILITY, WATER_SAT, FORMATION) VALUES ('WELL00000000012-BH1', 1760, 0.2399, 274.5683, 0.7368, 'Rajahmundry');
INSERT INTO welldata.PETROPHYSICS (UBHI, SAMPLE_DEPTH_M, POROSITY, PERMEABILITY, WATER_SAT, FORMATION) VALUES ('WELL00000000012-BH1', 1780, 0.1227, 428.3575, 0.7309, 'Sanchore');
INSERT INTO welldata.PETROPHYSICS (UBHI, SAMPLE_DEPTH_M, POROSITY, PERMEABILITY, WATER_SAT, FORMATION) VALUES ('WELL00000000012-BH1', 1800, 0.2729, 430.0411, 0.3926, 'Rajahmundry');
INSERT INTO welldata.PETROPHYSICS (UBHI, SAMPLE_DEPTH_M, POROSITY, PERMEABILITY, WATER_SAT, FORMATION) VALUES ('WELL00000000012-BH1', 1820, 0.1599, 249.4521, 0.53, 'Bengal');
INSERT INTO welldata.PETROPHYSICS (UBHI, SAMPLE_DEPTH_M, POROSITY, PERMEABILITY, WATER_SAT, FORMATION) VALUES ('WELL00000000012-BH1', 1840, 0.267, 409.4971, 0.736, 'Sanchore');
INSERT INTO welldata.PETROPHYSICS (UBHI, SAMPLE_DEPTH_M, POROSITY, PERMEABILITY, WATER_SAT, FORMATION) VALUES ('WELL00000000012-BH1', 1860, 0.1917, 232.3509, 0.1612, 'Bengal');
INSERT INTO welldata.PETROPHYSICS (UBHI, SAMPLE_DEPTH_M, POROSITY, PERMEABILITY, WATER_SAT, FORMATION) VALUES ('WELL00000000012-BH1', 1880, 0.201, 26.0578, 0.7042, 'Sanchore');
INSERT INTO welldata.PETROPHYSICS (UBHI, SAMPLE_DEPTH_M, POROSITY, PERMEABILITY, WATER_SAT, FORMATION) VALUES ('WELL00000000012-BH1', 1900, 0.1899, 253.6222, 0.6377, 'Bengal');
INSERT INTO welldata.PETROPHYSICS (UBHI, SAMPLE_DEPTH_M, POROSITY, PERMEABILITY, WATER_SAT, FORMATION) VALUES ('WELL00000000012-BH1', 1920, 0.2081, 218.9317, 0.4877, 'Sanchore');
INSERT INTO welldata.PETROPHYSICS (UBHI, SAMPLE_DEPTH_M, POROSITY, PERMEABILITY, WATER_SAT, FORMATION) VALUES ('WELL00000000012-BH1', 1940, 0.258, 97.0094, 0.2876, 'Sanchore');
INSERT INTO welldata.PETROPHYSICS (UBHI, SAMPLE_DEPTH_M, POROSITY, PERMEABILITY, WATER_SAT, FORMATION) VALUES ('WELL00000000012-BH1', 1960, 0.2727, 37.911, 0.3145, 'Barmer');
INSERT INTO welldata.PETROPHYSICS (UBHI, SAMPLE_DEPTH_M, POROSITY, PERMEABILITY, WATER_SAT, FORMATION) VALUES ('WELL00000000012-BH1', 1980, 0.1889, 21.631, 0.5888, 'Barmer');
INSERT INTO welldata.PETROPHYSICS (UBHI, SAMPLE_DEPTH_M, POROSITY, PERMEABILITY, WATER_SAT, FORMATION) VALUES ('WELL00000000012-BH1', 2000, 0.0479, 108.075, 0.4418, 'Bengal');
INSERT INTO welldata.PETROPHYSICS (UBHI, SAMPLE_DEPTH_M, POROSITY, PERMEABILITY, WATER_SAT, FORMATION) VALUES ('WELL00000000012-BH1', 2020, 0.0404, 140.4482, 0.7096, 'Barmer');
INSERT INTO welldata.PETROPHYSICS (UBHI, SAMPLE_DEPTH_M, POROSITY, PERMEABILITY, WATER_SAT, FORMATION) VALUES ('WELL00000000012-BH1', 2040, 0.1891, 7.6126, 0.4576, 'Rajahmundry');
INSERT INTO welldata.PETROPHYSICS (UBHI, SAMPLE_DEPTH_M, POROSITY, PERMEABILITY, WATER_SAT, FORMATION) VALUES ('WELL00000000012-BH1', 2060, 0.2448, 293.8256, 0.2584, 'Sanchore');
INSERT INTO welldata.PETROPHYSICS (UBHI, SAMPLE_DEPTH_M, POROSITY, PERMEABILITY, WATER_SAT, FORMATION) VALUES ('WELL00000000012-BH1', 2080, 0.1858, 84.576, 0.2465, 'Sanchore');
INSERT INTO welldata.PETROPHYSICS (UBHI, SAMPLE_DEPTH_M, POROSITY, PERMEABILITY, WATER_SAT, FORMATION) VALUES ('WELL00000000012-BH1', 2100, 0.0437, 117.0714, 0.3412, 'Bengal');
INSERT INTO welldata.PETROPHYSICS (UBHI, SAMPLE_DEPTH_M, POROSITY, PERMEABILITY, WATER_SAT, FORMATION) VALUES ('WELL00000000012-BH1', 2120, 0.0883, 331.3096, 0.2655, 'Bengal');
INSERT INTO welldata.PETROPHYSICS (UBHI, SAMPLE_DEPTH_M, POROSITY, PERMEABILITY, WATER_SAT, FORMATION) VALUES ('WELL00000000012-BH1', 2140, 0.269, 30.6114, 0.4976, 'Barmer');
INSERT INTO welldata.PETROPHYSICS (UBHI, SAMPLE_DEPTH_M, POROSITY, PERMEABILITY, WATER_SAT, FORMATION) VALUES ('WELL00000000012-BH1', 2160, 0.1627, 144.2339, 0.3685, 'Barmer');
INSERT INTO welldata.PETROPHYSICS (UBHI, SAMPLE_DEPTH_M, POROSITY, PERMEABILITY, WATER_SAT, FORMATION) VALUES ('WELL00000000012-BH1', 2180, 0.0792, 183.4444, 0.4038, 'Rajahmundry');
INSERT INTO welldata.PETROPHYSICS (UBHI, SAMPLE_DEPTH_M, POROSITY, PERMEABILITY, WATER_SAT, FORMATION) VALUES ('WELL00000000012-BH1', 2200, 0.0763, 307.3888, 0.5516, 'Rajahmundry');
INSERT INTO welldata.PETROPHYSICS (UBHI, SAMPLE_DEPTH_M, POROSITY, PERMEABILITY, WATER_SAT, FORMATION) VALUES ('WELL00000000012-BH1', 2220, 0.1799, 45.6116, 0.3323, 'Bengal');
INSERT INTO welldata.PETROPHYSICS (UBHI, SAMPLE_DEPTH_M, POROSITY, PERMEABILITY, WATER_SAT, FORMATION) VALUES ('WELL00000000012-BH1', 2240, 0.0967, 339.545, 0.537, 'Barmer');
INSERT INTO welldata.PETROPHYSICS (UBHI, SAMPLE_DEPTH_M, POROSITY, PERMEABILITY, WATER_SAT, FORMATION) VALUES ('WELL00000000012-BH1', 2260, 0.165, 315.4928, 0.6285, 'Barmer');
INSERT INTO welldata.PETROPHYSICS (UBHI, SAMPLE_DEPTH_M, POROSITY, PERMEABILITY, WATER_SAT, FORMATION) VALUES ('WELL00000000012-BH1', 2280, 0.1363, 109.4117, 0.4112, 'Bengal');
INSERT INTO welldata.PETROPHYSICS (UBHI, SAMPLE_DEPTH_M, POROSITY, PERMEABILITY, WATER_SAT, FORMATION) VALUES ('WELL00000000012-BH1', 2300, 0.1321, 237.7384, 0.2895, 'Barmer');
INSERT INTO welldata.PETROPHYSICS (UBHI, SAMPLE_DEPTH_M, POROSITY, PERMEABILITY, WATER_SAT, FORMATION) VALUES ('WELL00000000012-BH1', 2320, 0.1517, 214.0606, 0.1573, 'Rajahmundry');
INSERT INTO welldata.PETROPHYSICS (UBHI, SAMPLE_DEPTH_M, POROSITY, PERMEABILITY, WATER_SAT, FORMATION) VALUES ('WELL00000000012-BH1', 2340, 0.0655, 186.0842, 0.6231, 'Rajahmundry');
INSERT INTO welldata.PETROPHYSICS (UBHI, SAMPLE_DEPTH_M, POROSITY, PERMEABILITY, WATER_SAT, FORMATION) VALUES ('WELL00000000012-BH1', 2360, 0.161, 122.2806, 0.673, 'Bengal');
INSERT INTO welldata.PETROPHYSICS (UBHI, SAMPLE_DEPTH_M, POROSITY, PERMEABILITY, WATER_SAT, FORMATION) VALUES ('WELL00000000012-BH1', 2380, 0.2567, 227.7817, 0.356, 'Barmer');
INSERT INTO welldata.PETROPHYSICS (UBHI, SAMPLE_DEPTH_M, POROSITY, PERMEABILITY, WATER_SAT, FORMATION) VALUES ('WELL00000000012-BH1', 2400, 0.0405, 251.3651, 0.5648, 'Bengal');
INSERT INTO welldata.PETROPHYSICS (UBHI, SAMPLE_DEPTH_M, POROSITY, PERMEABILITY, WATER_SAT, FORMATION) VALUES ('WELL00000000012-BH1', 2420, 0.0659, 82.3537, 0.2856, 'Sanchore');
INSERT INTO welldata.PETROPHYSICS (UBHI, SAMPLE_DEPTH_M, POROSITY, PERMEABILITY, WATER_SAT, FORMATION) VALUES ('WELL00000000012-BH1', 2440, 0.1195, 124.5916, 0.7243, 'Rajahmundry');
INSERT INTO welldata.PETROPHYSICS (UBHI, SAMPLE_DEPTH_M, POROSITY, PERMEABILITY, WATER_SAT, FORMATION) VALUES ('WELL00000000012-BH1', 2460, 0.1943, 247.1492, 0.313, 'Sanchore');
INSERT INTO welldata.PETROPHYSICS (UBHI, SAMPLE_DEPTH_M, POROSITY, PERMEABILITY, WATER_SAT, FORMATION) VALUES ('WELL00000000012-BH1', 2480, 0.2376, 25.2724, 0.1677, 'Bengal');
INSERT INTO welldata.PETROPHYSICS (UBHI, SAMPLE_DEPTH_M, POROSITY, PERMEABILITY, WATER_SAT, FORMATION) VALUES ('WELL00000000012-BH1', 2500, 0.1349, 13.6599, 0.4801, 'Rajahmundry');
INSERT INTO welldata.PETROPHYSICS (UBHI, SAMPLE_DEPTH_M, POROSITY, PERMEABILITY, WATER_SAT, FORMATION) VALUES ('WELL00000000012-BH1', 2520, 0.2759, 403.44, 0.4437, 'Sanchore');
INSERT INTO welldata.PETROPHYSICS (UBHI, SAMPLE_DEPTH_M, POROSITY, PERMEABILITY, WATER_SAT, FORMATION) VALUES ('WELL00000000012-BH1', 2540, 0.2054, 10.7379, 0.7105, 'Rajahmundry');
INSERT INTO welldata.PETROPHYSICS (UBHI, SAMPLE_DEPTH_M, POROSITY, PERMEABILITY, WATER_SAT, FORMATION) VALUES ('WELL00000000012-BH1', 2560, 0.0853, 123.8358, 0.4003, 'Sanchore');
INSERT INTO welldata.PETROPHYSICS (UBHI, SAMPLE_DEPTH_M, POROSITY, PERMEABILITY, WATER_SAT, FORMATION) VALUES ('WELL00000000012-BH1', 2580, 0.205, 378.9212, 0.5659, 'Bengal');
INSERT INTO welldata.PETROPHYSICS (UBHI, SAMPLE_DEPTH_M, POROSITY, PERMEABILITY, WATER_SAT, FORMATION) VALUES ('WELL00000000012-BH1', 2600, 0.0803, 439.1653, 0.4171, 'Bengal');
INSERT INTO welldata.PETROPHYSICS (UBHI, SAMPLE_DEPTH_M, POROSITY, PERMEABILITY, WATER_SAT, FORMATION) VALUES ('WELL00000000012-BH1', 2620, 0.0908, 25.796, 0.4371, 'Bengal');
INSERT INTO welldata.PETROPHYSICS (UBHI, SAMPLE_DEPTH_M, POROSITY, PERMEABILITY, WATER_SAT, FORMATION) VALUES ('WELL00000000012-BH1', 2640, 0.1648, 33.361, 0.2872, 'Rajahmundry');
INSERT INTO welldata.PETROPHYSICS (UBHI, SAMPLE_DEPTH_M, POROSITY, PERMEABILITY, WATER_SAT, FORMATION) VALUES ('WELL00000000012-BH1', 2660, 0.0639, 130.1281, 0.7308, 'Barmer');
INSERT INTO welldata.PETROPHYSICS (UBHI, SAMPLE_DEPTH_M, POROSITY, PERMEABILITY, WATER_SAT, FORMATION) VALUES ('WELL00000000012-BH1', 2680, 0.1332, 156.9889, 0.4473, 'Sanchore');
INSERT INTO welldata.PETROPHYSICS (UBHI, SAMPLE_DEPTH_M, POROSITY, PERMEABILITY, WATER_SAT, FORMATION) VALUES ('WELL00000000012-BH1', 2700, 0.2677, 304.8204, 0.743, 'Bengal');
INSERT INTO welldata.PETROPHYSICS (UBHI, SAMPLE_DEPTH_M, POROSITY, PERMEABILITY, WATER_SAT, FORMATION) VALUES ('WELL00000000012-BH1', 2720, 0.0408, 85.1645, 0.7088, 'Sanchore');
INSERT INTO welldata.PETROPHYSICS (UBHI, SAMPLE_DEPTH_M, POROSITY, PERMEABILITY, WATER_SAT, FORMATION) VALUES ('WELL00000000012-BH1', 2740, 0.0967, 177.2811, 0.4296, 'Bengal');
INSERT INTO welldata.PETROPHYSICS (UBHI, SAMPLE_DEPTH_M, POROSITY, PERMEABILITY, WATER_SAT, FORMATION) VALUES ('WELL00000000012-BH1', 2760, 0.0813, 122.7641, 0.5117, 'Bengal');
INSERT INTO welldata.PETROPHYSICS (UBHI, SAMPLE_DEPTH_M, POROSITY, PERMEABILITY, WATER_SAT, FORMATION) VALUES ('WELL00000000012-BH1', 2780, 0.162, 263.5594, 0.1538, 'Sanchore');
INSERT INTO welldata.PETROPHYSICS (UBHI, SAMPLE_DEPTH_M, POROSITY, PERMEABILITY, WATER_SAT, FORMATION) VALUES ('WELL00000000012-BH1', 2800, 0.064, 309.4751, 0.7391, 'Sanchore');
INSERT INTO welldata.PETROPHYSICS (UBHI, SAMPLE_DEPTH_M, POROSITY, PERMEABILITY, WATER_SAT, FORMATION) VALUES ('WELL00000000012-BH1', 2820, 0.076, 398.2171, 0.3015, 'Rajahmundry');
INSERT INTO welldata.PETROPHYSICS (UBHI, SAMPLE_DEPTH_M, POROSITY, PERMEABILITY, WATER_SAT, FORMATION) VALUES ('WELL00000000012-BH1', 2840, 0.099, 409.0005, 0.1577, 'Sanchore');
INSERT INTO welldata.PETROPHYSICS (UBHI, SAMPLE_DEPTH_M, POROSITY, PERMEABILITY, WATER_SAT, FORMATION) VALUES ('WELL00000000012-BH1', 2860, 0.1693, 350.1385, 0.5607, 'Barmer');
INSERT INTO welldata.PETROPHYSICS (UBHI, SAMPLE_DEPTH_M, POROSITY, PERMEABILITY, WATER_SAT, FORMATION) VALUES ('WELL00000000012-BH1', 2880, 0.0687, 5.8749, 0.4835, 'Rajahmundry');
INSERT INTO welldata.PETROPHYSICS (UBHI, SAMPLE_DEPTH_M, POROSITY, PERMEABILITY, WATER_SAT, FORMATION) VALUES ('WELL00000000012-BH1', 2900, 0.1247, 401.5147, 0.1907, 'Barmer');
INSERT INTO welldata.PETROPHYSICS (UBHI, SAMPLE_DEPTH_M, POROSITY, PERMEABILITY, WATER_SAT, FORMATION) VALUES ('WELL00000000012-BH1', 2920, 0.087, 150.6302, 0.1992, 'Sanchore');
INSERT INTO welldata.PETROPHYSICS (UBHI, SAMPLE_DEPTH_M, POROSITY, PERMEABILITY, WATER_SAT, FORMATION) VALUES ('WELL00000000012-BH1', 2940, 0.1022, 270.707, 0.7095, 'Sanchore');
INSERT INTO welldata.PETROPHYSICS (UBHI, SAMPLE_DEPTH_M, POROSITY, PERMEABILITY, WATER_SAT, FORMATION) VALUES ('WELL00000000012-BH1', 2960, 0.226, 267.3529, 0.597, 'Sanchore');
INSERT INTO welldata.PETROPHYSICS (UBHI, SAMPLE_DEPTH_M, POROSITY, PERMEABILITY, WATER_SAT, FORMATION) VALUES ('WELL00000000012-BH1', 2980, 0.0903, 272.6317, 0.4943, 'Sanchore');
INSERT INTO welldata.PETROPHYSICS (UBHI, SAMPLE_DEPTH_M, POROSITY, PERMEABILITY, WATER_SAT, FORMATION) VALUES ('WELL00000000012-BH1', 3000, 0.0509, 110.4212, 0.5511, 'Barmer');
INSERT INTO welldata.BOREHOLE (UBHI, UWI, BOREHOLE_NAME, BOREHOLE_TYPE, TOP_DEPTH_M, BASE_DEPTH_M) VALUES ('WELL00000000012-BH2', 'WELL00000000012', 'CAIR-RA-012-BH2', 'VERTICAL', 601, 1498);
INSERT INTO welldata.PETROPHYSICS (UBHI, SAMPLE_DEPTH_M, POROSITY, PERMEABILITY, WATER_SAT, FORMATION) VALUES ('WELL00000000012-BH2', 1000, 0.0744, 35.3408, 0.7124, 'Sanchore');
INSERT INTO welldata.PETROPHYSICS (UBHI, SAMPLE_DEPTH_M, POROSITY, PERMEABILITY, WATER_SAT, FORMATION) VALUES ('WELL00000000012-BH2', 1020, 0.2011, 407.6906, 0.7359, 'Sanchore');
INSERT INTO welldata.PETROPHYSICS (UBHI, SAMPLE_DEPTH_M, POROSITY, PERMEABILITY, WATER_SAT, FORMATION) VALUES ('WELL00000000012-BH2', 1040, 0.2248, 101.0755, 0.3855, 'Bengal');
INSERT INTO welldata.PETROPHYSICS (UBHI, SAMPLE_DEPTH_M, POROSITY, PERMEABILITY, WATER_SAT, FORMATION) VALUES ('WELL00000000012-BH2', 1060, 0.188, 111.7039, 0.7228, 'Rajahmundry');
INSERT INTO welldata.PETROPHYSICS (UBHI, SAMPLE_DEPTH_M, POROSITY, PERMEABILITY, WATER_SAT, FORMATION) VALUES ('WELL00000000012-BH2', 1080, 0.0472, 400.7716, 0.4621, 'Sanchore');
INSERT INTO welldata.PETROPHYSICS (UBHI, SAMPLE_DEPTH_M, POROSITY, PERMEABILITY, WATER_SAT, FORMATION) VALUES ('WELL00000000012-BH2', 1100, 0.1664, 11.1257, 0.5761, 'Rajahmundry');
INSERT INTO welldata.PETROPHYSICS (UBHI, SAMPLE_DEPTH_M, POROSITY, PERMEABILITY, WATER_SAT, FORMATION) VALUES ('WELL00000000012-BH2', 1120, 0.1394, 377.1297, 0.5049, 'Bengal');
INSERT INTO welldata.PETROPHYSICS (UBHI, SAMPLE_DEPTH_M, POROSITY, PERMEABILITY, WATER_SAT, FORMATION) VALUES ('WELL00000000012-BH2', 1140, 0.0903, 364.7222, 0.4102, 'Sanchore');
INSERT INTO welldata.PETROPHYSICS (UBHI, SAMPLE_DEPTH_M, POROSITY, PERMEABILITY, WATER_SAT, FORMATION) VALUES ('WELL00000000012-BH2', 1160, 0.1279, 120.5065, 0.6475, 'Bengal');
INSERT INTO welldata.PETROPHYSICS (UBHI, SAMPLE_DEPTH_M, POROSITY, PERMEABILITY, WATER_SAT, FORMATION) VALUES ('WELL00000000012-BH2', 1180, 0.0639, 368.8427, 0.2137, 'Bengal');
INSERT INTO welldata.PETROPHYSICS (UBHI, SAMPLE_DEPTH_M, POROSITY, PERMEABILITY, WATER_SAT, FORMATION) VALUES ('WELL00000000012-BH2', 1200, 0.0984, 67.1154, 0.5495, 'Barmer');
INSERT INTO welldata.PETROPHYSICS (UBHI, SAMPLE_DEPTH_M, POROSITY, PERMEABILITY, WATER_SAT, FORMATION) VALUES ('WELL00000000012-BH2', 1220, 0.2503, 305.8384, 0.6551, 'Rajahmundry');
INSERT INTO welldata.PETROPHYSICS (UBHI, SAMPLE_DEPTH_M, POROSITY, PERMEABILITY, WATER_SAT, FORMATION) VALUES ('WELL00000000012-BH2', 1240, 0.1147, 409.1964, 0.2977, 'Sanchore');
INSERT INTO welldata.PETROPHYSICS (UBHI, SAMPLE_DEPTH_M, POROSITY, PERMEABILITY, WATER_SAT, FORMATION) VALUES ('WELL00000000012-BH2', 1260, 0.2393, 233.367, 0.3281, 'Sanchore');
INSERT INTO welldata.PETROPHYSICS (UBHI, SAMPLE_DEPTH_M, POROSITY, PERMEABILITY, WATER_SAT, FORMATION) VALUES ('WELL00000000012-BH2', 1280, 0.2441, 38.1369, 0.5514, 'Sanchore');
INSERT INTO welldata.PETROPHYSICS (UBHI, SAMPLE_DEPTH_M, POROSITY, PERMEABILITY, WATER_SAT, FORMATION) VALUES ('WELL00000000012-BH2', 1300, 0.0871, 275.5069, 0.5976, 'Rajahmundry');
INSERT INTO welldata.PETROPHYSICS (UBHI, SAMPLE_DEPTH_M, POROSITY, PERMEABILITY, WATER_SAT, FORMATION) VALUES ('WELL00000000012-BH2', 1320, 0.1491, 436.6334, 0.5137, 'Sanchore');
INSERT INTO welldata.PETROPHYSICS (UBHI, SAMPLE_DEPTH_M, POROSITY, PERMEABILITY, WATER_SAT, FORMATION) VALUES ('WELL00000000012-BH2', 1340, 0.1748, 175.2221, 0.3223, 'Barmer');
INSERT INTO welldata.PETROPHYSICS (UBHI, SAMPLE_DEPTH_M, POROSITY, PERMEABILITY, WATER_SAT, FORMATION) VALUES ('WELL00000000012-BH2', 1360, 0.0673, 216.3985, 0.2205, 'Bengal');
INSERT INTO welldata.PETROPHYSICS (UBHI, SAMPLE_DEPTH_M, POROSITY, PERMEABILITY, WATER_SAT, FORMATION) VALUES ('WELL00000000012-BH2', 1380, 0.2084, 121.2483, 0.5948, 'Bengal');
INSERT INTO welldata.PETROPHYSICS (UBHI, SAMPLE_DEPTH_M, POROSITY, PERMEABILITY, WATER_SAT, FORMATION) VALUES ('WELL00000000012-BH2', 1400, 0.1387, 99.3596, 0.2018, 'Rajahmundry');
INSERT INTO welldata.PETROPHYSICS (UBHI, SAMPLE_DEPTH_M, POROSITY, PERMEABILITY, WATER_SAT, FORMATION) VALUES ('WELL00000000012-BH2', 1420, 0.1704, 34.2075, 0.3251, 'Bengal');
INSERT INTO welldata.PETROPHYSICS (UBHI, SAMPLE_DEPTH_M, POROSITY, PERMEABILITY, WATER_SAT, FORMATION) VALUES ('WELL00000000012-BH2', 1440, 0.2764, 8.636, 0.7117, 'Bengal');
INSERT INTO welldata.PETROPHYSICS (UBHI, SAMPLE_DEPTH_M, POROSITY, PERMEABILITY, WATER_SAT, FORMATION) VALUES ('WELL00000000012-BH2', 1460, 0.1575, 206.5952, 0.4813, 'Barmer');
INSERT INTO welldata.PETROPHYSICS (UBHI, SAMPLE_DEPTH_M, POROSITY, PERMEABILITY, WATER_SAT, FORMATION) VALUES ('WELL00000000012-BH2', 1480, 0.1602, 136.3699, 0.66, 'Barmer');
INSERT INTO welldata.PETROPHYSICS (UBHI, SAMPLE_DEPTH_M, POROSITY, PERMEABILITY, WATER_SAT, FORMATION) VALUES ('WELL00000000012-BH2', 1500, 0.2332, 187.7949, 0.1988, 'Barmer');
INSERT INTO welldata.PETROPHYSICS (UBHI, SAMPLE_DEPTH_M, POROSITY, PERMEABILITY, WATER_SAT, FORMATION) VALUES ('WELL00000000012-BH2', 1520, 0.2689, 426.5794, 0.6723, 'Bengal');
INSERT INTO welldata.PETROPHYSICS (UBHI, SAMPLE_DEPTH_M, POROSITY, PERMEABILITY, WATER_SAT, FORMATION) VALUES ('WELL00000000012-BH2', 1540, 0.2133, 304.0622, 0.5213, 'Bengal');
INSERT INTO welldata.PETROPHYSICS (UBHI, SAMPLE_DEPTH_M, POROSITY, PERMEABILITY, WATER_SAT, FORMATION) VALUES ('WELL00000000012-BH2', 1560, 0.0846, 242.8482, 0.4335, 'Barmer');
INSERT INTO welldata.PETROPHYSICS (UBHI, SAMPLE_DEPTH_M, POROSITY, PERMEABILITY, WATER_SAT, FORMATION) VALUES ('WELL00000000012-BH2', 1580, 0.1075, 401.6462, 0.3591, 'Rajahmundry');
INSERT INTO welldata.PETROPHYSICS (UBHI, SAMPLE_DEPTH_M, POROSITY, PERMEABILITY, WATER_SAT, FORMATION) VALUES ('WELL00000000012-BH2', 1600, 0.2736, 293.8072, 0.557, 'Sanchore');
INSERT INTO welldata.PETROPHYSICS (UBHI, SAMPLE_DEPTH_M, POROSITY, PERMEABILITY, WATER_SAT, FORMATION) VALUES ('WELL00000000012-BH2', 1620, 0.2123, 286.9116, 0.6614, 'Bengal');
INSERT INTO welldata.PETROPHYSICS (UBHI, SAMPLE_DEPTH_M, POROSITY, PERMEABILITY, WATER_SAT, FORMATION) VALUES ('WELL00000000012-BH2', 1640, 0.046, 166.629, 0.6983, 'Barmer');
INSERT INTO welldata.PETROPHYSICS (UBHI, SAMPLE_DEPTH_M, POROSITY, PERMEABILITY, WATER_SAT, FORMATION) VALUES ('WELL00000000012-BH2', 1660, 0.2389, 54.8793, 0.3451, 'Sanchore');
INSERT INTO welldata.PETROPHYSICS (UBHI, SAMPLE_DEPTH_M, POROSITY, PERMEABILITY, WATER_SAT, FORMATION) VALUES ('WELL00000000012-BH2', 1680, 0.2585, 91.0318, 0.2853, 'Bengal');
INSERT INTO welldata.PETROPHYSICS (UBHI, SAMPLE_DEPTH_M, POROSITY, PERMEABILITY, WATER_SAT, FORMATION) VALUES ('WELL00000000012-BH2', 1700, 0.1135, 99.1771, 0.3447, 'Barmer');
INSERT INTO welldata.PETROPHYSICS (UBHI, SAMPLE_DEPTH_M, POROSITY, PERMEABILITY, WATER_SAT, FORMATION) VALUES ('WELL00000000012-BH2', 1720, 0.2449, 114.6202, 0.3831, 'Rajahmundry');
INSERT INTO welldata.PETROPHYSICS (UBHI, SAMPLE_DEPTH_M, POROSITY, PERMEABILITY, WATER_SAT, FORMATION) VALUES ('WELL00000000012-BH2', 1740, 0.2095, 405.4277, 0.6878, 'Bengal');
INSERT INTO welldata.PETROPHYSICS (UBHI, SAMPLE_DEPTH_M, POROSITY, PERMEABILITY, WATER_SAT, FORMATION) VALUES ('WELL00000000012-BH2', 1760, 0.121, 250.6726, 0.641, 'Barmer');
INSERT INTO welldata.PETROPHYSICS (UBHI, SAMPLE_DEPTH_M, POROSITY, PERMEABILITY, WATER_SAT, FORMATION) VALUES ('WELL00000000012-BH2', 1780, 0.054, 368.5383, 0.5995, 'Rajahmundry');
INSERT INTO welldata.PETROPHYSICS (UBHI, SAMPLE_DEPTH_M, POROSITY, PERMEABILITY, WATER_SAT, FORMATION) VALUES ('WELL00000000012-BH2', 1800, 0.1043, 160.1605, 0.6334, 'Barmer');
INSERT INTO welldata.PETROPHYSICS (UBHI, SAMPLE_DEPTH_M, POROSITY, PERMEABILITY, WATER_SAT, FORMATION) VALUES ('WELL00000000012-BH2', 1820, 0.0739, 104.3911, 0.5431, 'Rajahmundry');
INSERT INTO welldata.PETROPHYSICS (UBHI, SAMPLE_DEPTH_M, POROSITY, PERMEABILITY, WATER_SAT, FORMATION) VALUES ('WELL00000000012-BH2', 1840, 0.0816, 370.818, 0.2903, 'Bengal');
INSERT INTO welldata.PETROPHYSICS (UBHI, SAMPLE_DEPTH_M, POROSITY, PERMEABILITY, WATER_SAT, FORMATION) VALUES ('WELL00000000012-BH2', 1860, 0.1987, 286.6267, 0.5754, 'Sanchore');
INSERT INTO welldata.PETROPHYSICS (UBHI, SAMPLE_DEPTH_M, POROSITY, PERMEABILITY, WATER_SAT, FORMATION) VALUES ('WELL00000000012-BH2', 1880, 0.122, 259.1153, 0.4804, 'Sanchore');
INSERT INTO welldata.PETROPHYSICS (UBHI, SAMPLE_DEPTH_M, POROSITY, PERMEABILITY, WATER_SAT, FORMATION) VALUES ('WELL00000000012-BH2', 1900, 0.2372, 277.2496, 0.3383, 'Barmer');
INSERT INTO welldata.PETROPHYSICS (UBHI, SAMPLE_DEPTH_M, POROSITY, PERMEABILITY, WATER_SAT, FORMATION) VALUES ('WELL00000000012-BH2', 1920, 0.1653, 134.815, 0.7295, 'Barmer');
INSERT INTO welldata.PETROPHYSICS (UBHI, SAMPLE_DEPTH_M, POROSITY, PERMEABILITY, WATER_SAT, FORMATION) VALUES ('WELL00000000012-BH2', 1940, 0.2415, 93.1975, 0.7158, 'Sanchore');
INSERT INTO welldata.PETROPHYSICS (UBHI, SAMPLE_DEPTH_M, POROSITY, PERMEABILITY, WATER_SAT, FORMATION) VALUES ('WELL00000000012-BH2', 1960, 0.1907, 61.8896, 0.5095, 'Barmer');
INSERT INTO welldata.PETROPHYSICS (UBHI, SAMPLE_DEPTH_M, POROSITY, PERMEABILITY, WATER_SAT, FORMATION) VALUES ('WELL00000000012-BH2', 1980, 0.0753, 294.0447, 0.7418, 'Sanchore');
INSERT INTO welldata.PETROPHYSICS (UBHI, SAMPLE_DEPTH_M, POROSITY, PERMEABILITY, WATER_SAT, FORMATION) VALUES ('WELL00000000012-BH2', 2000, 0.2365, 193.52, 0.6389, 'Sanchore');
INSERT INTO welldata.PETROPHYSICS (UBHI, SAMPLE_DEPTH_M, POROSITY, PERMEABILITY, WATER_SAT, FORMATION) VALUES ('WELL00000000012-BH2', 2020, 0.1171, 151.6781, 0.5862, 'Bengal');
INSERT INTO welldata.PETROPHYSICS (UBHI, SAMPLE_DEPTH_M, POROSITY, PERMEABILITY, WATER_SAT, FORMATION) VALUES ('WELL00000000012-BH2', 2040, 0.0616, 202.2877, 0.4444, 'Rajahmundry');
INSERT INTO welldata.PETROPHYSICS (UBHI, SAMPLE_DEPTH_M, POROSITY, PERMEABILITY, WATER_SAT, FORMATION) VALUES ('WELL00000000012-BH2', 2060, 0.143, 382.5757, 0.5952, 'Bengal');
INSERT INTO welldata.PETROPHYSICS (UBHI, SAMPLE_DEPTH_M, POROSITY, PERMEABILITY, WATER_SAT, FORMATION) VALUES ('WELL00000000012-BH2', 2080, 0.0753, 59.515, 0.1824, 'Barmer');
INSERT INTO welldata.PETROPHYSICS (UBHI, SAMPLE_DEPTH_M, POROSITY, PERMEABILITY, WATER_SAT, FORMATION) VALUES ('WELL00000000012-BH2', 2100, 0.1096, 299.4834, 0.2641, 'Sanchore');
INSERT INTO welldata.PETROPHYSICS (UBHI, SAMPLE_DEPTH_M, POROSITY, PERMEABILITY, WATER_SAT, FORMATION) VALUES ('WELL00000000012-BH2', 2120, 0.0758, 179.533, 0.6617, 'Rajahmundry');
INSERT INTO welldata.PETROPHYSICS (UBHI, SAMPLE_DEPTH_M, POROSITY, PERMEABILITY, WATER_SAT, FORMATION) VALUES ('WELL00000000012-BH2', 2140, 0.2056, 3.6014, 0.7411, 'Bengal');
INSERT INTO welldata.PETROPHYSICS (UBHI, SAMPLE_DEPTH_M, POROSITY, PERMEABILITY, WATER_SAT, FORMATION) VALUES ('WELL00000000012-BH2', 2160, 0.2525, 382.2453, 0.3202, 'Sanchore');
INSERT INTO welldata.PETROPHYSICS (UBHI, SAMPLE_DEPTH_M, POROSITY, PERMEABILITY, WATER_SAT, FORMATION) VALUES ('WELL00000000012-BH2', 2180, 0.2562, 337.417, 0.6932, 'Rajahmundry');
INSERT INTO welldata.PETROPHYSICS (UBHI, SAMPLE_DEPTH_M, POROSITY, PERMEABILITY, WATER_SAT, FORMATION) VALUES ('WELL00000000012-BH2', 2200, 0.0986, 311.9125, 0.1664, 'Rajahmundry');
INSERT INTO welldata.PETROPHYSICS (UBHI, SAMPLE_DEPTH_M, POROSITY, PERMEABILITY, WATER_SAT, FORMATION) VALUES ('WELL00000000012-BH2', 2220, 0.1064, 283.2654, 0.3401, 'Bengal');
INSERT INTO welldata.PETROPHYSICS (UBHI, SAMPLE_DEPTH_M, POROSITY, PERMEABILITY, WATER_SAT, FORMATION) VALUES ('WELL00000000012-BH2', 2240, 0.0885, 402.3047, 0.1823, 'Bengal');
INSERT INTO welldata.PETROPHYSICS (UBHI, SAMPLE_DEPTH_M, POROSITY, PERMEABILITY, WATER_SAT, FORMATION) VALUES ('WELL00000000012-BH2', 2260, 0.2429, 67.4758, 0.373, 'Rajahmundry');
INSERT INTO welldata.PETROPHYSICS (UBHI, SAMPLE_DEPTH_M, POROSITY, PERMEABILITY, WATER_SAT, FORMATION) VALUES ('WELL00000000012-BH2', 2280, 0.1574, 355.9462, 0.2168, 'Rajahmundry');
INSERT INTO welldata.PETROPHYSICS (UBHI, SAMPLE_DEPTH_M, POROSITY, PERMEABILITY, WATER_SAT, FORMATION) VALUES ('WELL00000000012-BH2', 2300, 0.1695, 127.2006, 0.5017, 'Bengal');
INSERT INTO welldata.PETROPHYSICS (UBHI, SAMPLE_DEPTH_M, POROSITY, PERMEABILITY, WATER_SAT, FORMATION) VALUES ('WELL00000000012-BH2', 2320, 0.2504, 291.3296, 0.3859, 'Rajahmundry');
INSERT INTO welldata.PETROPHYSICS (UBHI, SAMPLE_DEPTH_M, POROSITY, PERMEABILITY, WATER_SAT, FORMATION) VALUES ('WELL00000000012-BH2', 2340, 0.0653, 211.0738, 0.5921, 'Rajahmundry');
INSERT INTO welldata.PETROPHYSICS (UBHI, SAMPLE_DEPTH_M, POROSITY, PERMEABILITY, WATER_SAT, FORMATION) VALUES ('WELL00000000012-BH2', 2360, 0.2514, 143.6168, 0.5664, 'Bengal');
INSERT INTO welldata.PETROPHYSICS (UBHI, SAMPLE_DEPTH_M, POROSITY, PERMEABILITY, WATER_SAT, FORMATION) VALUES ('WELL00000000012-BH2', 2380, 0.1839, 154.3706, 0.3833, 'Bengal');
INSERT INTO welldata.PETROPHYSICS (UBHI, SAMPLE_DEPTH_M, POROSITY, PERMEABILITY, WATER_SAT, FORMATION) VALUES ('WELL00000000012-BH2', 2400, 0.2438, 70.8815, 0.4249, 'Barmer');
INSERT INTO welldata.PETROPHYSICS (UBHI, SAMPLE_DEPTH_M, POROSITY, PERMEABILITY, WATER_SAT, FORMATION) VALUES ('WELL00000000012-BH2', 2420, 0.2117, 188.2264, 0.1954, 'Rajahmundry');
INSERT INTO welldata.PETROPHYSICS (UBHI, SAMPLE_DEPTH_M, POROSITY, PERMEABILITY, WATER_SAT, FORMATION) VALUES ('WELL00000000012-BH2', 2440, 0.0945, 398.3429, 0.2347, 'Rajahmundry');
INSERT INTO welldata.PETROPHYSICS (UBHI, SAMPLE_DEPTH_M, POROSITY, PERMEABILITY, WATER_SAT, FORMATION) VALUES ('WELL00000000012-BH2', 2460, 0.2085, 356.0217, 0.1866, 'Rajahmundry');
INSERT INTO welldata.PETROPHYSICS (UBHI, SAMPLE_DEPTH_M, POROSITY, PERMEABILITY, WATER_SAT, FORMATION) VALUES ('WELL00000000012-BH2', 2480, 0.1977, 209.3071, 0.6552, 'Bengal');
INSERT INTO welldata.PETROPHYSICS (UBHI, SAMPLE_DEPTH_M, POROSITY, PERMEABILITY, WATER_SAT, FORMATION) VALUES ('WELL00000000012-BH2', 2500, 0.2183, 327.0646, 0.254, 'Sanchore');
INSERT INTO welldata.PETROPHYSICS (UBHI, SAMPLE_DEPTH_M, POROSITY, PERMEABILITY, WATER_SAT, FORMATION) VALUES ('WELL00000000012-BH2', 2520, 0.1731, 0.9161, 0.3636, 'Sanchore');
INSERT INTO welldata.PETROPHYSICS (UBHI, SAMPLE_DEPTH_M, POROSITY, PERMEABILITY, WATER_SAT, FORMATION) VALUES ('WELL00000000012-BH2', 2540, 0.1737, 388.599, 0.6847, 'Barmer');
INSERT INTO welldata.PETROPHYSICS (UBHI, SAMPLE_DEPTH_M, POROSITY, PERMEABILITY, WATER_SAT, FORMATION) VALUES ('WELL00000000012-BH2', 2560, 0.0456, 127.9042, 0.2535, 'Rajahmundry');
INSERT INTO welldata.PETROPHYSICS (UBHI, SAMPLE_DEPTH_M, POROSITY, PERMEABILITY, WATER_SAT, FORMATION) VALUES ('WELL00000000012-BH2', 2580, 0.1309, 84.241, 0.5445, 'Rajahmundry');
INSERT INTO welldata.PETROPHYSICS (UBHI, SAMPLE_DEPTH_M, POROSITY, PERMEABILITY, WATER_SAT, FORMATION) VALUES ('WELL00000000012-BH2', 2600, 0.2608, 228.1145, 0.4172, 'Rajahmundry');
INSERT INTO welldata.PETROPHYSICS (UBHI, SAMPLE_DEPTH_M, POROSITY, PERMEABILITY, WATER_SAT, FORMATION) VALUES ('WELL00000000012-BH2', 2620, 0.2133, 182.1334, 0.4258, 'Rajahmundry');
INSERT INTO welldata.PETROPHYSICS (UBHI, SAMPLE_DEPTH_M, POROSITY, PERMEABILITY, WATER_SAT, FORMATION) VALUES ('WELL00000000012-BH2', 2640, 0.2148, 258.3885, 0.7382, 'Sanchore');
INSERT INTO welldata.PETROPHYSICS (UBHI, SAMPLE_DEPTH_M, POROSITY, PERMEABILITY, WATER_SAT, FORMATION) VALUES ('WELL00000000012-BH2', 2660, 0.0998, 188.8852, 0.1539, 'Sanchore');
INSERT INTO welldata.PETROPHYSICS (UBHI, SAMPLE_DEPTH_M, POROSITY, PERMEABILITY, WATER_SAT, FORMATION) VALUES ('WELL00000000012-BH2', 2680, 0.2339, 354.3605, 0.4062, 'Barmer');
INSERT INTO welldata.PETROPHYSICS (UBHI, SAMPLE_DEPTH_M, POROSITY, PERMEABILITY, WATER_SAT, FORMATION) VALUES ('WELL00000000012-BH2', 2700, 0.2007, 70.8452, 0.7203, 'Barmer');
INSERT INTO welldata.PETROPHYSICS (UBHI, SAMPLE_DEPTH_M, POROSITY, PERMEABILITY, WATER_SAT, FORMATION) VALUES ('WELL00000000012-BH2', 2720, 0.0696, 336.7828, 0.1975, 'Sanchore');
INSERT INTO welldata.PETROPHYSICS (UBHI, SAMPLE_DEPTH_M, POROSITY, PERMEABILITY, WATER_SAT, FORMATION) VALUES ('WELL00000000012-BH2', 2740, 0.1669, 357.6457, 0.4509, 'Bengal');
INSERT INTO welldata.PETROPHYSICS (UBHI, SAMPLE_DEPTH_M, POROSITY, PERMEABILITY, WATER_SAT, FORMATION) VALUES ('WELL00000000012-BH2', 2760, 0.1354, 279.599, 0.596, 'Sanchore');
INSERT INTO welldata.PETROPHYSICS (UBHI, SAMPLE_DEPTH_M, POROSITY, PERMEABILITY, WATER_SAT, FORMATION) VALUES ('WELL00000000012-BH2', 2780, 0.08, 29.3296, 0.4922, 'Rajahmundry');
INSERT INTO welldata.PETROPHYSICS (UBHI, SAMPLE_DEPTH_M, POROSITY, PERMEABILITY, WATER_SAT, FORMATION) VALUES ('WELL00000000012-BH2', 2800, 0.1164, 243.4356, 0.668, 'Barmer');
INSERT INTO welldata.PETROPHYSICS (UBHI, SAMPLE_DEPTH_M, POROSITY, PERMEABILITY, WATER_SAT, FORMATION) VALUES ('WELL00000000012-BH2', 2820, 0.0613, 233.5203, 0.3176, 'Bengal');
INSERT INTO welldata.PETROPHYSICS (UBHI, SAMPLE_DEPTH_M, POROSITY, PERMEABILITY, WATER_SAT, FORMATION) VALUES ('WELL00000000012-BH2', 2840, 0.1655, 403.026, 0.6881, 'Sanchore');
INSERT INTO welldata.PETROPHYSICS (UBHI, SAMPLE_DEPTH_M, POROSITY, PERMEABILITY, WATER_SAT, FORMATION) VALUES ('WELL00000000012-BH2', 2860, 0.1826, 160.4158, 0.2392, 'Barmer');
INSERT INTO welldata.PETROPHYSICS (UBHI, SAMPLE_DEPTH_M, POROSITY, PERMEABILITY, WATER_SAT, FORMATION) VALUES ('WELL00000000012-BH2', 2880, 0.1675, 403.5944, 0.21, 'Rajahmundry');
INSERT INTO welldata.PETROPHYSICS (UBHI, SAMPLE_DEPTH_M, POROSITY, PERMEABILITY, WATER_SAT, FORMATION) VALUES ('WELL00000000012-BH2', 2900, 0.2233, 213.3571, 0.4008, 'Barmer');
INSERT INTO welldata.PETROPHYSICS (UBHI, SAMPLE_DEPTH_M, POROSITY, PERMEABILITY, WATER_SAT, FORMATION) VALUES ('WELL00000000012-BH2', 2920, 0.0857, 377.1996, 0.2541, 'Bengal');
INSERT INTO welldata.PETROPHYSICS (UBHI, SAMPLE_DEPTH_M, POROSITY, PERMEABILITY, WATER_SAT, FORMATION) VALUES ('WELL00000000012-BH2', 2940, 0.2471, 31.1639, 0.5462, 'Rajahmundry');
INSERT INTO welldata.PETROPHYSICS (UBHI, SAMPLE_DEPTH_M, POROSITY, PERMEABILITY, WATER_SAT, FORMATION) VALUES ('WELL00000000012-BH2', 2960, 0.262, 199.0664, 0.5969, 'Barmer');
INSERT INTO welldata.PETROPHYSICS (UBHI, SAMPLE_DEPTH_M, POROSITY, PERMEABILITY, WATER_SAT, FORMATION) VALUES ('WELL00000000012-BH2', 2980, 0.086, 114.84, 0.701, 'Bengal');
INSERT INTO welldata.PETROPHYSICS (UBHI, SAMPLE_DEPTH_M, POROSITY, PERMEABILITY, WATER_SAT, FORMATION) VALUES ('WELL00000000012-BH2', 3000, 0.2635, 436.1582, 0.1795, 'Barmer');
INSERT INTO welldata.PRODUCTION (UWI, PROD_DATE, OIL_BBL, GAS_MCF, WATER_BBL, HOURS_ON) VALUES ('WELL00000000012', TO_DATE('2015-01-01','YYYY-MM-DD'), 2117.2, 10552.38, 897.55, 692.77);
INSERT INTO welldata.PRODUCTION (UWI, PROD_DATE, OIL_BBL, GAS_MCF, WATER_BBL, HOURS_ON) VALUES ('WELL00000000012', TO_DATE('2015-02-01','YYYY-MM-DD'), 1266.8, 2060.63, 761.12, 157.44);
INSERT INTO welldata.PRODUCTION (UWI, PROD_DATE, OIL_BBL, GAS_MCF, WATER_BBL, HOURS_ON) VALUES ('WELL00000000012', TO_DATE('2015-03-01','YYYY-MM-DD'), 728.32, 9279.28, 195.78, 597.78);
INSERT INTO welldata.PRODUCTION (UWI, PROD_DATE, OIL_BBL, GAS_MCF, WATER_BBL, HOURS_ON) VALUES ('WELL00000000012', TO_DATE('2015-04-01','YYYY-MM-DD'), 1614.98, 3005.56, 1042.57, 707.42);
INSERT INTO welldata.PRODUCTION (UWI, PROD_DATE, OIL_BBL, GAS_MCF, WATER_BBL, HOURS_ON) VALUES ('WELL00000000012', TO_DATE('2015-05-01','YYYY-MM-DD'), 1833.8, 10177.21, 40.37, 196.14);
INSERT INTO welldata.PRODUCTION (UWI, PROD_DATE, OIL_BBL, GAS_MCF, WATER_BBL, HOURS_ON) VALUES ('WELL00000000012', TO_DATE('2015-06-01','YYYY-MM-DD'), 710.75, 1035.98, 1070.7, 382.12);
INSERT INTO welldata.PRODUCTION (UWI, PROD_DATE, OIL_BBL, GAS_MCF, WATER_BBL, HOURS_ON) VALUES ('WELL00000000012', TO_DATE('2015-07-01','YYYY-MM-DD'), 766.94, 14632.88, 376.05, 422.25);
INSERT INTO welldata.PRODUCTION (UWI, PROD_DATE, OIL_BBL, GAS_MCF, WATER_BBL, HOURS_ON) VALUES ('WELL00000000012', TO_DATE('2015-08-01','YYYY-MM-DD'), 2781.38, 10779.27, 228.66, 285.91);
INSERT INTO welldata.PRODUCTION (UWI, PROD_DATE, OIL_BBL, GAS_MCF, WATER_BBL, HOURS_ON) VALUES ('WELL00000000012', TO_DATE('2015-09-01','YYYY-MM-DD'), 692.41, 13619.31, 612.0, 545.11);
INSERT INTO welldata.PRODUCTION (UWI, PROD_DATE, OIL_BBL, GAS_MCF, WATER_BBL, HOURS_ON) VALUES ('WELL00000000012', TO_DATE('2015-10-01','YYYY-MM-DD'), 2923.81, 11543.37, 212.85, 217.85);
INSERT INTO welldata.PRODUCTION (UWI, PROD_DATE, OIL_BBL, GAS_MCF, WATER_BBL, HOURS_ON) VALUES ('WELL00000000012', TO_DATE('2015-11-01','YYYY-MM-DD'), 1540.96, 13115.95, 653.68, 539.79);
INSERT INTO welldata.PRODUCTION (UWI, PROD_DATE, OIL_BBL, GAS_MCF, WATER_BBL, HOURS_ON) VALUES ('WELL00000000012', TO_DATE('2015-12-01','YYYY-MM-DD'), 1699.96, 9964.63, 267.64, 455.43);
INSERT INTO welldata.PRODUCTION (UWI, PROD_DATE, OIL_BBL, GAS_MCF, WATER_BBL, HOURS_ON) VALUES ('WELL00000000012', TO_DATE('2016-01-01','YYYY-MM-DD'), 2066.6, 9962.83, 189.81, 209.0);
INSERT INTO welldata.PRODUCTION (UWI, PROD_DATE, OIL_BBL, GAS_MCF, WATER_BBL, HOURS_ON) VALUES ('WELL00000000012', TO_DATE('2016-02-01','YYYY-MM-DD'), 2754.44, 14560.94, 1053.17, 138.34);
INSERT INTO welldata.PRODUCTION (UWI, PROD_DATE, OIL_BBL, GAS_MCF, WATER_BBL, HOURS_ON) VALUES ('WELL00000000012', TO_DATE('2016-03-01','YYYY-MM-DD'), 940.66, 10188.33, 1018.78, 602.86);
INSERT INTO welldata.PRODUCTION (UWI, PROD_DATE, OIL_BBL, GAS_MCF, WATER_BBL, HOURS_ON) VALUES ('WELL00000000012', TO_DATE('2016-04-01','YYYY-MM-DD'), 550.28, 11003.94, 749.24, 506.99);
INSERT INTO welldata.PRODUCTION (UWI, PROD_DATE, OIL_BBL, GAS_MCF, WATER_BBL, HOURS_ON) VALUES ('WELL00000000012', TO_DATE('2016-05-01','YYYY-MM-DD'), 353.18, 3389.98, 755.97, 259.86);
INSERT INTO welldata.PRODUCTION (UWI, PROD_DATE, OIL_BBL, GAS_MCF, WATER_BBL, HOURS_ON) VALUES ('WELL00000000012', TO_DATE('2016-06-01','YYYY-MM-DD'), 2123.51, 4819.1, 942.22, 184.34);
INSERT INTO welldata.PRODUCTION (UWI, PROD_DATE, OIL_BBL, GAS_MCF, WATER_BBL, HOURS_ON) VALUES ('WELL00000000012', TO_DATE('2016-07-01','YYYY-MM-DD'), 964.74, 14105.62, 944.24, 615.78);
INSERT INTO welldata.PRODUCTION (UWI, PROD_DATE, OIL_BBL, GAS_MCF, WATER_BBL, HOURS_ON) VALUES ('WELL00000000012', TO_DATE('2016-08-01','YYYY-MM-DD'), 890.54, 9552.54, 731.35, 218.74);
INSERT INTO welldata.PRODUCTION (UWI, PROD_DATE, OIL_BBL, GAS_MCF, WATER_BBL, HOURS_ON) VALUES ('WELL00000000012', TO_DATE('2016-09-01','YYYY-MM-DD'), 742.56, 718.55, 1016.03, 286.29);
INSERT INTO welldata.PRODUCTION (UWI, PROD_DATE, OIL_BBL, GAS_MCF, WATER_BBL, HOURS_ON) VALUES ('WELL00000000012', TO_DATE('2016-10-01','YYYY-MM-DD'), 1752.2, 4588.13, 1145.79, 312.88);
INSERT INTO welldata.PRODUCTION (UWI, PROD_DATE, OIL_BBL, GAS_MCF, WATER_BBL, HOURS_ON) VALUES ('WELL00000000012', TO_DATE('2016-11-01','YYYY-MM-DD'), 282.87, 1735.25, 1496.8, 419.31);
INSERT INTO welldata.PRODUCTION (UWI, PROD_DATE, OIL_BBL, GAS_MCF, WATER_BBL, HOURS_ON) VALUES ('WELL00000000012', TO_DATE('2016-12-01','YYYY-MM-DD'), 1632.39, 6996.59, 292.22, 462.31);
INSERT INTO welldata.PRODUCTION (UWI, PROD_DATE, OIL_BBL, GAS_MCF, WATER_BBL, HOURS_ON) VALUES ('WELL00000000012', TO_DATE('2017-01-01','YYYY-MM-DD'), 2368.54, 4219.95, 1328.23, 654.16);
INSERT INTO welldata.PRODUCTION (UWI, PROD_DATE, OIL_BBL, GAS_MCF, WATER_BBL, HOURS_ON) VALUES ('WELL00000000012', TO_DATE('2017-02-01','YYYY-MM-DD'), 642.87, 6574.18, 536.86, 154.09);
INSERT INTO welldata.PRODUCTION (UWI, PROD_DATE, OIL_BBL, GAS_MCF, WATER_BBL, HOURS_ON) VALUES ('WELL00000000012', TO_DATE('2017-03-01','YYYY-MM-DD'), 1843.56, 10610.79, 516.32, 424.44);
INSERT INTO welldata.PRODUCTION (UWI, PROD_DATE, OIL_BBL, GAS_MCF, WATER_BBL, HOURS_ON) VALUES ('WELL00000000012', TO_DATE('2017-04-01','YYYY-MM-DD'), 2752.72, 3458.12, 78.02, 498.14);
INSERT INTO welldata.PRODUCTION (UWI, PROD_DATE, OIL_BBL, GAS_MCF, WATER_BBL, HOURS_ON) VALUES ('WELL00000000012', TO_DATE('2017-05-01','YYYY-MM-DD'), 1161.27, 4401.21, 1309.37, 494.44);
INSERT INTO welldata.PRODUCTION (UWI, PROD_DATE, OIL_BBL, GAS_MCF, WATER_BBL, HOURS_ON) VALUES ('WELL00000000012', TO_DATE('2017-06-01','YYYY-MM-DD'), 2579.79, 11885.62, 510.32, 679.77);
INSERT INTO welldata.PRODUCTION (UWI, PROD_DATE, OIL_BBL, GAS_MCF, WATER_BBL, HOURS_ON) VALUES ('WELL00000000012', TO_DATE('2017-07-01','YYYY-MM-DD'), 2130.35, 1411.98, 1177.21, 487.33);
INSERT INTO welldata.PRODUCTION (UWI, PROD_DATE, OIL_BBL, GAS_MCF, WATER_BBL, HOURS_ON) VALUES ('WELL00000000012', TO_DATE('2017-08-01','YYYY-MM-DD'), 493.52, 13263.78, 497.96, 560.99);
INSERT INTO welldata.PRODUCTION (UWI, PROD_DATE, OIL_BBL, GAS_MCF, WATER_BBL, HOURS_ON) VALUES ('WELL00000000012', TO_DATE('2017-09-01','YYYY-MM-DD'), 2054.35, 14293.13, 20.3, 379.3);
INSERT INTO welldata.PRODUCTION (UWI, PROD_DATE, OIL_BBL, GAS_MCF, WATER_BBL, HOURS_ON) VALUES ('WELL00000000012', TO_DATE('2017-10-01','YYYY-MM-DD'), 2099.94, 8716.8, 250.13, 287.71);
INSERT INTO welldata.PRODUCTION (UWI, PROD_DATE, OIL_BBL, GAS_MCF, WATER_BBL, HOURS_ON) VALUES ('WELL00000000012', TO_DATE('2017-11-01','YYYY-MM-DD'), 1943.09, 10058.85, 508.38, 598.47);
INSERT INTO welldata.PRODUCTION (UWI, PROD_DATE, OIL_BBL, GAS_MCF, WATER_BBL, HOURS_ON) VALUES ('WELL00000000012', TO_DATE('2017-12-01','YYYY-MM-DD'), 2654.22, 10053.16, 790.38, 698.0);
INSERT INTO welldata.PRODUCTION (UWI, PROD_DATE, OIL_BBL, GAS_MCF, WATER_BBL, HOURS_ON) VALUES ('WELL00000000012', TO_DATE('2018-01-01','YYYY-MM-DD'), 1882.93, 1693.05, 1277.55, 435.87);
INSERT INTO welldata.PRODUCTION (UWI, PROD_DATE, OIL_BBL, GAS_MCF, WATER_BBL, HOURS_ON) VALUES ('WELL00000000012', TO_DATE('2018-02-01','YYYY-MM-DD'), 2859.66, 1253.73, 941.86, 321.1);
INSERT INTO welldata.PRODUCTION (UWI, PROD_DATE, OIL_BBL, GAS_MCF, WATER_BBL, HOURS_ON) VALUES ('WELL00000000012', TO_DATE('2018-03-01','YYYY-MM-DD'), 1110.56, 7605.13, 88.19, 610.5);
INSERT INTO welldata.PRODUCTION (UWI, PROD_DATE, OIL_BBL, GAS_MCF, WATER_BBL, HOURS_ON) VALUES ('WELL00000000012', TO_DATE('2018-04-01','YYYY-MM-DD'), 595.74, 9419.79, 137.73, 386.61);
INSERT INTO welldata.PRODUCTION (UWI, PROD_DATE, OIL_BBL, GAS_MCF, WATER_BBL, HOURS_ON) VALUES ('WELL00000000012', TO_DATE('2018-05-01','YYYY-MM-DD'), 2954.8, 8926.9, 962.93, 637.99);
INSERT INTO welldata.PRODUCTION (UWI, PROD_DATE, OIL_BBL, GAS_MCF, WATER_BBL, HOURS_ON) VALUES ('WELL00000000012', TO_DATE('2018-06-01','YYYY-MM-DD'), 729.21, 12873.88, 534.96, 462.88);
INSERT INTO welldata.PRODUCTION (UWI, PROD_DATE, OIL_BBL, GAS_MCF, WATER_BBL, HOURS_ON) VALUES ('WELL00000000012', TO_DATE('2018-07-01','YYYY-MM-DD'), 751.43, 5726.86, 1338.38, 599.45);
INSERT INTO welldata.PRODUCTION (UWI, PROD_DATE, OIL_BBL, GAS_MCF, WATER_BBL, HOURS_ON) VALUES ('WELL00000000012', TO_DATE('2018-08-01','YYYY-MM-DD'), 1214.89, 4064.72, 129.51, 141.09);
INSERT INTO welldata.PRODUCTION (UWI, PROD_DATE, OIL_BBL, GAS_MCF, WATER_BBL, HOURS_ON) VALUES ('WELL00000000012', TO_DATE('2018-09-01','YYYY-MM-DD'), 2861.66, 11153.1, 1109.21, 400.69);
INSERT INTO welldata.PRODUCTION (UWI, PROD_DATE, OIL_BBL, GAS_MCF, WATER_BBL, HOURS_ON) VALUES ('WELL00000000012', TO_DATE('2018-10-01','YYYY-MM-DD'), 2431.43, 556.04, 179.26, 613.17);
INSERT INTO welldata.PRODUCTION (UWI, PROD_DATE, OIL_BBL, GAS_MCF, WATER_BBL, HOURS_ON) VALUES ('WELL00000000012', TO_DATE('2018-11-01','YYYY-MM-DD'), 92.31, 4338.41, 542.8, 587.12);
INSERT INTO welldata.PRODUCTION (UWI, PROD_DATE, OIL_BBL, GAS_MCF, WATER_BBL, HOURS_ON) VALUES ('WELL00000000012', TO_DATE('2018-12-01','YYYY-MM-DD'), 637.21, 1202.03, 1279.25, 589.15);
INSERT INTO welldata.PRODUCTION (UWI, PROD_DATE, OIL_BBL, GAS_MCF, WATER_BBL, HOURS_ON) VALUES ('WELL00000000012', TO_DATE('2019-01-01','YYYY-MM-DD'), 83.83, 2970.48, 578.78, 231.64);
INSERT INTO welldata.PRODUCTION (UWI, PROD_DATE, OIL_BBL, GAS_MCF, WATER_BBL, HOURS_ON) VALUES ('WELL00000000012', TO_DATE('2019-02-01','YYYY-MM-DD'), 1641.38, 2143.07, 938.73, 167.63);
INSERT INTO welldata.PRODUCTION (UWI, PROD_DATE, OIL_BBL, GAS_MCF, WATER_BBL, HOURS_ON) VALUES ('WELL00000000012', TO_DATE('2019-03-01','YYYY-MM-DD'), 804.49, 13908.26, 54.3, 392.96);
INSERT INTO welldata.PRODUCTION (UWI, PROD_DATE, OIL_BBL, GAS_MCF, WATER_BBL, HOURS_ON) VALUES ('WELL00000000012', TO_DATE('2019-04-01','YYYY-MM-DD'), 268.8, 9697.64, 1117.29, 655.45);
INSERT INTO welldata.PRODUCTION (UWI, PROD_DATE, OIL_BBL, GAS_MCF, WATER_BBL, HOURS_ON) VALUES ('WELL00000000012', TO_DATE('2019-05-01','YYYY-MM-DD'), 124.73, 1794.72, 1334.45, 674.09);
INSERT INTO welldata.PRODUCTION (UWI, PROD_DATE, OIL_BBL, GAS_MCF, WATER_BBL, HOURS_ON) VALUES ('WELL00000000012', TO_DATE('2019-06-01','YYYY-MM-DD'), 2904.13, 5212.04, 463.77, 277.73);
INSERT INTO welldata.PRODUCTION (UWI, PROD_DATE, OIL_BBL, GAS_MCF, WATER_BBL, HOURS_ON) VALUES ('WELL00000000012', TO_DATE('2019-07-01','YYYY-MM-DD'), 1203.74, 5149.63, 886.69, 201.43);
INSERT INTO welldata.PRODUCTION (UWI, PROD_DATE, OIL_BBL, GAS_MCF, WATER_BBL, HOURS_ON) VALUES ('WELL00000000012', TO_DATE('2019-08-01','YYYY-MM-DD'), 1072.79, 13230.87, 1314.91, 695.24);
INSERT INTO welldata.PRODUCTION (UWI, PROD_DATE, OIL_BBL, GAS_MCF, WATER_BBL, HOURS_ON) VALUES ('WELL00000000012', TO_DATE('2019-09-01','YYYY-MM-DD'), 1328.26, 8170.89, 784.33, 656.23);
INSERT INTO welldata.PRODUCTION (UWI, PROD_DATE, OIL_BBL, GAS_MCF, WATER_BBL, HOURS_ON) VALUES ('WELL00000000012', TO_DATE('2019-10-01','YYYY-MM-DD'), 344.01, 765.37, 872.48, 446.85);
INSERT INTO welldata.PRODUCTION (UWI, PROD_DATE, OIL_BBL, GAS_MCF, WATER_BBL, HOURS_ON) VALUES ('WELL00000000012', TO_DATE('2019-11-01','YYYY-MM-DD'), 412.26, 9984.83, 1457.72, 493.08);
INSERT INTO welldata.PRODUCTION (UWI, PROD_DATE, OIL_BBL, GAS_MCF, WATER_BBL, HOURS_ON) VALUES ('WELL00000000012', TO_DATE('2019-12-01','YYYY-MM-DD'), 2771.82, 6820.96, 950.4, 187.96);
INSERT INTO welldata.PRODUCTION (UWI, PROD_DATE, OIL_BBL, GAS_MCF, WATER_BBL, HOURS_ON) VALUES ('WELL00000000012', TO_DATE('2020-01-01','YYYY-MM-DD'), 1671.74, 2682.96, 1205.26, 412.73);
INSERT INTO welldata.PRODUCTION (UWI, PROD_DATE, OIL_BBL, GAS_MCF, WATER_BBL, HOURS_ON) VALUES ('WELL00000000012', TO_DATE('2020-02-01','YYYY-MM-DD'), 841.36, 12339.1, 851.75, 172.5);
INSERT INTO welldata.PRODUCTION (UWI, PROD_DATE, OIL_BBL, GAS_MCF, WATER_BBL, HOURS_ON) VALUES ('WELL00000000012', TO_DATE('2020-03-01','YYYY-MM-DD'), 755.54, 12818.41, 1136.25, 225.19);
INSERT INTO welldata.PRODUCTION (UWI, PROD_DATE, OIL_BBL, GAS_MCF, WATER_BBL, HOURS_ON) VALUES ('WELL00000000012', TO_DATE('2020-04-01','YYYY-MM-DD'), 2489.82, 1835.24, 1176.67, 239.91);
INSERT INTO welldata.PRODUCTION (UWI, PROD_DATE, OIL_BBL, GAS_MCF, WATER_BBL, HOURS_ON) VALUES ('WELL00000000012', TO_DATE('2020-05-01','YYYY-MM-DD'), 1649.16, 6356.66, 1000.37, 121.33);
INSERT INTO welldata.PRODUCTION (UWI, PROD_DATE, OIL_BBL, GAS_MCF, WATER_BBL, HOURS_ON) VALUES ('WELL00000000012', TO_DATE('2020-06-01','YYYY-MM-DD'), 1488.93, 8946.29, 1109.19, 395.77);
INSERT INTO welldata.PRODUCTION (UWI, PROD_DATE, OIL_BBL, GAS_MCF, WATER_BBL, HOURS_ON) VALUES ('WELL00000000012', TO_DATE('2020-07-01','YYYY-MM-DD'), 1192.17, 7437.45, 1006.71, 430.62);
INSERT INTO welldata.PRODUCTION (UWI, PROD_DATE, OIL_BBL, GAS_MCF, WATER_BBL, HOURS_ON) VALUES ('WELL00000000012', TO_DATE('2020-08-01','YYYY-MM-DD'), 1721.28, 6029.26, 1017.18, 311.22);
INSERT INTO welldata.PRODUCTION (UWI, PROD_DATE, OIL_BBL, GAS_MCF, WATER_BBL, HOURS_ON) VALUES ('WELL00000000012', TO_DATE('2020-09-01','YYYY-MM-DD'), 1776.06, 5388.45, 411.49, 496.78);
INSERT INTO welldata.PRODUCTION (UWI, PROD_DATE, OIL_BBL, GAS_MCF, WATER_BBL, HOURS_ON) VALUES ('WELL00000000012', TO_DATE('2020-10-01','YYYY-MM-DD'), 2432.75, 1036.3, 565.48, 467.77);
INSERT INTO welldata.PRODUCTION (UWI, PROD_DATE, OIL_BBL, GAS_MCF, WATER_BBL, HOURS_ON) VALUES ('WELL00000000012', TO_DATE('2020-11-01','YYYY-MM-DD'), 2149.47, 2445.07, 60.11, 409.33);
INSERT INTO welldata.PRODUCTION (UWI, PROD_DATE, OIL_BBL, GAS_MCF, WATER_BBL, HOURS_ON) VALUES ('WELL00000000012', TO_DATE('2020-12-01','YYYY-MM-DD'), 395.58, 14828.69, 1006.77, 629.96);
INSERT INTO welldata.PRODUCTION (UWI, PROD_DATE, OIL_BBL, GAS_MCF, WATER_BBL, HOURS_ON) VALUES ('WELL00000000012', TO_DATE('2021-01-01','YYYY-MM-DD'), 2588.0, 7116.32, 1071.29, 371.51);
INSERT INTO welldata.PRODUCTION (UWI, PROD_DATE, OIL_BBL, GAS_MCF, WATER_BBL, HOURS_ON) VALUES ('WELL00000000012', TO_DATE('2021-02-01','YYYY-MM-DD'), 604.89, 2883.22, 1338.89, 455.05);
INSERT INTO welldata.PRODUCTION (UWI, PROD_DATE, OIL_BBL, GAS_MCF, WATER_BBL, HOURS_ON) VALUES ('WELL00000000012', TO_DATE('2021-03-01','YYYY-MM-DD'), 1883.5, 1776.89, 1093.61, 474.82);
INSERT INTO welldata.PRODUCTION (UWI, PROD_DATE, OIL_BBL, GAS_MCF, WATER_BBL, HOURS_ON) VALUES ('WELL00000000012', TO_DATE('2021-04-01','YYYY-MM-DD'), 1343.14, 10938.22, 246.75, 440.93);
INSERT INTO welldata.PRODUCTION (UWI, PROD_DATE, OIL_BBL, GAS_MCF, WATER_BBL, HOURS_ON) VALUES ('WELL00000000012', TO_DATE('2021-05-01','YYYY-MM-DD'), 1990.12, 1437.35, 909.99, 661.78);
INSERT INTO welldata.PRODUCTION (UWI, PROD_DATE, OIL_BBL, GAS_MCF, WATER_BBL, HOURS_ON) VALUES ('WELL00000000012', TO_DATE('2021-06-01','YYYY-MM-DD'), 1657.99, 13976.49, 98.16, 282.8);
INSERT INTO welldata.PRODUCTION (UWI, PROD_DATE, OIL_BBL, GAS_MCF, WATER_BBL, HOURS_ON) VALUES ('WELL00000000012', TO_DATE('2021-07-01','YYYY-MM-DD'), 2447.45, 5964.6, 624.21, 581.14);
INSERT INTO welldata.PRODUCTION (UWI, PROD_DATE, OIL_BBL, GAS_MCF, WATER_BBL, HOURS_ON) VALUES ('WELL00000000012', TO_DATE('2021-08-01','YYYY-MM-DD'), 1594.64, 4222.77, 1394.68, 195.59);
INSERT INTO welldata.PRODUCTION (UWI, PROD_DATE, OIL_BBL, GAS_MCF, WATER_BBL, HOURS_ON) VALUES ('WELL00000000012', TO_DATE('2021-09-01','YYYY-MM-DD'), 733.39, 4071.01, 287.15, 281.36);
INSERT INTO welldata.PRODUCTION (UWI, PROD_DATE, OIL_BBL, GAS_MCF, WATER_BBL, HOURS_ON) VALUES ('WELL00000000012', TO_DATE('2021-10-01','YYYY-MM-DD'), 2137.46, 11488.33, 1248.74, 383.06);
INSERT INTO welldata.PRODUCTION (UWI, PROD_DATE, OIL_BBL, GAS_MCF, WATER_BBL, HOURS_ON) VALUES ('WELL00000000012', TO_DATE('2021-11-01','YYYY-MM-DD'), 848.86, 13170.82, 53.75, 252.55);
INSERT INTO welldata.PRODUCTION (UWI, PROD_DATE, OIL_BBL, GAS_MCF, WATER_BBL, HOURS_ON) VALUES ('WELL00000000012', TO_DATE('2021-12-01','YYYY-MM-DD'), 1448.41, 1192.41, 1214.16, 283.95);
INSERT INTO welldata.PRODUCTION (UWI, PROD_DATE, OIL_BBL, GAS_MCF, WATER_BBL, HOURS_ON) VALUES ('WELL00000000012', TO_DATE('2022-01-01','YYYY-MM-DD'), 1292.71, 5723.75, 715.71, 557.61);
INSERT INTO welldata.PRODUCTION (UWI, PROD_DATE, OIL_BBL, GAS_MCF, WATER_BBL, HOURS_ON) VALUES ('WELL00000000012', TO_DATE('2022-02-01','YYYY-MM-DD'), 2566.28, 7023.91, 1414.58, 628.42);
INSERT INTO welldata.PRODUCTION (UWI, PROD_DATE, OIL_BBL, GAS_MCF, WATER_BBL, HOURS_ON) VALUES ('WELL00000000012', TO_DATE('2022-03-01','YYYY-MM-DD'), 1164.16, 14286.24, 29.77, 528.06);
INSERT INTO welldata.PRODUCTION (UWI, PROD_DATE, OIL_BBL, GAS_MCF, WATER_BBL, HOURS_ON) VALUES ('WELL00000000012', TO_DATE('2022-04-01','YYYY-MM-DD'), 2097.91, 6814.66, 879.36, 666.54);
INSERT INTO welldata.PRODUCTION (UWI, PROD_DATE, OIL_BBL, GAS_MCF, WATER_BBL, HOURS_ON) VALUES ('WELL00000000012', TO_DATE('2022-05-01','YYYY-MM-DD'), 1586.68, 2596.0, 44.34, 619.47);
INSERT INTO welldata.PRODUCTION (UWI, PROD_DATE, OIL_BBL, GAS_MCF, WATER_BBL, HOURS_ON) VALUES ('WELL00000000012', TO_DATE('2022-06-01','YYYY-MM-DD'), 1930.53, 593.42, 156.13, 555.79);
INSERT INTO welldata.PRODUCTION (UWI, PROD_DATE, OIL_BBL, GAS_MCF, WATER_BBL, HOURS_ON) VALUES ('WELL00000000012', TO_DATE('2022-07-01','YYYY-MM-DD'), 1475.77, 8302.78, 537.79, 180.1);
INSERT INTO welldata.PRODUCTION (UWI, PROD_DATE, OIL_BBL, GAS_MCF, WATER_BBL, HOURS_ON) VALUES ('WELL00000000012', TO_DATE('2022-08-01','YYYY-MM-DD'), 2181.17, 2380.61, 508.94, 220.72);
INSERT INTO welldata.PRODUCTION (UWI, PROD_DATE, OIL_BBL, GAS_MCF, WATER_BBL, HOURS_ON) VALUES ('WELL00000000012', TO_DATE('2022-09-01','YYYY-MM-DD'), 2502.51, 10111.14, 762.57, 564.82);
INSERT INTO welldata.PRODUCTION (UWI, PROD_DATE, OIL_BBL, GAS_MCF, WATER_BBL, HOURS_ON) VALUES ('WELL00000000012', TO_DATE('2022-10-01','YYYY-MM-DD'), 1165.55, 7536.23, 880.7, 535.17);
INSERT INTO welldata.PRODUCTION (UWI, PROD_DATE, OIL_BBL, GAS_MCF, WATER_BBL, HOURS_ON) VALUES ('WELL00000000012', TO_DATE('2022-11-01','YYYY-MM-DD'), 1464.08, 12070.55, 544.33, 294.19);
INSERT INTO welldata.PRODUCTION (UWI, PROD_DATE, OIL_BBL, GAS_MCF, WATER_BBL, HOURS_ON) VALUES ('WELL00000000012', TO_DATE('2022-12-01','YYYY-MM-DD'), 1929.39, 14107.31, 522.39, 344.36);
INSERT INTO welldata.PRODUCTION (UWI, PROD_DATE, OIL_BBL, GAS_MCF, WATER_BBL, HOURS_ON) VALUES ('WELL00000000012', TO_DATE('2023-01-01','YYYY-MM-DD'), 2140.75, 10080.93, 956.96, 474.11);
INSERT INTO welldata.PRODUCTION (UWI, PROD_DATE, OIL_BBL, GAS_MCF, WATER_BBL, HOURS_ON) VALUES ('WELL00000000012', TO_DATE('2023-02-01','YYYY-MM-DD'), 686.05, 5915.27, 256.35, 421.25);
INSERT INTO welldata.PRODUCTION (UWI, PROD_DATE, OIL_BBL, GAS_MCF, WATER_BBL, HOURS_ON) VALUES ('WELL00000000012', TO_DATE('2023-03-01','YYYY-MM-DD'), 2185.28, 325.29, 256.22, 262.82);
INSERT INTO welldata.PRODUCTION (UWI, PROD_DATE, OIL_BBL, GAS_MCF, WATER_BBL, HOURS_ON) VALUES ('WELL00000000012', TO_DATE('2023-04-01','YYYY-MM-DD'), 2422.8, 13592.51, 348.01, 542.34);
INSERT INTO welldata.PRODUCTION (UWI, PROD_DATE, OIL_BBL, GAS_MCF, WATER_BBL, HOURS_ON) VALUES ('WELL00000000012', TO_DATE('2023-05-01','YYYY-MM-DD'), 526.32, 7852.27, 718.27, 317.14);
INSERT INTO welldata.PRODUCTION (UWI, PROD_DATE, OIL_BBL, GAS_MCF, WATER_BBL, HOURS_ON) VALUES ('WELL00000000012', TO_DATE('2023-06-01','YYYY-MM-DD'), 2951.61, 4769.09, 761.5, 709.08);
INSERT INTO welldata.PRODUCTION (UWI, PROD_DATE, OIL_BBL, GAS_MCF, WATER_BBL, HOURS_ON) VALUES ('WELL00000000012', TO_DATE('2023-07-01','YYYY-MM-DD'), 236.18, 12362.15, 1499.52, 440.35);
INSERT INTO welldata.PRODUCTION (UWI, PROD_DATE, OIL_BBL, GAS_MCF, WATER_BBL, HOURS_ON) VALUES ('WELL00000000012', TO_DATE('2023-08-01','YYYY-MM-DD'), 1747.16, 1704.15, 1205.97, 370.18);
INSERT INTO welldata.PRODUCTION (UWI, PROD_DATE, OIL_BBL, GAS_MCF, WATER_BBL, HOURS_ON) VALUES ('WELL00000000012', TO_DATE('2023-09-01','YYYY-MM-DD'), 1535.4, 13810.16, 248.59, 300.2);
INSERT INTO welldata.PRODUCTION (UWI, PROD_DATE, OIL_BBL, GAS_MCF, WATER_BBL, HOURS_ON) VALUES ('WELL00000000012', TO_DATE('2023-10-01','YYYY-MM-DD'), 300.67, 5989.94, 1375.15, 299.08);
INSERT INTO welldata.PRODUCTION (UWI, PROD_DATE, OIL_BBL, GAS_MCF, WATER_BBL, HOURS_ON) VALUES ('WELL00000000012', TO_DATE('2023-11-01','YYYY-MM-DD'), 322.95, 10452.03, 986.67, 382.48);
INSERT INTO welldata.PRODUCTION (UWI, PROD_DATE, OIL_BBL, GAS_MCF, WATER_BBL, HOURS_ON) VALUES ('WELL00000000012', TO_DATE('2023-12-01','YYYY-MM-DD'), 1921.52, 11373.41, 60.56, 138.56);
INSERT INTO welldata.PRODUCTION (UWI, PROD_DATE, OIL_BBL, GAS_MCF, WATER_BBL, HOURS_ON) VALUES ('WELL00000000012', TO_DATE('2024-01-01','YYYY-MM-DD'), 902.39, 12200.57, 1402.05, 688.19);
INSERT INTO welldata.PRODUCTION (UWI, PROD_DATE, OIL_BBL, GAS_MCF, WATER_BBL, HOURS_ON) VALUES ('WELL00000000012', TO_DATE('2024-02-01','YYYY-MM-DD'), 2106.08, 12057.54, 1250.87, 657.83);
INSERT INTO welldata.PRODUCTION (UWI, PROD_DATE, OIL_BBL, GAS_MCF, WATER_BBL, HOURS_ON) VALUES ('WELL00000000012', TO_DATE('2024-03-01','YYYY-MM-DD'), 773.16, 12619.45, 1116.4, 292.39);
INSERT INTO welldata.PRODUCTION (UWI, PROD_DATE, OIL_BBL, GAS_MCF, WATER_BBL, HOURS_ON) VALUES ('WELL00000000012', TO_DATE('2024-04-01','YYYY-MM-DD'), 448.71, 10895.15, 802.94, 160.44);
INSERT INTO welldata.PRODUCTION (UWI, PROD_DATE, OIL_BBL, GAS_MCF, WATER_BBL, HOURS_ON) VALUES ('WELL00000000012', TO_DATE('2024-05-01','YYYY-MM-DD'), 1716.23, 11107.76, 174.07, 128.48);
INSERT INTO welldata.PRODUCTION (UWI, PROD_DATE, OIL_BBL, GAS_MCF, WATER_BBL, HOURS_ON) VALUES ('WELL00000000012', TO_DATE('2024-06-01','YYYY-MM-DD'), 1051.3, 14729.25, 146.96, 343.06);
INSERT INTO welldata.PRODUCTION (UWI, PROD_DATE, OIL_BBL, GAS_MCF, WATER_BBL, HOURS_ON) VALUES ('WELL00000000012', TO_DATE('2024-07-01','YYYY-MM-DD'), 2575.25, 9971.71, 129.71, 626.78);
INSERT INTO welldata.PRODUCTION (UWI, PROD_DATE, OIL_BBL, GAS_MCF, WATER_BBL, HOURS_ON) VALUES ('WELL00000000012', TO_DATE('2024-08-01','YYYY-MM-DD'), 968.46, 1552.63, 602.02, 708.21);
INSERT INTO welldata.PRODUCTION (UWI, PROD_DATE, OIL_BBL, GAS_MCF, WATER_BBL, HOURS_ON) VALUES ('WELL00000000012', TO_DATE('2024-09-01','YYYY-MM-DD'), 2010.48, 11569.35, 1252.39, 696.51);
INSERT INTO welldata.PRODUCTION (UWI, PROD_DATE, OIL_BBL, GAS_MCF, WATER_BBL, HOURS_ON) VALUES ('WELL00000000012', TO_DATE('2024-10-01','YYYY-MM-DD'), 2647.58, 9553.45, 111.39, 391.07);
INSERT INTO welldata.PRODUCTION (UWI, PROD_DATE, OIL_BBL, GAS_MCF, WATER_BBL, HOURS_ON) VALUES ('WELL00000000012', TO_DATE('2024-11-01','YYYY-MM-DD'), 2074.15, 14474.76, 1016.71, 136.44);
INSERT INTO welldata.PRODUCTION (UWI, PROD_DATE, OIL_BBL, GAS_MCF, WATER_BBL, HOURS_ON) VALUES ('WELL00000000012', TO_DATE('2024-12-01','YYYY-MM-DD'), 1395.85, 7606.69, 770.4, 311.51);
INSERT INTO welldata.FORMATION_TOPS (UWI, FORMATION, TOP_DEPTH_M, BASE_DEPTH_M, LITHOLOGY) VALUES ('WELL00000000012', 'Rajahmundry', 580, 658, 'SANDSTONE');
INSERT INTO welldata.FORMATION_TOPS (UWI, FORMATION, TOP_DEPTH_M, BASE_DEPTH_M, LITHOLOGY) VALUES ('WELL00000000012', 'Bengal', 846, 1097, 'LIMESTONE');
INSERT INTO welldata.FORMATION_TOPS (UWI, FORMATION, TOP_DEPTH_M, BASE_DEPTH_M, LITHOLOGY) VALUES ('WELL00000000012', 'Sanchore', 1403, 1464, 'SHALE');
INSERT INTO welldata.FORMATION_TOPS (UWI, FORMATION, TOP_DEPTH_M, BASE_DEPTH_M, LITHOLOGY) VALUES ('WELL00000000012', 'Barmer', 1620, 1964, 'DOLOMITE');
INSERT INTO welldata.CORE_ANALYSIS (UWI, CORE_RUN, TOP_DEPTH_M, BASE_DEPTH_M, GRAIN_DENSITY, BULK_DENSITY, RECOVERY_PCT) VALUES ('WELL00000000012', 1, 1609, 1726, 2.7314, 2.1105, 79.24);
INSERT INTO welldata.CORE_ANALYSIS (UWI, CORE_RUN, TOP_DEPTH_M, BASE_DEPTH_M, GRAIN_DENSITY, BULK_DENSITY, RECOVERY_PCT) VALUES ('WELL00000000012', 2, 1795, 1899, 2.5769, 2.2054, 69.65);
INSERT INTO welldata.WELL (UWI, WELL_NAME, OPERATOR, COUNTRY, BASIN, FIELD_NAME, SPUD_DATE, COMPLETION_DATE, WELL_TYPE, WELL_STATUS, SURFACE_LAT, SURFACE_LON, TOTAL_DEPTH_M, KB_ELEVATION_M) VALUES ('WELL00000000013', 'ONGC-KR-013', 'ONGC', 'India', 'Krishna-Godavari', 'Krishna Field 5', TO_DATE('2005-09-18','YYYY-MM-DD'), TO_DATE('2009-08-22','YYYY-MM-DD'), 'EXPLORATION', 'ACTIVE', 20.082969, 73.507563, 3156, 60.4);
INSERT INTO welldata.BOREHOLE (UBHI, UWI, BOREHOLE_NAME, BOREHOLE_TYPE, TOP_DEPTH_M, BASE_DEPTH_M) VALUES ('WELL00000000013-BH1', 'WELL00000000013', 'ONGC-KR-013-BH1', 'VERTICAL', 872, 1768);
INSERT INTO welldata.PETROPHYSICS (UBHI, SAMPLE_DEPTH_M, POROSITY, PERMEABILITY, WATER_SAT, FORMATION) VALUES ('WELL00000000013-BH1', 1000, 0.1187, 211.7877, 0.6869, 'Rajahmundry');
INSERT INTO welldata.PETROPHYSICS (UBHI, SAMPLE_DEPTH_M, POROSITY, PERMEABILITY, WATER_SAT, FORMATION) VALUES ('WELL00000000013-BH1', 1020, 0.2064, 412.1, 0.6427, 'Sanchore');
INSERT INTO welldata.PETROPHYSICS (UBHI, SAMPLE_DEPTH_M, POROSITY, PERMEABILITY, WATER_SAT, FORMATION) VALUES ('WELL00000000013-BH1', 1040, 0.1891, 135.2034, 0.3541, 'Barmer');
INSERT INTO welldata.PETROPHYSICS (UBHI, SAMPLE_DEPTH_M, POROSITY, PERMEABILITY, WATER_SAT, FORMATION) VALUES ('WELL00000000013-BH1', 1060, 0.2484, 280.1175, 0.3119, 'Sanchore');
INSERT INTO welldata.PETROPHYSICS (UBHI, SAMPLE_DEPTH_M, POROSITY, PERMEABILITY, WATER_SAT, FORMATION) VALUES ('WELL00000000013-BH1', 1080, 0.0762, 147.2758, 0.6953, 'Barmer');
INSERT INTO welldata.PETROPHYSICS (UBHI, SAMPLE_DEPTH_M, POROSITY, PERMEABILITY, WATER_SAT, FORMATION) VALUES ('WELL00000000013-BH1', 1100, 0.204, 220.5339, 0.7469, 'Sanchore');
INSERT INTO welldata.PETROPHYSICS (UBHI, SAMPLE_DEPTH_M, POROSITY, PERMEABILITY, WATER_SAT, FORMATION) VALUES ('WELL00000000013-BH1', 1120, 0.1312, 446.0111, 0.7109, 'Sanchore');
INSERT INTO welldata.PETROPHYSICS (UBHI, SAMPLE_DEPTH_M, POROSITY, PERMEABILITY, WATER_SAT, FORMATION) VALUES ('WELL00000000013-BH1', 1140, 0.1935, 91.5296, 0.6994, 'Barmer');
INSERT INTO welldata.PETROPHYSICS (UBHI, SAMPLE_DEPTH_M, POROSITY, PERMEABILITY, WATER_SAT, FORMATION) VALUES ('WELL00000000013-BH1', 1160, 0.0953, 375.7253, 0.3082, 'Rajahmundry');
INSERT INTO welldata.PETROPHYSICS (UBHI, SAMPLE_DEPTH_M, POROSITY, PERMEABILITY, WATER_SAT, FORMATION) VALUES ('WELL00000000013-BH1', 1180, 0.2691, 344.814, 0.4547, 'Barmer');
INSERT INTO welldata.PETROPHYSICS (UBHI, SAMPLE_DEPTH_M, POROSITY, PERMEABILITY, WATER_SAT, FORMATION) VALUES ('WELL00000000013-BH1', 1200, 0.0765, 155.8129, 0.4287, 'Rajahmundry');
INSERT INTO welldata.PETROPHYSICS (UBHI, SAMPLE_DEPTH_M, POROSITY, PERMEABILITY, WATER_SAT, FORMATION) VALUES ('WELL00000000013-BH1', 1220, 0.0479, 52.1876, 0.5433, 'Rajahmundry');
INSERT INTO welldata.PETROPHYSICS (UBHI, SAMPLE_DEPTH_M, POROSITY, PERMEABILITY, WATER_SAT, FORMATION) VALUES ('WELL00000000013-BH1', 1240, 0.0864, 347.4814, 0.4777, 'Bengal');
INSERT INTO welldata.PETROPHYSICS (UBHI, SAMPLE_DEPTH_M, POROSITY, PERMEABILITY, WATER_SAT, FORMATION) VALUES ('WELL00000000013-BH1', 1260, 0.1373, 91.2608, 0.2434, 'Barmer');
INSERT INTO welldata.PETROPHYSICS (UBHI, SAMPLE_DEPTH_M, POROSITY, PERMEABILITY, WATER_SAT, FORMATION) VALUES ('WELL00000000013-BH1', 1280, 0.139, 21.5962, 0.3174, 'Rajahmundry');
INSERT INTO welldata.PETROPHYSICS (UBHI, SAMPLE_DEPTH_M, POROSITY, PERMEABILITY, WATER_SAT, FORMATION) VALUES ('WELL00000000013-BH1', 1300, 0.0713, 363.1105, 0.497, 'Barmer');
INSERT INTO welldata.PETROPHYSICS (UBHI, SAMPLE_DEPTH_M, POROSITY, PERMEABILITY, WATER_SAT, FORMATION) VALUES ('WELL00000000013-BH1', 1320, 0.2144, 198.4708, 0.6912, 'Sanchore');
INSERT INTO welldata.PETROPHYSICS (UBHI, SAMPLE_DEPTH_M, POROSITY, PERMEABILITY, WATER_SAT, FORMATION) VALUES ('WELL00000000013-BH1', 1340, 0.058, 81.6212, 0.4548, 'Sanchore');
INSERT INTO welldata.PETROPHYSICS (UBHI, SAMPLE_DEPTH_M, POROSITY, PERMEABILITY, WATER_SAT, FORMATION) VALUES ('WELL00000000013-BH1', 1360, 0.1659, 316.3503, 0.3951, 'Sanchore');
INSERT INTO welldata.PETROPHYSICS (UBHI, SAMPLE_DEPTH_M, POROSITY, PERMEABILITY, WATER_SAT, FORMATION) VALUES ('WELL00000000013-BH1', 1380, 0.0844, 73.3286, 0.629, 'Sanchore');
INSERT INTO welldata.PETROPHYSICS (UBHI, SAMPLE_DEPTH_M, POROSITY, PERMEABILITY, WATER_SAT, FORMATION) VALUES ('WELL00000000013-BH1', 1400, 0.1483, 118.1879, 0.3783, 'Sanchore');
INSERT INTO welldata.PETROPHYSICS (UBHI, SAMPLE_DEPTH_M, POROSITY, PERMEABILITY, WATER_SAT, FORMATION) VALUES ('WELL00000000013-BH1', 1420, 0.0778, 120.6616, 0.613, 'Barmer');
INSERT INTO welldata.PETROPHYSICS (UBHI, SAMPLE_DEPTH_M, POROSITY, PERMEABILITY, WATER_SAT, FORMATION) VALUES ('WELL00000000013-BH1', 1440, 0.166, 153.5351, 0.1632, 'Barmer');
INSERT INTO welldata.PETROPHYSICS (UBHI, SAMPLE_DEPTH_M, POROSITY, PERMEABILITY, WATER_SAT, FORMATION) VALUES ('WELL00000000013-BH1', 1460, 0.0528, 105.8792, 0.3883, 'Bengal');
INSERT INTO welldata.PETROPHYSICS (UBHI, SAMPLE_DEPTH_M, POROSITY, PERMEABILITY, WATER_SAT, FORMATION) VALUES ('WELL00000000013-BH1', 1480, 0.1483, 16.2724, 0.4341, 'Barmer');
INSERT INTO welldata.PETROPHYSICS (UBHI, SAMPLE_DEPTH_M, POROSITY, PERMEABILITY, WATER_SAT, FORMATION) VALUES ('WELL00000000013-BH1', 1500, 0.2543, 376.0194, 0.4954, 'Barmer');
INSERT INTO welldata.PETROPHYSICS (UBHI, SAMPLE_DEPTH_M, POROSITY, PERMEABILITY, WATER_SAT, FORMATION) VALUES ('WELL00000000013-BH1', 1520, 0.2267, 121.3978, 0.5414, 'Rajahmundry');
INSERT INTO welldata.PETROPHYSICS (UBHI, SAMPLE_DEPTH_M, POROSITY, PERMEABILITY, WATER_SAT, FORMATION) VALUES ('WELL00000000013-BH1', 1540, 0.1943, 94.4669, 0.5732, 'Barmer');
INSERT INTO welldata.PETROPHYSICS (UBHI, SAMPLE_DEPTH_M, POROSITY, PERMEABILITY, WATER_SAT, FORMATION) VALUES ('WELL00000000013-BH1', 1560, 0.2417, 13.7386, 0.3528, 'Bengal');
INSERT INTO welldata.PETROPHYSICS (UBHI, SAMPLE_DEPTH_M, POROSITY, PERMEABILITY, WATER_SAT, FORMATION) VALUES ('WELL00000000013-BH1', 1580, 0.0427, 2.4917, 0.2898, 'Bengal');
INSERT INTO welldata.PETROPHYSICS (UBHI, SAMPLE_DEPTH_M, POROSITY, PERMEABILITY, WATER_SAT, FORMATION) VALUES ('WELL00000000013-BH1', 1600, 0.2183, 312.7728, 0.617, 'Sanchore');
INSERT INTO welldata.PETROPHYSICS (UBHI, SAMPLE_DEPTH_M, POROSITY, PERMEABILITY, WATER_SAT, FORMATION) VALUES ('WELL00000000013-BH1', 1620, 0.2177, 33.878, 0.5948, 'Rajahmundry');
INSERT INTO welldata.PETROPHYSICS (UBHI, SAMPLE_DEPTH_M, POROSITY, PERMEABILITY, WATER_SAT, FORMATION) VALUES ('WELL00000000013-BH1', 1640, 0.0827, 200.2369, 0.5134, 'Sanchore');
INSERT INTO welldata.PETROPHYSICS (UBHI, SAMPLE_DEPTH_M, POROSITY, PERMEABILITY, WATER_SAT, FORMATION) VALUES ('WELL00000000013-BH1', 1660, 0.0979, 145.8777, 0.3367, 'Rajahmundry');
INSERT INTO welldata.PETROPHYSICS (UBHI, SAMPLE_DEPTH_M, POROSITY, PERMEABILITY, WATER_SAT, FORMATION) VALUES ('WELL00000000013-BH1', 1680, 0.1676, 266.3645, 0.3719, 'Rajahmundry');
INSERT INTO welldata.PETROPHYSICS (UBHI, SAMPLE_DEPTH_M, POROSITY, PERMEABILITY, WATER_SAT, FORMATION) VALUES ('WELL00000000013-BH1', 1700, 0.2785, 150.9799, 0.6628, 'Bengal');
INSERT INTO welldata.PETROPHYSICS (UBHI, SAMPLE_DEPTH_M, POROSITY, PERMEABILITY, WATER_SAT, FORMATION) VALUES ('WELL00000000013-BH1', 1720, 0.2557, 40.5001, 0.566, 'Barmer');
INSERT INTO welldata.PETROPHYSICS (UBHI, SAMPLE_DEPTH_M, POROSITY, PERMEABILITY, WATER_SAT, FORMATION) VALUES ('WELL00000000013-BH1', 1740, 0.1048, 296.387, 0.3909, 'Bengal');
INSERT INTO welldata.PETROPHYSICS (UBHI, SAMPLE_DEPTH_M, POROSITY, PERMEABILITY, WATER_SAT, FORMATION) VALUES ('WELL00000000013-BH1', 1760, 0.1608, 6.892, 0.4773, 'Bengal');
INSERT INTO welldata.PETROPHYSICS (UBHI, SAMPLE_DEPTH_M, POROSITY, PERMEABILITY, WATER_SAT, FORMATION) VALUES ('WELL00000000013-BH1', 1780, 0.1397, 44.228, 0.3021, 'Barmer');
INSERT INTO welldata.PETROPHYSICS (UBHI, SAMPLE_DEPTH_M, POROSITY, PERMEABILITY, WATER_SAT, FORMATION) VALUES ('WELL00000000013-BH1', 1800, 0.2296, 201.6856, 0.2636, 'Bengal');
INSERT INTO welldata.PETROPHYSICS (UBHI, SAMPLE_DEPTH_M, POROSITY, PERMEABILITY, WATER_SAT, FORMATION) VALUES ('WELL00000000013-BH1', 1820, 0.261, 412.4268, 0.4674, 'Rajahmundry');
INSERT INTO welldata.PETROPHYSICS (UBHI, SAMPLE_DEPTH_M, POROSITY, PERMEABILITY, WATER_SAT, FORMATION) VALUES ('WELL00000000013-BH1', 1840, 0.057, 47.6859, 0.2011, 'Sanchore');
INSERT INTO welldata.PETROPHYSICS (UBHI, SAMPLE_DEPTH_M, POROSITY, PERMEABILITY, WATER_SAT, FORMATION) VALUES ('WELL00000000013-BH1', 1860, 0.2204, 122.4832, 0.2557, 'Bengal');
INSERT INTO welldata.PETROPHYSICS (UBHI, SAMPLE_DEPTH_M, POROSITY, PERMEABILITY, WATER_SAT, FORMATION) VALUES ('WELL00000000013-BH1', 1880, 0.1246, 44.455, 0.3675, 'Barmer');
INSERT INTO welldata.PETROPHYSICS (UBHI, SAMPLE_DEPTH_M, POROSITY, PERMEABILITY, WATER_SAT, FORMATION) VALUES ('WELL00000000013-BH1', 1900, 0.0891, 336.4567, 0.2924, 'Barmer');
INSERT INTO welldata.PETROPHYSICS (UBHI, SAMPLE_DEPTH_M, POROSITY, PERMEABILITY, WATER_SAT, FORMATION) VALUES ('WELL00000000013-BH1', 1920, 0.0708, 247.4082, 0.6376, 'Barmer');
INSERT INTO welldata.PETROPHYSICS (UBHI, SAMPLE_DEPTH_M, POROSITY, PERMEABILITY, WATER_SAT, FORMATION) VALUES ('WELL00000000013-BH1', 1940, 0.1943, 116.1126, 0.2384, 'Bengal');
INSERT INTO welldata.PETROPHYSICS (UBHI, SAMPLE_DEPTH_M, POROSITY, PERMEABILITY, WATER_SAT, FORMATION) VALUES ('WELL00000000013-BH1', 1960, 0.0579, 84.0815, 0.2619, 'Bengal');
INSERT INTO welldata.PETROPHYSICS (UBHI, SAMPLE_DEPTH_M, POROSITY, PERMEABILITY, WATER_SAT, FORMATION) VALUES ('WELL00000000013-BH1', 1980, 0.1008, 187.4491, 0.6879, 'Bengal');
INSERT INTO welldata.PETROPHYSICS (UBHI, SAMPLE_DEPTH_M, POROSITY, PERMEABILITY, WATER_SAT, FORMATION) VALUES ('WELL00000000013-BH1', 2000, 0.1891, 244.5829, 0.4913, 'Barmer');
INSERT INTO welldata.PETROPHYSICS (UBHI, SAMPLE_DEPTH_M, POROSITY, PERMEABILITY, WATER_SAT, FORMATION) VALUES ('WELL00000000013-BH1', 2020, 0.1673, 145.2974, 0.4813, 'Bengal');
INSERT INTO welldata.PETROPHYSICS (UBHI, SAMPLE_DEPTH_M, POROSITY, PERMEABILITY, WATER_SAT, FORMATION) VALUES ('WELL00000000013-BH1', 2040, 0.0449, 169.1456, 0.1517, 'Barmer');
INSERT INTO welldata.PETROPHYSICS (UBHI, SAMPLE_DEPTH_M, POROSITY, PERMEABILITY, WATER_SAT, FORMATION) VALUES ('WELL00000000013-BH1', 2060, 0.1458, 57.5181, 0.5184, 'Sanchore');
INSERT INTO welldata.PETROPHYSICS (UBHI, SAMPLE_DEPTH_M, POROSITY, PERMEABILITY, WATER_SAT, FORMATION) VALUES ('WELL00000000013-BH1', 2080, 0.2571, 395.3226, 0.461, 'Barmer');
INSERT INTO welldata.PETROPHYSICS (UBHI, SAMPLE_DEPTH_M, POROSITY, PERMEABILITY, WATER_SAT, FORMATION) VALUES ('WELL00000000013-BH1', 2100, 0.1061, 129.5238, 0.6462, 'Sanchore');
INSERT INTO welldata.PETROPHYSICS (UBHI, SAMPLE_DEPTH_M, POROSITY, PERMEABILITY, WATER_SAT, FORMATION) VALUES ('WELL00000000013-BH1', 2120, 0.0444, 240.8924, 0.2776, 'Rajahmundry');
INSERT INTO welldata.PETROPHYSICS (UBHI, SAMPLE_DEPTH_M, POROSITY, PERMEABILITY, WATER_SAT, FORMATION) VALUES ('WELL00000000013-BH1', 2140, 0.0524, 109.4779, 0.5895, 'Sanchore');
INSERT INTO welldata.PETROPHYSICS (UBHI, SAMPLE_DEPTH_M, POROSITY, PERMEABILITY, WATER_SAT, FORMATION) VALUES ('WELL00000000013-BH1', 2160, 0.0426, 192.7495, 0.5189, 'Barmer');
INSERT INTO welldata.PETROPHYSICS (UBHI, SAMPLE_DEPTH_M, POROSITY, PERMEABILITY, WATER_SAT, FORMATION) VALUES ('WELL00000000013-BH1', 2180, 0.1904, 153.4143, 0.1633, 'Rajahmundry');
INSERT INTO welldata.PETROPHYSICS (UBHI, SAMPLE_DEPTH_M, POROSITY, PERMEABILITY, WATER_SAT, FORMATION) VALUES ('WELL00000000013-BH1', 2200, 0.1285, 180.1067, 0.2963, 'Barmer');
INSERT INTO welldata.PETROPHYSICS (UBHI, SAMPLE_DEPTH_M, POROSITY, PERMEABILITY, WATER_SAT, FORMATION) VALUES ('WELL00000000013-BH1', 2220, 0.1621, 235.2695, 0.3405, 'Sanchore');
INSERT INTO welldata.PETROPHYSICS (UBHI, SAMPLE_DEPTH_M, POROSITY, PERMEABILITY, WATER_SAT, FORMATION) VALUES ('WELL00000000013-BH1', 2240, 0.0629, 359.585, 0.294, 'Rajahmundry');
INSERT INTO welldata.PETROPHYSICS (UBHI, SAMPLE_DEPTH_M, POROSITY, PERMEABILITY, WATER_SAT, FORMATION) VALUES ('WELL00000000013-BH1', 2260, 0.2276, 38.5331, 0.6993, 'Rajahmundry');
INSERT INTO welldata.PETROPHYSICS (UBHI, SAMPLE_DEPTH_M, POROSITY, PERMEABILITY, WATER_SAT, FORMATION) VALUES ('WELL00000000013-BH1', 2280, 0.215, 12.213, 0.5398, 'Rajahmundry');
INSERT INTO welldata.PETROPHYSICS (UBHI, SAMPLE_DEPTH_M, POROSITY, PERMEABILITY, WATER_SAT, FORMATION) VALUES ('WELL00000000013-BH1', 2300, 0.0577, 359.0683, 0.7132, 'Rajahmundry');
INSERT INTO welldata.PETROPHYSICS (UBHI, SAMPLE_DEPTH_M, POROSITY, PERMEABILITY, WATER_SAT, FORMATION) VALUES ('WELL00000000013-BH1', 2320, 0.2211, 377.5178, 0.2563, 'Barmer');
INSERT INTO welldata.PETROPHYSICS (UBHI, SAMPLE_DEPTH_M, POROSITY, PERMEABILITY, WATER_SAT, FORMATION) VALUES ('WELL00000000013-BH1', 2340, 0.0959, 108.4968, 0.3924, 'Sanchore');
INSERT INTO welldata.PETROPHYSICS (UBHI, SAMPLE_DEPTH_M, POROSITY, PERMEABILITY, WATER_SAT, FORMATION) VALUES ('WELL00000000013-BH1', 2360, 0.201, 178.9897, 0.3476, 'Bengal');
INSERT INTO welldata.PETROPHYSICS (UBHI, SAMPLE_DEPTH_M, POROSITY, PERMEABILITY, WATER_SAT, FORMATION) VALUES ('WELL00000000013-BH1', 2380, 0.0421, 429.1093, 0.6183, 'Barmer');
INSERT INTO welldata.PETROPHYSICS (UBHI, SAMPLE_DEPTH_M, POROSITY, PERMEABILITY, WATER_SAT, FORMATION) VALUES ('WELL00000000013-BH1', 2400, 0.2629, 412.1749, 0.2735, 'Bengal');
INSERT INTO welldata.PETROPHYSICS (UBHI, SAMPLE_DEPTH_M, POROSITY, PERMEABILITY, WATER_SAT, FORMATION) VALUES ('WELL00000000013-BH1', 2420, 0.2141, 116.0503, 0.6718, 'Sanchore');
INSERT INTO welldata.PETROPHYSICS (UBHI, SAMPLE_DEPTH_M, POROSITY, PERMEABILITY, WATER_SAT, FORMATION) VALUES ('WELL00000000013-BH1', 2440, 0.1551, 136.0324, 0.7179, 'Sanchore');
INSERT INTO welldata.PETROPHYSICS (UBHI, SAMPLE_DEPTH_M, POROSITY, PERMEABILITY, WATER_SAT, FORMATION) VALUES ('WELL00000000013-BH1', 2460, 0.2389, 269.0502, 0.2835, 'Sanchore');
INSERT INTO welldata.PETROPHYSICS (UBHI, SAMPLE_DEPTH_M, POROSITY, PERMEABILITY, WATER_SAT, FORMATION) VALUES ('WELL00000000013-BH1', 2480, 0.2146, 125.6067, 0.5144, 'Sanchore');
INSERT INTO welldata.PETROPHYSICS (UBHI, SAMPLE_DEPTH_M, POROSITY, PERMEABILITY, WATER_SAT, FORMATION) VALUES ('WELL00000000013-BH1', 2500, 0.27, 118.0375, 0.1575, 'Sanchore');
INSERT INTO welldata.PETROPHYSICS (UBHI, SAMPLE_DEPTH_M, POROSITY, PERMEABILITY, WATER_SAT, FORMATION) VALUES ('WELL00000000013-BH1', 2520, 0.0767, 217.4084, 0.4045, 'Rajahmundry');
INSERT INTO welldata.PETROPHYSICS (UBHI, SAMPLE_DEPTH_M, POROSITY, PERMEABILITY, WATER_SAT, FORMATION) VALUES ('WELL00000000013-BH1', 2540, 0.0618, 357.5311, 0.5539, 'Barmer');
INSERT INTO welldata.PETROPHYSICS (UBHI, SAMPLE_DEPTH_M, POROSITY, PERMEABILITY, WATER_SAT, FORMATION) VALUES ('WELL00000000013-BH1', 2560, 0.1839, 294.1512, 0.3391, 'Bengal');
INSERT INTO welldata.PETROPHYSICS (UBHI, SAMPLE_DEPTH_M, POROSITY, PERMEABILITY, WATER_SAT, FORMATION) VALUES ('WELL00000000013-BH1', 2580, 0.1059, 98.8203, 0.4721, 'Sanchore');
INSERT INTO welldata.PETROPHYSICS (UBHI, SAMPLE_DEPTH_M, POROSITY, PERMEABILITY, WATER_SAT, FORMATION) VALUES ('WELL00000000013-BH1', 2600, 0.1665, 337.5952, 0.3156, 'Sanchore');
INSERT INTO welldata.PETROPHYSICS (UBHI, SAMPLE_DEPTH_M, POROSITY, PERMEABILITY, WATER_SAT, FORMATION) VALUES ('WELL00000000013-BH1', 2620, 0.1882, 380.3833, 0.619, 'Barmer');
INSERT INTO welldata.PETROPHYSICS (UBHI, SAMPLE_DEPTH_M, POROSITY, PERMEABILITY, WATER_SAT, FORMATION) VALUES ('WELL00000000013-BH1', 2640, 0.2056, 298.7447, 0.24, 'Rajahmundry');
INSERT INTO welldata.PETROPHYSICS (UBHI, SAMPLE_DEPTH_M, POROSITY, PERMEABILITY, WATER_SAT, FORMATION) VALUES ('WELL00000000013-BH1', 2660, 0.1887, 312.2374, 0.449, 'Sanchore');
INSERT INTO welldata.PETROPHYSICS (UBHI, SAMPLE_DEPTH_M, POROSITY, PERMEABILITY, WATER_SAT, FORMATION) VALUES ('WELL00000000013-BH1', 2680, 0.133, 405.1553, 0.695, 'Sanchore');
INSERT INTO welldata.PETROPHYSICS (UBHI, SAMPLE_DEPTH_M, POROSITY, PERMEABILITY, WATER_SAT, FORMATION) VALUES ('WELL00000000013-BH1', 2700, 0.199, 366.8206, 0.6373, 'Bengal');
INSERT INTO welldata.PETROPHYSICS (UBHI, SAMPLE_DEPTH_M, POROSITY, PERMEABILITY, WATER_SAT, FORMATION) VALUES ('WELL00000000013-BH1', 2720, 0.2698, 167.4226, 0.2693, 'Barmer');
INSERT INTO welldata.PETROPHYSICS (UBHI, SAMPLE_DEPTH_M, POROSITY, PERMEABILITY, WATER_SAT, FORMATION) VALUES ('WELL00000000013-BH1', 2740, 0.2638, 7.4296, 0.6162, 'Rajahmundry');
INSERT INTO welldata.PETROPHYSICS (UBHI, SAMPLE_DEPTH_M, POROSITY, PERMEABILITY, WATER_SAT, FORMATION) VALUES ('WELL00000000013-BH1', 2760, 0.125, 47.5586, 0.156, 'Sanchore');
INSERT INTO welldata.PETROPHYSICS (UBHI, SAMPLE_DEPTH_M, POROSITY, PERMEABILITY, WATER_SAT, FORMATION) VALUES ('WELL00000000013-BH1', 2780, 0.2719, 234.9039, 0.2898, 'Bengal');
INSERT INTO welldata.PETROPHYSICS (UBHI, SAMPLE_DEPTH_M, POROSITY, PERMEABILITY, WATER_SAT, FORMATION) VALUES ('WELL00000000013-BH1', 2800, 0.1832, 106.7628, 0.474, 'Barmer');
INSERT INTO welldata.PETROPHYSICS (UBHI, SAMPLE_DEPTH_M, POROSITY, PERMEABILITY, WATER_SAT, FORMATION) VALUES ('WELL00000000013-BH1', 2820, 0.1343, 223.8241, 0.4965, 'Rajahmundry');
INSERT INTO welldata.PETROPHYSICS (UBHI, SAMPLE_DEPTH_M, POROSITY, PERMEABILITY, WATER_SAT, FORMATION) VALUES ('WELL00000000013-BH1', 2840, 0.0709, 419.0316, 0.6735, 'Rajahmundry');
INSERT INTO welldata.PETROPHYSICS (UBHI, SAMPLE_DEPTH_M, POROSITY, PERMEABILITY, WATER_SAT, FORMATION) VALUES ('WELL00000000013-BH1', 2860, 0.2604, 99.6285, 0.7054, 'Bengal');
INSERT INTO welldata.PETROPHYSICS (UBHI, SAMPLE_DEPTH_M, POROSITY, PERMEABILITY, WATER_SAT, FORMATION) VALUES ('WELL00000000013-BH1', 2880, 0.1357, 59.6687, 0.4404, 'Bengal');
INSERT INTO welldata.PETROPHYSICS (UBHI, SAMPLE_DEPTH_M, POROSITY, PERMEABILITY, WATER_SAT, FORMATION) VALUES ('WELL00000000013-BH1', 2900, 0.2191, 48.9116, 0.3691, 'Bengal');
INSERT INTO welldata.PETROPHYSICS (UBHI, SAMPLE_DEPTH_M, POROSITY, PERMEABILITY, WATER_SAT, FORMATION) VALUES ('WELL00000000013-BH1', 2920, 0.2767, 438.608, 0.6234, 'Bengal');
INSERT INTO welldata.PETROPHYSICS (UBHI, SAMPLE_DEPTH_M, POROSITY, PERMEABILITY, WATER_SAT, FORMATION) VALUES ('WELL00000000013-BH1', 2940, 0.1815, 288.5189, 0.2946, 'Bengal');
INSERT INTO welldata.PETROPHYSICS (UBHI, SAMPLE_DEPTH_M, POROSITY, PERMEABILITY, WATER_SAT, FORMATION) VALUES ('WELL00000000013-BH1', 2960, 0.1162, 228.5693, 0.5595, 'Bengal');
INSERT INTO welldata.PETROPHYSICS (UBHI, SAMPLE_DEPTH_M, POROSITY, PERMEABILITY, WATER_SAT, FORMATION) VALUES ('WELL00000000013-BH1', 2980, 0.1719, 34.7575, 0.445, 'Sanchore');
INSERT INTO welldata.PETROPHYSICS (UBHI, SAMPLE_DEPTH_M, POROSITY, PERMEABILITY, WATER_SAT, FORMATION) VALUES ('WELL00000000013-BH1', 3000, 0.262, 158.0418, 0.2562, 'Rajahmundry');
INSERT INTO welldata.BOREHOLE (UBHI, UWI, BOREHOLE_NAME, BOREHOLE_TYPE, TOP_DEPTH_M, BASE_DEPTH_M) VALUES ('WELL00000000013-BH2', 'WELL00000000013', 'ONGC-KR-013-BH2', 'DIRECTIONAL', 634, 1235);
INSERT INTO welldata.PETROPHYSICS (UBHI, SAMPLE_DEPTH_M, POROSITY, PERMEABILITY, WATER_SAT, FORMATION) VALUES ('WELL00000000013-BH2', 1000, 0.2372, 50.0274, 0.5037, 'Barmer');
INSERT INTO welldata.PETROPHYSICS (UBHI, SAMPLE_DEPTH_M, POROSITY, PERMEABILITY, WATER_SAT, FORMATION) VALUES ('WELL00000000013-BH2', 1020, 0.1568, 243.9123, 0.4101, 'Bengal');
INSERT INTO welldata.PETROPHYSICS (UBHI, SAMPLE_DEPTH_M, POROSITY, PERMEABILITY, WATER_SAT, FORMATION) VALUES ('WELL00000000013-BH2', 1040, 0.1845, 226.2064, 0.1899, 'Barmer');
INSERT INTO welldata.PETROPHYSICS (UBHI, SAMPLE_DEPTH_M, POROSITY, PERMEABILITY, WATER_SAT, FORMATION) VALUES ('WELL00000000013-BH2', 1060, 0.086, 132.6682, 0.6739, 'Barmer');
INSERT INTO welldata.PETROPHYSICS (UBHI, SAMPLE_DEPTH_M, POROSITY, PERMEABILITY, WATER_SAT, FORMATION) VALUES ('WELL00000000013-BH2', 1080, 0.154, 388.4325, 0.4873, 'Sanchore');
INSERT INTO welldata.PETROPHYSICS (UBHI, SAMPLE_DEPTH_M, POROSITY, PERMEABILITY, WATER_SAT, FORMATION) VALUES ('WELL00000000013-BH2', 1100, 0.1601, 396.3427, 0.1683, 'Sanchore');
INSERT INTO welldata.PETROPHYSICS (UBHI, SAMPLE_DEPTH_M, POROSITY, PERMEABILITY, WATER_SAT, FORMATION) VALUES ('WELL00000000013-BH2', 1120, 0.2097, 379.6361, 0.1919, 'Bengal');
INSERT INTO welldata.PETROPHYSICS (UBHI, SAMPLE_DEPTH_M, POROSITY, PERMEABILITY, WATER_SAT, FORMATION) VALUES ('WELL00000000013-BH2', 1140, 0.0609, 44.0491, 0.4886, 'Sanchore');
INSERT INTO welldata.PETROPHYSICS (UBHI, SAMPLE_DEPTH_M, POROSITY, PERMEABILITY, WATER_SAT, FORMATION) VALUES ('WELL00000000013-BH2', 1160, 0.1401, 165.8972, 0.4807, 'Sanchore');
INSERT INTO welldata.PETROPHYSICS (UBHI, SAMPLE_DEPTH_M, POROSITY, PERMEABILITY, WATER_SAT, FORMATION) VALUES ('WELL00000000013-BH2', 1180, 0.2434, 37.0693, 0.444, 'Sanchore');
INSERT INTO welldata.PETROPHYSICS (UBHI, SAMPLE_DEPTH_M, POROSITY, PERMEABILITY, WATER_SAT, FORMATION) VALUES ('WELL00000000013-BH2', 1200, 0.1604, 198.8366, 0.3737, 'Rajahmundry');
INSERT INTO welldata.PETROPHYSICS (UBHI, SAMPLE_DEPTH_M, POROSITY, PERMEABILITY, WATER_SAT, FORMATION) VALUES ('WELL00000000013-BH2', 1220, 0.2726, 432.2278, 0.7113, 'Rajahmundry');
INSERT INTO welldata.PETROPHYSICS (UBHI, SAMPLE_DEPTH_M, POROSITY, PERMEABILITY, WATER_SAT, FORMATION) VALUES ('WELL00000000013-BH2', 1240, 0.2005, 126.4595, 0.2471, 'Barmer');
INSERT INTO welldata.PETROPHYSICS (UBHI, SAMPLE_DEPTH_M, POROSITY, PERMEABILITY, WATER_SAT, FORMATION) VALUES ('WELL00000000013-BH2', 1260, 0.2561, 239.9048, 0.4643, 'Sanchore');
INSERT INTO welldata.PETROPHYSICS (UBHI, SAMPLE_DEPTH_M, POROSITY, PERMEABILITY, WATER_SAT, FORMATION) VALUES ('WELL00000000013-BH2', 1280, 0.2772, 233.3987, 0.4275, 'Barmer');
INSERT INTO welldata.PETROPHYSICS (UBHI, SAMPLE_DEPTH_M, POROSITY, PERMEABILITY, WATER_SAT, FORMATION) VALUES ('WELL00000000013-BH2', 1300, 0.2129, 215.61, 0.3921, 'Rajahmundry');
INSERT INTO welldata.PETROPHYSICS (UBHI, SAMPLE_DEPTH_M, POROSITY, PERMEABILITY, WATER_SAT, FORMATION) VALUES ('WELL00000000013-BH2', 1320, 0.206, 240.7814, 0.3313, 'Barmer');
INSERT INTO welldata.PETROPHYSICS (UBHI, SAMPLE_DEPTH_M, POROSITY, PERMEABILITY, WATER_SAT, FORMATION) VALUES ('WELL00000000013-BH2', 1340, 0.0697, 215.443, 0.2076, 'Barmer');
INSERT INTO welldata.PETROPHYSICS (UBHI, SAMPLE_DEPTH_M, POROSITY, PERMEABILITY, WATER_SAT, FORMATION) VALUES ('WELL00000000013-BH2', 1360, 0.1869, 133.0106, 0.7435, 'Sanchore');
INSERT INTO welldata.PETROPHYSICS (UBHI, SAMPLE_DEPTH_M, POROSITY, PERMEABILITY, WATER_SAT, FORMATION) VALUES ('WELL00000000013-BH2', 1380, 0.0422, 108.8576, 0.6068, 'Barmer');
INSERT INTO welldata.PETROPHYSICS (UBHI, SAMPLE_DEPTH_M, POROSITY, PERMEABILITY, WATER_SAT, FORMATION) VALUES ('WELL00000000013-BH2', 1400, 0.1547, 78.2063, 0.4106, 'Bengal');
INSERT INTO welldata.PETROPHYSICS (UBHI, SAMPLE_DEPTH_M, POROSITY, PERMEABILITY, WATER_SAT, FORMATION) VALUES ('WELL00000000013-BH2', 1420, 0.0629, 356.8622, 0.4418, 'Rajahmundry');
INSERT INTO welldata.PETROPHYSICS (UBHI, SAMPLE_DEPTH_M, POROSITY, PERMEABILITY, WATER_SAT, FORMATION) VALUES ('WELL00000000013-BH2', 1440, 0.0585, 170.6317, 0.4177, 'Rajahmundry');
INSERT INTO welldata.PETROPHYSICS (UBHI, SAMPLE_DEPTH_M, POROSITY, PERMEABILITY, WATER_SAT, FORMATION) VALUES ('WELL00000000013-BH2', 1460, 0.0939, 35.0776, 0.4479, 'Bengal');
INSERT INTO welldata.PETROPHYSICS (UBHI, SAMPLE_DEPTH_M, POROSITY, PERMEABILITY, WATER_SAT, FORMATION) VALUES ('WELL00000000013-BH2', 1480, 0.0574, 281.4191, 0.441, 'Barmer');
INSERT INTO welldata.PETROPHYSICS (UBHI, SAMPLE_DEPTH_M, POROSITY, PERMEABILITY, WATER_SAT, FORMATION) VALUES ('WELL00000000013-BH2', 1500, 0.2441, 86.8671, 0.5403, 'Sanchore');
INSERT INTO welldata.PETROPHYSICS (UBHI, SAMPLE_DEPTH_M, POROSITY, PERMEABILITY, WATER_SAT, FORMATION) VALUES ('WELL00000000013-BH2', 1520, 0.2037, 92.3973, 0.6282, 'Rajahmundry');
INSERT INTO welldata.PETROPHYSICS (UBHI, SAMPLE_DEPTH_M, POROSITY, PERMEABILITY, WATER_SAT, FORMATION) VALUES ('WELL00000000013-BH2', 1540, 0.1462, 121.436, 0.556, 'Barmer');
INSERT INTO welldata.PETROPHYSICS (UBHI, SAMPLE_DEPTH_M, POROSITY, PERMEABILITY, WATER_SAT, FORMATION) VALUES ('WELL00000000013-BH2', 1560, 0.1426, 410.6925, 0.5466, 'Rajahmundry');
INSERT INTO welldata.PETROPHYSICS (UBHI, SAMPLE_DEPTH_M, POROSITY, PERMEABILITY, WATER_SAT, FORMATION) VALUES ('WELL00000000013-BH2', 1580, 0.2756, 179.7133, 0.3783, 'Rajahmundry');
INSERT INTO welldata.PETROPHYSICS (UBHI, SAMPLE_DEPTH_M, POROSITY, PERMEABILITY, WATER_SAT, FORMATION) VALUES ('WELL00000000013-BH2', 1600, 0.1112, 26.4911, 0.3191, 'Rajahmundry');
INSERT INTO welldata.PETROPHYSICS (UBHI, SAMPLE_DEPTH_M, POROSITY, PERMEABILITY, WATER_SAT, FORMATION) VALUES ('WELL00000000013-BH2', 1620, 0.1857, 358.2886, 0.7445, 'Barmer');
INSERT INTO welldata.PETROPHYSICS (UBHI, SAMPLE_DEPTH_M, POROSITY, PERMEABILITY, WATER_SAT, FORMATION) VALUES ('WELL00000000013-BH2', 1640, 0.0959, 218.6585, 0.2813, 'Barmer');
INSERT INTO welldata.PETROPHYSICS (UBHI, SAMPLE_DEPTH_M, POROSITY, PERMEABILITY, WATER_SAT, FORMATION) VALUES ('WELL00000000013-BH2', 1660, 0.1693, 92.4558, 0.2991, 'Rajahmundry');
INSERT INTO welldata.PETROPHYSICS (UBHI, SAMPLE_DEPTH_M, POROSITY, PERMEABILITY, WATER_SAT, FORMATION) VALUES ('WELL00000000013-BH2', 1680, 0.1899, 254.8068, 0.2441, 'Bengal');
INSERT INTO welldata.PETROPHYSICS (UBHI, SAMPLE_DEPTH_M, POROSITY, PERMEABILITY, WATER_SAT, FORMATION) VALUES ('WELL00000000013-BH2', 1700, 0.1386, 434.3985, 0.73, 'Rajahmundry');
INSERT INTO welldata.PETROPHYSICS (UBHI, SAMPLE_DEPTH_M, POROSITY, PERMEABILITY, WATER_SAT, FORMATION) VALUES ('WELL00000000013-BH2', 1720, 0.2136, 316.6708, 0.6161, 'Sanchore');
INSERT INTO welldata.PETROPHYSICS (UBHI, SAMPLE_DEPTH_M, POROSITY, PERMEABILITY, WATER_SAT, FORMATION) VALUES ('WELL00000000013-BH2', 1740, 0.1578, 220.1088, 0.5304, 'Sanchore');
INSERT INTO welldata.PETROPHYSICS (UBHI, SAMPLE_DEPTH_M, POROSITY, PERMEABILITY, WATER_SAT, FORMATION) VALUES ('WELL00000000013-BH2', 1760, 0.2515, 0.5321, 0.3084, 'Sanchore');
INSERT INTO welldata.PETROPHYSICS (UBHI, SAMPLE_DEPTH_M, POROSITY, PERMEABILITY, WATER_SAT, FORMATION) VALUES ('WELL00000000013-BH2', 1780, 0.1595, 247.9849, 0.6832, 'Barmer');
INSERT INTO welldata.PETROPHYSICS (UBHI, SAMPLE_DEPTH_M, POROSITY, PERMEABILITY, WATER_SAT, FORMATION) VALUES ('WELL00000000013-BH2', 1800, 0.0882, 62.3906, 0.215, 'Sanchore');
INSERT INTO welldata.PETROPHYSICS (UBHI, SAMPLE_DEPTH_M, POROSITY, PERMEABILITY, WATER_SAT, FORMATION) VALUES ('WELL00000000013-BH2', 1820, 0.2598, 68.6709, 0.5192, 'Bengal');
INSERT INTO welldata.PETROPHYSICS (UBHI, SAMPLE_DEPTH_M, POROSITY, PERMEABILITY, WATER_SAT, FORMATION) VALUES ('WELL00000000013-BH2', 1840, 0.0804, 39.7676, 0.6078, 'Barmer');
INSERT INTO welldata.PETROPHYSICS (UBHI, SAMPLE_DEPTH_M, POROSITY, PERMEABILITY, WATER_SAT, FORMATION) VALUES ('WELL00000000013-BH2', 1860, 0.1753, 399.0508, 0.2428, 'Sanchore');
INSERT INTO welldata.PETROPHYSICS (UBHI, SAMPLE_DEPTH_M, POROSITY, PERMEABILITY, WATER_SAT, FORMATION) VALUES ('WELL00000000013-BH2', 1880, 0.2112, 74.2733, 0.2382, 'Sanchore');
INSERT INTO welldata.PETROPHYSICS (UBHI, SAMPLE_DEPTH_M, POROSITY, PERMEABILITY, WATER_SAT, FORMATION) VALUES ('WELL00000000013-BH2', 1900, 0.114, 342.2474, 0.4775, 'Sanchore');
INSERT INTO welldata.PETROPHYSICS (UBHI, SAMPLE_DEPTH_M, POROSITY, PERMEABILITY, WATER_SAT, FORMATION) VALUES ('WELL00000000013-BH2', 1920, 0.1326, 13.8435, 0.6958, 'Bengal');
INSERT INTO welldata.PETROPHYSICS (UBHI, SAMPLE_DEPTH_M, POROSITY, PERMEABILITY, WATER_SAT, FORMATION) VALUES ('WELL00000000013-BH2', 1940, 0.1466, 145.0635, 0.2775, 'Barmer');
INSERT INTO welldata.PETROPHYSICS (UBHI, SAMPLE_DEPTH_M, POROSITY, PERMEABILITY, WATER_SAT, FORMATION) VALUES ('WELL00000000013-BH2', 1960, 0.0921, 305.7998, 0.3314, 'Bengal');
INSERT INTO welldata.PETROPHYSICS (UBHI, SAMPLE_DEPTH_M, POROSITY, PERMEABILITY, WATER_SAT, FORMATION) VALUES ('WELL00000000013-BH2', 1980, 0.1658, 247.0026, 0.2853, 'Sanchore');
INSERT INTO welldata.PETROPHYSICS (UBHI, SAMPLE_DEPTH_M, POROSITY, PERMEABILITY, WATER_SAT, FORMATION) VALUES ('WELL00000000013-BH2', 2000, 0.0907, 161.4975, 0.264, 'Rajahmundry');
INSERT INTO welldata.PETROPHYSICS (UBHI, SAMPLE_DEPTH_M, POROSITY, PERMEABILITY, WATER_SAT, FORMATION) VALUES ('WELL00000000013-BH2', 2020, 0.2243, 283.8189, 0.2377, 'Bengal');
INSERT INTO welldata.PETROPHYSICS (UBHI, SAMPLE_DEPTH_M, POROSITY, PERMEABILITY, WATER_SAT, FORMATION) VALUES ('WELL00000000013-BH2', 2040, 0.2696, 363.5666, 0.3155, 'Sanchore');
INSERT INTO welldata.PETROPHYSICS (UBHI, SAMPLE_DEPTH_M, POROSITY, PERMEABILITY, WATER_SAT, FORMATION) VALUES ('WELL00000000013-BH2', 2060, 0.2649, 160.9413, 0.5058, 'Bengal');
INSERT INTO welldata.PETROPHYSICS (UBHI, SAMPLE_DEPTH_M, POROSITY, PERMEABILITY, WATER_SAT, FORMATION) VALUES ('WELL00000000013-BH2', 2080, 0.1113, 123.6224, 0.4011, 'Rajahmundry');
INSERT INTO welldata.PETROPHYSICS (UBHI, SAMPLE_DEPTH_M, POROSITY, PERMEABILITY, WATER_SAT, FORMATION) VALUES ('WELL00000000013-BH2', 2100, 0.1074, 347.8223, 0.4991, 'Sanchore');
INSERT INTO welldata.PETROPHYSICS (UBHI, SAMPLE_DEPTH_M, POROSITY, PERMEABILITY, WATER_SAT, FORMATION) VALUES ('WELL00000000013-BH2', 2120, 0.0468, 374.4101, 0.2269, 'Rajahmundry');
INSERT INTO welldata.PETROPHYSICS (UBHI, SAMPLE_DEPTH_M, POROSITY, PERMEABILITY, WATER_SAT, FORMATION) VALUES ('WELL00000000013-BH2', 2140, 0.173, 321.8987, 0.2075, 'Rajahmundry');
INSERT INTO welldata.PETROPHYSICS (UBHI, SAMPLE_DEPTH_M, POROSITY, PERMEABILITY, WATER_SAT, FORMATION) VALUES ('WELL00000000013-BH2', 2160, 0.2474, 124.3685, 0.4683, 'Rajahmundry');
INSERT INTO welldata.PETROPHYSICS (UBHI, SAMPLE_DEPTH_M, POROSITY, PERMEABILITY, WATER_SAT, FORMATION) VALUES ('WELL00000000013-BH2', 2180, 0.1392, 200.4297, 0.6171, 'Sanchore');
INSERT INTO welldata.PETROPHYSICS (UBHI, SAMPLE_DEPTH_M, POROSITY, PERMEABILITY, WATER_SAT, FORMATION) VALUES ('WELL00000000013-BH2', 2200, 0.1717, 114.6206, 0.5137, 'Rajahmundry');
INSERT INTO welldata.PETROPHYSICS (UBHI, SAMPLE_DEPTH_M, POROSITY, PERMEABILITY, WATER_SAT, FORMATION) VALUES ('WELL00000000013-BH2', 2220, 0.1967, 62.4799, 0.5695, 'Barmer');
INSERT INTO welldata.PETROPHYSICS (UBHI, SAMPLE_DEPTH_M, POROSITY, PERMEABILITY, WATER_SAT, FORMATION) VALUES ('WELL00000000013-BH2', 2240, 0.2688, 322.0143, 0.4334, 'Sanchore');
INSERT INTO welldata.PETROPHYSICS (UBHI, SAMPLE_DEPTH_M, POROSITY, PERMEABILITY, WATER_SAT, FORMATION) VALUES ('WELL00000000013-BH2', 2260, 0.2087, 409.3261, 0.3978, 'Barmer');
INSERT INTO welldata.PETROPHYSICS (UBHI, SAMPLE_DEPTH_M, POROSITY, PERMEABILITY, WATER_SAT, FORMATION) VALUES ('WELL00000000013-BH2', 2280, 0.1413, 274.0802, 0.2518, 'Sanchore');
INSERT INTO welldata.PETROPHYSICS (UBHI, SAMPLE_DEPTH_M, POROSITY, PERMEABILITY, WATER_SAT, FORMATION) VALUES ('WELL00000000013-BH2', 2300, 0.2527, 143.9925, 0.3272, 'Barmer');
INSERT INTO welldata.PETROPHYSICS (UBHI, SAMPLE_DEPTH_M, POROSITY, PERMEABILITY, WATER_SAT, FORMATION) VALUES ('WELL00000000013-BH2', 2320, 0.0953, 60.9257, 0.3802, 'Rajahmundry');
INSERT INTO welldata.PETROPHYSICS (UBHI, SAMPLE_DEPTH_M, POROSITY, PERMEABILITY, WATER_SAT, FORMATION) VALUES ('WELL00000000013-BH2', 2340, 0.0798, 438.6359, 0.4531, 'Barmer');
INSERT INTO welldata.PETROPHYSICS (UBHI, SAMPLE_DEPTH_M, POROSITY, PERMEABILITY, WATER_SAT, FORMATION) VALUES ('WELL00000000013-BH2', 2360, 0.2174, 208.0856, 0.4949, 'Rajahmundry');
INSERT INTO welldata.PETROPHYSICS (UBHI, SAMPLE_DEPTH_M, POROSITY, PERMEABILITY, WATER_SAT, FORMATION) VALUES ('WELL00000000013-BH2', 2380, 0.2471, 242.3985, 0.3854, 'Rajahmundry');
INSERT INTO welldata.PETROPHYSICS (UBHI, SAMPLE_DEPTH_M, POROSITY, PERMEABILITY, WATER_SAT, FORMATION) VALUES ('WELL00000000013-BH2', 2400, 0.245, 316.529, 0.5121, 'Rajahmundry');
INSERT INTO welldata.PETROPHYSICS (UBHI, SAMPLE_DEPTH_M, POROSITY, PERMEABILITY, WATER_SAT, FORMATION) VALUES ('WELL00000000013-BH2', 2420, 0.0593, 262.604, 0.3298, 'Bengal');
INSERT INTO welldata.PETROPHYSICS (UBHI, SAMPLE_DEPTH_M, POROSITY, PERMEABILITY, WATER_SAT, FORMATION) VALUES ('WELL00000000013-BH2', 2440, 0.0894, 395.5484, 0.275, 'Bengal');
INSERT INTO welldata.PETROPHYSICS (UBHI, SAMPLE_DEPTH_M, POROSITY, PERMEABILITY, WATER_SAT, FORMATION) VALUES ('WELL00000000013-BH2', 2460, 0.1706, 336.2365, 0.4576, 'Barmer');
INSERT INTO welldata.PETROPHYSICS (UBHI, SAMPLE_DEPTH_M, POROSITY, PERMEABILITY, WATER_SAT, FORMATION) VALUES ('WELL00000000013-BH2', 2480, 0.2596, 93.2866, 0.4851, 'Sanchore');
INSERT INTO welldata.PETROPHYSICS (UBHI, SAMPLE_DEPTH_M, POROSITY, PERMEABILITY, WATER_SAT, FORMATION) VALUES ('WELL00000000013-BH2', 2500, 0.1945, 273.9029, 0.3988, 'Bengal');
INSERT INTO welldata.PETROPHYSICS (UBHI, SAMPLE_DEPTH_M, POROSITY, PERMEABILITY, WATER_SAT, FORMATION) VALUES ('WELL00000000013-BH2', 2520, 0.238, 43.0693, 0.7239, 'Bengal');
INSERT INTO welldata.PETROPHYSICS (UBHI, SAMPLE_DEPTH_M, POROSITY, PERMEABILITY, WATER_SAT, FORMATION) VALUES ('WELL00000000013-BH2', 2540, 0.0715, 425.5879, 0.5049, 'Barmer');
INSERT INTO welldata.PETROPHYSICS (UBHI, SAMPLE_DEPTH_M, POROSITY, PERMEABILITY, WATER_SAT, FORMATION) VALUES ('WELL00000000013-BH2', 2560, 0.2304, 102.817, 0.6114, 'Bengal');
INSERT INTO welldata.PETROPHYSICS (UBHI, SAMPLE_DEPTH_M, POROSITY, PERMEABILITY, WATER_SAT, FORMATION) VALUES ('WELL00000000013-BH2', 2580, 0.2045, 334.7145, 0.3185, 'Sanchore');
INSERT INTO welldata.PETROPHYSICS (UBHI, SAMPLE_DEPTH_M, POROSITY, PERMEABILITY, WATER_SAT, FORMATION) VALUES ('WELL00000000013-BH2', 2600, 0.0626, 124.5169, 0.5897, 'Barmer');
INSERT INTO welldata.PETROPHYSICS (UBHI, SAMPLE_DEPTH_M, POROSITY, PERMEABILITY, WATER_SAT, FORMATION) VALUES ('WELL00000000013-BH2', 2620, 0.2356, 331.2514, 0.4099, 'Rajahmundry');
INSERT INTO welldata.PETROPHYSICS (UBHI, SAMPLE_DEPTH_M, POROSITY, PERMEABILITY, WATER_SAT, FORMATION) VALUES ('WELL00000000013-BH2', 2640, 0.2192, 269.3363, 0.5242, 'Bengal');
INSERT INTO welldata.PETROPHYSICS (UBHI, SAMPLE_DEPTH_M, POROSITY, PERMEABILITY, WATER_SAT, FORMATION) VALUES ('WELL00000000013-BH2', 2660, 0.1914, 222.1541, 0.7361, 'Barmer');
INSERT INTO welldata.PETROPHYSICS (UBHI, SAMPLE_DEPTH_M, POROSITY, PERMEABILITY, WATER_SAT, FORMATION) VALUES ('WELL00000000013-BH2', 2680, 0.262, 416.4439, 0.4507, 'Barmer');
INSERT INTO welldata.PETROPHYSICS (UBHI, SAMPLE_DEPTH_M, POROSITY, PERMEABILITY, WATER_SAT, FORMATION) VALUES ('WELL00000000013-BH2', 2700, 0.1008, 117.0546, 0.2885, 'Rajahmundry');
INSERT INTO welldata.PETROPHYSICS (UBHI, SAMPLE_DEPTH_M, POROSITY, PERMEABILITY, WATER_SAT, FORMATION) VALUES ('WELL00000000013-BH2', 2720, 0.2676, 129.8611, 0.5279, 'Bengal');
INSERT INTO welldata.PETROPHYSICS (UBHI, SAMPLE_DEPTH_M, POROSITY, PERMEABILITY, WATER_SAT, FORMATION) VALUES ('WELL00000000013-BH2', 2740, 0.1783, 121.7211, 0.2535, 'Barmer');
INSERT INTO welldata.PETROPHYSICS (UBHI, SAMPLE_DEPTH_M, POROSITY, PERMEABILITY, WATER_SAT, FORMATION) VALUES ('WELL00000000013-BH2', 2760, 0.0736, 270.721, 0.2425, 'Rajahmundry');
INSERT INTO welldata.PETROPHYSICS (UBHI, SAMPLE_DEPTH_M, POROSITY, PERMEABILITY, WATER_SAT, FORMATION) VALUES ('WELL00000000013-BH2', 2780, 0.2451, 314.2564, 0.5628, 'Rajahmundry');
INSERT INTO welldata.PETROPHYSICS (UBHI, SAMPLE_DEPTH_M, POROSITY, PERMEABILITY, WATER_SAT, FORMATION) VALUES ('WELL00000000013-BH2', 2800, 0.2116, 323.8697, 0.2223, 'Barmer');
INSERT INTO welldata.PETROPHYSICS (UBHI, SAMPLE_DEPTH_M, POROSITY, PERMEABILITY, WATER_SAT, FORMATION) VALUES ('WELL00000000013-BH2', 2820, 0.1544, 301.5269, 0.4722, 'Rajahmundry');
INSERT INTO welldata.PETROPHYSICS (UBHI, SAMPLE_DEPTH_M, POROSITY, PERMEABILITY, WATER_SAT, FORMATION) VALUES ('WELL00000000013-BH2', 2840, 0.0882, 310.9991, 0.3724, 'Bengal');
INSERT INTO welldata.PETROPHYSICS (UBHI, SAMPLE_DEPTH_M, POROSITY, PERMEABILITY, WATER_SAT, FORMATION) VALUES ('WELL00000000013-BH2', 2860, 0.1386, 108.2443, 0.3955, 'Sanchore');
INSERT INTO welldata.PETROPHYSICS (UBHI, SAMPLE_DEPTH_M, POROSITY, PERMEABILITY, WATER_SAT, FORMATION) VALUES ('WELL00000000013-BH2', 2880, 0.0734, 240.2115, 0.6601, 'Bengal');
INSERT INTO welldata.PETROPHYSICS (UBHI, SAMPLE_DEPTH_M, POROSITY, PERMEABILITY, WATER_SAT, FORMATION) VALUES ('WELL00000000013-BH2', 2900, 0.0789, 30.6259, 0.5163, 'Barmer');
INSERT INTO welldata.PETROPHYSICS (UBHI, SAMPLE_DEPTH_M, POROSITY, PERMEABILITY, WATER_SAT, FORMATION) VALUES ('WELL00000000013-BH2', 2920, 0.0429, 352.6202, 0.7487, 'Barmer');
INSERT INTO welldata.PETROPHYSICS (UBHI, SAMPLE_DEPTH_M, POROSITY, PERMEABILITY, WATER_SAT, FORMATION) VALUES ('WELL00000000013-BH2', 2940, 0.2772, 141.7272, 0.2465, 'Sanchore');
INSERT INTO welldata.PETROPHYSICS (UBHI, SAMPLE_DEPTH_M, POROSITY, PERMEABILITY, WATER_SAT, FORMATION) VALUES ('WELL00000000013-BH2', 2960, 0.1263, 225.2148, 0.3824, 'Bengal');
INSERT INTO welldata.PETROPHYSICS (UBHI, SAMPLE_DEPTH_M, POROSITY, PERMEABILITY, WATER_SAT, FORMATION) VALUES ('WELL00000000013-BH2', 2980, 0.2637, 431.6668, 0.2019, 'Rajahmundry');
INSERT INTO welldata.PETROPHYSICS (UBHI, SAMPLE_DEPTH_M, POROSITY, PERMEABILITY, WATER_SAT, FORMATION) VALUES ('WELL00000000013-BH2', 3000, 0.0462, 2.277, 0.3638, 'Rajahmundry');
INSERT INTO welldata.PRODUCTION (UWI, PROD_DATE, OIL_BBL, GAS_MCF, WATER_BBL, HOURS_ON) VALUES ('WELL00000000013', TO_DATE('2015-01-01','YYYY-MM-DD'), 605.23, 10843.52, 1404.25, 719.77);
INSERT INTO welldata.PRODUCTION (UWI, PROD_DATE, OIL_BBL, GAS_MCF, WATER_BBL, HOURS_ON) VALUES ('WELL00000000013', TO_DATE('2015-02-01','YYYY-MM-DD'), 1028.48, 7408.07, 720.69, 306.22);
INSERT INTO welldata.PRODUCTION (UWI, PROD_DATE, OIL_BBL, GAS_MCF, WATER_BBL, HOURS_ON) VALUES ('WELL00000000013', TO_DATE('2015-03-01','YYYY-MM-DD'), 97.12, 13870.35, 894.44, 531.36);
INSERT INTO welldata.PRODUCTION (UWI, PROD_DATE, OIL_BBL, GAS_MCF, WATER_BBL, HOURS_ON) VALUES ('WELL00000000013', TO_DATE('2015-04-01','YYYY-MM-DD'), 2568.82, 9093.64, 165.12, 225.51);
INSERT INTO welldata.PRODUCTION (UWI, PROD_DATE, OIL_BBL, GAS_MCF, WATER_BBL, HOURS_ON) VALUES ('WELL00000000013', TO_DATE('2015-05-01','YYYY-MM-DD'), 1284.79, 13300.67, 1159.62, 497.94);
INSERT INTO welldata.PRODUCTION (UWI, PROD_DATE, OIL_BBL, GAS_MCF, WATER_BBL, HOURS_ON) VALUES ('WELL00000000013', TO_DATE('2015-06-01','YYYY-MM-DD'), 2678.01, 8379.83, 1294.76, 445.6);
INSERT INTO welldata.PRODUCTION (UWI, PROD_DATE, OIL_BBL, GAS_MCF, WATER_BBL, HOURS_ON) VALUES ('WELL00000000013', TO_DATE('2015-07-01','YYYY-MM-DD'), 1778.25, 10458.5, 1375.44, 592.28);
INSERT INTO welldata.PRODUCTION (UWI, PROD_DATE, OIL_BBL, GAS_MCF, WATER_BBL, HOURS_ON) VALUES ('WELL00000000013', TO_DATE('2015-08-01','YYYY-MM-DD'), 2775.36, 8702.12, 27.91, 374.92);
INSERT INTO welldata.PRODUCTION (UWI, PROD_DATE, OIL_BBL, GAS_MCF, WATER_BBL, HOURS_ON) VALUES ('WELL00000000013', TO_DATE('2015-09-01','YYYY-MM-DD'), 2544.46, 6191.16, 306.19, 330.55);
INSERT INTO welldata.PRODUCTION (UWI, PROD_DATE, OIL_BBL, GAS_MCF, WATER_BBL, HOURS_ON) VALUES ('WELL00000000013', TO_DATE('2015-10-01','YYYY-MM-DD'), 489.97, 14001.15, 1156.85, 718.6);
INSERT INTO welldata.PRODUCTION (UWI, PROD_DATE, OIL_BBL, GAS_MCF, WATER_BBL, HOURS_ON) VALUES ('WELL00000000013', TO_DATE('2015-11-01','YYYY-MM-DD'), 534.99, 2611.88, 1007.56, 671.84);
INSERT INTO welldata.PRODUCTION (UWI, PROD_DATE, OIL_BBL, GAS_MCF, WATER_BBL, HOURS_ON) VALUES ('WELL00000000013', TO_DATE('2015-12-01','YYYY-MM-DD'), 793.59, 378.44, 822.22, 581.34);
INSERT INTO welldata.PRODUCTION (UWI, PROD_DATE, OIL_BBL, GAS_MCF, WATER_BBL, HOURS_ON) VALUES ('WELL00000000013', TO_DATE('2016-01-01','YYYY-MM-DD'), 650.57, 5037.09, 725.43, 580.38);
INSERT INTO welldata.PRODUCTION (UWI, PROD_DATE, OIL_BBL, GAS_MCF, WATER_BBL, HOURS_ON) VALUES ('WELL00000000013', TO_DATE('2016-02-01','YYYY-MM-DD'), 1921.92, 6092.19, 1310.76, 271.03);
INSERT INTO welldata.PRODUCTION (UWI, PROD_DATE, OIL_BBL, GAS_MCF, WATER_BBL, HOURS_ON) VALUES ('WELL00000000013', TO_DATE('2016-03-01','YYYY-MM-DD'), 2029.15, 4755.25, 1138.86, 586.08);
INSERT INTO welldata.PRODUCTION (UWI, PROD_DATE, OIL_BBL, GAS_MCF, WATER_BBL, HOURS_ON) VALUES ('WELL00000000013', TO_DATE('2016-04-01','YYYY-MM-DD'), 1656.75, 13367.61, 1405.49, 370.13);
INSERT INTO welldata.PRODUCTION (UWI, PROD_DATE, OIL_BBL, GAS_MCF, WATER_BBL, HOURS_ON) VALUES ('WELL00000000013', TO_DATE('2016-05-01','YYYY-MM-DD'), 2989.03, 8137.42, 1069.43, 180.18);
INSERT INTO welldata.PRODUCTION (UWI, PROD_DATE, OIL_BBL, GAS_MCF, WATER_BBL, HOURS_ON) VALUES ('WELL00000000013', TO_DATE('2016-06-01','YYYY-MM-DD'), 2630.5, 13222.94, 445.56, 582.34);
INSERT INTO welldata.PRODUCTION (UWI, PROD_DATE, OIL_BBL, GAS_MCF, WATER_BBL, HOURS_ON) VALUES ('WELL00000000013', TO_DATE('2016-07-01','YYYY-MM-DD'), 1729.11, 2999.94, 1121.09, 390.95);
INSERT INTO welldata.PRODUCTION (UWI, PROD_DATE, OIL_BBL, GAS_MCF, WATER_BBL, HOURS_ON) VALUES ('WELL00000000013', TO_DATE('2016-08-01','YYYY-MM-DD'), 1604.33, 282.74, 1159.26, 354.92);
INSERT INTO welldata.PRODUCTION (UWI, PROD_DATE, OIL_BBL, GAS_MCF, WATER_BBL, HOURS_ON) VALUES ('WELL00000000013', TO_DATE('2016-09-01','YYYY-MM-DD'), 1087.11, 4276.16, 176.67, 591.29);
INSERT INTO welldata.PRODUCTION (UWI, PROD_DATE, OIL_BBL, GAS_MCF, WATER_BBL, HOURS_ON) VALUES ('WELL00000000013', TO_DATE('2016-10-01','YYYY-MM-DD'), 217.95, 3423.61, 1237.14, 711.51);
INSERT INTO welldata.PRODUCTION (UWI, PROD_DATE, OIL_BBL, GAS_MCF, WATER_BBL, HOURS_ON) VALUES ('WELL00000000013', TO_DATE('2016-11-01','YYYY-MM-DD'), 2439.69, 6686.07, 1379.83, 229.71);
INSERT INTO welldata.PRODUCTION (UWI, PROD_DATE, OIL_BBL, GAS_MCF, WATER_BBL, HOURS_ON) VALUES ('WELL00000000013', TO_DATE('2016-12-01','YYYY-MM-DD'), 1023.56, 7978.61, 459.81, 290.12);
INSERT INTO welldata.PRODUCTION (UWI, PROD_DATE, OIL_BBL, GAS_MCF, WATER_BBL, HOURS_ON) VALUES ('WELL00000000013', TO_DATE('2017-01-01','YYYY-MM-DD'), 1222.74, 4819.2, 1045.45, 309.38);
INSERT INTO welldata.PRODUCTION (UWI, PROD_DATE, OIL_BBL, GAS_MCF, WATER_BBL, HOURS_ON) VALUES ('WELL00000000013', TO_DATE('2017-02-01','YYYY-MM-DD'), 639.21, 12989.15, 1266.14, 302.76);
INSERT INTO welldata.PRODUCTION (UWI, PROD_DATE, OIL_BBL, GAS_MCF, WATER_BBL, HOURS_ON) VALUES ('WELL00000000013', TO_DATE('2017-03-01','YYYY-MM-DD'), 2928.7, 11714.24, 900.74, 657.77);
INSERT INTO welldata.PRODUCTION (UWI, PROD_DATE, OIL_BBL, GAS_MCF, WATER_BBL, HOURS_ON) VALUES ('WELL00000000013', TO_DATE('2017-04-01','YYYY-MM-DD'), 528.82, 1756.22, 251.69, 706.11);
INSERT INTO welldata.PRODUCTION (UWI, PROD_DATE, OIL_BBL, GAS_MCF, WATER_BBL, HOURS_ON) VALUES ('WELL00000000013', TO_DATE('2017-05-01','YYYY-MM-DD'), 2397.72, 5447.12, 943.41, 418.12);
INSERT INTO welldata.PRODUCTION (UWI, PROD_DATE, OIL_BBL, GAS_MCF, WATER_BBL, HOURS_ON) VALUES ('WELL00000000013', TO_DATE('2017-06-01','YYYY-MM-DD'), 2369.01, 9558.23, 584.53, 191.95);
INSERT INTO welldata.PRODUCTION (UWI, PROD_DATE, OIL_BBL, GAS_MCF, WATER_BBL, HOURS_ON) VALUES ('WELL00000000013', TO_DATE('2017-07-01','YYYY-MM-DD'), 2053.66, 12222.06, 1093.0, 333.13);
INSERT INTO welldata.PRODUCTION (UWI, PROD_DATE, OIL_BBL, GAS_MCF, WATER_BBL, HOURS_ON) VALUES ('WELL00000000013', TO_DATE('2017-08-01','YYYY-MM-DD'), 2926.36, 13087.66, 785.76, 382.2);
INSERT INTO welldata.PRODUCTION (UWI, PROD_DATE, OIL_BBL, GAS_MCF, WATER_BBL, HOURS_ON) VALUES ('WELL00000000013', TO_DATE('2017-09-01','YYYY-MM-DD'), 2941.72, 526.2, 1042.51, 208.45);
INSERT INTO welldata.PRODUCTION (UWI, PROD_DATE, OIL_BBL, GAS_MCF, WATER_BBL, HOURS_ON) VALUES ('WELL00000000013', TO_DATE('2017-10-01','YYYY-MM-DD'), 2664.69, 13860.18, 950.1, 607.05);
INSERT INTO welldata.PRODUCTION (UWI, PROD_DATE, OIL_BBL, GAS_MCF, WATER_BBL, HOURS_ON) VALUES ('WELL00000000013', TO_DATE('2017-11-01','YYYY-MM-DD'), 2472.29, 3574.27, 768.02, 596.77);
INSERT INTO welldata.PRODUCTION (UWI, PROD_DATE, OIL_BBL, GAS_MCF, WATER_BBL, HOURS_ON) VALUES ('WELL00000000013', TO_DATE('2017-12-01','YYYY-MM-DD'), 2741.01, 5758.17, 1391.46, 397.8);
INSERT INTO welldata.PRODUCTION (UWI, PROD_DATE, OIL_BBL, GAS_MCF, WATER_BBL, HOURS_ON) VALUES ('WELL00000000013', TO_DATE('2018-01-01','YYYY-MM-DD'), 2746.71, 5529.3, 777.15, 315.2);
INSERT INTO welldata.PRODUCTION (UWI, PROD_DATE, OIL_BBL, GAS_MCF, WATER_BBL, HOURS_ON) VALUES ('WELL00000000013', TO_DATE('2018-02-01','YYYY-MM-DD'), 794.22, 13431.71, 1255.05, 660.56);
INSERT INTO welldata.PRODUCTION (UWI, PROD_DATE, OIL_BBL, GAS_MCF, WATER_BBL, HOURS_ON) VALUES ('WELL00000000013', TO_DATE('2018-03-01','YYYY-MM-DD'), 2373.02, 1573.83, 245.14, 240.77);
INSERT INTO welldata.PRODUCTION (UWI, PROD_DATE, OIL_BBL, GAS_MCF, WATER_BBL, HOURS_ON) VALUES ('WELL00000000013', TO_DATE('2018-04-01','YYYY-MM-DD'), 2075.46, 11656.89, 1421.46, 427.79);
INSERT INTO welldata.PRODUCTION (UWI, PROD_DATE, OIL_BBL, GAS_MCF, WATER_BBL, HOURS_ON) VALUES ('WELL00000000013', TO_DATE('2018-05-01','YYYY-MM-DD'), 2546.09, 6675.59, 508.29, 530.27);
INSERT INTO welldata.PRODUCTION (UWI, PROD_DATE, OIL_BBL, GAS_MCF, WATER_BBL, HOURS_ON) VALUES ('WELL00000000013', TO_DATE('2018-06-01','YYYY-MM-DD'), 2879.91, 735.11, 1028.52, 371.93);
INSERT INTO welldata.PRODUCTION (UWI, PROD_DATE, OIL_BBL, GAS_MCF, WATER_BBL, HOURS_ON) VALUES ('WELL00000000013', TO_DATE('2018-07-01','YYYY-MM-DD'), 1299.94, 5435.48, 1082.35, 675.91);
INSERT INTO welldata.PRODUCTION (UWI, PROD_DATE, OIL_BBL, GAS_MCF, WATER_BBL, HOURS_ON) VALUES ('WELL00000000013', TO_DATE('2018-08-01','YYYY-MM-DD'), 1071.61, 12060.58, 1376.14, 484.74);
INSERT INTO welldata.PRODUCTION (UWI, PROD_DATE, OIL_BBL, GAS_MCF, WATER_BBL, HOURS_ON) VALUES ('WELL00000000013', TO_DATE('2018-09-01','YYYY-MM-DD'), 2296.18, 11641.03, 1169.25, 374.72);
INSERT INTO welldata.PRODUCTION (UWI, PROD_DATE, OIL_BBL, GAS_MCF, WATER_BBL, HOURS_ON) VALUES ('WELL00000000013', TO_DATE('2018-10-01','YYYY-MM-DD'), 1800.34, 7022.43, 734.2, 305.02);
INSERT INTO welldata.PRODUCTION (UWI, PROD_DATE, OIL_BBL, GAS_MCF, WATER_BBL, HOURS_ON) VALUES ('WELL00000000013', TO_DATE('2018-11-01','YYYY-MM-DD'), 2629.71, 3388.68, 39.53, 235.77);
INSERT INTO welldata.PRODUCTION (UWI, PROD_DATE, OIL_BBL, GAS_MCF, WATER_BBL, HOURS_ON) VALUES ('WELL00000000013', TO_DATE('2018-12-01','YYYY-MM-DD'), 614.96, 3990.99, 1143.92, 707.21);
INSERT INTO welldata.PRODUCTION (UWI, PROD_DATE, OIL_BBL, GAS_MCF, WATER_BBL, HOURS_ON) VALUES ('WELL00000000013', TO_DATE('2019-01-01','YYYY-MM-DD'), 1937.9, 7101.91, 1355.02, 615.66);
INSERT INTO welldata.PRODUCTION (UWI, PROD_DATE, OIL_BBL, GAS_MCF, WATER_BBL, HOURS_ON) VALUES ('WELL00000000013', TO_DATE('2019-02-01','YYYY-MM-DD'), 1140.55, 6580.6, 88.54, 402.23);
INSERT INTO welldata.PRODUCTION (UWI, PROD_DATE, OIL_BBL, GAS_MCF, WATER_BBL, HOURS_ON) VALUES ('WELL00000000013', TO_DATE('2019-03-01','YYYY-MM-DD'), 957.54, 7665.03, 206.34, 670.57);
INSERT INTO welldata.PRODUCTION (UWI, PROD_DATE, OIL_BBL, GAS_MCF, WATER_BBL, HOURS_ON) VALUES ('WELL00000000013', TO_DATE('2019-04-01','YYYY-MM-DD'), 2843.37, 11199.52, 89.25, 643.15);
INSERT INTO welldata.PRODUCTION (UWI, PROD_DATE, OIL_BBL, GAS_MCF, WATER_BBL, HOURS_ON) VALUES ('WELL00000000013', TO_DATE('2019-05-01','YYYY-MM-DD'), 1614.07, 5945.97, 1484.16, 370.82);
INSERT INTO welldata.PRODUCTION (UWI, PROD_DATE, OIL_BBL, GAS_MCF, WATER_BBL, HOURS_ON) VALUES ('WELL00000000013', TO_DATE('2019-06-01','YYYY-MM-DD'), 899.64, 14701.71, 1021.5, 182.17);
INSERT INTO welldata.PRODUCTION (UWI, PROD_DATE, OIL_BBL, GAS_MCF, WATER_BBL, HOURS_ON) VALUES ('WELL00000000013', TO_DATE('2019-07-01','YYYY-MM-DD'), 67.99, 3061.82, 38.61, 242.41);
INSERT INTO welldata.PRODUCTION (UWI, PROD_DATE, OIL_BBL, GAS_MCF, WATER_BBL, HOURS_ON) VALUES ('WELL00000000013', TO_DATE('2019-08-01','YYYY-MM-DD'), 1709.64, 14326.05, 1433.99, 661.44);
INSERT INTO welldata.PRODUCTION (UWI, PROD_DATE, OIL_BBL, GAS_MCF, WATER_BBL, HOURS_ON) VALUES ('WELL00000000013', TO_DATE('2019-09-01','YYYY-MM-DD'), 413.24, 944.32, 706.23, 357.89);
INSERT INTO welldata.PRODUCTION (UWI, PROD_DATE, OIL_BBL, GAS_MCF, WATER_BBL, HOURS_ON) VALUES ('WELL00000000013', TO_DATE('2019-10-01','YYYY-MM-DD'), 2817.37, 13932.12, 80.2, 168.86);
INSERT INTO welldata.PRODUCTION (UWI, PROD_DATE, OIL_BBL, GAS_MCF, WATER_BBL, HOURS_ON) VALUES ('WELL00000000013', TO_DATE('2019-11-01','YYYY-MM-DD'), 1962.86, 4718.82, 964.49, 185.76);
INSERT INTO welldata.PRODUCTION (UWI, PROD_DATE, OIL_BBL, GAS_MCF, WATER_BBL, HOURS_ON) VALUES ('WELL00000000013', TO_DATE('2019-12-01','YYYY-MM-DD'), 1509.15, 14920.73, 972.34, 574.46);
INSERT INTO welldata.PRODUCTION (UWI, PROD_DATE, OIL_BBL, GAS_MCF, WATER_BBL, HOURS_ON) VALUES ('WELL00000000013', TO_DATE('2020-01-01','YYYY-MM-DD'), 1879.19, 12430.64, 391.84, 400.89);
INSERT INTO welldata.PRODUCTION (UWI, PROD_DATE, OIL_BBL, GAS_MCF, WATER_BBL, HOURS_ON) VALUES ('WELL00000000013', TO_DATE('2020-02-01','YYYY-MM-DD'), 1193.06, 7513.16, 387.64, 217.59);
INSERT INTO welldata.PRODUCTION (UWI, PROD_DATE, OIL_BBL, GAS_MCF, WATER_BBL, HOURS_ON) VALUES ('WELL00000000013', TO_DATE('2020-03-01','YYYY-MM-DD'), 2525.39, 10526.02, 1292.47, 518.34);
INSERT INTO welldata.PRODUCTION (UWI, PROD_DATE, OIL_BBL, GAS_MCF, WATER_BBL, HOURS_ON) VALUES ('WELL00000000013', TO_DATE('2020-04-01','YYYY-MM-DD'), 2817.79, 10135.26, 632.69, 635.14);
INSERT INTO welldata.PRODUCTION (UWI, PROD_DATE, OIL_BBL, GAS_MCF, WATER_BBL, HOURS_ON) VALUES ('WELL00000000013', TO_DATE('2020-05-01','YYYY-MM-DD'), 1687.85, 12217.11, 176.52, 601.74);
INSERT INTO welldata.PRODUCTION (UWI, PROD_DATE, OIL_BBL, GAS_MCF, WATER_BBL, HOURS_ON) VALUES ('WELL00000000013', TO_DATE('2020-06-01','YYYY-MM-DD'), 748.86, 2902.22, 631.74, 546.49);
INSERT INTO welldata.PRODUCTION (UWI, PROD_DATE, OIL_BBL, GAS_MCF, WATER_BBL, HOURS_ON) VALUES ('WELL00000000013', TO_DATE('2020-07-01','YYYY-MM-DD'), 1222.65, 8918.05, 152.57, 497.14);
INSERT INTO welldata.PRODUCTION (UWI, PROD_DATE, OIL_BBL, GAS_MCF, WATER_BBL, HOURS_ON) VALUES ('WELL00000000013', TO_DATE('2020-08-01','YYYY-MM-DD'), 1173.54, 1336.3, 949.97, 132.06);
INSERT INTO welldata.PRODUCTION (UWI, PROD_DATE, OIL_BBL, GAS_MCF, WATER_BBL, HOURS_ON) VALUES ('WELL00000000013', TO_DATE('2020-09-01','YYYY-MM-DD'), 1001.53, 748.49, 1479.82, 206.2);
INSERT INTO welldata.PRODUCTION (UWI, PROD_DATE, OIL_BBL, GAS_MCF, WATER_BBL, HOURS_ON) VALUES ('WELL00000000013', TO_DATE('2020-10-01','YYYY-MM-DD'), 797.55, 6934.29, 316.68, 256.12);
INSERT INTO welldata.PRODUCTION (UWI, PROD_DATE, OIL_BBL, GAS_MCF, WATER_BBL, HOURS_ON) VALUES ('WELL00000000013', TO_DATE('2020-11-01','YYYY-MM-DD'), 102.72, 9572.87, 1168.13, 419.43);
INSERT INTO welldata.PRODUCTION (UWI, PROD_DATE, OIL_BBL, GAS_MCF, WATER_BBL, HOURS_ON) VALUES ('WELL00000000013', TO_DATE('2020-12-01','YYYY-MM-DD'), 1773.08, 6759.04, 1213.04, 571.55);
INSERT INTO welldata.PRODUCTION (UWI, PROD_DATE, OIL_BBL, GAS_MCF, WATER_BBL, HOURS_ON) VALUES ('WELL00000000013', TO_DATE('2021-01-01','YYYY-MM-DD'), 836.32, 11175.1, 387.97, 374.57);
INSERT INTO welldata.PRODUCTION (UWI, PROD_DATE, OIL_BBL, GAS_MCF, WATER_BBL, HOURS_ON) VALUES ('WELL00000000013', TO_DATE('2021-02-01','YYYY-MM-DD'), 2265.88, 1670.96, 385.89, 680.51);
INSERT INTO welldata.PRODUCTION (UWI, PROD_DATE, OIL_BBL, GAS_MCF, WATER_BBL, HOURS_ON) VALUES ('WELL00000000013', TO_DATE('2021-03-01','YYYY-MM-DD'), 2464.54, 5875.36, 1222.74, 162.24);
INSERT INTO welldata.PRODUCTION (UWI, PROD_DATE, OIL_BBL, GAS_MCF, WATER_BBL, HOURS_ON) VALUES ('WELL00000000013', TO_DATE('2021-04-01','YYYY-MM-DD'), 854.79, 10696.32, 713.58, 564.56);
INSERT INTO welldata.PRODUCTION (UWI, PROD_DATE, OIL_BBL, GAS_MCF, WATER_BBL, HOURS_ON) VALUES ('WELL00000000013', TO_DATE('2021-05-01','YYYY-MM-DD'), 2922.89, 10029.13, 201.26, 170.37);
INSERT INTO welldata.PRODUCTION (UWI, PROD_DATE, OIL_BBL, GAS_MCF, WATER_BBL, HOURS_ON) VALUES ('WELL00000000013', TO_DATE('2021-06-01','YYYY-MM-DD'), 2718.96, 9902.23, 90.38, 517.04);
INSERT INTO welldata.PRODUCTION (UWI, PROD_DATE, OIL_BBL, GAS_MCF, WATER_BBL, HOURS_ON) VALUES ('WELL00000000013', TO_DATE('2021-07-01','YYYY-MM-DD'), 2935.42, 13081.63, 1497.03, 606.89);
INSERT INTO welldata.PRODUCTION (UWI, PROD_DATE, OIL_BBL, GAS_MCF, WATER_BBL, HOURS_ON) VALUES ('WELL00000000013', TO_DATE('2021-08-01','YYYY-MM-DD'), 1763.66, 6448.44, 570.35, 685.91);
INSERT INTO welldata.PRODUCTION (UWI, PROD_DATE, OIL_BBL, GAS_MCF, WATER_BBL, HOURS_ON) VALUES ('WELL00000000013', TO_DATE('2021-09-01','YYYY-MM-DD'), 498.95, 4854.87, 1046.59, 300.72);
INSERT INTO welldata.PRODUCTION (UWI, PROD_DATE, OIL_BBL, GAS_MCF, WATER_BBL, HOURS_ON) VALUES ('WELL00000000013', TO_DATE('2021-10-01','YYYY-MM-DD'), 2211.19, 9050.26, 221.64, 672.85);
INSERT INTO welldata.PRODUCTION (UWI, PROD_DATE, OIL_BBL, GAS_MCF, WATER_BBL, HOURS_ON) VALUES ('WELL00000000013', TO_DATE('2021-11-01','YYYY-MM-DD'), 1377.98, 5734.1, 67.08, 691.88);
INSERT INTO welldata.PRODUCTION (UWI, PROD_DATE, OIL_BBL, GAS_MCF, WATER_BBL, HOURS_ON) VALUES ('WELL00000000013', TO_DATE('2021-12-01','YYYY-MM-DD'), 2880.81, 14495.94, 942.36, 328.36);
INSERT INTO welldata.PRODUCTION (UWI, PROD_DATE, OIL_BBL, GAS_MCF, WATER_BBL, HOURS_ON) VALUES ('WELL00000000013', TO_DATE('2022-01-01','YYYY-MM-DD'), 1384.99, 12862.19, 468.93, 662.5);
INSERT INTO welldata.PRODUCTION (UWI, PROD_DATE, OIL_BBL, GAS_MCF, WATER_BBL, HOURS_ON) VALUES ('WELL00000000013', TO_DATE('2022-02-01','YYYY-MM-DD'), 1816.3, 5624.86, 474.12, 245.03);
INSERT INTO welldata.PRODUCTION (UWI, PROD_DATE, OIL_BBL, GAS_MCF, WATER_BBL, HOURS_ON) VALUES ('WELL00000000013', TO_DATE('2022-03-01','YYYY-MM-DD'), 2852.2, 3647.01, 41.79, 251.86);
INSERT INTO welldata.PRODUCTION (UWI, PROD_DATE, OIL_BBL, GAS_MCF, WATER_BBL, HOURS_ON) VALUES ('WELL00000000013', TO_DATE('2022-04-01','YYYY-MM-DD'), 2821.21, 11073.45, 265.24, 456.38);
INSERT INTO welldata.PRODUCTION (UWI, PROD_DATE, OIL_BBL, GAS_MCF, WATER_BBL, HOURS_ON) VALUES ('WELL00000000013', TO_DATE('2022-05-01','YYYY-MM-DD'), 840.29, 14967.24, 220.47, 252.75);
INSERT INTO welldata.PRODUCTION (UWI, PROD_DATE, OIL_BBL, GAS_MCF, WATER_BBL, HOURS_ON) VALUES ('WELL00000000013', TO_DATE('2022-06-01','YYYY-MM-DD'), 164.63, 3640.79, 1153.16, 132.2);
INSERT INTO welldata.PRODUCTION (UWI, PROD_DATE, OIL_BBL, GAS_MCF, WATER_BBL, HOURS_ON) VALUES ('WELL00000000013', TO_DATE('2022-07-01','YYYY-MM-DD'), 2644.99, 1020.32, 527.51, 439.5);
INSERT INTO welldata.PRODUCTION (UWI, PROD_DATE, OIL_BBL, GAS_MCF, WATER_BBL, HOURS_ON) VALUES ('WELL00000000013', TO_DATE('2022-08-01','YYYY-MM-DD'), 2707.99, 3185.47, 472.18, 692.31);
INSERT INTO welldata.PRODUCTION (UWI, PROD_DATE, OIL_BBL, GAS_MCF, WATER_BBL, HOURS_ON) VALUES ('WELL00000000013', TO_DATE('2022-09-01','YYYY-MM-DD'), 2840.93, 5660.11, 738.25, 449.77);
INSERT INTO welldata.PRODUCTION (UWI, PROD_DATE, OIL_BBL, GAS_MCF, WATER_BBL, HOURS_ON) VALUES ('WELL00000000013', TO_DATE('2022-10-01','YYYY-MM-DD'), 2795.92, 6600.7, 748.11, 203.85);
INSERT INTO welldata.PRODUCTION (UWI, PROD_DATE, OIL_BBL, GAS_MCF, WATER_BBL, HOURS_ON) VALUES ('WELL00000000013', TO_DATE('2022-11-01','YYYY-MM-DD'), 565.61, 14622.35, 1311.84, 385.2);
INSERT INTO welldata.PRODUCTION (UWI, PROD_DATE, OIL_BBL, GAS_MCF, WATER_BBL, HOURS_ON) VALUES ('WELL00000000013', TO_DATE('2022-12-01','YYYY-MM-DD'), 374.89, 3090.27, 1330.97, 122.51);
INSERT INTO welldata.PRODUCTION (UWI, PROD_DATE, OIL_BBL, GAS_MCF, WATER_BBL, HOURS_ON) VALUES ('WELL00000000013', TO_DATE('2023-01-01','YYYY-MM-DD'), 1952.78, 10793.43, 543.18, 658.04);
INSERT INTO welldata.PRODUCTION (UWI, PROD_DATE, OIL_BBL, GAS_MCF, WATER_BBL, HOURS_ON) VALUES ('WELL00000000013', TO_DATE('2023-02-01','YYYY-MM-DD'), 694.4, 2791.0, 666.04, 418.14);
INSERT INTO welldata.PRODUCTION (UWI, PROD_DATE, OIL_BBL, GAS_MCF, WATER_BBL, HOURS_ON) VALUES ('WELL00000000013', TO_DATE('2023-03-01','YYYY-MM-DD'), 2155.42, 12940.62, 1121.13, 647.17);
INSERT INTO welldata.PRODUCTION (UWI, PROD_DATE, OIL_BBL, GAS_MCF, WATER_BBL, HOURS_ON) VALUES ('WELL00000000013', TO_DATE('2023-04-01','YYYY-MM-DD'), 1455.84, 7379.68, 622.96, 555.94);
INSERT INTO welldata.PRODUCTION (UWI, PROD_DATE, OIL_BBL, GAS_MCF, WATER_BBL, HOURS_ON) VALUES ('WELL00000000013', TO_DATE('2023-05-01','YYYY-MM-DD'), 855.32, 13937.92, 946.41, 631.82);
INSERT INTO welldata.PRODUCTION (UWI, PROD_DATE, OIL_BBL, GAS_MCF, WATER_BBL, HOURS_ON) VALUES ('WELL00000000013', TO_DATE('2023-06-01','YYYY-MM-DD'), 2414.77, 14712.15, 632.67, 387.63);
INSERT INTO welldata.PRODUCTION (UWI, PROD_DATE, OIL_BBL, GAS_MCF, WATER_BBL, HOURS_ON) VALUES ('WELL00000000013', TO_DATE('2023-07-01','YYYY-MM-DD'), 1425.66, 9833.27, 1101.94, 604.03);
INSERT INTO welldata.PRODUCTION (UWI, PROD_DATE, OIL_BBL, GAS_MCF, WATER_BBL, HOURS_ON) VALUES ('WELL00000000013', TO_DATE('2023-08-01','YYYY-MM-DD'), 2313.72, 1025.82, 1401.68, 269.77);
INSERT INTO welldata.PRODUCTION (UWI, PROD_DATE, OIL_BBL, GAS_MCF, WATER_BBL, HOURS_ON) VALUES ('WELL00000000013', TO_DATE('2023-09-01','YYYY-MM-DD'), 1688.77, 2967.9, 1418.96, 297.36);
INSERT INTO welldata.PRODUCTION (UWI, PROD_DATE, OIL_BBL, GAS_MCF, WATER_BBL, HOURS_ON) VALUES ('WELL00000000013', TO_DATE('2023-10-01','YYYY-MM-DD'), 1850.95, 2635.88, 1487.26, 444.41);
INSERT INTO welldata.PRODUCTION (UWI, PROD_DATE, OIL_BBL, GAS_MCF, WATER_BBL, HOURS_ON) VALUES ('WELL00000000013', TO_DATE('2023-11-01','YYYY-MM-DD'), 2920.81, 13109.62, 401.73, 657.35);
INSERT INTO welldata.PRODUCTION (UWI, PROD_DATE, OIL_BBL, GAS_MCF, WATER_BBL, HOURS_ON) VALUES ('WELL00000000013', TO_DATE('2023-12-01','YYYY-MM-DD'), 500.21, 3468.27, 52.67, 693.86);
INSERT INTO welldata.PRODUCTION (UWI, PROD_DATE, OIL_BBL, GAS_MCF, WATER_BBL, HOURS_ON) VALUES ('WELL00000000013', TO_DATE('2024-01-01','YYYY-MM-DD'), 2461.85, 11478.63, 708.39, 290.81);
INSERT INTO welldata.PRODUCTION (UWI, PROD_DATE, OIL_BBL, GAS_MCF, WATER_BBL, HOURS_ON) VALUES ('WELL00000000013', TO_DATE('2024-02-01','YYYY-MM-DD'), 1172.62, 12592.58, 1261.07, 485.47);
INSERT INTO welldata.PRODUCTION (UWI, PROD_DATE, OIL_BBL, GAS_MCF, WATER_BBL, HOURS_ON) VALUES ('WELL00000000013', TO_DATE('2024-03-01','YYYY-MM-DD'), 1009.49, 6850.46, 1336.32, 239.48);
INSERT INTO welldata.PRODUCTION (UWI, PROD_DATE, OIL_BBL, GAS_MCF, WATER_BBL, HOURS_ON) VALUES ('WELL00000000013', TO_DATE('2024-04-01','YYYY-MM-DD'), 95.99, 12140.33, 1097.48, 357.81);
INSERT INTO welldata.PRODUCTION (UWI, PROD_DATE, OIL_BBL, GAS_MCF, WATER_BBL, HOURS_ON) VALUES ('WELL00000000013', TO_DATE('2024-05-01','YYYY-MM-DD'), 1012.36, 7876.8, 779.02, 611.93);
INSERT INTO welldata.PRODUCTION (UWI, PROD_DATE, OIL_BBL, GAS_MCF, WATER_BBL, HOURS_ON) VALUES ('WELL00000000013', TO_DATE('2024-06-01','YYYY-MM-DD'), 1413.39, 1167.92, 1253.03, 708.75);
INSERT INTO welldata.PRODUCTION (UWI, PROD_DATE, OIL_BBL, GAS_MCF, WATER_BBL, HOURS_ON) VALUES ('WELL00000000013', TO_DATE('2024-07-01','YYYY-MM-DD'), 897.25, 2609.63, 1363.29, 650.75);
INSERT INTO welldata.PRODUCTION (UWI, PROD_DATE, OIL_BBL, GAS_MCF, WATER_BBL, HOURS_ON) VALUES ('WELL00000000013', TO_DATE('2024-08-01','YYYY-MM-DD'), 2733.89, 2511.0, 750.19, 307.81);
INSERT INTO welldata.PRODUCTION (UWI, PROD_DATE, OIL_BBL, GAS_MCF, WATER_BBL, HOURS_ON) VALUES ('WELL00000000013', TO_DATE('2024-09-01','YYYY-MM-DD'), 203.46, 3236.41, 914.82, 531.2);
INSERT INTO welldata.PRODUCTION (UWI, PROD_DATE, OIL_BBL, GAS_MCF, WATER_BBL, HOURS_ON) VALUES ('WELL00000000013', TO_DATE('2024-10-01','YYYY-MM-DD'), 1522.42, 2679.91, 550.73, 657.28);
INSERT INTO welldata.PRODUCTION (UWI, PROD_DATE, OIL_BBL, GAS_MCF, WATER_BBL, HOURS_ON) VALUES ('WELL00000000013', TO_DATE('2024-11-01','YYYY-MM-DD'), 117.41, 8642.79, 596.93, 584.14);
INSERT INTO welldata.PRODUCTION (UWI, PROD_DATE, OIL_BBL, GAS_MCF, WATER_BBL, HOURS_ON) VALUES ('WELL00000000013', TO_DATE('2024-12-01','YYYY-MM-DD'), 1294.68, 12991.18, 326.38, 500.54);
INSERT INTO welldata.FORMATION_TOPS (UWI, FORMATION, TOP_DEPTH_M, BASE_DEPTH_M, LITHOLOGY) VALUES ('WELL00000000013', 'Rajahmundry', 959, 1011, 'SANDSTONE');
INSERT INTO welldata.FORMATION_TOPS (UWI, FORMATION, TOP_DEPTH_M, BASE_DEPTH_M, LITHOLOGY) VALUES ('WELL00000000013', 'Bengal', 1060, 1139, 'LIMESTONE');
INSERT INTO welldata.FORMATION_TOPS (UWI, FORMATION, TOP_DEPTH_M, BASE_DEPTH_M, LITHOLOGY) VALUES ('WELL00000000013', 'Sanchore', 1177, 1321, 'SHALE');
INSERT INTO welldata.FORMATION_TOPS (UWI, FORMATION, TOP_DEPTH_M, BASE_DEPTH_M, LITHOLOGY) VALUES ('WELL00000000013', 'Barmer', 1317, 1508, 'DOLOMITE');
INSERT INTO welldata.CORE_ANALYSIS (UWI, CORE_RUN, TOP_DEPTH_M, BASE_DEPTH_M, GRAIN_DENSITY, BULK_DENSITY, RECOVERY_PCT) VALUES ('WELL00000000013', 1, 2134, 2208, 2.5091, 2.3846, 89.16);
INSERT INTO welldata.CORE_ANALYSIS (UWI, CORE_RUN, TOP_DEPTH_M, BASE_DEPTH_M, GRAIN_DENSITY, BULK_DENSITY, RECOVERY_PCT) VALUES ('WELL00000000013', 2, 1078, 1111, 2.5385, 2.1381, 75.61);
INSERT INTO welldata.WELL (UWI, WELL_NAME, OPERATOR, COUNTRY, BASIN, FIELD_NAME, SPUD_DATE, COMPLETION_DATE, WELL_TYPE, WELL_STATUS, SURFACE_LAT, SURFACE_LON, TOTAL_DEPTH_M, KB_ELEVATION_M) VALUES ('WELL00000000014', 'RELI-CA-014', 'Reliance', 'India', 'Cambay', 'Cambay Field 5', TO_DATE('2010-02-26','YYYY-MM-DD'), TO_DATE('2012-01-29','YYYY-MM-DD'), 'APPRAISAL', 'ACTIVE', 15.665873, 68.166906, 1932, 102.59);
INSERT INTO welldata.BOREHOLE (UBHI, UWI, BOREHOLE_NAME, BOREHOLE_TYPE, TOP_DEPTH_M, BASE_DEPTH_M) VALUES ('WELL00000000014-BH1', 'WELL00000000014', 'RELI-CA-014-BH1', 'DIRECTIONAL', 829, 1401);
INSERT INTO welldata.PETROPHYSICS (UBHI, SAMPLE_DEPTH_M, POROSITY, PERMEABILITY, WATER_SAT, FORMATION) VALUES ('WELL00000000014-BH1', 1000, 0.1735, 6.0644, 0.2918, 'Barmer');
INSERT INTO welldata.PETROPHYSICS (UBHI, SAMPLE_DEPTH_M, POROSITY, PERMEABILITY, WATER_SAT, FORMATION) VALUES ('WELL00000000014-BH1', 1020, 0.1718, 101.7788, 0.4477, 'Barmer');
INSERT INTO welldata.PETROPHYSICS (UBHI, SAMPLE_DEPTH_M, POROSITY, PERMEABILITY, WATER_SAT, FORMATION) VALUES ('WELL00000000014-BH1', 1040, 0.2427, 201.1743, 0.3844, 'Sanchore');
INSERT INTO welldata.PETROPHYSICS (UBHI, SAMPLE_DEPTH_M, POROSITY, PERMEABILITY, WATER_SAT, FORMATION) VALUES ('WELL00000000014-BH1', 1060, 0.0547, 361.0407, 0.7167, 'Sanchore');
INSERT INTO welldata.PETROPHYSICS (UBHI, SAMPLE_DEPTH_M, POROSITY, PERMEABILITY, WATER_SAT, FORMATION) VALUES ('WELL00000000014-BH1', 1080, 0.2484, 340.1698, 0.6108, 'Sanchore');
INSERT INTO welldata.PETROPHYSICS (UBHI, SAMPLE_DEPTH_M, POROSITY, PERMEABILITY, WATER_SAT, FORMATION) VALUES ('WELL00000000014-BH1', 1100, 0.1341, 256.3403, 0.1666, 'Rajahmundry');
INSERT INTO welldata.PETROPHYSICS (UBHI, SAMPLE_DEPTH_M, POROSITY, PERMEABILITY, WATER_SAT, FORMATION) VALUES ('WELL00000000014-BH1', 1120, 0.0828, 65.7718, 0.5805, 'Barmer');
INSERT INTO welldata.PETROPHYSICS (UBHI, SAMPLE_DEPTH_M, POROSITY, PERMEABILITY, WATER_SAT, FORMATION) VALUES ('WELL00000000014-BH1', 1140, 0.1891, 3.9698, 0.2083, 'Barmer');
INSERT INTO welldata.PETROPHYSICS (UBHI, SAMPLE_DEPTH_M, POROSITY, PERMEABILITY, WATER_SAT, FORMATION) VALUES ('WELL00000000014-BH1', 1160, 0.1979, 55.9562, 0.4218, 'Sanchore');
INSERT INTO welldata.PETROPHYSICS (UBHI, SAMPLE_DEPTH_M, POROSITY, PERMEABILITY, WATER_SAT, FORMATION) VALUES ('WELL00000000014-BH1', 1180, 0.1459, 312.8629, 0.6157, 'Rajahmundry');
INSERT INTO welldata.PETROPHYSICS (UBHI, SAMPLE_DEPTH_M, POROSITY, PERMEABILITY, WATER_SAT, FORMATION) VALUES ('WELL00000000014-BH1', 1200, 0.2568, 20.9781, 0.6836, 'Rajahmundry');
INSERT INTO welldata.PETROPHYSICS (UBHI, SAMPLE_DEPTH_M, POROSITY, PERMEABILITY, WATER_SAT, FORMATION) VALUES ('WELL00000000014-BH1', 1220, 0.1264, 396.0385, 0.3271, 'Bengal');
INSERT INTO welldata.PETROPHYSICS (UBHI, SAMPLE_DEPTH_M, POROSITY, PERMEABILITY, WATER_SAT, FORMATION) VALUES ('WELL00000000014-BH1', 1240, 0.1713, 278.8675, 0.7286, 'Barmer');
INSERT INTO welldata.PETROPHYSICS (UBHI, SAMPLE_DEPTH_M, POROSITY, PERMEABILITY, WATER_SAT, FORMATION) VALUES ('WELL00000000014-BH1', 1260, 0.1965, 253.0969, 0.3479, 'Barmer');
INSERT INTO welldata.PETROPHYSICS (UBHI, SAMPLE_DEPTH_M, POROSITY, PERMEABILITY, WATER_SAT, FORMATION) VALUES ('WELL00000000014-BH1', 1280, 0.2215, 201.1302, 0.6666, 'Sanchore');
INSERT INTO welldata.PETROPHYSICS (UBHI, SAMPLE_DEPTH_M, POROSITY, PERMEABILITY, WATER_SAT, FORMATION) VALUES ('WELL00000000014-BH1', 1300, 0.2708, 110.8084, 0.4769, 'Bengal');
INSERT INTO welldata.PETROPHYSICS (UBHI, SAMPLE_DEPTH_M, POROSITY, PERMEABILITY, WATER_SAT, FORMATION) VALUES ('WELL00000000014-BH1', 1320, 0.2779, 4.4783, 0.7193, 'Barmer');
INSERT INTO welldata.PETROPHYSICS (UBHI, SAMPLE_DEPTH_M, POROSITY, PERMEABILITY, WATER_SAT, FORMATION) VALUES ('WELL00000000014-BH1', 1340, 0.2165, 276.771, 0.6051, 'Barmer');
INSERT INTO welldata.PETROPHYSICS (UBHI, SAMPLE_DEPTH_M, POROSITY, PERMEABILITY, WATER_SAT, FORMATION) VALUES ('WELL00000000014-BH1', 1360, 0.1238, 106.1891, 0.3104, 'Rajahmundry');
INSERT INTO welldata.PETROPHYSICS (UBHI, SAMPLE_DEPTH_M, POROSITY, PERMEABILITY, WATER_SAT, FORMATION) VALUES ('WELL00000000014-BH1', 1380, 0.0532, 366.4369, 0.7258, 'Barmer');
INSERT INTO welldata.PETROPHYSICS (UBHI, SAMPLE_DEPTH_M, POROSITY, PERMEABILITY, WATER_SAT, FORMATION) VALUES ('WELL00000000014-BH1', 1400, 0.2678, 299.5365, 0.2819, 'Barmer');
INSERT INTO welldata.PETROPHYSICS (UBHI, SAMPLE_DEPTH_M, POROSITY, PERMEABILITY, WATER_SAT, FORMATION) VALUES ('WELL00000000014-BH1', 1420, 0.0864, 275.6567, 0.183, 'Barmer');
INSERT INTO welldata.PETROPHYSICS (UBHI, SAMPLE_DEPTH_M, POROSITY, PERMEABILITY, WATER_SAT, FORMATION) VALUES ('WELL00000000014-BH1', 1440, 0.0882, 93.309, 0.2845, 'Barmer');
INSERT INTO welldata.PETROPHYSICS (UBHI, SAMPLE_DEPTH_M, POROSITY, PERMEABILITY, WATER_SAT, FORMATION) VALUES ('WELL00000000014-BH1', 1460, 0.1651, 280.3881, 0.1746, 'Rajahmundry');
INSERT INTO welldata.PETROPHYSICS (UBHI, SAMPLE_DEPTH_M, POROSITY, PERMEABILITY, WATER_SAT, FORMATION) VALUES ('WELL00000000014-BH1', 1480, 0.0498, 112.0032, 0.4393, 'Rajahmundry');
INSERT INTO welldata.PETROPHYSICS (UBHI, SAMPLE_DEPTH_M, POROSITY, PERMEABILITY, WATER_SAT, FORMATION) VALUES ('WELL00000000014-BH1', 1500, 0.2675, 94.1268, 0.3112, 'Barmer');
INSERT INTO welldata.PETROPHYSICS (UBHI, SAMPLE_DEPTH_M, POROSITY, PERMEABILITY, WATER_SAT, FORMATION) VALUES ('WELL00000000014-BH1', 1520, 0.1809, 223.1294, 0.2297, 'Rajahmundry');
INSERT INTO welldata.PETROPHYSICS (UBHI, SAMPLE_DEPTH_M, POROSITY, PERMEABILITY, WATER_SAT, FORMATION) VALUES ('WELL00000000014-BH1', 1540, 0.15, 94.1391, 0.1699, 'Sanchore');
INSERT INTO welldata.PETROPHYSICS (UBHI, SAMPLE_DEPTH_M, POROSITY, PERMEABILITY, WATER_SAT, FORMATION) VALUES ('WELL00000000014-BH1', 1560, 0.1768, 383.1682, 0.2492, 'Bengal');
INSERT INTO welldata.PETROPHYSICS (UBHI, SAMPLE_DEPTH_M, POROSITY, PERMEABILITY, WATER_SAT, FORMATION) VALUES ('WELL00000000014-BH1', 1580, 0.2089, 392.8147, 0.2053, 'Barmer');
INSERT INTO welldata.PETROPHYSICS (UBHI, SAMPLE_DEPTH_M, POROSITY, PERMEABILITY, WATER_SAT, FORMATION) VALUES ('WELL00000000014-BH1', 1600, 0.2721, 434.5702, 0.4652, 'Barmer');
INSERT INTO welldata.PETROPHYSICS (UBHI, SAMPLE_DEPTH_M, POROSITY, PERMEABILITY, WATER_SAT, FORMATION) VALUES ('WELL00000000014-BH1', 1620, 0.1723, 445.2594, 0.2954, 'Sanchore');
INSERT INTO welldata.PETROPHYSICS (UBHI, SAMPLE_DEPTH_M, POROSITY, PERMEABILITY, WATER_SAT, FORMATION) VALUES ('WELL00000000014-BH1', 1640, 0.1293, 301.9634, 0.5272, 'Bengal');
INSERT INTO welldata.PETROPHYSICS (UBHI, SAMPLE_DEPTH_M, POROSITY, PERMEABILITY, WATER_SAT, FORMATION) VALUES ('WELL00000000014-BH1', 1660, 0.0818, 367.2802, 0.3067, 'Sanchore');
INSERT INTO welldata.PETROPHYSICS (UBHI, SAMPLE_DEPTH_M, POROSITY, PERMEABILITY, WATER_SAT, FORMATION) VALUES ('WELL00000000014-BH1', 1680, 0.2163, 133.0965, 0.4843, 'Barmer');
INSERT INTO welldata.PETROPHYSICS (UBHI, SAMPLE_DEPTH_M, POROSITY, PERMEABILITY, WATER_SAT, FORMATION) VALUES ('WELL00000000014-BH1', 1700, 0.1884, 36.3928, 0.45, 'Rajahmundry');
INSERT INTO welldata.PETROPHYSICS (UBHI, SAMPLE_DEPTH_M, POROSITY, PERMEABILITY, WATER_SAT, FORMATION) VALUES ('WELL00000000014-BH1', 1720, 0.2455, 317.887, 0.3845, 'Bengal');
INSERT INTO welldata.PETROPHYSICS (UBHI, SAMPLE_DEPTH_M, POROSITY, PERMEABILITY, WATER_SAT, FORMATION) VALUES ('WELL00000000014-BH1', 1740, 0.2546, 175.8097, 0.1797, 'Barmer');
INSERT INTO welldata.PETROPHYSICS (UBHI, SAMPLE_DEPTH_M, POROSITY, PERMEABILITY, WATER_SAT, FORMATION) VALUES ('WELL00000000014-BH1', 1760, 0.1037, 322.6627, 0.3783, 'Bengal');
INSERT INTO welldata.PETROPHYSICS (UBHI, SAMPLE_DEPTH_M, POROSITY, PERMEABILITY, WATER_SAT, FORMATION) VALUES ('WELL00000000014-BH1', 1780, 0.042, 48.6971, 0.3398, 'Sanchore');
INSERT INTO welldata.PETROPHYSICS (UBHI, SAMPLE_DEPTH_M, POROSITY, PERMEABILITY, WATER_SAT, FORMATION) VALUES ('WELL00000000014-BH1', 1800, 0.0587, 247.4382, 0.2498, 'Rajahmundry');
INSERT INTO welldata.PETROPHYSICS (UBHI, SAMPLE_DEPTH_M, POROSITY, PERMEABILITY, WATER_SAT, FORMATION) VALUES ('WELL00000000014-BH1', 1820, 0.2626, 242.6321, 0.6356, 'Rajahmundry');
INSERT INTO welldata.PETROPHYSICS (UBHI, SAMPLE_DEPTH_M, POROSITY, PERMEABILITY, WATER_SAT, FORMATION) VALUES ('WELL00000000014-BH1', 1840, 0.1568, 141.529, 0.6227, 'Barmer');
INSERT INTO welldata.PETROPHYSICS (UBHI, SAMPLE_DEPTH_M, POROSITY, PERMEABILITY, WATER_SAT, FORMATION) VALUES ('WELL00000000014-BH1', 1860, 0.0514, 80.3445, 0.3929, 'Rajahmundry');
INSERT INTO welldata.PETROPHYSICS (UBHI, SAMPLE_DEPTH_M, POROSITY, PERMEABILITY, WATER_SAT, FORMATION) VALUES ('WELL00000000014-BH1', 1880, 0.0752, 376.2183, 0.3034, 'Barmer');
INSERT INTO welldata.PETROPHYSICS (UBHI, SAMPLE_DEPTH_M, POROSITY, PERMEABILITY, WATER_SAT, FORMATION) VALUES ('WELL00000000014-BH1', 1900, 0.1931, 440.2702, 0.3203, 'Sanchore');
INSERT INTO welldata.PETROPHYSICS (UBHI, SAMPLE_DEPTH_M, POROSITY, PERMEABILITY, WATER_SAT, FORMATION) VALUES ('WELL00000000014-BH1', 1920, 0.0756, 70.7474, 0.2723, 'Rajahmundry');
INSERT INTO welldata.PETROPHYSICS (UBHI, SAMPLE_DEPTH_M, POROSITY, PERMEABILITY, WATER_SAT, FORMATION) VALUES ('WELL00000000014-BH1', 1940, 0.1432, 439.567, 0.2351, 'Sanchore');
INSERT INTO welldata.PETROPHYSICS (UBHI, SAMPLE_DEPTH_M, POROSITY, PERMEABILITY, WATER_SAT, FORMATION) VALUES ('WELL00000000014-BH1', 1960, 0.2578, 415.6384, 0.2339, 'Barmer');
INSERT INTO welldata.PETROPHYSICS (UBHI, SAMPLE_DEPTH_M, POROSITY, PERMEABILITY, WATER_SAT, FORMATION) VALUES ('WELL00000000014-BH1', 1980, 0.1343, 399.2816, 0.3412, 'Sanchore');
INSERT INTO welldata.PETROPHYSICS (UBHI, SAMPLE_DEPTH_M, POROSITY, PERMEABILITY, WATER_SAT, FORMATION) VALUES ('WELL00000000014-BH1', 2000, 0.0804, 375.0591, 0.2466, 'Sanchore');
INSERT INTO welldata.PETROPHYSICS (UBHI, SAMPLE_DEPTH_M, POROSITY, PERMEABILITY, WATER_SAT, FORMATION) VALUES ('WELL00000000014-BH1', 2020, 0.137, 403.2742, 0.2022, 'Sanchore');
INSERT INTO welldata.PETROPHYSICS (UBHI, SAMPLE_DEPTH_M, POROSITY, PERMEABILITY, WATER_SAT, FORMATION) VALUES ('WELL00000000014-BH1', 2040, 0.1461, 281.5614, 0.7431, 'Barmer');
INSERT INTO welldata.PETROPHYSICS (UBHI, SAMPLE_DEPTH_M, POROSITY, PERMEABILITY, WATER_SAT, FORMATION) VALUES ('WELL00000000014-BH1', 2060, 0.1464, 314.5112, 0.2781, 'Barmer');
INSERT INTO welldata.PETROPHYSICS (UBHI, SAMPLE_DEPTH_M, POROSITY, PERMEABILITY, WATER_SAT, FORMATION) VALUES ('WELL00000000014-BH1', 2080, 0.1301, 176.5945, 0.423, 'Sanchore');
INSERT INTO welldata.PETROPHYSICS (UBHI, SAMPLE_DEPTH_M, POROSITY, PERMEABILITY, WATER_SAT, FORMATION) VALUES ('WELL00000000014-BH1', 2100, 0.1706, 58.3304, 0.2827, 'Rajahmundry');
INSERT INTO welldata.PETROPHYSICS (UBHI, SAMPLE_DEPTH_M, POROSITY, PERMEABILITY, WATER_SAT, FORMATION) VALUES ('WELL00000000014-BH1', 2120, 0.1197, 392.9498, 0.4592, 'Rajahmundry');
INSERT INTO welldata.PETROPHYSICS (UBHI, SAMPLE_DEPTH_M, POROSITY, PERMEABILITY, WATER_SAT, FORMATION) VALUES ('WELL00000000014-BH1', 2140, 0.265, 182.9025, 0.5977, 'Bengal');
INSERT INTO welldata.PETROPHYSICS (UBHI, SAMPLE_DEPTH_M, POROSITY, PERMEABILITY, WATER_SAT, FORMATION) VALUES ('WELL00000000014-BH1', 2160, 0.2537, 425.955, 0.3703, 'Barmer');
INSERT INTO welldata.PETROPHYSICS (UBHI, SAMPLE_DEPTH_M, POROSITY, PERMEABILITY, WATER_SAT, FORMATION) VALUES ('WELL00000000014-BH1', 2180, 0.125, 114.8996, 0.5281, 'Barmer');
INSERT INTO welldata.PETROPHYSICS (UBHI, SAMPLE_DEPTH_M, POROSITY, PERMEABILITY, WATER_SAT, FORMATION) VALUES ('WELL00000000014-BH1', 2200, 0.1378, 365.6964, 0.6826, 'Bengal');
INSERT INTO welldata.PETROPHYSICS (UBHI, SAMPLE_DEPTH_M, POROSITY, PERMEABILITY, WATER_SAT, FORMATION) VALUES ('WELL00000000014-BH1', 2220, 0.1065, 22.642, 0.5073, 'Sanchore');
INSERT INTO welldata.PETROPHYSICS (UBHI, SAMPLE_DEPTH_M, POROSITY, PERMEABILITY, WATER_SAT, FORMATION) VALUES ('WELL00000000014-BH1', 2240, 0.0937, 238.3142, 0.4758, 'Rajahmundry');
INSERT INTO welldata.PETROPHYSICS (UBHI, SAMPLE_DEPTH_M, POROSITY, PERMEABILITY, WATER_SAT, FORMATION) VALUES ('WELL00000000014-BH1', 2260, 0.2539, 209.6948, 0.3794, 'Sanchore');
INSERT INTO welldata.PETROPHYSICS (UBHI, SAMPLE_DEPTH_M, POROSITY, PERMEABILITY, WATER_SAT, FORMATION) VALUES ('WELL00000000014-BH1', 2280, 0.1796, 120.5395, 0.7342, 'Bengal');
INSERT INTO welldata.PETROPHYSICS (UBHI, SAMPLE_DEPTH_M, POROSITY, PERMEABILITY, WATER_SAT, FORMATION) VALUES ('WELL00000000014-BH1', 2300, 0.2597, 152.4185, 0.3626, 'Rajahmundry');
INSERT INTO welldata.PETROPHYSICS (UBHI, SAMPLE_DEPTH_M, POROSITY, PERMEABILITY, WATER_SAT, FORMATION) VALUES ('WELL00000000014-BH1', 2320, 0.2254, 357.8455, 0.3186, 'Rajahmundry');
INSERT INTO welldata.PETROPHYSICS (UBHI, SAMPLE_DEPTH_M, POROSITY, PERMEABILITY, WATER_SAT, FORMATION) VALUES ('WELL00000000014-BH1', 2340, 0.2704, 51.8481, 0.5309, 'Bengal');
INSERT INTO welldata.PETROPHYSICS (UBHI, SAMPLE_DEPTH_M, POROSITY, PERMEABILITY, WATER_SAT, FORMATION) VALUES ('WELL00000000014-BH1', 2360, 0.2462, 230.1411, 0.3054, 'Sanchore');
INSERT INTO welldata.PETROPHYSICS (UBHI, SAMPLE_DEPTH_M, POROSITY, PERMEABILITY, WATER_SAT, FORMATION) VALUES ('WELL00000000014-BH1', 2380, 0.107, 73.2814, 0.6807, 'Rajahmundry');
INSERT INTO welldata.PETROPHYSICS (UBHI, SAMPLE_DEPTH_M, POROSITY, PERMEABILITY, WATER_SAT, FORMATION) VALUES ('WELL00000000014-BH1', 2400, 0.1851, 440.1211, 0.2839, 'Sanchore');
INSERT INTO welldata.PETROPHYSICS (UBHI, SAMPLE_DEPTH_M, POROSITY, PERMEABILITY, WATER_SAT, FORMATION) VALUES ('WELL00000000014-BH1', 2420, 0.2698, 22.4543, 0.3445, 'Bengal');
INSERT INTO welldata.PETROPHYSICS (UBHI, SAMPLE_DEPTH_M, POROSITY, PERMEABILITY, WATER_SAT, FORMATION) VALUES ('WELL00000000014-BH1', 2440, 0.1801, 323.9196, 0.22, 'Rajahmundry');
INSERT INTO welldata.PETROPHYSICS (UBHI, SAMPLE_DEPTH_M, POROSITY, PERMEABILITY, WATER_SAT, FORMATION) VALUES ('WELL00000000014-BH1', 2460, 0.2449, 2.6623, 0.3903, 'Rajahmundry');
INSERT INTO welldata.PETROPHYSICS (UBHI, SAMPLE_DEPTH_M, POROSITY, PERMEABILITY, WATER_SAT, FORMATION) VALUES ('WELL00000000014-BH1', 2480, 0.0908, 148.5867, 0.3615, 'Sanchore');
INSERT INTO welldata.PETROPHYSICS (UBHI, SAMPLE_DEPTH_M, POROSITY, PERMEABILITY, WATER_SAT, FORMATION) VALUES ('WELL00000000014-BH1', 2500, 0.1752, 431.0445, 0.6709, 'Bengal');
INSERT INTO welldata.PETROPHYSICS (UBHI, SAMPLE_DEPTH_M, POROSITY, PERMEABILITY, WATER_SAT, FORMATION) VALUES ('WELL00000000014-BH1', 2520, 0.0636, 446.178, 0.4429, 'Rajahmundry');
INSERT INTO welldata.PETROPHYSICS (UBHI, SAMPLE_DEPTH_M, POROSITY, PERMEABILITY, WATER_SAT, FORMATION) VALUES ('WELL00000000014-BH1', 2540, 0.0552, 119.7633, 0.547, 'Rajahmundry');
INSERT INTO welldata.PETROPHYSICS (UBHI, SAMPLE_DEPTH_M, POROSITY, PERMEABILITY, WATER_SAT, FORMATION) VALUES ('WELL00000000014-BH1', 2560, 0.2372, 16.6637, 0.4184, 'Rajahmundry');
INSERT INTO welldata.PETROPHYSICS (UBHI, SAMPLE_DEPTH_M, POROSITY, PERMEABILITY, WATER_SAT, FORMATION) VALUES ('WELL00000000014-BH1', 2580, 0.2634, 61.994, 0.1809, 'Barmer');
INSERT INTO welldata.PETROPHYSICS (UBHI, SAMPLE_DEPTH_M, POROSITY, PERMEABILITY, WATER_SAT, FORMATION) VALUES ('WELL00000000014-BH1', 2600, 0.2324, 1.4531, 0.6161, 'Rajahmundry');
INSERT INTO welldata.PETROPHYSICS (UBHI, SAMPLE_DEPTH_M, POROSITY, PERMEABILITY, WATER_SAT, FORMATION) VALUES ('WELL00000000014-BH1', 2620, 0.1235, 184.9113, 0.2524, 'Barmer');
INSERT INTO welldata.PETROPHYSICS (UBHI, SAMPLE_DEPTH_M, POROSITY, PERMEABILITY, WATER_SAT, FORMATION) VALUES ('WELL00000000014-BH1', 2640, 0.1918, 206.8062, 0.2353, 'Rajahmundry');
INSERT INTO welldata.PETROPHYSICS (UBHI, SAMPLE_DEPTH_M, POROSITY, PERMEABILITY, WATER_SAT, FORMATION) VALUES ('WELL00000000014-BH1', 2660, 0.1434, 435.8633, 0.4243, 'Sanchore');
INSERT INTO welldata.PETROPHYSICS (UBHI, SAMPLE_DEPTH_M, POROSITY, PERMEABILITY, WATER_SAT, FORMATION) VALUES ('WELL00000000014-BH1', 2680, 0.1104, 442.1181, 0.3709, 'Barmer');
INSERT INTO welldata.PETROPHYSICS (UBHI, SAMPLE_DEPTH_M, POROSITY, PERMEABILITY, WATER_SAT, FORMATION) VALUES ('WELL00000000014-BH1', 2700, 0.0532, 330.7152, 0.4019, 'Rajahmundry');
INSERT INTO welldata.PETROPHYSICS (UBHI, SAMPLE_DEPTH_M, POROSITY, PERMEABILITY, WATER_SAT, FORMATION) VALUES ('WELL00000000014-BH1', 2720, 0.2636, 314.0242, 0.4393, 'Sanchore');
INSERT INTO welldata.PETROPHYSICS (UBHI, SAMPLE_DEPTH_M, POROSITY, PERMEABILITY, WATER_SAT, FORMATION) VALUES ('WELL00000000014-BH1', 2740, 0.1078, 193.784, 0.2153, 'Barmer');
INSERT INTO welldata.PETROPHYSICS (UBHI, SAMPLE_DEPTH_M, POROSITY, PERMEABILITY, WATER_SAT, FORMATION) VALUES ('WELL00000000014-BH1', 2760, 0.058, 56.8662, 0.256, 'Sanchore');
INSERT INTO welldata.PETROPHYSICS (UBHI, SAMPLE_DEPTH_M, POROSITY, PERMEABILITY, WATER_SAT, FORMATION) VALUES ('WELL00000000014-BH1', 2780, 0.1427, 420.7401, 0.2138, 'Bengal');
INSERT INTO welldata.PETROPHYSICS (UBHI, SAMPLE_DEPTH_M, POROSITY, PERMEABILITY, WATER_SAT, FORMATION) VALUES ('WELL00000000014-BH1', 2800, 0.198, 33.5312, 0.712, 'Rajahmundry');
INSERT INTO welldata.PETROPHYSICS (UBHI, SAMPLE_DEPTH_M, POROSITY, PERMEABILITY, WATER_SAT, FORMATION) VALUES ('WELL00000000014-BH1', 2820, 0.247, 124.982, 0.4931, 'Sanchore');
INSERT INTO welldata.PETROPHYSICS (UBHI, SAMPLE_DEPTH_M, POROSITY, PERMEABILITY, WATER_SAT, FORMATION) VALUES ('WELL00000000014-BH1', 2840, 0.2762, 112.1583, 0.5917, 'Barmer');
INSERT INTO welldata.PETROPHYSICS (UBHI, SAMPLE_DEPTH_M, POROSITY, PERMEABILITY, WATER_SAT, FORMATION) VALUES ('WELL00000000014-BH1', 2860, 0.1659, 259.093, 0.4052, 'Rajahmundry');
INSERT INTO welldata.PETROPHYSICS (UBHI, SAMPLE_DEPTH_M, POROSITY, PERMEABILITY, WATER_SAT, FORMATION) VALUES ('WELL00000000014-BH1', 2880, 0.0823, 379.4789, 0.3264, 'Sanchore');
INSERT INTO welldata.PETROPHYSICS (UBHI, SAMPLE_DEPTH_M, POROSITY, PERMEABILITY, WATER_SAT, FORMATION) VALUES ('WELL00000000014-BH1', 2900, 0.1134, 348.2501, 0.6597, 'Bengal');
INSERT INTO welldata.PETROPHYSICS (UBHI, SAMPLE_DEPTH_M, POROSITY, PERMEABILITY, WATER_SAT, FORMATION) VALUES ('WELL00000000014-BH1', 2920, 0.1541, 285.0322, 0.508, 'Barmer');
INSERT INTO welldata.PETROPHYSICS (UBHI, SAMPLE_DEPTH_M, POROSITY, PERMEABILITY, WATER_SAT, FORMATION) VALUES ('WELL00000000014-BH1', 2940, 0.2593, 233.0279, 0.6961, 'Barmer');
INSERT INTO welldata.PETROPHYSICS (UBHI, SAMPLE_DEPTH_M, POROSITY, PERMEABILITY, WATER_SAT, FORMATION) VALUES ('WELL00000000014-BH1', 2960, 0.2467, 319.8025, 0.7491, 'Rajahmundry');
INSERT INTO welldata.PETROPHYSICS (UBHI, SAMPLE_DEPTH_M, POROSITY, PERMEABILITY, WATER_SAT, FORMATION) VALUES ('WELL00000000014-BH1', 2980, 0.0417, 44.7943, 0.4699, 'Sanchore');
INSERT INTO welldata.PETROPHYSICS (UBHI, SAMPLE_DEPTH_M, POROSITY, PERMEABILITY, WATER_SAT, FORMATION) VALUES ('WELL00000000014-BH1', 3000, 0.1463, 408.2358, 0.6815, 'Bengal');
INSERT INTO welldata.BOREHOLE (UBHI, UWI, BOREHOLE_NAME, BOREHOLE_TYPE, TOP_DEPTH_M, BASE_DEPTH_M) VALUES ('WELL00000000014-BH2', 'WELL00000000014', 'RELI-CA-014-BH2', 'HORIZONTAL', 819, 1992);
INSERT INTO welldata.PETROPHYSICS (UBHI, SAMPLE_DEPTH_M, POROSITY, PERMEABILITY, WATER_SAT, FORMATION) VALUES ('WELL00000000014-BH2', 1000, 0.0886, 351.1028, 0.4121, 'Barmer');
INSERT INTO welldata.PETROPHYSICS (UBHI, SAMPLE_DEPTH_M, POROSITY, PERMEABILITY, WATER_SAT, FORMATION) VALUES ('WELL00000000014-BH2', 1020, 0.0553, 365.2414, 0.6026, 'Bengal');
INSERT INTO welldata.PETROPHYSICS (UBHI, SAMPLE_DEPTH_M, POROSITY, PERMEABILITY, WATER_SAT, FORMATION) VALUES ('WELL00000000014-BH2', 1040, 0.2745, 402.4494, 0.6222, 'Bengal');
INSERT INTO welldata.PETROPHYSICS (UBHI, SAMPLE_DEPTH_M, POROSITY, PERMEABILITY, WATER_SAT, FORMATION) VALUES ('WELL00000000014-BH2', 1060, 0.0953, 144.7288, 0.6249, 'Barmer');
INSERT INTO welldata.PETROPHYSICS (UBHI, SAMPLE_DEPTH_M, POROSITY, PERMEABILITY, WATER_SAT, FORMATION) VALUES ('WELL00000000014-BH2', 1080, 0.0451, 75.265, 0.2917, 'Barmer');
INSERT INTO welldata.PETROPHYSICS (UBHI, SAMPLE_DEPTH_M, POROSITY, PERMEABILITY, WATER_SAT, FORMATION) VALUES ('WELL00000000014-BH2', 1100, 0.2407, 98.6093, 0.4984, 'Sanchore');
INSERT INTO welldata.PETROPHYSICS (UBHI, SAMPLE_DEPTH_M, POROSITY, PERMEABILITY, WATER_SAT, FORMATION) VALUES ('WELL00000000014-BH2', 1120, 0.1101, 160.0273, 0.3831, 'Barmer');
INSERT INTO welldata.PETROPHYSICS (UBHI, SAMPLE_DEPTH_M, POROSITY, PERMEABILITY, WATER_SAT, FORMATION) VALUES ('WELL00000000014-BH2', 1140, 0.07, 22.3154, 0.191, 'Barmer');
INSERT INTO welldata.PETROPHYSICS (UBHI, SAMPLE_DEPTH_M, POROSITY, PERMEABILITY, WATER_SAT, FORMATION) VALUES ('WELL00000000014-BH2', 1160, 0.0879, 322.5669, 0.4254, 'Rajahmundry');
INSERT INTO welldata.PETROPHYSICS (UBHI, SAMPLE_DEPTH_M, POROSITY, PERMEABILITY, WATER_SAT, FORMATION) VALUES ('WELL00000000014-BH2', 1180, 0.097, 58.9602, 0.7222, 'Bengal');
INSERT INTO welldata.PETROPHYSICS (UBHI, SAMPLE_DEPTH_M, POROSITY, PERMEABILITY, WATER_SAT, FORMATION) VALUES ('WELL00000000014-BH2', 1200, 0.1627, 159.8882, 0.7203, 'Rajahmundry');
INSERT INTO welldata.PETROPHYSICS (UBHI, SAMPLE_DEPTH_M, POROSITY, PERMEABILITY, WATER_SAT, FORMATION) VALUES ('WELL00000000014-BH2', 1220, 0.097, 124.0289, 0.5332, 'Bengal');
INSERT INTO welldata.PETROPHYSICS (UBHI, SAMPLE_DEPTH_M, POROSITY, PERMEABILITY, WATER_SAT, FORMATION) VALUES ('WELL00000000014-BH2', 1240, 0.2058, 174.981, 0.496, 'Sanchore');
INSERT INTO welldata.PETROPHYSICS (UBHI, SAMPLE_DEPTH_M, POROSITY, PERMEABILITY, WATER_SAT, FORMATION) VALUES ('WELL00000000014-BH2', 1260, 0.0864, 49.6544, 0.6071, 'Barmer');
INSERT INTO welldata.PETROPHYSICS (UBHI, SAMPLE_DEPTH_M, POROSITY, PERMEABILITY, WATER_SAT, FORMATION) VALUES ('WELL00000000014-BH2', 1280, 0.0749, 145.4426, 0.4522, 'Sanchore');
INSERT INTO welldata.PETROPHYSICS (UBHI, SAMPLE_DEPTH_M, POROSITY, PERMEABILITY, WATER_SAT, FORMATION) VALUES ('WELL00000000014-BH2', 1300, 0.1452, 18.0521, 0.741, 'Rajahmundry');
INSERT INTO welldata.PETROPHYSICS (UBHI, SAMPLE_DEPTH_M, POROSITY, PERMEABILITY, WATER_SAT, FORMATION) VALUES ('WELL00000000014-BH2', 1320, 0.2235, 305.1808, 0.4567, 'Bengal');
INSERT INTO welldata.PETROPHYSICS (UBHI, SAMPLE_DEPTH_M, POROSITY, PERMEABILITY, WATER_SAT, FORMATION) VALUES ('WELL00000000014-BH2', 1340, 0.0721, 118.9754, 0.4423, 'Barmer');
INSERT INTO welldata.PETROPHYSICS (UBHI, SAMPLE_DEPTH_M, POROSITY, PERMEABILITY, WATER_SAT, FORMATION) VALUES ('WELL00000000014-BH2', 1360, 0.1681, 401.8184, 0.7135, 'Barmer');
INSERT INTO welldata.PETROPHYSICS (UBHI, SAMPLE_DEPTH_M, POROSITY, PERMEABILITY, WATER_SAT, FORMATION) VALUES ('WELL00000000014-BH2', 1380, 0.2647, 335.673, 0.2477, 'Bengal');
INSERT INTO welldata.PETROPHYSICS (UBHI, SAMPLE_DEPTH_M, POROSITY, PERMEABILITY, WATER_SAT, FORMATION) VALUES ('WELL00000000014-BH2', 1400, 0.2596, 263.4548, 0.7456, 'Rajahmundry');
INSERT INTO welldata.PETROPHYSICS (UBHI, SAMPLE_DEPTH_M, POROSITY, PERMEABILITY, WATER_SAT, FORMATION) VALUES ('WELL00000000014-BH2', 1420, 0.0412, 99.3928, 0.4334, 'Rajahmundry');
INSERT INTO welldata.PETROPHYSICS (UBHI, SAMPLE_DEPTH_M, POROSITY, PERMEABILITY, WATER_SAT, FORMATION) VALUES ('WELL00000000014-BH2', 1440, 0.2164, 265.9038, 0.6133, 'Rajahmundry');
INSERT INTO welldata.PETROPHYSICS (UBHI, SAMPLE_DEPTH_M, POROSITY, PERMEABILITY, WATER_SAT, FORMATION) VALUES ('WELL00000000014-BH2', 1460, 0.2739, 344.4298, 0.3908, 'Bengal');
INSERT INTO welldata.PETROPHYSICS (UBHI, SAMPLE_DEPTH_M, POROSITY, PERMEABILITY, WATER_SAT, FORMATION) VALUES ('WELL00000000014-BH2', 1480, 0.2098, 93.8578, 0.2528, 'Sanchore');
INSERT INTO welldata.PETROPHYSICS (UBHI, SAMPLE_DEPTH_M, POROSITY, PERMEABILITY, WATER_SAT, FORMATION) VALUES ('WELL00000000014-BH2', 1500, 0.2331, 416.9876, 0.3608, 'Barmer');
INSERT INTO welldata.PETROPHYSICS (UBHI, SAMPLE_DEPTH_M, POROSITY, PERMEABILITY, WATER_SAT, FORMATION) VALUES ('WELL00000000014-BH2', 1520, 0.2188, 191.2387, 0.4634, 'Barmer');
INSERT INTO welldata.PETROPHYSICS (UBHI, SAMPLE_DEPTH_M, POROSITY, PERMEABILITY, WATER_SAT, FORMATION) VALUES ('WELL00000000014-BH2', 1540, 0.0816, 383.6708, 0.669, 'Rajahmundry');
INSERT INTO welldata.PETROPHYSICS (UBHI, SAMPLE_DEPTH_M, POROSITY, PERMEABILITY, WATER_SAT, FORMATION) VALUES ('WELL00000000014-BH2', 1560, 0.257, 38.8697, 0.4435, 'Sanchore');
INSERT INTO welldata.PETROPHYSICS (UBHI, SAMPLE_DEPTH_M, POROSITY, PERMEABILITY, WATER_SAT, FORMATION) VALUES ('WELL00000000014-BH2', 1580, 0.211, 58.227, 0.4221, 'Bengal');
INSERT INTO welldata.PETROPHYSICS (UBHI, SAMPLE_DEPTH_M, POROSITY, PERMEABILITY, WATER_SAT, FORMATION) VALUES ('WELL00000000014-BH2', 1600, 0.0597, 190.864, 0.3853, 'Rajahmundry');
INSERT INTO welldata.PETROPHYSICS (UBHI, SAMPLE_DEPTH_M, POROSITY, PERMEABILITY, WATER_SAT, FORMATION) VALUES ('WELL00000000014-BH2', 1620, 0.1364, 219.9414, 0.586, 'Sanchore');
INSERT INTO welldata.PETROPHYSICS (UBHI, SAMPLE_DEPTH_M, POROSITY, PERMEABILITY, WATER_SAT, FORMATION) VALUES ('WELL00000000014-BH2', 1640, 0.2731, 435.0702, 0.2089, 'Bengal');
INSERT INTO welldata.PETROPHYSICS (UBHI, SAMPLE_DEPTH_M, POROSITY, PERMEABILITY, WATER_SAT, FORMATION) VALUES ('WELL00000000014-BH2', 1660, 0.173, 370.3476, 0.3202, 'Rajahmundry');
INSERT INTO welldata.PETROPHYSICS (UBHI, SAMPLE_DEPTH_M, POROSITY, PERMEABILITY, WATER_SAT, FORMATION) VALUES ('WELL00000000014-BH2', 1680, 0.2641, 303.7999, 0.7247, 'Rajahmundry');
INSERT INTO welldata.PETROPHYSICS (UBHI, SAMPLE_DEPTH_M, POROSITY, PERMEABILITY, WATER_SAT, FORMATION) VALUES ('WELL00000000014-BH2', 1700, 0.1979, 124.6544, 0.283, 'Sanchore');
INSERT INTO welldata.PETROPHYSICS (UBHI, SAMPLE_DEPTH_M, POROSITY, PERMEABILITY, WATER_SAT, FORMATION) VALUES ('WELL00000000014-BH2', 1720, 0.1254, 152.2205, 0.6818, 'Sanchore');
INSERT INTO welldata.PETROPHYSICS (UBHI, SAMPLE_DEPTH_M, POROSITY, PERMEABILITY, WATER_SAT, FORMATION) VALUES ('WELL00000000014-BH2', 1740, 0.2773, 234.257, 0.4754, 'Sanchore');
INSERT INTO welldata.PETROPHYSICS (UBHI, SAMPLE_DEPTH_M, POROSITY, PERMEABILITY, WATER_SAT, FORMATION) VALUES ('WELL00000000014-BH2', 1760, 0.1211, 127.0805, 0.2583, 'Bengal');
INSERT INTO welldata.PETROPHYSICS (UBHI, SAMPLE_DEPTH_M, POROSITY, PERMEABILITY, WATER_SAT, FORMATION) VALUES ('WELL00000000014-BH2', 1780, 0.1298, 163.4759, 0.7226, 'Rajahmundry');
INSERT INTO welldata.PETROPHYSICS (UBHI, SAMPLE_DEPTH_M, POROSITY, PERMEABILITY, WATER_SAT, FORMATION) VALUES ('WELL00000000014-BH2', 1800, 0.0572, 168.5786, 0.4534, 'Rajahmundry');
INSERT INTO welldata.PETROPHYSICS (UBHI, SAMPLE_DEPTH_M, POROSITY, PERMEABILITY, WATER_SAT, FORMATION) VALUES ('WELL00000000014-BH2', 1820, 0.2703, 304.0617, 0.6595, 'Rajahmundry');
INSERT INTO welldata.PETROPHYSICS (UBHI, SAMPLE_DEPTH_M, POROSITY, PERMEABILITY, WATER_SAT, FORMATION) VALUES ('WELL00000000014-BH2', 1840, 0.065, 188.4925, 0.1757, 'Rajahmundry');
INSERT INTO welldata.PETROPHYSICS (UBHI, SAMPLE_DEPTH_M, POROSITY, PERMEABILITY, WATER_SAT, FORMATION) VALUES ('WELL00000000014-BH2', 1860, 0.2136, 92.4927, 0.451, 'Rajahmundry');
INSERT INTO welldata.PETROPHYSICS (UBHI, SAMPLE_DEPTH_M, POROSITY, PERMEABILITY, WATER_SAT, FORMATION) VALUES ('WELL00000000014-BH2', 1880, 0.0459, 300.2868, 0.4514, 'Sanchore');
INSERT INTO welldata.PETROPHYSICS (UBHI, SAMPLE_DEPTH_M, POROSITY, PERMEABILITY, WATER_SAT, FORMATION) VALUES ('WELL00000000014-BH2', 1900, 0.063, 306.867, 0.2949, 'Barmer');
INSERT INTO welldata.PETROPHYSICS (UBHI, SAMPLE_DEPTH_M, POROSITY, PERMEABILITY, WATER_SAT, FORMATION) VALUES ('WELL00000000014-BH2', 1920, 0.2145, 22.8861, 0.3211, 'Sanchore');
INSERT INTO welldata.PETROPHYSICS (UBHI, SAMPLE_DEPTH_M, POROSITY, PERMEABILITY, WATER_SAT, FORMATION) VALUES ('WELL00000000014-BH2', 1940, 0.218, 239.439, 0.5485, 'Rajahmundry');
INSERT INTO welldata.PETROPHYSICS (UBHI, SAMPLE_DEPTH_M, POROSITY, PERMEABILITY, WATER_SAT, FORMATION) VALUES ('WELL00000000014-BH2', 1960, 0.1042, 316.9671, 0.6206, 'Bengal');
INSERT INTO welldata.PETROPHYSICS (UBHI, SAMPLE_DEPTH_M, POROSITY, PERMEABILITY, WATER_SAT, FORMATION) VALUES ('WELL00000000014-BH2', 1980, 0.0989, 411.6617, 0.3086, 'Barmer');
INSERT INTO welldata.PETROPHYSICS (UBHI, SAMPLE_DEPTH_M, POROSITY, PERMEABILITY, WATER_SAT, FORMATION) VALUES ('WELL00000000014-BH2', 2000, 0.2777, 98.4323, 0.5745, 'Bengal');
INSERT INTO welldata.PETROPHYSICS (UBHI, SAMPLE_DEPTH_M, POROSITY, PERMEABILITY, WATER_SAT, FORMATION) VALUES ('WELL00000000014-BH2', 2020, 0.0944, 130.598, 0.1726, 'Barmer');
INSERT INTO welldata.PETROPHYSICS (UBHI, SAMPLE_DEPTH_M, POROSITY, PERMEABILITY, WATER_SAT, FORMATION) VALUES ('WELL00000000014-BH2', 2040, 0.1976, 428.4802, 0.7291, 'Barmer');
INSERT INTO welldata.PETROPHYSICS (UBHI, SAMPLE_DEPTH_M, POROSITY, PERMEABILITY, WATER_SAT, FORMATION) VALUES ('WELL00000000014-BH2', 2060, 0.0875, 87.7843, 0.5766, 'Bengal');
INSERT INTO welldata.PETROPHYSICS (UBHI, SAMPLE_DEPTH_M, POROSITY, PERMEABILITY, WATER_SAT, FORMATION) VALUES ('WELL00000000014-BH2', 2080, 0.1448, 34.5889, 0.31, 'Bengal');
INSERT INTO welldata.PETROPHYSICS (UBHI, SAMPLE_DEPTH_M, POROSITY, PERMEABILITY, WATER_SAT, FORMATION) VALUES ('WELL00000000014-BH2', 2100, 0.0422, 316.4801, 0.1882, 'Sanchore');
INSERT INTO welldata.PETROPHYSICS (UBHI, SAMPLE_DEPTH_M, POROSITY, PERMEABILITY, WATER_SAT, FORMATION) VALUES ('WELL00000000014-BH2', 2120, 0.0811, 165.2722, 0.627, 'Sanchore');
INSERT INTO welldata.PETROPHYSICS (UBHI, SAMPLE_DEPTH_M, POROSITY, PERMEABILITY, WATER_SAT, FORMATION) VALUES ('WELL00000000014-BH2', 2140, 0.2356, 223.2803, 0.536, 'Bengal');
INSERT INTO welldata.PETROPHYSICS (UBHI, SAMPLE_DEPTH_M, POROSITY, PERMEABILITY, WATER_SAT, FORMATION) VALUES ('WELL00000000014-BH2', 2160, 0.0406, 70.9621, 0.4111, 'Rajahmundry');
INSERT INTO welldata.PETROPHYSICS (UBHI, SAMPLE_DEPTH_M, POROSITY, PERMEABILITY, WATER_SAT, FORMATION) VALUES ('WELL00000000014-BH2', 2180, 0.1587, 422.8386, 0.6275, 'Bengal');
INSERT INTO welldata.PETROPHYSICS (UBHI, SAMPLE_DEPTH_M, POROSITY, PERMEABILITY, WATER_SAT, FORMATION) VALUES ('WELL00000000014-BH2', 2200, 0.2127, 153.001, 0.4929, 'Rajahmundry');
INSERT INTO welldata.PETROPHYSICS (UBHI, SAMPLE_DEPTH_M, POROSITY, PERMEABILITY, WATER_SAT, FORMATION) VALUES ('WELL00000000014-BH2', 2220, 0.2099, 107.4602, 0.2666, 'Rajahmundry');
INSERT INTO welldata.PETROPHYSICS (UBHI, SAMPLE_DEPTH_M, POROSITY, PERMEABILITY, WATER_SAT, FORMATION) VALUES ('WELL00000000014-BH2', 2240, 0.0615, 209.2155, 0.6802, 'Barmer');
INSERT INTO welldata.PETROPHYSICS (UBHI, SAMPLE_DEPTH_M, POROSITY, PERMEABILITY, WATER_SAT, FORMATION) VALUES ('WELL00000000014-BH2', 2260, 0.2606, 120.7038, 0.6157, 'Rajahmundry');
INSERT INTO welldata.PETROPHYSICS (UBHI, SAMPLE_DEPTH_M, POROSITY, PERMEABILITY, WATER_SAT, FORMATION) VALUES ('WELL00000000014-BH2', 2280, 0.0465, 216.3756, 0.5636, 'Rajahmundry');
INSERT INTO welldata.PETROPHYSICS (UBHI, SAMPLE_DEPTH_M, POROSITY, PERMEABILITY, WATER_SAT, FORMATION) VALUES ('WELL00000000014-BH2', 2300, 0.1163, 58.3461, 0.2494, 'Sanchore');
INSERT INTO welldata.PETROPHYSICS (UBHI, SAMPLE_DEPTH_M, POROSITY, PERMEABILITY, WATER_SAT, FORMATION) VALUES ('WELL00000000014-BH2', 2320, 0.1467, 208.752, 0.2969, 'Sanchore');
INSERT INTO welldata.PETROPHYSICS (UBHI, SAMPLE_DEPTH_M, POROSITY, PERMEABILITY, WATER_SAT, FORMATION) VALUES ('WELL00000000014-BH2', 2340, 0.1108, 14.0802, 0.4095, 'Bengal');
INSERT INTO welldata.PETROPHYSICS (UBHI, SAMPLE_DEPTH_M, POROSITY, PERMEABILITY, WATER_SAT, FORMATION) VALUES ('WELL00000000014-BH2', 2360, 0.1605, 423.3864, 0.2136, 'Barmer');
INSERT INTO welldata.PETROPHYSICS (UBHI, SAMPLE_DEPTH_M, POROSITY, PERMEABILITY, WATER_SAT, FORMATION) VALUES ('WELL00000000014-BH2', 2380, 0.0797, 138.6173, 0.5829, 'Barmer');
INSERT INTO welldata.PETROPHYSICS (UBHI, SAMPLE_DEPTH_M, POROSITY, PERMEABILITY, WATER_SAT, FORMATION) VALUES ('WELL00000000014-BH2', 2400, 0.2263, 133.5911, 0.4967, 'Sanchore');
INSERT INTO welldata.PETROPHYSICS (UBHI, SAMPLE_DEPTH_M, POROSITY, PERMEABILITY, WATER_SAT, FORMATION) VALUES ('WELL00000000014-BH2', 2420, 0.2318, 331.8665, 0.3105, 'Sanchore');
INSERT INTO welldata.PETROPHYSICS (UBHI, SAMPLE_DEPTH_M, POROSITY, PERMEABILITY, WATER_SAT, FORMATION) VALUES ('WELL00000000014-BH2', 2440, 0.1841, 235.9036, 0.6125, 'Bengal');
INSERT INTO welldata.PETROPHYSICS (UBHI, SAMPLE_DEPTH_M, POROSITY, PERMEABILITY, WATER_SAT, FORMATION) VALUES ('WELL00000000014-BH2', 2460, 0.2601, 370.7703, 0.4356, 'Bengal');
INSERT INTO welldata.PETROPHYSICS (UBHI, SAMPLE_DEPTH_M, POROSITY, PERMEABILITY, WATER_SAT, FORMATION) VALUES ('WELL00000000014-BH2', 2480, 0.1921, 313.761, 0.4353, 'Bengal');
INSERT INTO welldata.PETROPHYSICS (UBHI, SAMPLE_DEPTH_M, POROSITY, PERMEABILITY, WATER_SAT, FORMATION) VALUES ('WELL00000000014-BH2', 2500, 0.0545, 408.3154, 0.5597, 'Bengal');
INSERT INTO welldata.PETROPHYSICS (UBHI, SAMPLE_DEPTH_M, POROSITY, PERMEABILITY, WATER_SAT, FORMATION) VALUES ('WELL00000000014-BH2', 2520, 0.2459, 402.186, 0.5184, 'Barmer');
INSERT INTO welldata.PETROPHYSICS (UBHI, SAMPLE_DEPTH_M, POROSITY, PERMEABILITY, WATER_SAT, FORMATION) VALUES ('WELL00000000014-BH2', 2540, 0.267, 22.4484, 0.6001, 'Barmer');
INSERT INTO welldata.PETROPHYSICS (UBHI, SAMPLE_DEPTH_M, POROSITY, PERMEABILITY, WATER_SAT, FORMATION) VALUES ('WELL00000000014-BH2', 2560, 0.2514, 185.96, 0.5244, 'Sanchore');
INSERT INTO welldata.PETROPHYSICS (UBHI, SAMPLE_DEPTH_M, POROSITY, PERMEABILITY, WATER_SAT, FORMATION) VALUES ('WELL00000000014-BH2', 2580, 0.2569, 82.0227, 0.2449, 'Sanchore');
INSERT INTO welldata.PETROPHYSICS (UBHI, SAMPLE_DEPTH_M, POROSITY, PERMEABILITY, WATER_SAT, FORMATION) VALUES ('WELL00000000014-BH2', 2600, 0.0847, 398.5713, 0.5373, 'Barmer');
INSERT INTO welldata.PETROPHYSICS (UBHI, SAMPLE_DEPTH_M, POROSITY, PERMEABILITY, WATER_SAT, FORMATION) VALUES ('WELL00000000014-BH2', 2620, 0.1962, 362.9875, 0.5883, 'Rajahmundry');
INSERT INTO welldata.PETROPHYSICS (UBHI, SAMPLE_DEPTH_M, POROSITY, PERMEABILITY, WATER_SAT, FORMATION) VALUES ('WELL00000000014-BH2', 2640, 0.1407, 416.0434, 0.7323, 'Sanchore');
INSERT INTO welldata.PETROPHYSICS (UBHI, SAMPLE_DEPTH_M, POROSITY, PERMEABILITY, WATER_SAT, FORMATION) VALUES ('WELL00000000014-BH2', 2660, 0.2547, 49.3207, 0.5802, 'Rajahmundry');
INSERT INTO welldata.PETROPHYSICS (UBHI, SAMPLE_DEPTH_M, POROSITY, PERMEABILITY, WATER_SAT, FORMATION) VALUES ('WELL00000000014-BH2', 2680, 0.2048, 357.3837, 0.3182, 'Bengal');
INSERT INTO welldata.PETROPHYSICS (UBHI, SAMPLE_DEPTH_M, POROSITY, PERMEABILITY, WATER_SAT, FORMATION) VALUES ('WELL00000000014-BH2', 2700, 0.1633, 269.7426, 0.2873, 'Bengal');
INSERT INTO welldata.PETROPHYSICS (UBHI, SAMPLE_DEPTH_M, POROSITY, PERMEABILITY, WATER_SAT, FORMATION) VALUES ('WELL00000000014-BH2', 2720, 0.1554, 233.252, 0.4485, 'Barmer');
INSERT INTO welldata.PETROPHYSICS (UBHI, SAMPLE_DEPTH_M, POROSITY, PERMEABILITY, WATER_SAT, FORMATION) VALUES ('WELL00000000014-BH2', 2740, 0.2549, 105.7007, 0.6785, 'Barmer');
INSERT INTO welldata.PETROPHYSICS (UBHI, SAMPLE_DEPTH_M, POROSITY, PERMEABILITY, WATER_SAT, FORMATION) VALUES ('WELL00000000014-BH2', 2760, 0.1809, 187.1434, 0.4069, 'Barmer');
INSERT INTO welldata.PETROPHYSICS (UBHI, SAMPLE_DEPTH_M, POROSITY, PERMEABILITY, WATER_SAT, FORMATION) VALUES ('WELL00000000014-BH2', 2780, 0.0977, 179.5098, 0.4019, 'Barmer');
INSERT INTO welldata.PETROPHYSICS (UBHI, SAMPLE_DEPTH_M, POROSITY, PERMEABILITY, WATER_SAT, FORMATION) VALUES ('WELL00000000014-BH2', 2800, 0.267, 270.6704, 0.1903, 'Bengal');
INSERT INTO welldata.PETROPHYSICS (UBHI, SAMPLE_DEPTH_M, POROSITY, PERMEABILITY, WATER_SAT, FORMATION) VALUES ('WELL00000000014-BH2', 2820, 0.0721, 21.5977, 0.51, 'Rajahmundry');
INSERT INTO welldata.PETROPHYSICS (UBHI, SAMPLE_DEPTH_M, POROSITY, PERMEABILITY, WATER_SAT, FORMATION) VALUES ('WELL00000000014-BH2', 2840, 0.0755, 93.7221, 0.5623, 'Rajahmundry');
INSERT INTO welldata.PETROPHYSICS (UBHI, SAMPLE_DEPTH_M, POROSITY, PERMEABILITY, WATER_SAT, FORMATION) VALUES ('WELL00000000014-BH2', 2860, 0.226, 165.3124, 0.3642, 'Barmer');
INSERT INTO welldata.PETROPHYSICS (UBHI, SAMPLE_DEPTH_M, POROSITY, PERMEABILITY, WATER_SAT, FORMATION) VALUES ('WELL00000000014-BH2', 2880, 0.1794, 65.2962, 0.6261, 'Bengal');
INSERT INTO welldata.PETROPHYSICS (UBHI, SAMPLE_DEPTH_M, POROSITY, PERMEABILITY, WATER_SAT, FORMATION) VALUES ('WELL00000000014-BH2', 2900, 0.2462, 239.2322, 0.6745, 'Barmer');
INSERT INTO welldata.PETROPHYSICS (UBHI, SAMPLE_DEPTH_M, POROSITY, PERMEABILITY, WATER_SAT, FORMATION) VALUES ('WELL00000000014-BH2', 2920, 0.0753, 2.118, 0.3839, 'Barmer');
INSERT INTO welldata.PETROPHYSICS (UBHI, SAMPLE_DEPTH_M, POROSITY, PERMEABILITY, WATER_SAT, FORMATION) VALUES ('WELL00000000014-BH2', 2940, 0.1502, 210.5521, 0.436, 'Sanchore');
INSERT INTO welldata.PETROPHYSICS (UBHI, SAMPLE_DEPTH_M, POROSITY, PERMEABILITY, WATER_SAT, FORMATION) VALUES ('WELL00000000014-BH2', 2960, 0.235, 445.0022, 0.1538, 'Rajahmundry');
INSERT INTO welldata.PETROPHYSICS (UBHI, SAMPLE_DEPTH_M, POROSITY, PERMEABILITY, WATER_SAT, FORMATION) VALUES ('WELL00000000014-BH2', 2980, 0.0501, 218.8624, 0.1571, 'Bengal');
INSERT INTO welldata.PETROPHYSICS (UBHI, SAMPLE_DEPTH_M, POROSITY, PERMEABILITY, WATER_SAT, FORMATION) VALUES ('WELL00000000014-BH2', 3000, 0.0917, 256.7504, 0.5989, 'Sanchore');
INSERT INTO welldata.PRODUCTION (UWI, PROD_DATE, OIL_BBL, GAS_MCF, WATER_BBL, HOURS_ON) VALUES ('WELL00000000014', TO_DATE('2015-01-01','YYYY-MM-DD'), 1784.96, 14303.55, 1305.73, 698.45);
INSERT INTO welldata.PRODUCTION (UWI, PROD_DATE, OIL_BBL, GAS_MCF, WATER_BBL, HOURS_ON) VALUES ('WELL00000000014', TO_DATE('2015-02-01','YYYY-MM-DD'), 661.62, 14433.91, 1167.94, 649.59);
INSERT INTO welldata.PRODUCTION (UWI, PROD_DATE, OIL_BBL, GAS_MCF, WATER_BBL, HOURS_ON) VALUES ('WELL00000000014', TO_DATE('2015-03-01','YYYY-MM-DD'), 2961.2, 12770.05, 102.19, 675.28);
INSERT INTO welldata.PRODUCTION (UWI, PROD_DATE, OIL_BBL, GAS_MCF, WATER_BBL, HOURS_ON) VALUES ('WELL00000000014', TO_DATE('2015-04-01','YYYY-MM-DD'), 623.65, 11680.27, 426.74, 358.27);
INSERT INTO welldata.PRODUCTION (UWI, PROD_DATE, OIL_BBL, GAS_MCF, WATER_BBL, HOURS_ON) VALUES ('WELL00000000014', TO_DATE('2015-05-01','YYYY-MM-DD'), 1199.33, 6487.07, 415.93, 454.2);
INSERT INTO welldata.PRODUCTION (UWI, PROD_DATE, OIL_BBL, GAS_MCF, WATER_BBL, HOURS_ON) VALUES ('WELL00000000014', TO_DATE('2015-06-01','YYYY-MM-DD'), 2579.49, 9522.06, 618.96, 436.57);
INSERT INTO welldata.PRODUCTION (UWI, PROD_DATE, OIL_BBL, GAS_MCF, WATER_BBL, HOURS_ON) VALUES ('WELL00000000014', TO_DATE('2015-07-01','YYYY-MM-DD'), 2687.82, 7479.2, 618.01, 423.39);
INSERT INTO welldata.PRODUCTION (UWI, PROD_DATE, OIL_BBL, GAS_MCF, WATER_BBL, HOURS_ON) VALUES ('WELL00000000014', TO_DATE('2015-08-01','YYYY-MM-DD'), 2848.17, 14652.84, 702.34, 360.67);
INSERT INTO welldata.PRODUCTION (UWI, PROD_DATE, OIL_BBL, GAS_MCF, WATER_BBL, HOURS_ON) VALUES ('WELL00000000014', TO_DATE('2015-09-01','YYYY-MM-DD'), 1280.43, 11144.19, 802.26, 267.75);
INSERT INTO welldata.PRODUCTION (UWI, PROD_DATE, OIL_BBL, GAS_MCF, WATER_BBL, HOURS_ON) VALUES ('WELL00000000014', TO_DATE('2015-10-01','YYYY-MM-DD'), 2635.59, 6606.2, 67.57, 528.66);
INSERT INTO welldata.PRODUCTION (UWI, PROD_DATE, OIL_BBL, GAS_MCF, WATER_BBL, HOURS_ON) VALUES ('WELL00000000014', TO_DATE('2015-11-01','YYYY-MM-DD'), 1146.94, 9442.66, 601.67, 126.41);
INSERT INTO welldata.PRODUCTION (UWI, PROD_DATE, OIL_BBL, GAS_MCF, WATER_BBL, HOURS_ON) VALUES ('WELL00000000014', TO_DATE('2015-12-01','YYYY-MM-DD'), 2452.69, 2848.68, 181.5, 260.47);
INSERT INTO welldata.PRODUCTION (UWI, PROD_DATE, OIL_BBL, GAS_MCF, WATER_BBL, HOURS_ON) VALUES ('WELL00000000014', TO_DATE('2016-01-01','YYYY-MM-DD'), 1388.17, 14596.46, 226.04, 588.94);
INSERT INTO welldata.PRODUCTION (UWI, PROD_DATE, OIL_BBL, GAS_MCF, WATER_BBL, HOURS_ON) VALUES ('WELL00000000014', TO_DATE('2016-02-01','YYYY-MM-DD'), 1821.53, 13076.86, 818.74, 715.33);
INSERT INTO welldata.PRODUCTION (UWI, PROD_DATE, OIL_BBL, GAS_MCF, WATER_BBL, HOURS_ON) VALUES ('WELL00000000014', TO_DATE('2016-03-01','YYYY-MM-DD'), 1856.49, 4835.2, 1484.4, 200.6);
INSERT INTO welldata.PRODUCTION (UWI, PROD_DATE, OIL_BBL, GAS_MCF, WATER_BBL, HOURS_ON) VALUES ('WELL00000000014', TO_DATE('2016-04-01','YYYY-MM-DD'), 2210.99, 11784.81, 125.23, 291.39);
INSERT INTO welldata.PRODUCTION (UWI, PROD_DATE, OIL_BBL, GAS_MCF, WATER_BBL, HOURS_ON) VALUES ('WELL00000000014', TO_DATE('2016-05-01','YYYY-MM-DD'), 2678.87, 5332.19, 165.73, 685.91);
INSERT INTO welldata.PRODUCTION (UWI, PROD_DATE, OIL_BBL, GAS_MCF, WATER_BBL, HOURS_ON) VALUES ('WELL00000000014', TO_DATE('2016-06-01','YYYY-MM-DD'), 1516.02, 1817.61, 425.16, 249.27);
INSERT INTO welldata.PRODUCTION (UWI, PROD_DATE, OIL_BBL, GAS_MCF, WATER_BBL, HOURS_ON) VALUES ('WELL00000000014', TO_DATE('2016-07-01','YYYY-MM-DD'), 438.37, 4310.03, 1253.51, 285.48);
INSERT INTO welldata.PRODUCTION (UWI, PROD_DATE, OIL_BBL, GAS_MCF, WATER_BBL, HOURS_ON) VALUES ('WELL00000000014', TO_DATE('2016-08-01','YYYY-MM-DD'), 1061.47, 3273.83, 1234.4, 613.85);
INSERT INTO welldata.PRODUCTION (UWI, PROD_DATE, OIL_BBL, GAS_MCF, WATER_BBL, HOURS_ON) VALUES ('WELL00000000014', TO_DATE('2016-09-01','YYYY-MM-DD'), 932.53, 9462.62, 1285.46, 203.4);
INSERT INTO welldata.PRODUCTION (UWI, PROD_DATE, OIL_BBL, GAS_MCF, WATER_BBL, HOURS_ON) VALUES ('WELL00000000014', TO_DATE('2016-10-01','YYYY-MM-DD'), 2130.25, 1308.73, 355.21, 647.14);
INSERT INTO welldata.PRODUCTION (UWI, PROD_DATE, OIL_BBL, GAS_MCF, WATER_BBL, HOURS_ON) VALUES ('WELL00000000014', TO_DATE('2016-11-01','YYYY-MM-DD'), 488.15, 6880.55, 394.15, 124.19);
INSERT INTO welldata.PRODUCTION (UWI, PROD_DATE, OIL_BBL, GAS_MCF, WATER_BBL, HOURS_ON) VALUES ('WELL00000000014', TO_DATE('2016-12-01','YYYY-MM-DD'), 605.32, 7867.6, 159.83, 354.86);
INSERT INTO welldata.PRODUCTION (UWI, PROD_DATE, OIL_BBL, GAS_MCF, WATER_BBL, HOURS_ON) VALUES ('WELL00000000014', TO_DATE('2017-01-01','YYYY-MM-DD'), 1853.54, 8776.95, 920.36, 365.67);
INSERT INTO welldata.PRODUCTION (UWI, PROD_DATE, OIL_BBL, GAS_MCF, WATER_BBL, HOURS_ON) VALUES ('WELL00000000014', TO_DATE('2017-02-01','YYYY-MM-DD'), 720.58, 12487.44, 1032.12, 677.86);
INSERT INTO welldata.PRODUCTION (UWI, PROD_DATE, OIL_BBL, GAS_MCF, WATER_BBL, HOURS_ON) VALUES ('WELL00000000014', TO_DATE('2017-03-01','YYYY-MM-DD'), 1126.44, 12881.11, 867.98, 598.25);
INSERT INTO welldata.PRODUCTION (UWI, PROD_DATE, OIL_BBL, GAS_MCF, WATER_BBL, HOURS_ON) VALUES ('WELL00000000014', TO_DATE('2017-04-01','YYYY-MM-DD'), 246.3, 13372.27, 77.45, 489.79);
INSERT INTO welldata.PRODUCTION (UWI, PROD_DATE, OIL_BBL, GAS_MCF, WATER_BBL, HOURS_ON) VALUES ('WELL00000000014', TO_DATE('2017-05-01','YYYY-MM-DD'), 172.63, 6620.88, 547.7, 290.05);
INSERT INTO welldata.PRODUCTION (UWI, PROD_DATE, OIL_BBL, GAS_MCF, WATER_BBL, HOURS_ON) VALUES ('WELL00000000014', TO_DATE('2017-06-01','YYYY-MM-DD'), 1839.04, 12693.18, 1045.07, 335.52);
INSERT INTO welldata.PRODUCTION (UWI, PROD_DATE, OIL_BBL, GAS_MCF, WATER_BBL, HOURS_ON) VALUES ('WELL00000000014', TO_DATE('2017-07-01','YYYY-MM-DD'), 1279.08, 4202.77, 1222.78, 242.12);
INSERT INTO welldata.PRODUCTION (UWI, PROD_DATE, OIL_BBL, GAS_MCF, WATER_BBL, HOURS_ON) VALUES ('WELL00000000014', TO_DATE('2017-08-01','YYYY-MM-DD'), 2125.42, 4145.6, 92.23, 378.19);
INSERT INTO welldata.PRODUCTION (UWI, PROD_DATE, OIL_BBL, GAS_MCF, WATER_BBL, HOURS_ON) VALUES ('WELL00000000014', TO_DATE('2017-09-01','YYYY-MM-DD'), 2236.41, 3405.64, 65.42, 216.5);
INSERT INTO welldata.PRODUCTION (UWI, PROD_DATE, OIL_BBL, GAS_MCF, WATER_BBL, HOURS_ON) VALUES ('WELL00000000014', TO_DATE('2017-10-01','YYYY-MM-DD'), 2845.07, 9661.38, 65.3, 418.58);
INSERT INTO welldata.PRODUCTION (UWI, PROD_DATE, OIL_BBL, GAS_MCF, WATER_BBL, HOURS_ON) VALUES ('WELL00000000014', TO_DATE('2017-11-01','YYYY-MM-DD'), 587.64, 13636.05, 951.17, 328.76);
INSERT INTO welldata.PRODUCTION (UWI, PROD_DATE, OIL_BBL, GAS_MCF, WATER_BBL, HOURS_ON) VALUES ('WELL00000000014', TO_DATE('2017-12-01','YYYY-MM-DD'), 2735.09, 7222.64, 1330.62, 178.8);
INSERT INTO welldata.PRODUCTION (UWI, PROD_DATE, OIL_BBL, GAS_MCF, WATER_BBL, HOURS_ON) VALUES ('WELL00000000014', TO_DATE('2018-01-01','YYYY-MM-DD'), 2104.03, 8401.14, 571.27, 666.41);
INSERT INTO welldata.PRODUCTION (UWI, PROD_DATE, OIL_BBL, GAS_MCF, WATER_BBL, HOURS_ON) VALUES ('WELL00000000014', TO_DATE('2018-02-01','YYYY-MM-DD'), 2526.16, 1233.61, 778.4, 371.2);
INSERT INTO welldata.PRODUCTION (UWI, PROD_DATE, OIL_BBL, GAS_MCF, WATER_BBL, HOURS_ON) VALUES ('WELL00000000014', TO_DATE('2018-03-01','YYYY-MM-DD'), 1857.71, 3035.45, 730.87, 633.92);
INSERT INTO welldata.PRODUCTION (UWI, PROD_DATE, OIL_BBL, GAS_MCF, WATER_BBL, HOURS_ON) VALUES ('WELL00000000014', TO_DATE('2018-04-01','YYYY-MM-DD'), 2848.91, 3652.44, 396.59, 389.24);
INSERT INTO welldata.PRODUCTION (UWI, PROD_DATE, OIL_BBL, GAS_MCF, WATER_BBL, HOURS_ON) VALUES ('WELL00000000014', TO_DATE('2018-05-01','YYYY-MM-DD'), 248.79, 5114.59, 1488.69, 216.74);
INSERT INTO welldata.PRODUCTION (UWI, PROD_DATE, OIL_BBL, GAS_MCF, WATER_BBL, HOURS_ON) VALUES ('WELL00000000014', TO_DATE('2018-06-01','YYYY-MM-DD'), 212.4, 6076.58, 51.55, 262.66);
INSERT INTO welldata.PRODUCTION (UWI, PROD_DATE, OIL_BBL, GAS_MCF, WATER_BBL, HOURS_ON) VALUES ('WELL00000000014', TO_DATE('2018-07-01','YYYY-MM-DD'), 2211.49, 7513.16, 842.02, 142.1);
INSERT INTO welldata.PRODUCTION (UWI, PROD_DATE, OIL_BBL, GAS_MCF, WATER_BBL, HOURS_ON) VALUES ('WELL00000000014', TO_DATE('2018-08-01','YYYY-MM-DD'), 782.92, 6114.7, 182.13, 134.29);
INSERT INTO welldata.PRODUCTION (UWI, PROD_DATE, OIL_BBL, GAS_MCF, WATER_BBL, HOURS_ON) VALUES ('WELL00000000014', TO_DATE('2018-09-01','YYYY-MM-DD'), 628.35, 10546.36, 1291.95, 251.46);
INSERT INTO welldata.PRODUCTION (UWI, PROD_DATE, OIL_BBL, GAS_MCF, WATER_BBL, HOURS_ON) VALUES ('WELL00000000014', TO_DATE('2018-10-01','YYYY-MM-DD'), 204.27, 10509.83, 349.58, 130.13);
INSERT INTO welldata.PRODUCTION (UWI, PROD_DATE, OIL_BBL, GAS_MCF, WATER_BBL, HOURS_ON) VALUES ('WELL00000000014', TO_DATE('2018-11-01','YYYY-MM-DD'), 1878.18, 10591.9, 1167.32, 674.35);
INSERT INTO welldata.PRODUCTION (UWI, PROD_DATE, OIL_BBL, GAS_MCF, WATER_BBL, HOURS_ON) VALUES ('WELL00000000014', TO_DATE('2018-12-01','YYYY-MM-DD'), 534.04, 1595.18, 475.53, 418.3);
INSERT INTO welldata.PRODUCTION (UWI, PROD_DATE, OIL_BBL, GAS_MCF, WATER_BBL, HOURS_ON) VALUES ('WELL00000000014', TO_DATE('2019-01-01','YYYY-MM-DD'), 2038.45, 7982.64, 445.44, 692.34);
INSERT INTO welldata.PRODUCTION (UWI, PROD_DATE, OIL_BBL, GAS_MCF, WATER_BBL, HOURS_ON) VALUES ('WELL00000000014', TO_DATE('2019-02-01','YYYY-MM-DD'), 1384.11, 5475.49, 635.49, 659.98);
INSERT INTO welldata.PRODUCTION (UWI, PROD_DATE, OIL_BBL, GAS_MCF, WATER_BBL, HOURS_ON) VALUES ('WELL00000000014', TO_DATE('2019-03-01','YYYY-MM-DD'), 2607.16, 8848.01, 153.39, 633.58);
INSERT INTO welldata.PRODUCTION (UWI, PROD_DATE, OIL_BBL, GAS_MCF, WATER_BBL, HOURS_ON) VALUES ('WELL00000000014', TO_DATE('2019-04-01','YYYY-MM-DD'), 384.02, 9967.73, 1296.01, 539.29);
INSERT INTO welldata.PRODUCTION (UWI, PROD_DATE, OIL_BBL, GAS_MCF, WATER_BBL, HOURS_ON) VALUES ('WELL00000000014', TO_DATE('2019-05-01','YYYY-MM-DD'), 1037.45, 13408.38, 563.52, 556.56);
INSERT INTO welldata.PRODUCTION (UWI, PROD_DATE, OIL_BBL, GAS_MCF, WATER_BBL, HOURS_ON) VALUES ('WELL00000000014', TO_DATE('2019-06-01','YYYY-MM-DD'), 1950.65, 10098.3, 662.42, 243.03);
INSERT INTO welldata.PRODUCTION (UWI, PROD_DATE, OIL_BBL, GAS_MCF, WATER_BBL, HOURS_ON) VALUES ('WELL00000000014', TO_DATE('2019-07-01','YYYY-MM-DD'), 1787.96, 7805.21, 1243.42, 627.73);
INSERT INTO welldata.PRODUCTION (UWI, PROD_DATE, OIL_BBL, GAS_MCF, WATER_BBL, HOURS_ON) VALUES ('WELL00000000014', TO_DATE('2019-08-01','YYYY-MM-DD'), 762.16, 7940.37, 830.12, 585.89);
INSERT INTO welldata.PRODUCTION (UWI, PROD_DATE, OIL_BBL, GAS_MCF, WATER_BBL, HOURS_ON) VALUES ('WELL00000000014', TO_DATE('2019-09-01','YYYY-MM-DD'), 647.13, 14338.12, 1001.73, 575.1);
INSERT INTO welldata.PRODUCTION (UWI, PROD_DATE, OIL_BBL, GAS_MCF, WATER_BBL, HOURS_ON) VALUES ('WELL00000000014', TO_DATE('2019-10-01','YYYY-MM-DD'), 2529.35, 12853.78, 222.82, 292.02);
INSERT INTO welldata.PRODUCTION (UWI, PROD_DATE, OIL_BBL, GAS_MCF, WATER_BBL, HOURS_ON) VALUES ('WELL00000000014', TO_DATE('2019-11-01','YYYY-MM-DD'), 626.5, 14136.07, 407.83, 177.56);
INSERT INTO welldata.PRODUCTION (UWI, PROD_DATE, OIL_BBL, GAS_MCF, WATER_BBL, HOURS_ON) VALUES ('WELL00000000014', TO_DATE('2019-12-01','YYYY-MM-DD'), 1614.34, 9122.95, 1369.57, 326.66);
INSERT INTO welldata.PRODUCTION (UWI, PROD_DATE, OIL_BBL, GAS_MCF, WATER_BBL, HOURS_ON) VALUES ('WELL00000000014', TO_DATE('2020-01-01','YYYY-MM-DD'), 2914.51, 5497.71, 551.54, 226.36);
INSERT INTO welldata.PRODUCTION (UWI, PROD_DATE, OIL_BBL, GAS_MCF, WATER_BBL, HOURS_ON) VALUES ('WELL00000000014', TO_DATE('2020-02-01','YYYY-MM-DD'), 2083.32, 123.58, 882.53, 224.53);
INSERT INTO welldata.PRODUCTION (UWI, PROD_DATE, OIL_BBL, GAS_MCF, WATER_BBL, HOURS_ON) VALUES ('WELL00000000014', TO_DATE('2020-03-01','YYYY-MM-DD'), 2602.74, 7627.9, 1032.68, 687.38);
INSERT INTO welldata.PRODUCTION (UWI, PROD_DATE, OIL_BBL, GAS_MCF, WATER_BBL, HOURS_ON) VALUES ('WELL00000000014', TO_DATE('2020-04-01','YYYY-MM-DD'), 1716.02, 4997.01, 1128.76, 168.47);
INSERT INTO welldata.PRODUCTION (UWI, PROD_DATE, OIL_BBL, GAS_MCF, WATER_BBL, HOURS_ON) VALUES ('WELL00000000014', TO_DATE('2020-05-01','YYYY-MM-DD'), 1398.46, 11586.1, 583.11, 423.66);
INSERT INTO welldata.PRODUCTION (UWI, PROD_DATE, OIL_BBL, GAS_MCF, WATER_BBL, HOURS_ON) VALUES ('WELL00000000014', TO_DATE('2020-06-01','YYYY-MM-DD'), 815.51, 1122.13, 775.62, 251.96);
INSERT INTO welldata.PRODUCTION (UWI, PROD_DATE, OIL_BBL, GAS_MCF, WATER_BBL, HOURS_ON) VALUES ('WELL00000000014', TO_DATE('2020-07-01','YYYY-MM-DD'), 2239.58, 13248.31, 1329.47, 540.55);
INSERT INTO welldata.PRODUCTION (UWI, PROD_DATE, OIL_BBL, GAS_MCF, WATER_BBL, HOURS_ON) VALUES ('WELL00000000014', TO_DATE('2020-08-01','YYYY-MM-DD'), 1251.36, 1927.61, 660.78, 576.58);
INSERT INTO welldata.PRODUCTION (UWI, PROD_DATE, OIL_BBL, GAS_MCF, WATER_BBL, HOURS_ON) VALUES ('WELL00000000014', TO_DATE('2020-09-01','YYYY-MM-DD'), 700.34, 6882.67, 879.09, 354.31);
INSERT INTO welldata.PRODUCTION (UWI, PROD_DATE, OIL_BBL, GAS_MCF, WATER_BBL, HOURS_ON) VALUES ('WELL00000000014', TO_DATE('2020-10-01','YYYY-MM-DD'), 2388.06, 12280.9, 552.62, 650.95);
INSERT INTO welldata.PRODUCTION (UWI, PROD_DATE, OIL_BBL, GAS_MCF, WATER_BBL, HOURS_ON) VALUES ('WELL00000000014', TO_DATE('2020-11-01','YYYY-MM-DD'), 2741.94, 6505.58, 439.98, 426.75);
INSERT INTO welldata.PRODUCTION (UWI, PROD_DATE, OIL_BBL, GAS_MCF, WATER_BBL, HOURS_ON) VALUES ('WELL00000000014', TO_DATE('2020-12-01','YYYY-MM-DD'), 576.28, 5975.07, 442.59, 718.23);
INSERT INTO welldata.PRODUCTION (UWI, PROD_DATE, OIL_BBL, GAS_MCF, WATER_BBL, HOURS_ON) VALUES ('WELL00000000014', TO_DATE('2021-01-01','YYYY-MM-DD'), 756.4, 12629.51, 1227.84, 276.13);
INSERT INTO welldata.PRODUCTION (UWI, PROD_DATE, OIL_BBL, GAS_MCF, WATER_BBL, HOURS_ON) VALUES ('WELL00000000014', TO_DATE('2021-02-01','YYYY-MM-DD'), 851.34, 13522.68, 1494.68, 643.73);
INSERT INTO welldata.PRODUCTION (UWI, PROD_DATE, OIL_BBL, GAS_MCF, WATER_BBL, HOURS_ON) VALUES ('WELL00000000014', TO_DATE('2021-03-01','YYYY-MM-DD'), 557.35, 9528.57, 1456.2, 716.42);
INSERT INTO welldata.PRODUCTION (UWI, PROD_DATE, OIL_BBL, GAS_MCF, WATER_BBL, HOURS_ON) VALUES ('WELL00000000014', TO_DATE('2021-04-01','YYYY-MM-DD'), 81.64, 3446.4, 1380.36, 311.35);
INSERT INTO welldata.PRODUCTION (UWI, PROD_DATE, OIL_BBL, GAS_MCF, WATER_BBL, HOURS_ON) VALUES ('WELL00000000014', TO_DATE('2021-05-01','YYYY-MM-DD'), 1252.71, 6425.63, 58.82, 614.45);
INSERT INTO welldata.PRODUCTION (UWI, PROD_DATE, OIL_BBL, GAS_MCF, WATER_BBL, HOURS_ON) VALUES ('WELL00000000014', TO_DATE('2021-06-01','YYYY-MM-DD'), 196.45, 788.45, 804.34, 667.23);
INSERT INTO welldata.PRODUCTION (UWI, PROD_DATE, OIL_BBL, GAS_MCF, WATER_BBL, HOURS_ON) VALUES ('WELL00000000014', TO_DATE('2021-07-01','YYYY-MM-DD'), 635.33, 10193.07, 808.65, 422.75);
INSERT INTO welldata.PRODUCTION (UWI, PROD_DATE, OIL_BBL, GAS_MCF, WATER_BBL, HOURS_ON) VALUES ('WELL00000000014', TO_DATE('2021-08-01','YYYY-MM-DD'), 2417.77, 1222.54, 440.93, 241.56);
INSERT INTO welldata.PRODUCTION (UWI, PROD_DATE, OIL_BBL, GAS_MCF, WATER_BBL, HOURS_ON) VALUES ('WELL00000000014', TO_DATE('2021-09-01','YYYY-MM-DD'), 185.2, 10188.05, 1430.84, 245.68);
INSERT INTO welldata.PRODUCTION (UWI, PROD_DATE, OIL_BBL, GAS_MCF, WATER_BBL, HOURS_ON) VALUES ('WELL00000000014', TO_DATE('2021-10-01','YYYY-MM-DD'), 1116.47, 10340.48, 1348.94, 440.71);
INSERT INTO welldata.PRODUCTION (UWI, PROD_DATE, OIL_BBL, GAS_MCF, WATER_BBL, HOURS_ON) VALUES ('WELL00000000014', TO_DATE('2021-11-01','YYYY-MM-DD'), 1508.19, 2602.71, 253.21, 385.17);
INSERT INTO welldata.PRODUCTION (UWI, PROD_DATE, OIL_BBL, GAS_MCF, WATER_BBL, HOURS_ON) VALUES ('WELL00000000014', TO_DATE('2021-12-01','YYYY-MM-DD'), 847.18, 10861.85, 1221.7, 174.39);
INSERT INTO welldata.PRODUCTION (UWI, PROD_DATE, OIL_BBL, GAS_MCF, WATER_BBL, HOURS_ON) VALUES ('WELL00000000014', TO_DATE('2022-01-01','YYYY-MM-DD'), 400.44, 4213.73, 830.77, 181.8);
INSERT INTO welldata.PRODUCTION (UWI, PROD_DATE, OIL_BBL, GAS_MCF, WATER_BBL, HOURS_ON) VALUES ('WELL00000000014', TO_DATE('2022-02-01','YYYY-MM-DD'), 318.55, 10561.61, 480.87, 394.76);
INSERT INTO welldata.PRODUCTION (UWI, PROD_DATE, OIL_BBL, GAS_MCF, WATER_BBL, HOURS_ON) VALUES ('WELL00000000014', TO_DATE('2022-03-01','YYYY-MM-DD'), 495.7, 12041.09, 416.12, 462.59);
INSERT INTO welldata.PRODUCTION (UWI, PROD_DATE, OIL_BBL, GAS_MCF, WATER_BBL, HOURS_ON) VALUES ('WELL00000000014', TO_DATE('2022-04-01','YYYY-MM-DD'), 1467.82, 7777.0, 1025.03, 386.41);
INSERT INTO welldata.PRODUCTION (UWI, PROD_DATE, OIL_BBL, GAS_MCF, WATER_BBL, HOURS_ON) VALUES ('WELL00000000014', TO_DATE('2022-05-01','YYYY-MM-DD'), 2346.82, 5327.89, 473.93, 640.63);
INSERT INTO welldata.PRODUCTION (UWI, PROD_DATE, OIL_BBL, GAS_MCF, WATER_BBL, HOURS_ON) VALUES ('WELL00000000014', TO_DATE('2022-06-01','YYYY-MM-DD'), 1262.64, 13213.94, 852.3, 175.48);
INSERT INTO welldata.PRODUCTION (UWI, PROD_DATE, OIL_BBL, GAS_MCF, WATER_BBL, HOURS_ON) VALUES ('WELL00000000014', TO_DATE('2022-07-01','YYYY-MM-DD'), 152.61, 2949.62, 1458.45, 148.55);
INSERT INTO welldata.PRODUCTION (UWI, PROD_DATE, OIL_BBL, GAS_MCF, WATER_BBL, HOURS_ON) VALUES ('WELL00000000014', TO_DATE('2022-08-01','YYYY-MM-DD'), 2033.21, 2129.85, 199.62, 245.87);
INSERT INTO welldata.PRODUCTION (UWI, PROD_DATE, OIL_BBL, GAS_MCF, WATER_BBL, HOURS_ON) VALUES ('WELL00000000014', TO_DATE('2022-09-01','YYYY-MM-DD'), 2945.6, 10906.84, 892.55, 617.04);
INSERT INTO welldata.PRODUCTION (UWI, PROD_DATE, OIL_BBL, GAS_MCF, WATER_BBL, HOURS_ON) VALUES ('WELL00000000014', TO_DATE('2022-10-01','YYYY-MM-DD'), 1174.65, 7487.8, 878.75, 264.41);
INSERT INTO welldata.PRODUCTION (UWI, PROD_DATE, OIL_BBL, GAS_MCF, WATER_BBL, HOURS_ON) VALUES ('WELL00000000014', TO_DATE('2022-11-01','YYYY-MM-DD'), 2174.25, 13711.05, 1338.51, 687.24);
INSERT INTO welldata.PRODUCTION (UWI, PROD_DATE, OIL_BBL, GAS_MCF, WATER_BBL, HOURS_ON) VALUES ('WELL00000000014', TO_DATE('2022-12-01','YYYY-MM-DD'), 2308.66, 6188.51, 302.15, 543.71);
INSERT INTO welldata.PRODUCTION (UWI, PROD_DATE, OIL_BBL, GAS_MCF, WATER_BBL, HOURS_ON) VALUES ('WELL00000000014', TO_DATE('2023-01-01','YYYY-MM-DD'), 1752.39, 12134.31, 523.82, 367.06);
INSERT INTO welldata.PRODUCTION (UWI, PROD_DATE, OIL_BBL, GAS_MCF, WATER_BBL, HOURS_ON) VALUES ('WELL00000000014', TO_DATE('2023-02-01','YYYY-MM-DD'), 615.2, 6885.42, 835.77, 128.08);
INSERT INTO welldata.PRODUCTION (UWI, PROD_DATE, OIL_BBL, GAS_MCF, WATER_BBL, HOURS_ON) VALUES ('WELL00000000014', TO_DATE('2023-03-01','YYYY-MM-DD'), 1076.59, 6466.1, 754.13, 597.27);
INSERT INTO welldata.PRODUCTION (UWI, PROD_DATE, OIL_BBL, GAS_MCF, WATER_BBL, HOURS_ON) VALUES ('WELL00000000014', TO_DATE('2023-04-01','YYYY-MM-DD'), 116.35, 7909.07, 854.48, 127.7);
INSERT INTO welldata.PRODUCTION (UWI, PROD_DATE, OIL_BBL, GAS_MCF, WATER_BBL, HOURS_ON) VALUES ('WELL00000000014', TO_DATE('2023-05-01','YYYY-MM-DD'), 2363.32, 11321.23, 428.26, 186.09);
INSERT INTO welldata.PRODUCTION (UWI, PROD_DATE, OIL_BBL, GAS_MCF, WATER_BBL, HOURS_ON) VALUES ('WELL00000000014', TO_DATE('2023-06-01','YYYY-MM-DD'), 340.64, 12611.15, 650.87, 567.31);
INSERT INTO welldata.PRODUCTION (UWI, PROD_DATE, OIL_BBL, GAS_MCF, WATER_BBL, HOURS_ON) VALUES ('WELL00000000014', TO_DATE('2023-07-01','YYYY-MM-DD'), 2116.06, 13546.37, 244.16, 611.35);
INSERT INTO welldata.PRODUCTION (UWI, PROD_DATE, OIL_BBL, GAS_MCF, WATER_BBL, HOURS_ON) VALUES ('WELL00000000014', TO_DATE('2023-08-01','YYYY-MM-DD'), 1076.14, 13079.34, 1425.93, 665.25);
INSERT INTO welldata.PRODUCTION (UWI, PROD_DATE, OIL_BBL, GAS_MCF, WATER_BBL, HOURS_ON) VALUES ('WELL00000000014', TO_DATE('2023-09-01','YYYY-MM-DD'), 2193.77, 6832.25, 1432.43, 553.76);
INSERT INTO welldata.PRODUCTION (UWI, PROD_DATE, OIL_BBL, GAS_MCF, WATER_BBL, HOURS_ON) VALUES ('WELL00000000014', TO_DATE('2023-10-01','YYYY-MM-DD'), 2735.22, 8797.03, 550.77, 614.72);
INSERT INTO welldata.PRODUCTION (UWI, PROD_DATE, OIL_BBL, GAS_MCF, WATER_BBL, HOURS_ON) VALUES ('WELL00000000014', TO_DATE('2023-11-01','YYYY-MM-DD'), 2414.23, 8279.05, 1462.75, 363.09);
INSERT INTO welldata.PRODUCTION (UWI, PROD_DATE, OIL_BBL, GAS_MCF, WATER_BBL, HOURS_ON) VALUES ('WELL00000000014', TO_DATE('2023-12-01','YYYY-MM-DD'), 2344.7, 1734.75, 627.41, 319.29);
INSERT INTO welldata.PRODUCTION (UWI, PROD_DATE, OIL_BBL, GAS_MCF, WATER_BBL, HOURS_ON) VALUES ('WELL00000000014', TO_DATE('2024-01-01','YYYY-MM-DD'), 1352.9, 11973.4, 884.82, 130.27);
INSERT INTO welldata.PRODUCTION (UWI, PROD_DATE, OIL_BBL, GAS_MCF, WATER_BBL, HOURS_ON) VALUES ('WELL00000000014', TO_DATE('2024-02-01','YYYY-MM-DD'), 944.99, 7803.18, 282.28, 436.7);
INSERT INTO welldata.PRODUCTION (UWI, PROD_DATE, OIL_BBL, GAS_MCF, WATER_BBL, HOURS_ON) VALUES ('WELL00000000014', TO_DATE('2024-03-01','YYYY-MM-DD'), 2303.95, 6509.79, 707.36, 150.1);
INSERT INTO welldata.PRODUCTION (UWI, PROD_DATE, OIL_BBL, GAS_MCF, WATER_BBL, HOURS_ON) VALUES ('WELL00000000014', TO_DATE('2024-04-01','YYYY-MM-DD'), 957.57, 12530.56, 1492.28, 213.41);
INSERT INTO welldata.PRODUCTION (UWI, PROD_DATE, OIL_BBL, GAS_MCF, WATER_BBL, HOURS_ON) VALUES ('WELL00000000014', TO_DATE('2024-05-01','YYYY-MM-DD'), 166.79, 7447.97, 1365.47, 672.41);
INSERT INTO welldata.PRODUCTION (UWI, PROD_DATE, OIL_BBL, GAS_MCF, WATER_BBL, HOURS_ON) VALUES ('WELL00000000014', TO_DATE('2024-06-01','YYYY-MM-DD'), 1163.63, 12712.76, 693.15, 197.81);
INSERT INTO welldata.PRODUCTION (UWI, PROD_DATE, OIL_BBL, GAS_MCF, WATER_BBL, HOURS_ON) VALUES ('WELL00000000014', TO_DATE('2024-07-01','YYYY-MM-DD'), 134.82, 4906.4, 636.8, 455.9);
INSERT INTO welldata.PRODUCTION (UWI, PROD_DATE, OIL_BBL, GAS_MCF, WATER_BBL, HOURS_ON) VALUES ('WELL00000000014', TO_DATE('2024-08-01','YYYY-MM-DD'), 1453.95, 8948.62, 931.73, 337.92);
INSERT INTO welldata.PRODUCTION (UWI, PROD_DATE, OIL_BBL, GAS_MCF, WATER_BBL, HOURS_ON) VALUES ('WELL00000000014', TO_DATE('2024-09-01','YYYY-MM-DD'), 273.88, 182.7, 272.33, 250.49);
INSERT INTO welldata.PRODUCTION (UWI, PROD_DATE, OIL_BBL, GAS_MCF, WATER_BBL, HOURS_ON) VALUES ('WELL00000000014', TO_DATE('2024-10-01','YYYY-MM-DD'), 843.01, 13954.47, 337.34, 543.94);
INSERT INTO welldata.PRODUCTION (UWI, PROD_DATE, OIL_BBL, GAS_MCF, WATER_BBL, HOURS_ON) VALUES ('WELL00000000014', TO_DATE('2024-11-01','YYYY-MM-DD'), 1911.02, 8984.46, 1345.1, 626.32);
INSERT INTO welldata.PRODUCTION (UWI, PROD_DATE, OIL_BBL, GAS_MCF, WATER_BBL, HOURS_ON) VALUES ('WELL00000000014', TO_DATE('2024-12-01','YYYY-MM-DD'), 1068.87, 440.65, 158.99, 412.54);
INSERT INTO welldata.FORMATION_TOPS (UWI, FORMATION, TOP_DEPTH_M, BASE_DEPTH_M, LITHOLOGY) VALUES ('WELL00000000014', 'Rajahmundry', 968, 1338, 'SANDSTONE');
INSERT INTO welldata.FORMATION_TOPS (UWI, FORMATION, TOP_DEPTH_M, BASE_DEPTH_M, LITHOLOGY) VALUES ('WELL00000000014', 'Bengal', 802, 1002, 'LIMESTONE');
INSERT INTO welldata.FORMATION_TOPS (UWI, FORMATION, TOP_DEPTH_M, BASE_DEPTH_M, LITHOLOGY) VALUES ('WELL00000000014', 'Sanchore', 1285, 1632, 'SHALE');
INSERT INTO welldata.FORMATION_TOPS (UWI, FORMATION, TOP_DEPTH_M, BASE_DEPTH_M, LITHOLOGY) VALUES ('WELL00000000014', 'Barmer', 1500, 1681, 'DOLOMITE');
INSERT INTO welldata.CORE_ANALYSIS (UWI, CORE_RUN, TOP_DEPTH_M, BASE_DEPTH_M, GRAIN_DENSITY, BULK_DENSITY, RECOVERY_PCT) VALUES ('WELL00000000014', 1, 1639, 1710, 2.7503, 2.2541, 95.5);
INSERT INTO welldata.CORE_ANALYSIS (UWI, CORE_RUN, TOP_DEPTH_M, BASE_DEPTH_M, GRAIN_DENSITY, BULK_DENSITY, RECOVERY_PCT) VALUES ('WELL00000000014', 2, 1652, 1738, 2.7777, 2.0242, 87.85);
INSERT INTO welldata.WELL (UWI, WELL_NAME, OPERATOR, COUNTRY, BASIN, FIELD_NAME, SPUD_DATE, COMPLETION_DATE, WELL_TYPE, WELL_STATUS, SURFACE_LAT, SURFACE_LON, TOTAL_DEPTH_M, KB_ELEVATION_M) VALUES ('WELL00000000015', 'CAIR-RA-015', 'Cairn India', 'India', 'Rajasthan', 'Rajasthan Field 5', TO_DATE('2005-05-08','YYYY-MM-DD'), TO_DATE('2009-05-06','YYYY-MM-DD'), 'EXPLORATION', 'ACTIVE', 16.277004, 73.273804, 2556, 47.89);
INSERT INTO welldata.BOREHOLE (UBHI, UWI, BOREHOLE_NAME, BOREHOLE_TYPE, TOP_DEPTH_M, BASE_DEPTH_M) VALUES ('WELL00000000015-BH1', 'WELL00000000015', 'CAIR-RA-015-BH1', 'HORIZONTAL', 623, 1451);
INSERT INTO welldata.PETROPHYSICS (UBHI, SAMPLE_DEPTH_M, POROSITY, PERMEABILITY, WATER_SAT, FORMATION) VALUES ('WELL00000000015-BH1', 1000, 0.2538, 339.87, 0.535, 'Barmer');
INSERT INTO welldata.PETROPHYSICS (UBHI, SAMPLE_DEPTH_M, POROSITY, PERMEABILITY, WATER_SAT, FORMATION) VALUES ('WELL00000000015-BH1', 1020, 0.1483, 100.9555, 0.2997, 'Rajahmundry');
INSERT INTO welldata.PETROPHYSICS (UBHI, SAMPLE_DEPTH_M, POROSITY, PERMEABILITY, WATER_SAT, FORMATION) VALUES ('WELL00000000015-BH1', 1040, 0.165, 124.2039, 0.5432, 'Bengal');
INSERT INTO welldata.PETROPHYSICS (UBHI, SAMPLE_DEPTH_M, POROSITY, PERMEABILITY, WATER_SAT, FORMATION) VALUES ('WELL00000000015-BH1', 1060, 0.0913, 387.7496, 0.1578, 'Rajahmundry');
INSERT INTO welldata.PETROPHYSICS (UBHI, SAMPLE_DEPTH_M, POROSITY, PERMEABILITY, WATER_SAT, FORMATION) VALUES ('WELL00000000015-BH1', 1080, 0.0644, 87.7071, 0.4438, 'Bengal');
INSERT INTO welldata.PETROPHYSICS (UBHI, SAMPLE_DEPTH_M, POROSITY, PERMEABILITY, WATER_SAT, FORMATION) VALUES ('WELL00000000015-BH1', 1100, 0.1479, 364.6837, 0.5596, 'Rajahmundry');
INSERT INTO welldata.PETROPHYSICS (UBHI, SAMPLE_DEPTH_M, POROSITY, PERMEABILITY, WATER_SAT, FORMATION) VALUES ('WELL00000000015-BH1', 1120, 0.1708, 187.1252, 0.5277, 'Rajahmundry');
INSERT INTO welldata.PETROPHYSICS (UBHI, SAMPLE_DEPTH_M, POROSITY, PERMEABILITY, WATER_SAT, FORMATION) VALUES ('WELL00000000015-BH1', 1140, 0.0894, 140.8992, 0.4597, 'Bengal');
INSERT INTO welldata.PETROPHYSICS (UBHI, SAMPLE_DEPTH_M, POROSITY, PERMEABILITY, WATER_SAT, FORMATION) VALUES ('WELL00000000015-BH1', 1160, 0.2329, 239.3812, 0.6959, 'Rajahmundry');
INSERT INTO welldata.PETROPHYSICS (UBHI, SAMPLE_DEPTH_M, POROSITY, PERMEABILITY, WATER_SAT, FORMATION) VALUES ('WELL00000000015-BH1', 1180, 0.2012, 411.6349, 0.5929, 'Barmer');
INSERT INTO welldata.PETROPHYSICS (UBHI, SAMPLE_DEPTH_M, POROSITY, PERMEABILITY, WATER_SAT, FORMATION) VALUES ('WELL00000000015-BH1', 1200, 0.1066, 366.9041, 0.5944, 'Sanchore');
INSERT INTO welldata.PETROPHYSICS (UBHI, SAMPLE_DEPTH_M, POROSITY, PERMEABILITY, WATER_SAT, FORMATION) VALUES ('WELL00000000015-BH1', 1220, 0.1663, 439.8361, 0.4981, 'Rajahmundry');
INSERT INTO welldata.PETROPHYSICS (UBHI, SAMPLE_DEPTH_M, POROSITY, PERMEABILITY, WATER_SAT, FORMATION) VALUES ('WELL00000000015-BH1', 1240, 0.2105, 173.3185, 0.6706, 'Bengal');
INSERT INTO welldata.PETROPHYSICS (UBHI, SAMPLE_DEPTH_M, POROSITY, PERMEABILITY, WATER_SAT, FORMATION) VALUES ('WELL00000000015-BH1', 1260, 0.2446, 145.1112, 0.5602, 'Bengal');
INSERT INTO welldata.PETROPHYSICS (UBHI, SAMPLE_DEPTH_M, POROSITY, PERMEABILITY, WATER_SAT, FORMATION) VALUES ('WELL00000000015-BH1', 1280, 0.0463, 299.5703, 0.7072, 'Rajahmundry');
INSERT INTO welldata.PETROPHYSICS (UBHI, SAMPLE_DEPTH_M, POROSITY, PERMEABILITY, WATER_SAT, FORMATION) VALUES ('WELL00000000015-BH1', 1300, 0.2538, 271.0837, 0.7382, 'Rajahmundry');
INSERT INTO welldata.PETROPHYSICS (UBHI, SAMPLE_DEPTH_M, POROSITY, PERMEABILITY, WATER_SAT, FORMATION) VALUES ('WELL00000000015-BH1', 1320, 0.1526, 232.8915, 0.5021, 'Barmer');
INSERT INTO welldata.PETROPHYSICS (UBHI, SAMPLE_DEPTH_M, POROSITY, PERMEABILITY, WATER_SAT, FORMATION) VALUES ('WELL00000000015-BH1', 1340, 0.191, 237.9009, 0.172, 'Rajahmundry');
INSERT INTO welldata.PETROPHYSICS (UBHI, SAMPLE_DEPTH_M, POROSITY, PERMEABILITY, WATER_SAT, FORMATION) VALUES ('WELL00000000015-BH1', 1360, 0.2635, 315.128, 0.3778, 'Rajahmundry');
INSERT INTO welldata.PETROPHYSICS (UBHI, SAMPLE_DEPTH_M, POROSITY, PERMEABILITY, WATER_SAT, FORMATION) VALUES ('WELL00000000015-BH1', 1380, 0.2355, 294.9696, 0.5366, 'Sanchore');
INSERT INTO welldata.PETROPHYSICS (UBHI, SAMPLE_DEPTH_M, POROSITY, PERMEABILITY, WATER_SAT, FORMATION) VALUES ('WELL00000000015-BH1', 1400, 0.1116, 64.1288, 0.3167, 'Rajahmundry');
INSERT INTO welldata.PETROPHYSICS (UBHI, SAMPLE_DEPTH_M, POROSITY, PERMEABILITY, WATER_SAT, FORMATION) VALUES ('WELL00000000015-BH1', 1420, 0.0961, 310.2898, 0.354, 'Rajahmundry');
INSERT INTO welldata.PETROPHYSICS (UBHI, SAMPLE_DEPTH_M, POROSITY, PERMEABILITY, WATER_SAT, FORMATION) VALUES ('WELL00000000015-BH1', 1440, 0.2779, 173.3839, 0.6431, 'Rajahmundry');
INSERT INTO welldata.PETROPHYSICS (UBHI, SAMPLE_DEPTH_M, POROSITY, PERMEABILITY, WATER_SAT, FORMATION) VALUES ('WELL00000000015-BH1', 1460, 0.0821, 178.5289, 0.3844, 'Rajahmundry');
INSERT INTO welldata.PETROPHYSICS (UBHI, SAMPLE_DEPTH_M, POROSITY, PERMEABILITY, WATER_SAT, FORMATION) VALUES ('WELL00000000015-BH1', 1480, 0.0808, 56.7647, 0.3095, 'Rajahmundry');
INSERT INTO welldata.PETROPHYSICS (UBHI, SAMPLE_DEPTH_M, POROSITY, PERMEABILITY, WATER_SAT, FORMATION) VALUES ('WELL00000000015-BH1', 1500, 0.0595, 274.388, 0.7169, 'Rajahmundry');
INSERT INTO welldata.PETROPHYSICS (UBHI, SAMPLE_DEPTH_M, POROSITY, PERMEABILITY, WATER_SAT, FORMATION) VALUES ('WELL00000000015-BH1', 1520, 0.2274, 37.3459, 0.4075, 'Barmer');
INSERT INTO welldata.PETROPHYSICS (UBHI, SAMPLE_DEPTH_M, POROSITY, PERMEABILITY, WATER_SAT, FORMATION) VALUES ('WELL00000000015-BH1', 1540, 0.2533, 145.6739, 0.1626, 'Rajahmundry');
INSERT INTO welldata.PETROPHYSICS (UBHI, SAMPLE_DEPTH_M, POROSITY, PERMEABILITY, WATER_SAT, FORMATION) VALUES ('WELL00000000015-BH1', 1560, 0.2679, 219.3208, 0.6992, 'Barmer');
INSERT INTO welldata.PETROPHYSICS (UBHI, SAMPLE_DEPTH_M, POROSITY, PERMEABILITY, WATER_SAT, FORMATION) VALUES ('WELL00000000015-BH1', 1580, 0.1327, 395.253, 0.3148, 'Barmer');
INSERT INTO welldata.PETROPHYSICS (UBHI, SAMPLE_DEPTH_M, POROSITY, PERMEABILITY, WATER_SAT, FORMATION) VALUES ('WELL00000000015-BH1', 1600, 0.2761, 304.3275, 0.3961, 'Sanchore');
INSERT INTO welldata.PETROPHYSICS (UBHI, SAMPLE_DEPTH_M, POROSITY, PERMEABILITY, WATER_SAT, FORMATION) VALUES ('WELL00000000015-BH1', 1620, 0.254, 395.2023, 0.6302, 'Barmer');
INSERT INTO welldata.PETROPHYSICS (UBHI, SAMPLE_DEPTH_M, POROSITY, PERMEABILITY, WATER_SAT, FORMATION) VALUES ('WELL00000000015-BH1', 1640, 0.1566, 34.4705, 0.6988, 'Sanchore');
INSERT INTO welldata.PETROPHYSICS (UBHI, SAMPLE_DEPTH_M, POROSITY, PERMEABILITY, WATER_SAT, FORMATION) VALUES ('WELL00000000015-BH1', 1660, 0.091, 419.438, 0.2156, 'Barmer');
INSERT INTO welldata.PETROPHYSICS (UBHI, SAMPLE_DEPTH_M, POROSITY, PERMEABILITY, WATER_SAT, FORMATION) VALUES ('WELL00000000015-BH1', 1680, 0.2642, 173.2624, 0.6458, 'Barmer');
INSERT INTO welldata.PETROPHYSICS (UBHI, SAMPLE_DEPTH_M, POROSITY, PERMEABILITY, WATER_SAT, FORMATION) VALUES ('WELL00000000015-BH1', 1700, 0.0743, 33.8293, 0.4063, 'Barmer');
INSERT INTO welldata.PETROPHYSICS (UBHI, SAMPLE_DEPTH_M, POROSITY, PERMEABILITY, WATER_SAT, FORMATION) VALUES ('WELL00000000015-BH1', 1720, 0.082, 121.4748, 0.5337, 'Bengal');
INSERT INTO welldata.PETROPHYSICS (UBHI, SAMPLE_DEPTH_M, POROSITY, PERMEABILITY, WATER_SAT, FORMATION) VALUES ('WELL00000000015-BH1', 1740, 0.2465, 33.1227, 0.5937, 'Bengal');
INSERT INTO welldata.PETROPHYSICS (UBHI, SAMPLE_DEPTH_M, POROSITY, PERMEABILITY, WATER_SAT, FORMATION) VALUES ('WELL00000000015-BH1', 1760, 0.0548, 328.814, 0.4441, 'Rajahmundry');
INSERT INTO welldata.PETROPHYSICS (UBHI, SAMPLE_DEPTH_M, POROSITY, PERMEABILITY, WATER_SAT, FORMATION) VALUES ('WELL00000000015-BH1', 1780, 0.256, 293.5593, 0.2755, 'Rajahmundry');
INSERT INTO welldata.PETROPHYSICS (UBHI, SAMPLE_DEPTH_M, POROSITY, PERMEABILITY, WATER_SAT, FORMATION) VALUES ('WELL00000000015-BH1', 1800, 0.0636, 435.2022, 0.5296, 'Sanchore');
INSERT INTO welldata.PETROPHYSICS (UBHI, SAMPLE_DEPTH_M, POROSITY, PERMEABILITY, WATER_SAT, FORMATION) VALUES ('WELL00000000015-BH1', 1820, 0.2559, 4.5544, 0.2006, 'Rajahmundry');
INSERT INTO welldata.PETROPHYSICS (UBHI, SAMPLE_DEPTH_M, POROSITY, PERMEABILITY, WATER_SAT, FORMATION) VALUES ('WELL00000000015-BH1', 1840, 0.1985, 76.1457, 0.6163, 'Rajahmundry');
INSERT INTO welldata.PETROPHYSICS (UBHI, SAMPLE_DEPTH_M, POROSITY, PERMEABILITY, WATER_SAT, FORMATION) VALUES ('WELL00000000015-BH1', 1860, 0.246, 395.8533, 0.2743, 'Rajahmundry');
INSERT INTO welldata.PETROPHYSICS (UBHI, SAMPLE_DEPTH_M, POROSITY, PERMEABILITY, WATER_SAT, FORMATION) VALUES ('WELL00000000015-BH1', 1880, 0.1308, 439.4034, 0.1913, 'Bengal');
INSERT INTO welldata.PETROPHYSICS (UBHI, SAMPLE_DEPTH_M, POROSITY, PERMEABILITY, WATER_SAT, FORMATION) VALUES ('WELL00000000015-BH1', 1900, 0.0922, 291.9992, 0.5456, 'Bengal');
INSERT INTO welldata.PETROPHYSICS (UBHI, SAMPLE_DEPTH_M, POROSITY, PERMEABILITY, WATER_SAT, FORMATION) VALUES ('WELL00000000015-BH1', 1920, 0.2647, 139.824, 0.5043, 'Barmer');
INSERT INTO welldata.PETROPHYSICS (UBHI, SAMPLE_DEPTH_M, POROSITY, PERMEABILITY, WATER_SAT, FORMATION) VALUES ('WELL00000000015-BH1', 1940, 0.2797, 58.9695, 0.7414, 'Barmer');
INSERT INTO welldata.PETROPHYSICS (UBHI, SAMPLE_DEPTH_M, POROSITY, PERMEABILITY, WATER_SAT, FORMATION) VALUES ('WELL00000000015-BH1', 1960, 0.1198, 141.8235, 0.1565, 'Rajahmundry');
INSERT INTO welldata.PETROPHYSICS (UBHI, SAMPLE_DEPTH_M, POROSITY, PERMEABILITY, WATER_SAT, FORMATION) VALUES ('WELL00000000015-BH1', 1980, 0.1787, 401.3815, 0.632, 'Barmer');
INSERT INTO welldata.PETROPHYSICS (UBHI, SAMPLE_DEPTH_M, POROSITY, PERMEABILITY, WATER_SAT, FORMATION) VALUES ('WELL00000000015-BH1', 2000, 0.2455, 428.2097, 0.1818, 'Sanchore');
INSERT INTO welldata.PETROPHYSICS (UBHI, SAMPLE_DEPTH_M, POROSITY, PERMEABILITY, WATER_SAT, FORMATION) VALUES ('WELL00000000015-BH1', 2020, 0.1279, 146.7929, 0.4254, 'Rajahmundry');
INSERT INTO welldata.PETROPHYSICS (UBHI, SAMPLE_DEPTH_M, POROSITY, PERMEABILITY, WATER_SAT, FORMATION) VALUES ('WELL00000000015-BH1', 2040, 0.2475, 175.7375, 0.3536, 'Bengal');
INSERT INTO welldata.PETROPHYSICS (UBHI, SAMPLE_DEPTH_M, POROSITY, PERMEABILITY, WATER_SAT, FORMATION) VALUES ('WELL00000000015-BH1', 2060, 0.2192, 79.4853, 0.7251, 'Rajahmundry');
INSERT INTO welldata.PETROPHYSICS (UBHI, SAMPLE_DEPTH_M, POROSITY, PERMEABILITY, WATER_SAT, FORMATION) VALUES ('WELL00000000015-BH1', 2080, 0.085, 142.3933, 0.2056, 'Sanchore');
INSERT INTO welldata.PETROPHYSICS (UBHI, SAMPLE_DEPTH_M, POROSITY, PERMEABILITY, WATER_SAT, FORMATION) VALUES ('WELL00000000015-BH1', 2100, 0.0767, 350.5873, 0.1708, 'Rajahmundry');
INSERT INTO welldata.PETROPHYSICS (UBHI, SAMPLE_DEPTH_M, POROSITY, PERMEABILITY, WATER_SAT, FORMATION) VALUES ('WELL00000000015-BH1', 2120, 0.0446, 43.6203, 0.2637, 'Bengal');
INSERT INTO welldata.PETROPHYSICS (UBHI, SAMPLE_DEPTH_M, POROSITY, PERMEABILITY, WATER_SAT, FORMATION) VALUES ('WELL00000000015-BH1', 2140, 0.1527, 48.6822, 0.6978, 'Rajahmundry');
INSERT INTO welldata.PETROPHYSICS (UBHI, SAMPLE_DEPTH_M, POROSITY, PERMEABILITY, WATER_SAT, FORMATION) VALUES ('WELL00000000015-BH1', 2160, 0.0509, 109.939, 0.2264, 'Barmer');
INSERT INTO welldata.PETROPHYSICS (UBHI, SAMPLE_DEPTH_M, POROSITY, PERMEABILITY, WATER_SAT, FORMATION) VALUES ('WELL00000000015-BH1', 2180, 0.0941, 254.5284, 0.3874, 'Barmer');
INSERT INTO welldata.PETROPHYSICS (UBHI, SAMPLE_DEPTH_M, POROSITY, PERMEABILITY, WATER_SAT, FORMATION) VALUES ('WELL00000000015-BH1', 2200, 0.1168, 383.3741, 0.2906, 'Sanchore');
INSERT INTO welldata.PETROPHYSICS (UBHI, SAMPLE_DEPTH_M, POROSITY, PERMEABILITY, WATER_SAT, FORMATION) VALUES ('WELL00000000015-BH1', 2220, 0.079, 50.4287, 0.5647, 'Barmer');
INSERT INTO welldata.PETROPHYSICS (UBHI, SAMPLE_DEPTH_M, POROSITY, PERMEABILITY, WATER_SAT, FORMATION) VALUES ('WELL00000000015-BH1', 2240, 0.2229, 295.7631, 0.1828, 'Sanchore');
INSERT INTO welldata.PETROPHYSICS (UBHI, SAMPLE_DEPTH_M, POROSITY, PERMEABILITY, WATER_SAT, FORMATION) VALUES ('WELL00000000015-BH1', 2260, 0.2438, 44.2402, 0.6947, 'Rajahmundry');
INSERT INTO welldata.PETROPHYSICS (UBHI, SAMPLE_DEPTH_M, POROSITY, PERMEABILITY, WATER_SAT, FORMATION) VALUES ('WELL00000000015-BH1', 2280, 0.0859, 296.9518, 0.7065, 'Bengal');
INSERT INTO welldata.PETROPHYSICS (UBHI, SAMPLE_DEPTH_M, POROSITY, PERMEABILITY, WATER_SAT, FORMATION) VALUES ('WELL00000000015-BH1', 2300, 0.2084, 388.3913, 0.4992, 'Barmer');
INSERT INTO welldata.PETROPHYSICS (UBHI, SAMPLE_DEPTH_M, POROSITY, PERMEABILITY, WATER_SAT, FORMATION) VALUES ('WELL00000000015-BH1', 2320, 0.0775, 266.1783, 0.6018, 'Rajahmundry');
INSERT INTO welldata.PETROPHYSICS (UBHI, SAMPLE_DEPTH_M, POROSITY, PERMEABILITY, WATER_SAT, FORMATION) VALUES ('WELL00000000015-BH1', 2340, 0.2263, 103.8303, 0.2277, 'Bengal');
INSERT INTO welldata.PETROPHYSICS (UBHI, SAMPLE_DEPTH_M, POROSITY, PERMEABILITY, WATER_SAT, FORMATION) VALUES ('WELL00000000015-BH1', 2360, 0.222, 184.9098, 0.5289, 'Rajahmundry');
INSERT INTO welldata.PETROPHYSICS (UBHI, SAMPLE_DEPTH_M, POROSITY, PERMEABILITY, WATER_SAT, FORMATION) VALUES ('WELL00000000015-BH1', 2380, 0.1416, 186.2245, 0.4448, 'Bengal');
INSERT INTO welldata.PETROPHYSICS (UBHI, SAMPLE_DEPTH_M, POROSITY, PERMEABILITY, WATER_SAT, FORMATION) VALUES ('WELL00000000015-BH1', 2400, 0.1917, 244.208, 0.509, 'Sanchore');
INSERT INTO welldata.PETROPHYSICS (UBHI, SAMPLE_DEPTH_M, POROSITY, PERMEABILITY, WATER_SAT, FORMATION) VALUES ('WELL00000000015-BH1', 2420, 0.2387, 70.2428, 0.6669, 'Barmer');
INSERT INTO welldata.PETROPHYSICS (UBHI, SAMPLE_DEPTH_M, POROSITY, PERMEABILITY, WATER_SAT, FORMATION) VALUES ('WELL00000000015-BH1', 2440, 0.1216, 6.4304, 0.3976, 'Barmer');
INSERT INTO welldata.PETROPHYSICS (UBHI, SAMPLE_DEPTH_M, POROSITY, PERMEABILITY, WATER_SAT, FORMATION) VALUES ('WELL00000000015-BH1', 2460, 0.2525, 28.1249, 0.3695, 'Sanchore');
INSERT INTO welldata.PETROPHYSICS (UBHI, SAMPLE_DEPTH_M, POROSITY, PERMEABILITY, WATER_SAT, FORMATION) VALUES ('WELL00000000015-BH1', 2480, 0.16, 385.435, 0.3926, 'Bengal');
INSERT INTO welldata.PETROPHYSICS (UBHI, SAMPLE_DEPTH_M, POROSITY, PERMEABILITY, WATER_SAT, FORMATION) VALUES ('WELL00000000015-BH1', 2500, 0.1093, 313.6917, 0.518, 'Rajahmundry');
INSERT INTO welldata.PETROPHYSICS (UBHI, SAMPLE_DEPTH_M, POROSITY, PERMEABILITY, WATER_SAT, FORMATION) VALUES ('WELL00000000015-BH1', 2520, 0.1356, 353.9391, 0.6508, 'Bengal');
INSERT INTO welldata.PETROPHYSICS (UBHI, SAMPLE_DEPTH_M, POROSITY, PERMEABILITY, WATER_SAT, FORMATION) VALUES ('WELL00000000015-BH1', 2540, 0.1, 101.6286, 0.5873, 'Rajahmundry');
INSERT INTO welldata.PETROPHYSICS (UBHI, SAMPLE_DEPTH_M, POROSITY, PERMEABILITY, WATER_SAT, FORMATION) VALUES ('WELL00000000015-BH1', 2560, 0.1655, 168.3412, 0.1886, 'Sanchore');
INSERT INTO welldata.PETROPHYSICS (UBHI, SAMPLE_DEPTH_M, POROSITY, PERMEABILITY, WATER_SAT, FORMATION) VALUES ('WELL00000000015-BH1', 2580, 0.1698, 15.4063, 0.6691, 'Bengal');
INSERT INTO welldata.PETROPHYSICS (UBHI, SAMPLE_DEPTH_M, POROSITY, PERMEABILITY, WATER_SAT, FORMATION) VALUES ('WELL00000000015-BH1', 2600, 0.2, 197.5504, 0.6369, 'Rajahmundry');
INSERT INTO welldata.PETROPHYSICS (UBHI, SAMPLE_DEPTH_M, POROSITY, PERMEABILITY, WATER_SAT, FORMATION) VALUES ('WELL00000000015-BH1', 2620, 0.1706, 207.3953, 0.344, 'Bengal');
INSERT INTO welldata.PETROPHYSICS (UBHI, SAMPLE_DEPTH_M, POROSITY, PERMEABILITY, WATER_SAT, FORMATION) VALUES ('WELL00000000015-BH1', 2640, 0.2737, 265.0079, 0.6882, 'Sanchore');
INSERT INTO welldata.PETROPHYSICS (UBHI, SAMPLE_DEPTH_M, POROSITY, PERMEABILITY, WATER_SAT, FORMATION) VALUES ('WELL00000000015-BH1', 2660, 0.1416, 367.7098, 0.6995, 'Bengal');
INSERT INTO welldata.PETROPHYSICS (UBHI, SAMPLE_DEPTH_M, POROSITY, PERMEABILITY, WATER_SAT, FORMATION) VALUES ('WELL00000000015-BH1', 2680, 0.1367, 379.1579, 0.2003, 'Sanchore');
INSERT INTO welldata.PETROPHYSICS (UBHI, SAMPLE_DEPTH_M, POROSITY, PERMEABILITY, WATER_SAT, FORMATION) VALUES ('WELL00000000015-BH1', 2700, 0.2069, 186.0606, 0.3463, 'Bengal');
INSERT INTO welldata.PETROPHYSICS (UBHI, SAMPLE_DEPTH_M, POROSITY, PERMEABILITY, WATER_SAT, FORMATION) VALUES ('WELL00000000015-BH1', 2720, 0.0586, 395.1264, 0.6243, 'Rajahmundry');
INSERT INTO welldata.PETROPHYSICS (UBHI, SAMPLE_DEPTH_M, POROSITY, PERMEABILITY, WATER_SAT, FORMATION) VALUES ('WELL00000000015-BH1', 2740, 0.1147, 22.6932, 0.515, 'Rajahmundry');
INSERT INTO welldata.PETROPHYSICS (UBHI, SAMPLE_DEPTH_M, POROSITY, PERMEABILITY, WATER_SAT, FORMATION) VALUES ('WELL00000000015-BH1', 2760, 0.2794, 274.4245, 0.4454, 'Barmer');
INSERT INTO welldata.PETROPHYSICS (UBHI, SAMPLE_DEPTH_M, POROSITY, PERMEABILITY, WATER_SAT, FORMATION) VALUES ('WELL00000000015-BH1', 2780, 0.2109, 401.1009, 0.1746, 'Bengal');
INSERT INTO welldata.PETROPHYSICS (UBHI, SAMPLE_DEPTH_M, POROSITY, PERMEABILITY, WATER_SAT, FORMATION) VALUES ('WELL00000000015-BH1', 2800, 0.0767, 272.6469, 0.7096, 'Barmer');
INSERT INTO welldata.PETROPHYSICS (UBHI, SAMPLE_DEPTH_M, POROSITY, PERMEABILITY, WATER_SAT, FORMATION) VALUES ('WELL00000000015-BH1', 2820, 0.0649, 288.4344, 0.5216, 'Sanchore');
INSERT INTO welldata.PETROPHYSICS (UBHI, SAMPLE_DEPTH_M, POROSITY, PERMEABILITY, WATER_SAT, FORMATION) VALUES ('WELL00000000015-BH1', 2840, 0.1605, 5.1204, 0.1943, 'Rajahmundry');
INSERT INTO welldata.PETROPHYSICS (UBHI, SAMPLE_DEPTH_M, POROSITY, PERMEABILITY, WATER_SAT, FORMATION) VALUES ('WELL00000000015-BH1', 2860, 0.1356, 440.1352, 0.7172, 'Sanchore');
INSERT INTO welldata.PETROPHYSICS (UBHI, SAMPLE_DEPTH_M, POROSITY, PERMEABILITY, WATER_SAT, FORMATION) VALUES ('WELL00000000015-BH1', 2880, 0.1022, 105.3437, 0.3739, 'Sanchore');
INSERT INTO welldata.PETROPHYSICS (UBHI, SAMPLE_DEPTH_M, POROSITY, PERMEABILITY, WATER_SAT, FORMATION) VALUES ('WELL00000000015-BH1', 2900, 0.0705, 59.4705, 0.4223, 'Barmer');
INSERT INTO welldata.PETROPHYSICS (UBHI, SAMPLE_DEPTH_M, POROSITY, PERMEABILITY, WATER_SAT, FORMATION) VALUES ('WELL00000000015-BH1', 2920, 0.158, 358.4297, 0.3312, 'Bengal');
INSERT INTO welldata.PETROPHYSICS (UBHI, SAMPLE_DEPTH_M, POROSITY, PERMEABILITY, WATER_SAT, FORMATION) VALUES ('WELL00000000015-BH1', 2940, 0.0961, 208.2339, 0.6959, 'Barmer');
INSERT INTO welldata.PETROPHYSICS (UBHI, SAMPLE_DEPTH_M, POROSITY, PERMEABILITY, WATER_SAT, FORMATION) VALUES ('WELL00000000015-BH1', 2960, 0.2569, 393.4341, 0.7261, 'Rajahmundry');
INSERT INTO welldata.PETROPHYSICS (UBHI, SAMPLE_DEPTH_M, POROSITY, PERMEABILITY, WATER_SAT, FORMATION) VALUES ('WELL00000000015-BH1', 2980, 0.1976, 269.9594, 0.5534, 'Sanchore');
INSERT INTO welldata.PETROPHYSICS (UBHI, SAMPLE_DEPTH_M, POROSITY, PERMEABILITY, WATER_SAT, FORMATION) VALUES ('WELL00000000015-BH1', 3000, 0.2567, 27.8597, 0.3035, 'Sanchore');
INSERT INTO welldata.BOREHOLE (UBHI, UWI, BOREHOLE_NAME, BOREHOLE_TYPE, TOP_DEPTH_M, BASE_DEPTH_M) VALUES ('WELL00000000015-BH2', 'WELL00000000015', 'CAIR-RA-015-BH2', 'VERTICAL', 817, 1522);
INSERT INTO welldata.PETROPHYSICS (UBHI, SAMPLE_DEPTH_M, POROSITY, PERMEABILITY, WATER_SAT, FORMATION) VALUES ('WELL00000000015-BH2', 1000, 0.0592, 21.755, 0.4104, 'Bengal');
INSERT INTO welldata.PETROPHYSICS (UBHI, SAMPLE_DEPTH_M, POROSITY, PERMEABILITY, WATER_SAT, FORMATION) VALUES ('WELL00000000015-BH2', 1020, 0.2389, 324.0233, 0.3076, 'Barmer');
INSERT INTO welldata.PETROPHYSICS (UBHI, SAMPLE_DEPTH_M, POROSITY, PERMEABILITY, WATER_SAT, FORMATION) VALUES ('WELL00000000015-BH2', 1040, 0.0764, 423.6518, 0.6382, 'Barmer');
INSERT INTO welldata.PETROPHYSICS (UBHI, SAMPLE_DEPTH_M, POROSITY, PERMEABILITY, WATER_SAT, FORMATION) VALUES ('WELL00000000015-BH2', 1060, 0.2232, 199.2063, 0.3849, 'Barmer');
INSERT INTO welldata.PETROPHYSICS (UBHI, SAMPLE_DEPTH_M, POROSITY, PERMEABILITY, WATER_SAT, FORMATION) VALUES ('WELL00000000015-BH2', 1080, 0.1725, 402.4842, 0.5893, 'Sanchore');
INSERT INTO welldata.PETROPHYSICS (UBHI, SAMPLE_DEPTH_M, POROSITY, PERMEABILITY, WATER_SAT, FORMATION) VALUES ('WELL00000000015-BH2', 1100, 0.0768, 17.8225, 0.2961, 'Rajahmundry');
INSERT INTO welldata.PETROPHYSICS (UBHI, SAMPLE_DEPTH_M, POROSITY, PERMEABILITY, WATER_SAT, FORMATION) VALUES ('WELL00000000015-BH2', 1120, 0.1255, 29.9239, 0.3026, 'Sanchore');
INSERT INTO welldata.PETROPHYSICS (UBHI, SAMPLE_DEPTH_M, POROSITY, PERMEABILITY, WATER_SAT, FORMATION) VALUES ('WELL00000000015-BH2', 1140, 0.1073, 94.6886, 0.4541, 'Bengal');
INSERT INTO welldata.PETROPHYSICS (UBHI, SAMPLE_DEPTH_M, POROSITY, PERMEABILITY, WATER_SAT, FORMATION) VALUES ('WELL00000000015-BH2', 1160, 0.0404, 259.1128, 0.332, 'Barmer');
INSERT INTO welldata.PETROPHYSICS (UBHI, SAMPLE_DEPTH_M, POROSITY, PERMEABILITY, WATER_SAT, FORMATION) VALUES ('WELL00000000015-BH2', 1180, 0.2344, 284.602, 0.4133, 'Barmer');
INSERT INTO welldata.PETROPHYSICS (UBHI, SAMPLE_DEPTH_M, POROSITY, PERMEABILITY, WATER_SAT, FORMATION) VALUES ('WELL00000000015-BH2', 1200, 0.2276, 182.9788, 0.2881, 'Rajahmundry');
INSERT INTO welldata.PETROPHYSICS (UBHI, SAMPLE_DEPTH_M, POROSITY, PERMEABILITY, WATER_SAT, FORMATION) VALUES ('WELL00000000015-BH2', 1220, 0.1261, 206.5177, 0.6144, 'Sanchore');
INSERT INTO welldata.PETROPHYSICS (UBHI, SAMPLE_DEPTH_M, POROSITY, PERMEABILITY, WATER_SAT, FORMATION) VALUES ('WELL00000000015-BH2', 1240, 0.2305, 119.9034, 0.6252, 'Bengal');
INSERT INTO welldata.PETROPHYSICS (UBHI, SAMPLE_DEPTH_M, POROSITY, PERMEABILITY, WATER_SAT, FORMATION) VALUES ('WELL00000000015-BH2', 1260, 0.15, 321.0929, 0.6177, 'Rajahmundry');
INSERT INTO welldata.PETROPHYSICS (UBHI, SAMPLE_DEPTH_M, POROSITY, PERMEABILITY, WATER_SAT, FORMATION) VALUES ('WELL00000000015-BH2', 1280, 0.1427, 39.1518, 0.6217, 'Sanchore');
INSERT INTO welldata.PETROPHYSICS (UBHI, SAMPLE_DEPTH_M, POROSITY, PERMEABILITY, WATER_SAT, FORMATION) VALUES ('WELL00000000015-BH2', 1300, 0.1378, 110.2656, 0.5508, 'Bengal');
INSERT INTO welldata.PETROPHYSICS (UBHI, SAMPLE_DEPTH_M, POROSITY, PERMEABILITY, WATER_SAT, FORMATION) VALUES ('WELL00000000015-BH2', 1320, 0.1853, 245.1832, 0.5406, 'Barmer');
INSERT INTO welldata.PETROPHYSICS (UBHI, SAMPLE_DEPTH_M, POROSITY, PERMEABILITY, WATER_SAT, FORMATION) VALUES ('WELL00000000015-BH2', 1340, 0.2424, 298.4737, 0.5521, 'Bengal');
INSERT INTO welldata.PETROPHYSICS (UBHI, SAMPLE_DEPTH_M, POROSITY, PERMEABILITY, WATER_SAT, FORMATION) VALUES ('WELL00000000015-BH2', 1360, 0.1512, 327.8553, 0.2575, 'Sanchore');
INSERT INTO welldata.PETROPHYSICS (UBHI, SAMPLE_DEPTH_M, POROSITY, PERMEABILITY, WATER_SAT, FORMATION) VALUES ('WELL00000000015-BH2', 1380, 0.1546, 438.8525, 0.1641, 'Sanchore');
INSERT INTO welldata.PETROPHYSICS (UBHI, SAMPLE_DEPTH_M, POROSITY, PERMEABILITY, WATER_SAT, FORMATION) VALUES ('WELL00000000015-BH2', 1400, 0.2297, 173.4151, 0.6684, 'Bengal');
INSERT INTO welldata.PETROPHYSICS (UBHI, SAMPLE_DEPTH_M, POROSITY, PERMEABILITY, WATER_SAT, FORMATION) VALUES ('WELL00000000015-BH2', 1420, 0.2163, 69.8329, 0.3405, 'Rajahmundry');
INSERT INTO welldata.PETROPHYSICS (UBHI, SAMPLE_DEPTH_M, POROSITY, PERMEABILITY, WATER_SAT, FORMATION) VALUES ('WELL00000000015-BH2', 1440, 0.148, 47.3915, 0.57, 'Rajahmundry');
INSERT INTO welldata.PETROPHYSICS (UBHI, SAMPLE_DEPTH_M, POROSITY, PERMEABILITY, WATER_SAT, FORMATION) VALUES ('WELL00000000015-BH2', 1460, 0.1708, 71.4967, 0.2693, 'Bengal');
INSERT INTO welldata.PETROPHYSICS (UBHI, SAMPLE_DEPTH_M, POROSITY, PERMEABILITY, WATER_SAT, FORMATION) VALUES ('WELL00000000015-BH2', 1480, 0.1884, 12.5181, 0.385, 'Barmer');
INSERT INTO welldata.PETROPHYSICS (UBHI, SAMPLE_DEPTH_M, POROSITY, PERMEABILITY, WATER_SAT, FORMATION) VALUES ('WELL00000000015-BH2', 1500, 0.261, 125.8557, 0.4724, 'Sanchore');
INSERT INTO welldata.PETROPHYSICS (UBHI, SAMPLE_DEPTH_M, POROSITY, PERMEABILITY, WATER_SAT, FORMATION) VALUES ('WELL00000000015-BH2', 1520, 0.1069, 115.2581, 0.6837, 'Bengal');
INSERT INTO welldata.PETROPHYSICS (UBHI, SAMPLE_DEPTH_M, POROSITY, PERMEABILITY, WATER_SAT, FORMATION) VALUES ('WELL00000000015-BH2', 1540, 0.0518, 118.4464, 0.2486, 'Bengal');
INSERT INTO welldata.PETROPHYSICS (UBHI, SAMPLE_DEPTH_M, POROSITY, PERMEABILITY, WATER_SAT, FORMATION) VALUES ('WELL00000000015-BH2', 1560, 0.2489, 284.4017, 0.2591, 'Bengal');
INSERT INTO welldata.PETROPHYSICS (UBHI, SAMPLE_DEPTH_M, POROSITY, PERMEABILITY, WATER_SAT, FORMATION) VALUES ('WELL00000000015-BH2', 1580, 0.0821, 51.3945, 0.2331, 'Rajahmundry');
INSERT INTO welldata.PETROPHYSICS (UBHI, SAMPLE_DEPTH_M, POROSITY, PERMEABILITY, WATER_SAT, FORMATION) VALUES ('WELL00000000015-BH2', 1600, 0.0939, 277.85, 0.3552, 'Barmer');
INSERT INTO welldata.PETROPHYSICS (UBHI, SAMPLE_DEPTH_M, POROSITY, PERMEABILITY, WATER_SAT, FORMATION) VALUES ('WELL00000000015-BH2', 1620, 0.1332, 335.2274, 0.3411, 'Bengal');
INSERT INTO welldata.PETROPHYSICS (UBHI, SAMPLE_DEPTH_M, POROSITY, PERMEABILITY, WATER_SAT, FORMATION) VALUES ('WELL00000000015-BH2', 1640, 0.1379, 173.3622, 0.3786, 'Barmer');
INSERT INTO welldata.PETROPHYSICS (UBHI, SAMPLE_DEPTH_M, POROSITY, PERMEABILITY, WATER_SAT, FORMATION) VALUES ('WELL00000000015-BH2', 1660, 0.0497, 446.6271, 0.2246, 'Sanchore');
INSERT INTO welldata.PETROPHYSICS (UBHI, SAMPLE_DEPTH_M, POROSITY, PERMEABILITY, WATER_SAT, FORMATION) VALUES ('WELL00000000015-BH2', 1680, 0.098, 185.7108, 0.545, 'Barmer');
INSERT INTO welldata.PETROPHYSICS (UBHI, SAMPLE_DEPTH_M, POROSITY, PERMEABILITY, WATER_SAT, FORMATION) VALUES ('WELL00000000015-BH2', 1700, 0.1058, 45.1723, 0.2588, 'Sanchore');
INSERT INTO welldata.PETROPHYSICS (UBHI, SAMPLE_DEPTH_M, POROSITY, PERMEABILITY, WATER_SAT, FORMATION) VALUES ('WELL00000000015-BH2', 1720, 0.2252, 392.7193, 0.1806, 'Bengal');
INSERT INTO welldata.PETROPHYSICS (UBHI, SAMPLE_DEPTH_M, POROSITY, PERMEABILITY, WATER_SAT, FORMATION) VALUES ('WELL00000000015-BH2', 1740, 0.2214, 355.2127, 0.448, 'Sanchore');
INSERT INTO welldata.PETROPHYSICS (UBHI, SAMPLE_DEPTH_M, POROSITY, PERMEABILITY, WATER_SAT, FORMATION) VALUES ('WELL00000000015-BH2', 1760, 0.1925, 311.7469, 0.3937, 'Barmer');
INSERT INTO welldata.PETROPHYSICS (UBHI, SAMPLE_DEPTH_M, POROSITY, PERMEABILITY, WATER_SAT, FORMATION) VALUES ('WELL00000000015-BH2', 1780, 0.09, 74.7641, 0.4262, 'Barmer');
INSERT INTO welldata.PETROPHYSICS (UBHI, SAMPLE_DEPTH_M, POROSITY, PERMEABILITY, WATER_SAT, FORMATION) VALUES ('WELL00000000015-BH2', 1800, 0.2775, 153.7612, 0.7278, 'Bengal');
INSERT INTO welldata.PETROPHYSICS (UBHI, SAMPLE_DEPTH_M, POROSITY, PERMEABILITY, WATER_SAT, FORMATION) VALUES ('WELL00000000015-BH2', 1820, 0.1022, 153.4262, 0.4139, 'Rajahmundry');
INSERT INTO welldata.PETROPHYSICS (UBHI, SAMPLE_DEPTH_M, POROSITY, PERMEABILITY, WATER_SAT, FORMATION) VALUES ('WELL00000000015-BH2', 1840, 0.0828, 341.363, 0.6835, 'Bengal');
INSERT INTO welldata.PETROPHYSICS (UBHI, SAMPLE_DEPTH_M, POROSITY, PERMEABILITY, WATER_SAT, FORMATION) VALUES ('WELL00000000015-BH2', 1860, 0.2703, 78.6034, 0.5144, 'Rajahmundry');
INSERT INTO welldata.PETROPHYSICS (UBHI, SAMPLE_DEPTH_M, POROSITY, PERMEABILITY, WATER_SAT, FORMATION) VALUES ('WELL00000000015-BH2', 1880, 0.0641, 1.9451, 0.3031, 'Bengal');
INSERT INTO welldata.PETROPHYSICS (UBHI, SAMPLE_DEPTH_M, POROSITY, PERMEABILITY, WATER_SAT, FORMATION) VALUES ('WELL00000000015-BH2', 1900, 0.1295, 161.7933, 0.3973, 'Sanchore');
INSERT INTO welldata.PETROPHYSICS (UBHI, SAMPLE_DEPTH_M, POROSITY, PERMEABILITY, WATER_SAT, FORMATION) VALUES ('WELL00000000015-BH2', 1920, 0.2585, 228.6173, 0.7119, 'Sanchore');
INSERT INTO welldata.PETROPHYSICS (UBHI, SAMPLE_DEPTH_M, POROSITY, PERMEABILITY, WATER_SAT, FORMATION) VALUES ('WELL00000000015-BH2', 1940, 0.2195, 107.9564, 0.267, 'Barmer');
INSERT INTO welldata.PETROPHYSICS (UBHI, SAMPLE_DEPTH_M, POROSITY, PERMEABILITY, WATER_SAT, FORMATION) VALUES ('WELL00000000015-BH2', 1960, 0.1433, 222.4276, 0.4188, 'Rajahmundry');
INSERT INTO welldata.PETROPHYSICS (UBHI, SAMPLE_DEPTH_M, POROSITY, PERMEABILITY, WATER_SAT, FORMATION) VALUES ('WELL00000000015-BH2', 1980, 0.0939, 81.749, 0.1559, 'Barmer');
INSERT INTO welldata.PETROPHYSICS (UBHI, SAMPLE_DEPTH_M, POROSITY, PERMEABILITY, WATER_SAT, FORMATION) VALUES ('WELL00000000015-BH2', 2000, 0.2632, 162.0176, 0.4438, 'Bengal');
INSERT INTO welldata.PETROPHYSICS (UBHI, SAMPLE_DEPTH_M, POROSITY, PERMEABILITY, WATER_SAT, FORMATION) VALUES ('WELL00000000015-BH2', 2020, 0.2724, 204.5068, 0.5931, 'Barmer');
INSERT INTO welldata.PETROPHYSICS (UBHI, SAMPLE_DEPTH_M, POROSITY, PERMEABILITY, WATER_SAT, FORMATION) VALUES ('WELL00000000015-BH2', 2040, 0.0837, 384.4071, 0.5881, 'Sanchore');
INSERT INTO welldata.PETROPHYSICS (UBHI, SAMPLE_DEPTH_M, POROSITY, PERMEABILITY, WATER_SAT, FORMATION) VALUES ('WELL00000000015-BH2', 2060, 0.1617, 160.9442, 0.6987, 'Rajahmundry');
INSERT INTO welldata.PETROPHYSICS (UBHI, SAMPLE_DEPTH_M, POROSITY, PERMEABILITY, WATER_SAT, FORMATION) VALUES ('WELL00000000015-BH2', 2080, 0.1711, 32.4479, 0.5337, 'Bengal');
INSERT INTO welldata.PETROPHYSICS (UBHI, SAMPLE_DEPTH_M, POROSITY, PERMEABILITY, WATER_SAT, FORMATION) VALUES ('WELL00000000015-BH2', 2100, 0.0596, 166.5408, 0.6663, 'Bengal');
INSERT INTO welldata.PETROPHYSICS (UBHI, SAMPLE_DEPTH_M, POROSITY, PERMEABILITY, WATER_SAT, FORMATION) VALUES ('WELL00000000015-BH2', 2120, 0.0915, 113.7255, 0.5988, 'Sanchore');
INSERT INTO welldata.PETROPHYSICS (UBHI, SAMPLE_DEPTH_M, POROSITY, PERMEABILITY, WATER_SAT, FORMATION) VALUES ('WELL00000000015-BH2', 2140, 0.095, 421.1371, 0.4278, 'Sanchore');
INSERT INTO welldata.PETROPHYSICS (UBHI, SAMPLE_DEPTH_M, POROSITY, PERMEABILITY, WATER_SAT, FORMATION) VALUES ('WELL00000000015-BH2', 2160, 0.1358, 219.5396, 0.6256, 'Bengal');
INSERT INTO welldata.PETROPHYSICS (UBHI, SAMPLE_DEPTH_M, POROSITY, PERMEABILITY, WATER_SAT, FORMATION) VALUES ('WELL00000000015-BH2', 2180, 0.085, 384.4081, 0.4548, 'Barmer');
INSERT INTO welldata.PETROPHYSICS (UBHI, SAMPLE_DEPTH_M, POROSITY, PERMEABILITY, WATER_SAT, FORMATION) VALUES ('WELL00000000015-BH2', 2200, 0.2708, 42.5429, 0.2111, 'Bengal');
INSERT INTO welldata.PETROPHYSICS (UBHI, SAMPLE_DEPTH_M, POROSITY, PERMEABILITY, WATER_SAT, FORMATION) VALUES ('WELL00000000015-BH2', 2220, 0.2073, 37.3237, 0.3851, 'Barmer');
INSERT INTO welldata.PETROPHYSICS (UBHI, SAMPLE_DEPTH_M, POROSITY, PERMEABILITY, WATER_SAT, FORMATION) VALUES ('WELL00000000015-BH2', 2240, 0.1492, 136.37, 0.4611, 'Rajahmundry');
INSERT INTO welldata.PETROPHYSICS (UBHI, SAMPLE_DEPTH_M, POROSITY, PERMEABILITY, WATER_SAT, FORMATION) VALUES ('WELL00000000015-BH2', 2260, 0.1934, 46.988, 0.7257, 'Rajahmundry');
INSERT INTO welldata.PETROPHYSICS (UBHI, SAMPLE_DEPTH_M, POROSITY, PERMEABILITY, WATER_SAT, FORMATION) VALUES ('WELL00000000015-BH2', 2280, 0.0854, 53.6104, 0.2691, 'Barmer');
INSERT INTO welldata.PETROPHYSICS (UBHI, SAMPLE_DEPTH_M, POROSITY, PERMEABILITY, WATER_SAT, FORMATION) VALUES ('WELL00000000015-BH2', 2300, 0.0714, 91.5016, 0.1819, 'Barmer');
INSERT INTO welldata.PETROPHYSICS (UBHI, SAMPLE_DEPTH_M, POROSITY, PERMEABILITY, WATER_SAT, FORMATION) VALUES ('WELL00000000015-BH2', 2320, 0.195, 352.8405, 0.5123, 'Bengal');
INSERT INTO welldata.PETROPHYSICS (UBHI, SAMPLE_DEPTH_M, POROSITY, PERMEABILITY, WATER_SAT, FORMATION) VALUES ('WELL00000000015-BH2', 2340, 0.2648, 135.6778, 0.3847, 'Barmer');
INSERT INTO welldata.PETROPHYSICS (UBHI, SAMPLE_DEPTH_M, POROSITY, PERMEABILITY, WATER_SAT, FORMATION) VALUES ('WELL00000000015-BH2', 2360, 0.0482, 211.6565, 0.5657, 'Rajahmundry');
INSERT INTO welldata.PETROPHYSICS (UBHI, SAMPLE_DEPTH_M, POROSITY, PERMEABILITY, WATER_SAT, FORMATION) VALUES ('WELL00000000015-BH2', 2380, 0.0649, 341.4108, 0.1944, 'Rajahmundry');
INSERT INTO welldata.PETROPHYSICS (UBHI, SAMPLE_DEPTH_M, POROSITY, PERMEABILITY, WATER_SAT, FORMATION) VALUES ('WELL00000000015-BH2', 2400, 0.2237, 24.7081, 0.3473, 'Bengal');
INSERT INTO welldata.PETROPHYSICS (UBHI, SAMPLE_DEPTH_M, POROSITY, PERMEABILITY, WATER_SAT, FORMATION) VALUES ('WELL00000000015-BH2', 2420, 0.0407, 50.5276, 0.6376, 'Rajahmundry');
INSERT INTO welldata.PETROPHYSICS (UBHI, SAMPLE_DEPTH_M, POROSITY, PERMEABILITY, WATER_SAT, FORMATION) VALUES ('WELL00000000015-BH2', 2440, 0.1438, 296.9464, 0.5014, 'Barmer');
INSERT INTO welldata.PETROPHYSICS (UBHI, SAMPLE_DEPTH_M, POROSITY, PERMEABILITY, WATER_SAT, FORMATION) VALUES ('WELL00000000015-BH2', 2460, 0.1716, 255.4642, 0.5396, 'Bengal');
INSERT INTO welldata.PETROPHYSICS (UBHI, SAMPLE_DEPTH_M, POROSITY, PERMEABILITY, WATER_SAT, FORMATION) VALUES ('WELL00000000015-BH2', 2480, 0.2716, 156.6501, 0.5962, 'Sanchore');
INSERT INTO welldata.PETROPHYSICS (UBHI, SAMPLE_DEPTH_M, POROSITY, PERMEABILITY, WATER_SAT, FORMATION) VALUES ('WELL00000000015-BH2', 2500, 0.0973, 152.5669, 0.5535, 'Rajahmundry');
INSERT INTO welldata.PETROPHYSICS (UBHI, SAMPLE_DEPTH_M, POROSITY, PERMEABILITY, WATER_SAT, FORMATION) VALUES ('WELL00000000015-BH2', 2520, 0.2203, 337.5555, 0.3645, 'Sanchore');
INSERT INTO welldata.PETROPHYSICS (UBHI, SAMPLE_DEPTH_M, POROSITY, PERMEABILITY, WATER_SAT, FORMATION) VALUES ('WELL00000000015-BH2', 2540, 0.1465, 245.4862, 0.216, 'Bengal');
INSERT INTO welldata.PETROPHYSICS (UBHI, SAMPLE_DEPTH_M, POROSITY, PERMEABILITY, WATER_SAT, FORMATION) VALUES ('WELL00000000015-BH2', 2560, 0.0464, 172.4964, 0.3019, 'Sanchore');
INSERT INTO welldata.PETROPHYSICS (UBHI, SAMPLE_DEPTH_M, POROSITY, PERMEABILITY, WATER_SAT, FORMATION) VALUES ('WELL00000000015-BH2', 2580, 0.1782, 177.6938, 0.6581, 'Sanchore');
INSERT INTO welldata.PETROPHYSICS (UBHI, SAMPLE_DEPTH_M, POROSITY, PERMEABILITY, WATER_SAT, FORMATION) VALUES ('WELL00000000015-BH2', 2600, 0.2767, 255.3392, 0.4787, 'Rajahmundry');
INSERT INTO welldata.PETROPHYSICS (UBHI, SAMPLE_DEPTH_M, POROSITY, PERMEABILITY, WATER_SAT, FORMATION) VALUES ('WELL00000000015-BH2', 2620, 0.1367, 344.2661, 0.4664, 'Sanchore');
INSERT INTO welldata.PETROPHYSICS (UBHI, SAMPLE_DEPTH_M, POROSITY, PERMEABILITY, WATER_SAT, FORMATION) VALUES ('WELL00000000015-BH2', 2640, 0.056, 345.389, 0.4441, 'Sanchore');
INSERT INTO welldata.PETROPHYSICS (UBHI, SAMPLE_DEPTH_M, POROSITY, PERMEABILITY, WATER_SAT, FORMATION) VALUES ('WELL00000000015-BH2', 2660, 0.177, 389.4789, 0.2488, 'Sanchore');
INSERT INTO welldata.PETROPHYSICS (UBHI, SAMPLE_DEPTH_M, POROSITY, PERMEABILITY, WATER_SAT, FORMATION) VALUES ('WELL00000000015-BH2', 2680, 0.1662, 148.4963, 0.3108, 'Rajahmundry');
INSERT INTO welldata.PETROPHYSICS (UBHI, SAMPLE_DEPTH_M, POROSITY, PERMEABILITY, WATER_SAT, FORMATION) VALUES ('WELL00000000015-BH2', 2700, 0.1557, 3.2908, 0.457, 'Bengal');
INSERT INTO welldata.PETROPHYSICS (UBHI, SAMPLE_DEPTH_M, POROSITY, PERMEABILITY, WATER_SAT, FORMATION) VALUES ('WELL00000000015-BH2', 2720, 0.0446, 153.5882, 0.3914, 'Rajahmundry');
INSERT INTO welldata.PETROPHYSICS (UBHI, SAMPLE_DEPTH_M, POROSITY, PERMEABILITY, WATER_SAT, FORMATION) VALUES ('WELL00000000015-BH2', 2740, 0.2433, 210.9107, 0.7458, 'Sanchore');
INSERT INTO welldata.PETROPHYSICS (UBHI, SAMPLE_DEPTH_M, POROSITY, PERMEABILITY, WATER_SAT, FORMATION) VALUES ('WELL00000000015-BH2', 2760, 0.2638, 107.5392, 0.329, 'Barmer');
INSERT INTO welldata.PETROPHYSICS (UBHI, SAMPLE_DEPTH_M, POROSITY, PERMEABILITY, WATER_SAT, FORMATION) VALUES ('WELL00000000015-BH2', 2780, 0.0812, 199.4382, 0.5513, 'Sanchore');
INSERT INTO welldata.PETROPHYSICS (UBHI, SAMPLE_DEPTH_M, POROSITY, PERMEABILITY, WATER_SAT, FORMATION) VALUES ('WELL00000000015-BH2', 2800, 0.1674, 294.8309, 0.3635, 'Barmer');
INSERT INTO welldata.PETROPHYSICS (UBHI, SAMPLE_DEPTH_M, POROSITY, PERMEABILITY, WATER_SAT, FORMATION) VALUES ('WELL00000000015-BH2', 2820, 0.1142, 362.1558, 0.7201, 'Bengal');
INSERT INTO welldata.PETROPHYSICS (UBHI, SAMPLE_DEPTH_M, POROSITY, PERMEABILITY, WATER_SAT, FORMATION) VALUES ('WELL00000000015-BH2', 2840, 0.1211, 53.2556, 0.4221, 'Sanchore');
INSERT INTO welldata.PETROPHYSICS (UBHI, SAMPLE_DEPTH_M, POROSITY, PERMEABILITY, WATER_SAT, FORMATION) VALUES ('WELL00000000015-BH2', 2860, 0.1897, 387.6843, 0.3949, 'Rajahmundry');
INSERT INTO welldata.PETROPHYSICS (UBHI, SAMPLE_DEPTH_M, POROSITY, PERMEABILITY, WATER_SAT, FORMATION) VALUES ('WELL00000000015-BH2', 2880, 0.2324, 408.1926, 0.1982, 'Barmer');
INSERT INTO welldata.PETROPHYSICS (UBHI, SAMPLE_DEPTH_M, POROSITY, PERMEABILITY, WATER_SAT, FORMATION) VALUES ('WELL00000000015-BH2', 2900, 0.2089, 326.6611, 0.4082, 'Bengal');
INSERT INTO welldata.PETROPHYSICS (UBHI, SAMPLE_DEPTH_M, POROSITY, PERMEABILITY, WATER_SAT, FORMATION) VALUES ('WELL00000000015-BH2', 2920, 0.245, 422.7095, 0.6467, 'Barmer');
INSERT INTO welldata.PETROPHYSICS (UBHI, SAMPLE_DEPTH_M, POROSITY, PERMEABILITY, WATER_SAT, FORMATION) VALUES ('WELL00000000015-BH2', 2940, 0.1824, 447.0448, 0.6047, 'Barmer');
INSERT INTO welldata.PETROPHYSICS (UBHI, SAMPLE_DEPTH_M, POROSITY, PERMEABILITY, WATER_SAT, FORMATION) VALUES ('WELL00000000015-BH2', 2960, 0.0848, 11.2697, 0.2194, 'Barmer');
INSERT INTO welldata.PETROPHYSICS (UBHI, SAMPLE_DEPTH_M, POROSITY, PERMEABILITY, WATER_SAT, FORMATION) VALUES ('WELL00000000015-BH2', 2980, 0.0835, 117.9834, 0.7023, 'Bengal');
INSERT INTO welldata.PETROPHYSICS (UBHI, SAMPLE_DEPTH_M, POROSITY, PERMEABILITY, WATER_SAT, FORMATION) VALUES ('WELL00000000015-BH2', 3000, 0.2195, 116.9125, 0.2831, 'Sanchore');
INSERT INTO welldata.PRODUCTION (UWI, PROD_DATE, OIL_BBL, GAS_MCF, WATER_BBL, HOURS_ON) VALUES ('WELL00000000015', TO_DATE('2015-01-01','YYYY-MM-DD'), 327.54, 13349.55, 1014.06, 269.8);
INSERT INTO welldata.PRODUCTION (UWI, PROD_DATE, OIL_BBL, GAS_MCF, WATER_BBL, HOURS_ON) VALUES ('WELL00000000015', TO_DATE('2015-02-01','YYYY-MM-DD'), 458.6, 10928.61, 1050.43, 558.97);
INSERT INTO welldata.PRODUCTION (UWI, PROD_DATE, OIL_BBL, GAS_MCF, WATER_BBL, HOURS_ON) VALUES ('WELL00000000015', TO_DATE('2015-03-01','YYYY-MM-DD'), 2101.57, 6516.56, 1432.71, 583.27);
INSERT INTO welldata.PRODUCTION (UWI, PROD_DATE, OIL_BBL, GAS_MCF, WATER_BBL, HOURS_ON) VALUES ('WELL00000000015', TO_DATE('2015-04-01','YYYY-MM-DD'), 699.92, 9127.71, 120.98, 540.5);
INSERT INTO welldata.PRODUCTION (UWI, PROD_DATE, OIL_BBL, GAS_MCF, WATER_BBL, HOURS_ON) VALUES ('WELL00000000015', TO_DATE('2015-05-01','YYYY-MM-DD'), 1153.19, 5053.66, 1437.8, 144.73);
INSERT INTO welldata.PRODUCTION (UWI, PROD_DATE, OIL_BBL, GAS_MCF, WATER_BBL, HOURS_ON) VALUES ('WELL00000000015', TO_DATE('2015-06-01','YYYY-MM-DD'), 721.92, 5691.48, 1448.32, 159.11);
INSERT INTO welldata.PRODUCTION (UWI, PROD_DATE, OIL_BBL, GAS_MCF, WATER_BBL, HOURS_ON) VALUES ('WELL00000000015', TO_DATE('2015-07-01','YYYY-MM-DD'), 2762.32, 2198.92, 515.52, 685.88);
INSERT INTO welldata.PRODUCTION (UWI, PROD_DATE, OIL_BBL, GAS_MCF, WATER_BBL, HOURS_ON) VALUES ('WELL00000000015', TO_DATE('2015-08-01','YYYY-MM-DD'), 1389.24, 10679.06, 305.99, 658.69);
INSERT INTO welldata.PRODUCTION (UWI, PROD_DATE, OIL_BBL, GAS_MCF, WATER_BBL, HOURS_ON) VALUES ('WELL00000000015', TO_DATE('2015-09-01','YYYY-MM-DD'), 1056.98, 5450.38, 1332.41, 308.37);
INSERT INTO welldata.PRODUCTION (UWI, PROD_DATE, OIL_BBL, GAS_MCF, WATER_BBL, HOURS_ON) VALUES ('WELL00000000015', TO_DATE('2015-10-01','YYYY-MM-DD'), 1489.34, 11742.41, 651.04, 439.65);
INSERT INTO welldata.PRODUCTION (UWI, PROD_DATE, OIL_BBL, GAS_MCF, WATER_BBL, HOURS_ON) VALUES ('WELL00000000015', TO_DATE('2015-11-01','YYYY-MM-DD'), 1560.64, 5605.84, 614.12, 414.76);
INSERT INTO welldata.PRODUCTION (UWI, PROD_DATE, OIL_BBL, GAS_MCF, WATER_BBL, HOURS_ON) VALUES ('WELL00000000015', TO_DATE('2015-12-01','YYYY-MM-DD'), 2145.62, 3344.59, 339.36, 240.27);
INSERT INTO welldata.PRODUCTION (UWI, PROD_DATE, OIL_BBL, GAS_MCF, WATER_BBL, HOURS_ON) VALUES ('WELL00000000015', TO_DATE('2016-01-01','YYYY-MM-DD'), 2571.78, 8236.71, 452.06, 120.34);
INSERT INTO welldata.PRODUCTION (UWI, PROD_DATE, OIL_BBL, GAS_MCF, WATER_BBL, HOURS_ON) VALUES ('WELL00000000015', TO_DATE('2016-02-01','YYYY-MM-DD'), 2996.59, 10643.37, 636.87, 584.08);
INSERT INTO welldata.PRODUCTION (UWI, PROD_DATE, OIL_BBL, GAS_MCF, WATER_BBL, HOURS_ON) VALUES ('WELL00000000015', TO_DATE('2016-03-01','YYYY-MM-DD'), 2481.55, 12534.81, 1078.85, 325.4);
INSERT INTO welldata.PRODUCTION (UWI, PROD_DATE, OIL_BBL, GAS_MCF, WATER_BBL, HOURS_ON) VALUES ('WELL00000000015', TO_DATE('2016-04-01','YYYY-MM-DD'), 949.51, 14801.23, 928.8, 479.83);
INSERT INTO welldata.PRODUCTION (UWI, PROD_DATE, OIL_BBL, GAS_MCF, WATER_BBL, HOURS_ON) VALUES ('WELL00000000015', TO_DATE('2016-05-01','YYYY-MM-DD'), 403.5, 7602.87, 631.93, 565.58);
INSERT INTO welldata.PRODUCTION (UWI, PROD_DATE, OIL_BBL, GAS_MCF, WATER_BBL, HOURS_ON) VALUES ('WELL00000000015', TO_DATE('2016-06-01','YYYY-MM-DD'), 209.18, 7188.05, 304.64, 448.47);
INSERT INTO welldata.PRODUCTION (UWI, PROD_DATE, OIL_BBL, GAS_MCF, WATER_BBL, HOURS_ON) VALUES ('WELL00000000015', TO_DATE('2016-07-01','YYYY-MM-DD'), 2867.01, 1113.98, 220.72, 663.17);
INSERT INTO welldata.PRODUCTION (UWI, PROD_DATE, OIL_BBL, GAS_MCF, WATER_BBL, HOURS_ON) VALUES ('WELL00000000015', TO_DATE('2016-08-01','YYYY-MM-DD'), 2654.57, 11386.54, 177.32, 475.08);
INSERT INTO welldata.PRODUCTION (UWI, PROD_DATE, OIL_BBL, GAS_MCF, WATER_BBL, HOURS_ON) VALUES ('WELL00000000015', TO_DATE('2016-09-01','YYYY-MM-DD'), 2671.51, 13747.05, 1088.93, 341.23);
INSERT INTO welldata.PRODUCTION (UWI, PROD_DATE, OIL_BBL, GAS_MCF, WATER_BBL, HOURS_ON) VALUES ('WELL00000000015', TO_DATE('2016-10-01','YYYY-MM-DD'), 2788.89, 13135.87, 816.38, 429.45);
INSERT INTO welldata.PRODUCTION (UWI, PROD_DATE, OIL_BBL, GAS_MCF, WATER_BBL, HOURS_ON) VALUES ('WELL00000000015', TO_DATE('2016-11-01','YYYY-MM-DD'), 2203.65, 3775.32, 1258.87, 556.65);
INSERT INTO welldata.PRODUCTION (UWI, PROD_DATE, OIL_BBL, GAS_MCF, WATER_BBL, HOURS_ON) VALUES ('WELL00000000015', TO_DATE('2016-12-01','YYYY-MM-DD'), 2498.08, 9805.41, 1004.15, 221.63);
INSERT INTO welldata.PRODUCTION (UWI, PROD_DATE, OIL_BBL, GAS_MCF, WATER_BBL, HOURS_ON) VALUES ('WELL00000000015', TO_DATE('2017-01-01','YYYY-MM-DD'), 94.37, 8868.51, 1149.94, 320.28);
INSERT INTO welldata.PRODUCTION (UWI, PROD_DATE, OIL_BBL, GAS_MCF, WATER_BBL, HOURS_ON) VALUES ('WELL00000000015', TO_DATE('2017-02-01','YYYY-MM-DD'), 1736.45, 6947.28, 699.77, 169.92);
INSERT INTO welldata.PRODUCTION (UWI, PROD_DATE, OIL_BBL, GAS_MCF, WATER_BBL, HOURS_ON) VALUES ('WELL00000000015', TO_DATE('2017-03-01','YYYY-MM-DD'), 2703.99, 8576.09, 509.19, 139.54);
INSERT INTO welldata.PRODUCTION (UWI, PROD_DATE, OIL_BBL, GAS_MCF, WATER_BBL, HOURS_ON) VALUES ('WELL00000000015', TO_DATE('2017-04-01','YYYY-MM-DD'), 686.67, 7509.53, 422.06, 217.52);
INSERT INTO welldata.PRODUCTION (UWI, PROD_DATE, OIL_BBL, GAS_MCF, WATER_BBL, HOURS_ON) VALUES ('WELL00000000015', TO_DATE('2017-05-01','YYYY-MM-DD'), 2894.14, 13614.55, 505.78, 220.96);
INSERT INTO welldata.PRODUCTION (UWI, PROD_DATE, OIL_BBL, GAS_MCF, WATER_BBL, HOURS_ON) VALUES ('WELL00000000015', TO_DATE('2017-06-01','YYYY-MM-DD'), 1126.21, 290.65, 208.57, 717.83);
INSERT INTO welldata.PRODUCTION (UWI, PROD_DATE, OIL_BBL, GAS_MCF, WATER_BBL, HOURS_ON) VALUES ('WELL00000000015', TO_DATE('2017-07-01','YYYY-MM-DD'), 1316.26, 6184.71, 1126.53, 517.02);
INSERT INTO welldata.PRODUCTION (UWI, PROD_DATE, OIL_BBL, GAS_MCF, WATER_BBL, HOURS_ON) VALUES ('WELL00000000015', TO_DATE('2017-08-01','YYYY-MM-DD'), 862.95, 9134.73, 600.36, 670.16);
INSERT INTO welldata.PRODUCTION (UWI, PROD_DATE, OIL_BBL, GAS_MCF, WATER_BBL, HOURS_ON) VALUES ('WELL00000000015', TO_DATE('2017-09-01','YYYY-MM-DD'), 1115.07, 2460.36, 504.33, 187.46);
INSERT INTO welldata.PRODUCTION (UWI, PROD_DATE, OIL_BBL, GAS_MCF, WATER_BBL, HOURS_ON) VALUES ('WELL00000000015', TO_DATE('2017-10-01','YYYY-MM-DD'), 695.27, 1661.07, 407.41, 327.45);
INSERT INTO welldata.PRODUCTION (UWI, PROD_DATE, OIL_BBL, GAS_MCF, WATER_BBL, HOURS_ON) VALUES ('WELL00000000015', TO_DATE('2017-11-01','YYYY-MM-DD'), 893.47, 2603.16, 211.46, 630.12);
INSERT INTO welldata.PRODUCTION (UWI, PROD_DATE, OIL_BBL, GAS_MCF, WATER_BBL, HOURS_ON) VALUES ('WELL00000000015', TO_DATE('2017-12-01','YYYY-MM-DD'), 2025.4, 12245.59, 316.55, 165.96);
INSERT INTO welldata.PRODUCTION (UWI, PROD_DATE, OIL_BBL, GAS_MCF, WATER_BBL, HOURS_ON) VALUES ('WELL00000000015', TO_DATE('2018-01-01','YYYY-MM-DD'), 786.88, 11204.43, 144.29, 669.2);
INSERT INTO welldata.PRODUCTION (UWI, PROD_DATE, OIL_BBL, GAS_MCF, WATER_BBL, HOURS_ON) VALUES ('WELL00000000015', TO_DATE('2018-02-01','YYYY-MM-DD'), 2068.29, 13039.98, 349.52, 243.92);
INSERT INTO welldata.PRODUCTION (UWI, PROD_DATE, OIL_BBL, GAS_MCF, WATER_BBL, HOURS_ON) VALUES ('WELL00000000015', TO_DATE('2018-03-01','YYYY-MM-DD'), 2954.82, 4524.64, 1489.99, 404.01);
INSERT INTO welldata.PRODUCTION (UWI, PROD_DATE, OIL_BBL, GAS_MCF, WATER_BBL, HOURS_ON) VALUES ('WELL00000000015', TO_DATE('2018-04-01','YYYY-MM-DD'), 2445.39, 2891.0, 1226.21, 287.75);
INSERT INTO welldata.PRODUCTION (UWI, PROD_DATE, OIL_BBL, GAS_MCF, WATER_BBL, HOURS_ON) VALUES ('WELL00000000015', TO_DATE('2018-05-01','YYYY-MM-DD'), 297.84, 14642.63, 668.42, 501.26);
INSERT INTO welldata.PRODUCTION (UWI, PROD_DATE, OIL_BBL, GAS_MCF, WATER_BBL, HOURS_ON) VALUES ('WELL00000000015', TO_DATE('2018-06-01','YYYY-MM-DD'), 1548.52, 11677.32, 1429.8, 544.33);
INSERT INTO welldata.PRODUCTION (UWI, PROD_DATE, OIL_BBL, GAS_MCF, WATER_BBL, HOURS_ON) VALUES ('WELL00000000015', TO_DATE('2018-07-01','YYYY-MM-DD'), 310.93, 8491.56, 1486.46, 409.23);
INSERT INTO welldata.PRODUCTION (UWI, PROD_DATE, OIL_BBL, GAS_MCF, WATER_BBL, HOURS_ON) VALUES ('WELL00000000015', TO_DATE('2018-08-01','YYYY-MM-DD'), 698.1, 6957.43, 1307.34, 481.01);
INSERT INTO welldata.PRODUCTION (UWI, PROD_DATE, OIL_BBL, GAS_MCF, WATER_BBL, HOURS_ON) VALUES ('WELL00000000015', TO_DATE('2018-09-01','YYYY-MM-DD'), 2713.6, 2161.45, 203.25, 373.26);
INSERT INTO welldata.PRODUCTION (UWI, PROD_DATE, OIL_BBL, GAS_MCF, WATER_BBL, HOURS_ON) VALUES ('WELL00000000015', TO_DATE('2018-10-01','YYYY-MM-DD'), 69.82, 6997.98, 257.46, 325.18);
INSERT INTO welldata.PRODUCTION (UWI, PROD_DATE, OIL_BBL, GAS_MCF, WATER_BBL, HOURS_ON) VALUES ('WELL00000000015', TO_DATE('2018-11-01','YYYY-MM-DD'), 80.48, 1385.76, 450.52, 407.75);
INSERT INTO welldata.PRODUCTION (UWI, PROD_DATE, OIL_BBL, GAS_MCF, WATER_BBL, HOURS_ON) VALUES ('WELL00000000015', TO_DATE('2018-12-01','YYYY-MM-DD'), 883.16, 8770.59, 1124.86, 229.64);
INSERT INTO welldata.PRODUCTION (UWI, PROD_DATE, OIL_BBL, GAS_MCF, WATER_BBL, HOURS_ON) VALUES ('WELL00000000015', TO_DATE('2019-01-01','YYYY-MM-DD'), 956.32, 11640.6, 391.99, 359.5);
INSERT INTO welldata.PRODUCTION (UWI, PROD_DATE, OIL_BBL, GAS_MCF, WATER_BBL, HOURS_ON) VALUES ('WELL00000000015', TO_DATE('2019-02-01','YYYY-MM-DD'), 2166.34, 13314.03, 470.72, 616.88);
INSERT INTO welldata.PRODUCTION (UWI, PROD_DATE, OIL_BBL, GAS_MCF, WATER_BBL, HOURS_ON) VALUES ('WELL00000000015', TO_DATE('2019-03-01','YYYY-MM-DD'), 2550.12, 3292.85, 892.4, 710.02);
INSERT INTO welldata.PRODUCTION (UWI, PROD_DATE, OIL_BBL, GAS_MCF, WATER_BBL, HOURS_ON) VALUES ('WELL00000000015', TO_DATE('2019-04-01','YYYY-MM-DD'), 2437.09, 1211.63, 282.96, 569.08);
INSERT INTO welldata.PRODUCTION (UWI, PROD_DATE, OIL_BBL, GAS_MCF, WATER_BBL, HOURS_ON) VALUES ('WELL00000000015', TO_DATE('2019-05-01','YYYY-MM-DD'), 1857.83, 7978.68, 395.58, 264.81);
INSERT INTO welldata.PRODUCTION (UWI, PROD_DATE, OIL_BBL, GAS_MCF, WATER_BBL, HOURS_ON) VALUES ('WELL00000000015', TO_DATE('2019-06-01','YYYY-MM-DD'), 1610.2, 1599.03, 1374.83, 279.53);
INSERT INTO welldata.PRODUCTION (UWI, PROD_DATE, OIL_BBL, GAS_MCF, WATER_BBL, HOURS_ON) VALUES ('WELL00000000015', TO_DATE('2019-07-01','YYYY-MM-DD'), 994.06, 8208.43, 955.6, 397.87);
INSERT INTO welldata.PRODUCTION (UWI, PROD_DATE, OIL_BBL, GAS_MCF, WATER_BBL, HOURS_ON) VALUES ('WELL00000000015', TO_DATE('2019-08-01','YYYY-MM-DD'), 845.47, 10219.4, 639.46, 662.74);
INSERT INTO welldata.PRODUCTION (UWI, PROD_DATE, OIL_BBL, GAS_MCF, WATER_BBL, HOURS_ON) VALUES ('WELL00000000015', TO_DATE('2019-09-01','YYYY-MM-DD'), 629.27, 11963.58, 504.6, 293.75);
INSERT INTO welldata.PRODUCTION (UWI, PROD_DATE, OIL_BBL, GAS_MCF, WATER_BBL, HOURS_ON) VALUES ('WELL00000000015', TO_DATE('2019-10-01','YYYY-MM-DD'), 900.63, 10683.85, 388.12, 655.17);
INSERT INTO welldata.PRODUCTION (UWI, PROD_DATE, OIL_BBL, GAS_MCF, WATER_BBL, HOURS_ON) VALUES ('WELL00000000015', TO_DATE('2019-11-01','YYYY-MM-DD'), 1104.09, 10453.7, 192.4, 439.73);
INSERT INTO welldata.PRODUCTION (UWI, PROD_DATE, OIL_BBL, GAS_MCF, WATER_BBL, HOURS_ON) VALUES ('WELL00000000015', TO_DATE('2019-12-01','YYYY-MM-DD'), 2648.56, 6044.26, 1110.05, 290.25);
INSERT INTO welldata.PRODUCTION (UWI, PROD_DATE, OIL_BBL, GAS_MCF, WATER_BBL, HOURS_ON) VALUES ('WELL00000000015', TO_DATE('2020-01-01','YYYY-MM-DD'), 2969.09, 3317.81, 244.77, 711.68);
INSERT INTO welldata.PRODUCTION (UWI, PROD_DATE, OIL_BBL, GAS_MCF, WATER_BBL, HOURS_ON) VALUES ('WELL00000000015', TO_DATE('2020-02-01','YYYY-MM-DD'), 2355.48, 12357.15, 683.39, 655.95);
INSERT INTO welldata.PRODUCTION (UWI, PROD_DATE, OIL_BBL, GAS_MCF, WATER_BBL, HOURS_ON) VALUES ('WELL00000000015', TO_DATE('2020-03-01','YYYY-MM-DD'), 611.02, 13698.09, 532.12, 584.41);
INSERT INTO welldata.PRODUCTION (UWI, PROD_DATE, OIL_BBL, GAS_MCF, WATER_BBL, HOURS_ON) VALUES ('WELL00000000015', TO_DATE('2020-04-01','YYYY-MM-DD'), 2729.45, 6771.88, 494.52, 639.75);
INSERT INTO welldata.PRODUCTION (UWI, PROD_DATE, OIL_BBL, GAS_MCF, WATER_BBL, HOURS_ON) VALUES ('WELL00000000015', TO_DATE('2020-05-01','YYYY-MM-DD'), 2522.48, 3025.51, 1473.76, 281.72);
INSERT INTO welldata.PRODUCTION (UWI, PROD_DATE, OIL_BBL, GAS_MCF, WATER_BBL, HOURS_ON) VALUES ('WELL00000000015', TO_DATE('2020-06-01','YYYY-MM-DD'), 2539.04, 10766.35, 347.96, 556.11);
INSERT INTO welldata.PRODUCTION (UWI, PROD_DATE, OIL_BBL, GAS_MCF, WATER_BBL, HOURS_ON) VALUES ('WELL00000000015', TO_DATE('2020-07-01','YYYY-MM-DD'), 1981.47, 13552.5, 129.66, 436.99);
INSERT INTO welldata.PRODUCTION (UWI, PROD_DATE, OIL_BBL, GAS_MCF, WATER_BBL, HOURS_ON) VALUES ('WELL00000000015', TO_DATE('2020-08-01','YYYY-MM-DD'), 50.16, 342.66, 614.52, 180.8);
INSERT INTO welldata.PRODUCTION (UWI, PROD_DATE, OIL_BBL, GAS_MCF, WATER_BBL, HOURS_ON) VALUES ('WELL00000000015', TO_DATE('2020-09-01','YYYY-MM-DD'), 1218.22, 8739.93, 740.28, 330.81);
INSERT INTO welldata.PRODUCTION (UWI, PROD_DATE, OIL_BBL, GAS_MCF, WATER_BBL, HOURS_ON) VALUES ('WELL00000000015', TO_DATE('2020-10-01','YYYY-MM-DD'), 597.31, 10991.94, 1315.15, 373.44);
INSERT INTO welldata.PRODUCTION (UWI, PROD_DATE, OIL_BBL, GAS_MCF, WATER_BBL, HOURS_ON) VALUES ('WELL00000000015', TO_DATE('2020-11-01','YYYY-MM-DD'), 1455.85, 12413.44, 716.33, 464.92);
INSERT INTO welldata.PRODUCTION (UWI, PROD_DATE, OIL_BBL, GAS_MCF, WATER_BBL, HOURS_ON) VALUES ('WELL00000000015', TO_DATE('2020-12-01','YYYY-MM-DD'), 2567.31, 2886.86, 817.49, 209.7);
INSERT INTO welldata.PRODUCTION (UWI, PROD_DATE, OIL_BBL, GAS_MCF, WATER_BBL, HOURS_ON) VALUES ('WELL00000000015', TO_DATE('2021-01-01','YYYY-MM-DD'), 1791.49, 12377.03, 1441.92, 289.5);
INSERT INTO welldata.PRODUCTION (UWI, PROD_DATE, OIL_BBL, GAS_MCF, WATER_BBL, HOURS_ON) VALUES ('WELL00000000015', TO_DATE('2021-02-01','YYYY-MM-DD'), 2555.63, 10527.07, 1305.4, 696.57);
INSERT INTO welldata.PRODUCTION (UWI, PROD_DATE, OIL_BBL, GAS_MCF, WATER_BBL, HOURS_ON) VALUES ('WELL00000000015', TO_DATE('2021-03-01','YYYY-MM-DD'), 784.81, 14113.0, 1447.63, 146.26);
INSERT INTO welldata.PRODUCTION (UWI, PROD_DATE, OIL_BBL, GAS_MCF, WATER_BBL, HOURS_ON) VALUES ('WELL00000000015', TO_DATE('2021-04-01','YYYY-MM-DD'), 470.82, 3703.42, 278.34, 335.59);
INSERT INTO welldata.PRODUCTION (UWI, PROD_DATE, OIL_BBL, GAS_MCF, WATER_BBL, HOURS_ON) VALUES ('WELL00000000015', TO_DATE('2021-05-01','YYYY-MM-DD'), 1052.81, 10648.82, 1288.66, 214.34);
INSERT INTO welldata.PRODUCTION (UWI, PROD_DATE, OIL_BBL, GAS_MCF, WATER_BBL, HOURS_ON) VALUES ('WELL00000000015', TO_DATE('2021-06-01','YYYY-MM-DD'), 2889.6, 12095.86, 1091.71, 656.52);
INSERT INTO welldata.PRODUCTION (UWI, PROD_DATE, OIL_BBL, GAS_MCF, WATER_BBL, HOURS_ON) VALUES ('WELL00000000015', TO_DATE('2021-07-01','YYYY-MM-DD'), 2166.85, 7275.63, 337.56, 330.25);
INSERT INTO welldata.PRODUCTION (UWI, PROD_DATE, OIL_BBL, GAS_MCF, WATER_BBL, HOURS_ON) VALUES ('WELL00000000015', TO_DATE('2021-08-01','YYYY-MM-DD'), 2380.37, 5523.24, 840.75, 304.15);
INSERT INTO welldata.PRODUCTION (UWI, PROD_DATE, OIL_BBL, GAS_MCF, WATER_BBL, HOURS_ON) VALUES ('WELL00000000015', TO_DATE('2021-09-01','YYYY-MM-DD'), 1389.88, 13246.32, 1106.42, 360.33);
INSERT INTO welldata.PRODUCTION (UWI, PROD_DATE, OIL_BBL, GAS_MCF, WATER_BBL, HOURS_ON) VALUES ('WELL00000000015', TO_DATE('2021-10-01','YYYY-MM-DD'), 2132.0, 3152.02, 225.55, 417.67);
INSERT INTO welldata.PRODUCTION (UWI, PROD_DATE, OIL_BBL, GAS_MCF, WATER_BBL, HOURS_ON) VALUES ('WELL00000000015', TO_DATE('2021-11-01','YYYY-MM-DD'), 2845.16, 2374.95, 1221.62, 388.15);
INSERT INTO welldata.PRODUCTION (UWI, PROD_DATE, OIL_BBL, GAS_MCF, WATER_BBL, HOURS_ON) VALUES ('WELL00000000015', TO_DATE('2021-12-01','YYYY-MM-DD'), 2860.25, 795.61, 1228.49, 382.14);
INSERT INTO welldata.PRODUCTION (UWI, PROD_DATE, OIL_BBL, GAS_MCF, WATER_BBL, HOURS_ON) VALUES ('WELL00000000015', TO_DATE('2022-01-01','YYYY-MM-DD'), 1325.0, 2191.46, 322.03, 417.72);
INSERT INTO welldata.PRODUCTION (UWI, PROD_DATE, OIL_BBL, GAS_MCF, WATER_BBL, HOURS_ON) VALUES ('WELL00000000015', TO_DATE('2022-02-01','YYYY-MM-DD'), 947.81, 5477.38, 741.49, 444.62);
INSERT INTO welldata.PRODUCTION (UWI, PROD_DATE, OIL_BBL, GAS_MCF, WATER_BBL, HOURS_ON) VALUES ('WELL00000000015', TO_DATE('2022-03-01','YYYY-MM-DD'), 1048.94, 8296.54, 435.11, 123.59);
INSERT INTO welldata.PRODUCTION (UWI, PROD_DATE, OIL_BBL, GAS_MCF, WATER_BBL, HOURS_ON) VALUES ('WELL00000000015', TO_DATE('2022-04-01','YYYY-MM-DD'), 2769.84, 11085.67, 768.54, 329.78);
INSERT INTO welldata.PRODUCTION (UWI, PROD_DATE, OIL_BBL, GAS_MCF, WATER_BBL, HOURS_ON) VALUES ('WELL00000000015', TO_DATE('2022-05-01','YYYY-MM-DD'), 244.84, 360.91, 520.48, 332.04);
INSERT INTO welldata.PRODUCTION (UWI, PROD_DATE, OIL_BBL, GAS_MCF, WATER_BBL, HOURS_ON) VALUES ('WELL00000000015', TO_DATE('2022-06-01','YYYY-MM-DD'), 714.21, 3520.79, 154.23, 286.6);
INSERT INTO welldata.PRODUCTION (UWI, PROD_DATE, OIL_BBL, GAS_MCF, WATER_BBL, HOURS_ON) VALUES ('WELL00000000015', TO_DATE('2022-07-01','YYYY-MM-DD'), 2783.05, 7663.67, 1202.52, 657.52);
INSERT INTO welldata.PRODUCTION (UWI, PROD_DATE, OIL_BBL, GAS_MCF, WATER_BBL, HOURS_ON) VALUES ('WELL00000000015', TO_DATE('2022-08-01','YYYY-MM-DD'), 2366.73, 10856.09, 146.32, 465.61);
INSERT INTO welldata.PRODUCTION (UWI, PROD_DATE, OIL_BBL, GAS_MCF, WATER_BBL, HOURS_ON) VALUES ('WELL00000000015', TO_DATE('2022-09-01','YYYY-MM-DD'), 2073.06, 14437.05, 224.39, 577.5);
INSERT INTO welldata.PRODUCTION (UWI, PROD_DATE, OIL_BBL, GAS_MCF, WATER_BBL, HOURS_ON) VALUES ('WELL00000000015', TO_DATE('2022-10-01','YYYY-MM-DD'), 1559.26, 462.94, 396.94, 232.69);
INSERT INTO welldata.PRODUCTION (UWI, PROD_DATE, OIL_BBL, GAS_MCF, WATER_BBL, HOURS_ON) VALUES ('WELL00000000015', TO_DATE('2022-11-01','YYYY-MM-DD'), 2366.79, 8943.77, 1208.52, 576.51);
INSERT INTO welldata.PRODUCTION (UWI, PROD_DATE, OIL_BBL, GAS_MCF, WATER_BBL, HOURS_ON) VALUES ('WELL00000000015', TO_DATE('2022-12-01','YYYY-MM-DD'), 2557.93, 5166.33, 605.45, 685.87);
INSERT INTO welldata.PRODUCTION (UWI, PROD_DATE, OIL_BBL, GAS_MCF, WATER_BBL, HOURS_ON) VALUES ('WELL00000000015', TO_DATE('2023-01-01','YYYY-MM-DD'), 104.69, 1068.3, 610.85, 569.27);
INSERT INTO welldata.PRODUCTION (UWI, PROD_DATE, OIL_BBL, GAS_MCF, WATER_BBL, HOURS_ON) VALUES ('WELL00000000015', TO_DATE('2023-02-01','YYYY-MM-DD'), 566.49, 9972.07, 160.23, 237.62);
INSERT INTO welldata.PRODUCTION (UWI, PROD_DATE, OIL_BBL, GAS_MCF, WATER_BBL, HOURS_ON) VALUES ('WELL00000000015', TO_DATE('2023-03-01','YYYY-MM-DD'), 2224.22, 14312.99, 458.65, 697.96);
INSERT INTO welldata.PRODUCTION (UWI, PROD_DATE, OIL_BBL, GAS_MCF, WATER_BBL, HOURS_ON) VALUES ('WELL00000000015', TO_DATE('2023-04-01','YYYY-MM-DD'), 1564.74, 2330.35, 374.04, 280.91);
INSERT INTO welldata.PRODUCTION (UWI, PROD_DATE, OIL_BBL, GAS_MCF, WATER_BBL, HOURS_ON) VALUES ('WELL00000000015', TO_DATE('2023-05-01','YYYY-MM-DD'), 2574.05, 4274.99, 612.87, 135.56);
INSERT INTO welldata.PRODUCTION (UWI, PROD_DATE, OIL_BBL, GAS_MCF, WATER_BBL, HOURS_ON) VALUES ('WELL00000000015', TO_DATE('2023-06-01','YYYY-MM-DD'), 1521.56, 12019.02, 1279.74, 265.44);
INSERT INTO welldata.PRODUCTION (UWI, PROD_DATE, OIL_BBL, GAS_MCF, WATER_BBL, HOURS_ON) VALUES ('WELL00000000015', TO_DATE('2023-07-01','YYYY-MM-DD'), 2947.22, 1564.15, 778.64, 130.08);
INSERT INTO welldata.PRODUCTION (UWI, PROD_DATE, OIL_BBL, GAS_MCF, WATER_BBL, HOURS_ON) VALUES ('WELL00000000015', TO_DATE('2023-08-01','YYYY-MM-DD'), 1394.53, 13109.15, 1440.54, 175.03);
INSERT INTO welldata.PRODUCTION (UWI, PROD_DATE, OIL_BBL, GAS_MCF, WATER_BBL, HOURS_ON) VALUES ('WELL00000000015', TO_DATE('2023-09-01','YYYY-MM-DD'), 2479.16, 4523.07, 822.13, 216.24);
INSERT INTO welldata.PRODUCTION (UWI, PROD_DATE, OIL_BBL, GAS_MCF, WATER_BBL, HOURS_ON) VALUES ('WELL00000000015', TO_DATE('2023-10-01','YYYY-MM-DD'), 967.43, 11502.73, 239.72, 393.02);
INSERT INTO welldata.PRODUCTION (UWI, PROD_DATE, OIL_BBL, GAS_MCF, WATER_BBL, HOURS_ON) VALUES ('WELL00000000015', TO_DATE('2023-11-01','YYYY-MM-DD'), 1892.95, 4592.57, 978.57, 409.64);
INSERT INTO welldata.PRODUCTION (UWI, PROD_DATE, OIL_BBL, GAS_MCF, WATER_BBL, HOURS_ON) VALUES ('WELL00000000015', TO_DATE('2023-12-01','YYYY-MM-DD'), 1388.73, 12415.88, 107.87, 261.27);
INSERT INTO welldata.PRODUCTION (UWI, PROD_DATE, OIL_BBL, GAS_MCF, WATER_BBL, HOURS_ON) VALUES ('WELL00000000015', TO_DATE('2024-01-01','YYYY-MM-DD'), 2393.86, 12773.06, 856.96, 399.22);
INSERT INTO welldata.PRODUCTION (UWI, PROD_DATE, OIL_BBL, GAS_MCF, WATER_BBL, HOURS_ON) VALUES ('WELL00000000015', TO_DATE('2024-02-01','YYYY-MM-DD'), 2077.45, 9511.24, 381.36, 232.47);
INSERT INTO welldata.PRODUCTION (UWI, PROD_DATE, OIL_BBL, GAS_MCF, WATER_BBL, HOURS_ON) VALUES ('WELL00000000015', TO_DATE('2024-03-01','YYYY-MM-DD'), 693.8, 2067.61, 217.46, 623.95);
INSERT INTO welldata.PRODUCTION (UWI, PROD_DATE, OIL_BBL, GAS_MCF, WATER_BBL, HOURS_ON) VALUES ('WELL00000000015', TO_DATE('2024-04-01','YYYY-MM-DD'), 1614.92, 5858.26, 479.54, 209.65);
INSERT INTO welldata.PRODUCTION (UWI, PROD_DATE, OIL_BBL, GAS_MCF, WATER_BBL, HOURS_ON) VALUES ('WELL00000000015', TO_DATE('2024-05-01','YYYY-MM-DD'), 478.45, 5294.45, 1116.55, 614.06);
INSERT INTO welldata.PRODUCTION (UWI, PROD_DATE, OIL_BBL, GAS_MCF, WATER_BBL, HOURS_ON) VALUES ('WELL00000000015', TO_DATE('2024-06-01','YYYY-MM-DD'), 1961.29, 10176.99, 806.43, 501.83);
INSERT INTO welldata.PRODUCTION (UWI, PROD_DATE, OIL_BBL, GAS_MCF, WATER_BBL, HOURS_ON) VALUES ('WELL00000000015', TO_DATE('2024-07-01','YYYY-MM-DD'), 1242.03, 2614.82, 1014.31, 451.19);
INSERT INTO welldata.PRODUCTION (UWI, PROD_DATE, OIL_BBL, GAS_MCF, WATER_BBL, HOURS_ON) VALUES ('WELL00000000015', TO_DATE('2024-08-01','YYYY-MM-DD'), 2001.8, 14461.81, 766.76, 286.38);
INSERT INTO welldata.PRODUCTION (UWI, PROD_DATE, OIL_BBL, GAS_MCF, WATER_BBL, HOURS_ON) VALUES ('WELL00000000015', TO_DATE('2024-09-01','YYYY-MM-DD'), 1368.0, 2841.16, 281.9, 475.2);
INSERT INTO welldata.PRODUCTION (UWI, PROD_DATE, OIL_BBL, GAS_MCF, WATER_BBL, HOURS_ON) VALUES ('WELL00000000015', TO_DATE('2024-10-01','YYYY-MM-DD'), 1285.08, 3265.48, 284.28, 128.38);
INSERT INTO welldata.PRODUCTION (UWI, PROD_DATE, OIL_BBL, GAS_MCF, WATER_BBL, HOURS_ON) VALUES ('WELL00000000015', TO_DATE('2024-11-01','YYYY-MM-DD'), 1517.94, 14941.27, 1227.44, 546.22);
INSERT INTO welldata.PRODUCTION (UWI, PROD_DATE, OIL_BBL, GAS_MCF, WATER_BBL, HOURS_ON) VALUES ('WELL00000000015', TO_DATE('2024-12-01','YYYY-MM-DD'), 1868.23, 2515.83, 202.96, 219.64);
INSERT INTO welldata.FORMATION_TOPS (UWI, FORMATION, TOP_DEPTH_M, BASE_DEPTH_M, LITHOLOGY) VALUES ('WELL00000000015', 'Rajahmundry', 996, 1164, 'SANDSTONE');
INSERT INTO welldata.FORMATION_TOPS (UWI, FORMATION, TOP_DEPTH_M, BASE_DEPTH_M, LITHOLOGY) VALUES ('WELL00000000015', 'Bengal', 704, 999, 'LIMESTONE');
INSERT INTO welldata.FORMATION_TOPS (UWI, FORMATION, TOP_DEPTH_M, BASE_DEPTH_M, LITHOLOGY) VALUES ('WELL00000000015', 'Sanchore', 1349, 1417, 'SHALE');
INSERT INTO welldata.FORMATION_TOPS (UWI, FORMATION, TOP_DEPTH_M, BASE_DEPTH_M, LITHOLOGY) VALUES ('WELL00000000015', 'Barmer', 1193, 1355, 'DOLOMITE');
INSERT INTO welldata.CORE_ANALYSIS (UWI, CORE_RUN, TOP_DEPTH_M, BASE_DEPTH_M, GRAIN_DENSITY, BULK_DENSITY, RECOVERY_PCT) VALUES ('WELL00000000015', 1, 1312, 1421, 2.6632, 2.3965, 62.6);
INSERT INTO welldata.CORE_ANALYSIS (UWI, CORE_RUN, TOP_DEPTH_M, BASE_DEPTH_M, GRAIN_DENSITY, BULK_DENSITY, RECOVERY_PCT) VALUES ('WELL00000000015', 2, 859, 969, 2.6864, 1.9556, 92.43);
INSERT INTO welldata.WELL (UWI, WELL_NAME, OPERATOR, COUNTRY, BASIN, FIELD_NAME, SPUD_DATE, COMPLETION_DATE, WELL_TYPE, WELL_STATUS, SURFACE_LAT, SURFACE_LON, TOTAL_DEPTH_M, KB_ELEVATION_M) VALUES ('WELL00000000016', 'ONGC-KR-016', 'ONGC', 'India', 'Krishna-Godavari', 'Krishna Field 1', TO_DATE('2010-11-09','YYYY-MM-DD'), TO_DATE('2012-12-31','YYYY-MM-DD'), 'DEVELOPMENT', 'ABANDONED', 15.913525, 71.120049, 3662, 87.29);
INSERT INTO welldata.BOREHOLE (UBHI, UWI, BOREHOLE_NAME, BOREHOLE_TYPE, TOP_DEPTH_M, BASE_DEPTH_M) VALUES ('WELL00000000016-BH1', 'WELL00000000016', 'ONGC-KR-016-BH1', 'HORIZONTAL', 864, 1533);
INSERT INTO welldata.PETROPHYSICS (UBHI, SAMPLE_DEPTH_M, POROSITY, PERMEABILITY, WATER_SAT, FORMATION) VALUES ('WELL00000000016-BH1', 1000, 0.1679, 105.6394, 0.4484, 'Sanchore');
INSERT INTO welldata.PETROPHYSICS (UBHI, SAMPLE_DEPTH_M, POROSITY, PERMEABILITY, WATER_SAT, FORMATION) VALUES ('WELL00000000016-BH1', 1020, 0.2314, 294.6447, 0.3726, 'Bengal');
INSERT INTO welldata.PETROPHYSICS (UBHI, SAMPLE_DEPTH_M, POROSITY, PERMEABILITY, WATER_SAT, FORMATION) VALUES ('WELL00000000016-BH1', 1040, 0.1384, 44.0456, 0.4459, 'Rajahmundry');
INSERT INTO welldata.PETROPHYSICS (UBHI, SAMPLE_DEPTH_M, POROSITY, PERMEABILITY, WATER_SAT, FORMATION) VALUES ('WELL00000000016-BH1', 1060, 0.0535, 255.4945, 0.5805, 'Sanchore');
INSERT INTO welldata.PETROPHYSICS (UBHI, SAMPLE_DEPTH_M, POROSITY, PERMEABILITY, WATER_SAT, FORMATION) VALUES ('WELL00000000016-BH1', 1080, 0.2679, 59.1938, 0.483, 'Barmer');
INSERT INTO welldata.PETROPHYSICS (UBHI, SAMPLE_DEPTH_M, POROSITY, PERMEABILITY, WATER_SAT, FORMATION) VALUES ('WELL00000000016-BH1', 1100, 0.0972, 179.825, 0.1803, 'Bengal');
INSERT INTO welldata.PETROPHYSICS (UBHI, SAMPLE_DEPTH_M, POROSITY, PERMEABILITY, WATER_SAT, FORMATION) VALUES ('WELL00000000016-BH1', 1120, 0.2144, 151.0218, 0.7079, 'Barmer');
INSERT INTO welldata.PETROPHYSICS (UBHI, SAMPLE_DEPTH_M, POROSITY, PERMEABILITY, WATER_SAT, FORMATION) VALUES ('WELL00000000016-BH1', 1140, 0.2043, 286.6168, 0.1628, 'Rajahmundry');
INSERT INTO welldata.PETROPHYSICS (UBHI, SAMPLE_DEPTH_M, POROSITY, PERMEABILITY, WATER_SAT, FORMATION) VALUES ('WELL00000000016-BH1', 1160, 0.2001, 305.4234, 0.3974, 'Barmer');
INSERT INTO welldata.PETROPHYSICS (UBHI, SAMPLE_DEPTH_M, POROSITY, PERMEABILITY, WATER_SAT, FORMATION) VALUES ('WELL00000000016-BH1', 1180, 0.2262, 291.0268, 0.6548, 'Sanchore');
INSERT INTO welldata.PETROPHYSICS (UBHI, SAMPLE_DEPTH_M, POROSITY, PERMEABILITY, WATER_SAT, FORMATION) VALUES ('WELL00000000016-BH1', 1200, 0.0669, 54.8266, 0.6923, 'Bengal');
INSERT INTO welldata.PETROPHYSICS (UBHI, SAMPLE_DEPTH_M, POROSITY, PERMEABILITY, WATER_SAT, FORMATION) VALUES ('WELL00000000016-BH1', 1220, 0.0999, 103.3384, 0.5668, 'Rajahmundry');
INSERT INTO welldata.PETROPHYSICS (UBHI, SAMPLE_DEPTH_M, POROSITY, PERMEABILITY, WATER_SAT, FORMATION) VALUES ('WELL00000000016-BH1', 1240, 0.0563, 186.4489, 0.5321, 'Barmer');
INSERT INTO welldata.PETROPHYSICS (UBHI, SAMPLE_DEPTH_M, POROSITY, PERMEABILITY, WATER_SAT, FORMATION) VALUES ('WELL00000000016-BH1', 1260, 0.166, 125.6814, 0.5553, 'Barmer');
INSERT INTO welldata.PETROPHYSICS (UBHI, SAMPLE_DEPTH_M, POROSITY, PERMEABILITY, WATER_SAT, FORMATION) VALUES ('WELL00000000016-BH1', 1280, 0.1056, 35.8499, 0.6437, 'Rajahmundry');
INSERT INTO welldata.PETROPHYSICS (UBHI, SAMPLE_DEPTH_M, POROSITY, PERMEABILITY, WATER_SAT, FORMATION) VALUES ('WELL00000000016-BH1', 1300, 0.1074, 339.3125, 0.2614, 'Bengal');
INSERT INTO welldata.PETROPHYSICS (UBHI, SAMPLE_DEPTH_M, POROSITY, PERMEABILITY, WATER_SAT, FORMATION) VALUES ('WELL00000000016-BH1', 1320, 0.2694, 305.9623, 0.658, 'Rajahmundry');
INSERT INTO welldata.PETROPHYSICS (UBHI, SAMPLE_DEPTH_M, POROSITY, PERMEABILITY, WATER_SAT, FORMATION) VALUES ('WELL00000000016-BH1', 1340, 0.073, 54.6671, 0.2416, 'Sanchore');
INSERT INTO welldata.PETROPHYSICS (UBHI, SAMPLE_DEPTH_M, POROSITY, PERMEABILITY, WATER_SAT, FORMATION) VALUES ('WELL00000000016-BH1', 1360, 0.0881, 412.352, 0.7349, 'Sanchore');
INSERT INTO welldata.PETROPHYSICS (UBHI, SAMPLE_DEPTH_M, POROSITY, PERMEABILITY, WATER_SAT, FORMATION) VALUES ('WELL00000000016-BH1', 1380, 0.1625, 216.5296, 0.6381, 'Bengal');
INSERT INTO welldata.PETROPHYSICS (UBHI, SAMPLE_DEPTH_M, POROSITY, PERMEABILITY, WATER_SAT, FORMATION) VALUES ('WELL00000000016-BH1', 1400, 0.0422, 379.4665, 0.7233, 'Barmer');
INSERT INTO welldata.PETROPHYSICS (UBHI, SAMPLE_DEPTH_M, POROSITY, PERMEABILITY, WATER_SAT, FORMATION) VALUES ('WELL00000000016-BH1', 1420, 0.16, 29.8149, 0.5866, 'Barmer');
INSERT INTO welldata.PETROPHYSICS (UBHI, SAMPLE_DEPTH_M, POROSITY, PERMEABILITY, WATER_SAT, FORMATION) VALUES ('WELL00000000016-BH1', 1440, 0.062, 381.7966, 0.426, 'Sanchore');
INSERT INTO welldata.PETROPHYSICS (UBHI, SAMPLE_DEPTH_M, POROSITY, PERMEABILITY, WATER_SAT, FORMATION) VALUES ('WELL00000000016-BH1', 1460, 0.0821, 34.8188, 0.4468, 'Rajahmundry');
INSERT INTO welldata.PETROPHYSICS (UBHI, SAMPLE_DEPTH_M, POROSITY, PERMEABILITY, WATER_SAT, FORMATION) VALUES ('WELL00000000016-BH1', 1480, 0.1472, 80.8435, 0.723, 'Barmer');
INSERT INTO welldata.PETROPHYSICS (UBHI, SAMPLE_DEPTH_M, POROSITY, PERMEABILITY, WATER_SAT, FORMATION) VALUES ('WELL00000000016-BH1', 1500, 0.2278, 258.5224, 0.4093, 'Sanchore');
INSERT INTO welldata.PETROPHYSICS (UBHI, SAMPLE_DEPTH_M, POROSITY, PERMEABILITY, WATER_SAT, FORMATION) VALUES ('WELL00000000016-BH1', 1520, 0.1011, 51.7613, 0.6407, 'Bengal');
INSERT INTO welldata.PETROPHYSICS (UBHI, SAMPLE_DEPTH_M, POROSITY, PERMEABILITY, WATER_SAT, FORMATION) VALUES ('WELL00000000016-BH1', 1540, 0.0872, 64.4028, 0.7086, 'Barmer');
INSERT INTO welldata.PETROPHYSICS (UBHI, SAMPLE_DEPTH_M, POROSITY, PERMEABILITY, WATER_SAT, FORMATION) VALUES ('WELL00000000016-BH1', 1560, 0.1416, 14.9431, 0.4578, 'Bengal');
INSERT INTO welldata.PETROPHYSICS (UBHI, SAMPLE_DEPTH_M, POROSITY, PERMEABILITY, WATER_SAT, FORMATION) VALUES ('WELL00000000016-BH1', 1580, 0.1199, 82.5787, 0.5702, 'Bengal');
INSERT INTO welldata.PETROPHYSICS (UBHI, SAMPLE_DEPTH_M, POROSITY, PERMEABILITY, WATER_SAT, FORMATION) VALUES ('WELL00000000016-BH1', 1600, 0.2265, 372.2292, 0.3376, 'Sanchore');
INSERT INTO welldata.PETROPHYSICS (UBHI, SAMPLE_DEPTH_M, POROSITY, PERMEABILITY, WATER_SAT, FORMATION) VALUES ('WELL00000000016-BH1', 1620, 0.0979, 349.0534, 0.1719, 'Rajahmundry');
INSERT INTO welldata.PETROPHYSICS (UBHI, SAMPLE_DEPTH_M, POROSITY, PERMEABILITY, WATER_SAT, FORMATION) VALUES ('WELL00000000016-BH1', 1640, 0.2167, 45.4347, 0.6751, 'Barmer');
INSERT INTO welldata.PETROPHYSICS (UBHI, SAMPLE_DEPTH_M, POROSITY, PERMEABILITY, WATER_SAT, FORMATION) VALUES ('WELL00000000016-BH1', 1660, 0.2288, 137.4566, 0.2585, 'Rajahmundry');
INSERT INTO welldata.PETROPHYSICS (UBHI, SAMPLE_DEPTH_M, POROSITY, PERMEABILITY, WATER_SAT, FORMATION) VALUES ('WELL00000000016-BH1', 1680, 0.2532, 266.4105, 0.445, 'Bengal');
INSERT INTO welldata.PETROPHYSICS (UBHI, SAMPLE_DEPTH_M, POROSITY, PERMEABILITY, WATER_SAT, FORMATION) VALUES ('WELL00000000016-BH1', 1700, 0.0561, 262.1776, 0.6443, 'Barmer');
INSERT INTO welldata.PETROPHYSICS (UBHI, SAMPLE_DEPTH_M, POROSITY, PERMEABILITY, WATER_SAT, FORMATION) VALUES ('WELL00000000016-BH1', 1720, 0.2624, 334.3128, 0.3297, 'Barmer');
INSERT INTO welldata.PETROPHYSICS (UBHI, SAMPLE_DEPTH_M, POROSITY, PERMEABILITY, WATER_SAT, FORMATION) VALUES ('WELL00000000016-BH1', 1740, 0.126, 286.5869, 0.7474, 'Barmer');
INSERT INTO welldata.PETROPHYSICS (UBHI, SAMPLE_DEPTH_M, POROSITY, PERMEABILITY, WATER_SAT, FORMATION) VALUES ('WELL00000000016-BH1', 1760, 0.0664, 444.928, 0.1982, 'Bengal');
INSERT INTO welldata.PETROPHYSICS (UBHI, SAMPLE_DEPTH_M, POROSITY, PERMEABILITY, WATER_SAT, FORMATION) VALUES ('WELL00000000016-BH1', 1780, 0.1579, 385.8103, 0.7063, 'Barmer');
INSERT INTO welldata.PETROPHYSICS (UBHI, SAMPLE_DEPTH_M, POROSITY, PERMEABILITY, WATER_SAT, FORMATION) VALUES ('WELL00000000016-BH1', 1800, 0.0491, 141.5542, 0.2007, 'Barmer');
INSERT INTO welldata.PETROPHYSICS (UBHI, SAMPLE_DEPTH_M, POROSITY, PERMEABILITY, WATER_SAT, FORMATION) VALUES ('WELL00000000016-BH1', 1820, 0.0428, 400.3682, 0.2815, 'Rajahmundry');
INSERT INTO welldata.PETROPHYSICS (UBHI, SAMPLE_DEPTH_M, POROSITY, PERMEABILITY, WATER_SAT, FORMATION) VALUES ('WELL00000000016-BH1', 1840, 0.0647, 303.3742, 0.7277, 'Sanchore');
INSERT INTO welldata.PETROPHYSICS (UBHI, SAMPLE_DEPTH_M, POROSITY, PERMEABILITY, WATER_SAT, FORMATION) VALUES ('WELL00000000016-BH1', 1860, 0.2235, 303.5696, 0.6806, 'Barmer');
INSERT INTO welldata.PETROPHYSICS (UBHI, SAMPLE_DEPTH_M, POROSITY, PERMEABILITY, WATER_SAT, FORMATION) VALUES ('WELL00000000016-BH1', 1880, 0.1241, 264.6275, 0.6351, 'Bengal');
INSERT INTO welldata.PETROPHYSICS (UBHI, SAMPLE_DEPTH_M, POROSITY, PERMEABILITY, WATER_SAT, FORMATION) VALUES ('WELL00000000016-BH1', 1900, 0.2161, 282.898, 0.7163, 'Bengal');
INSERT INTO welldata.PETROPHYSICS (UBHI, SAMPLE_DEPTH_M, POROSITY, PERMEABILITY, WATER_SAT, FORMATION) VALUES ('WELL00000000016-BH1', 1920, 0.1286, 325.4824, 0.707, 'Barmer');
INSERT INTO welldata.PETROPHYSICS (UBHI, SAMPLE_DEPTH_M, POROSITY, PERMEABILITY, WATER_SAT, FORMATION) VALUES ('WELL00000000016-BH1', 1940, 0.2338, 208.8275, 0.4283, 'Bengal');
INSERT INTO welldata.PETROPHYSICS (UBHI, SAMPLE_DEPTH_M, POROSITY, PERMEABILITY, WATER_SAT, FORMATION) VALUES ('WELL00000000016-BH1', 1960, 0.2297, 164.9036, 0.345, 'Bengal');
INSERT INTO welldata.PETROPHYSICS (UBHI, SAMPLE_DEPTH_M, POROSITY, PERMEABILITY, WATER_SAT, FORMATION) VALUES ('WELL00000000016-BH1', 1980, 0.247, 321.7399, 0.3464, 'Bengal');
INSERT INTO welldata.PETROPHYSICS (UBHI, SAMPLE_DEPTH_M, POROSITY, PERMEABILITY, WATER_SAT, FORMATION) VALUES ('WELL00000000016-BH1', 2000, 0.0616, 80.4368, 0.6009, 'Bengal');
INSERT INTO welldata.PETROPHYSICS (UBHI, SAMPLE_DEPTH_M, POROSITY, PERMEABILITY, WATER_SAT, FORMATION) VALUES ('WELL00000000016-BH1', 2020, 0.1592, 447.9368, 0.1953, 'Rajahmundry');
INSERT INTO welldata.PETROPHYSICS (UBHI, SAMPLE_DEPTH_M, POROSITY, PERMEABILITY, WATER_SAT, FORMATION) VALUES ('WELL00000000016-BH1', 2040, 0.1056, 280.9121, 0.6356, 'Barmer');
INSERT INTO welldata.PETROPHYSICS (UBHI, SAMPLE_DEPTH_M, POROSITY, PERMEABILITY, WATER_SAT, FORMATION) VALUES ('WELL00000000016-BH1', 2060, 0.1085, 23.0192, 0.5877, 'Sanchore');
INSERT INTO welldata.PETROPHYSICS (UBHI, SAMPLE_DEPTH_M, POROSITY, PERMEABILITY, WATER_SAT, FORMATION) VALUES ('WELL00000000016-BH1', 2080, 0.1106, 344.9502, 0.6609, 'Rajahmundry');
INSERT INTO welldata.PETROPHYSICS (UBHI, SAMPLE_DEPTH_M, POROSITY, PERMEABILITY, WATER_SAT, FORMATION) VALUES ('WELL00000000016-BH1', 2100, 0.1994, 353.8996, 0.389, 'Sanchore');
INSERT INTO welldata.PETROPHYSICS (UBHI, SAMPLE_DEPTH_M, POROSITY, PERMEABILITY, WATER_SAT, FORMATION) VALUES ('WELL00000000016-BH1', 2120, 0.2723, 104.4333, 0.7119, 'Rajahmundry');
INSERT INTO welldata.PETROPHYSICS (UBHI, SAMPLE_DEPTH_M, POROSITY, PERMEABILITY, WATER_SAT, FORMATION) VALUES ('WELL00000000016-BH1', 2140, 0.1938, 414.6688, 0.1618, 'Sanchore');
INSERT INTO welldata.PETROPHYSICS (UBHI, SAMPLE_DEPTH_M, POROSITY, PERMEABILITY, WATER_SAT, FORMATION) VALUES ('WELL00000000016-BH1', 2160, 0.16, 348.4265, 0.4482, 'Rajahmundry');
INSERT INTO welldata.PETROPHYSICS (UBHI, SAMPLE_DEPTH_M, POROSITY, PERMEABILITY, WATER_SAT, FORMATION) VALUES ('WELL00000000016-BH1', 2180, 0.1498, 379.2024, 0.527, 'Barmer');
INSERT INTO welldata.PETROPHYSICS (UBHI, SAMPLE_DEPTH_M, POROSITY, PERMEABILITY, WATER_SAT, FORMATION) VALUES ('WELL00000000016-BH1', 2200, 0.0595, 400.1688, 0.154, 'Sanchore');
INSERT INTO welldata.PETROPHYSICS (UBHI, SAMPLE_DEPTH_M, POROSITY, PERMEABILITY, WATER_SAT, FORMATION) VALUES ('WELL00000000016-BH1', 2220, 0.2135, 284.0182, 0.59, 'Rajahmundry');
INSERT INTO welldata.PETROPHYSICS (UBHI, SAMPLE_DEPTH_M, POROSITY, PERMEABILITY, WATER_SAT, FORMATION) VALUES ('WELL00000000016-BH1', 2240, 0.2599, 5.3906, 0.5799, 'Bengal');
INSERT INTO welldata.PETROPHYSICS (UBHI, SAMPLE_DEPTH_M, POROSITY, PERMEABILITY, WATER_SAT, FORMATION) VALUES ('WELL00000000016-BH1', 2260, 0.2276, 411.1142, 0.3126, 'Sanchore');
INSERT INTO welldata.PETROPHYSICS (UBHI, SAMPLE_DEPTH_M, POROSITY, PERMEABILITY, WATER_SAT, FORMATION) VALUES ('WELL00000000016-BH1', 2280, 0.1333, 17.8348, 0.7494, 'Sanchore');
INSERT INTO welldata.PETROPHYSICS (UBHI, SAMPLE_DEPTH_M, POROSITY, PERMEABILITY, WATER_SAT, FORMATION) VALUES ('WELL00000000016-BH1', 2300, 0.0762, 297.6975, 0.4555, 'Rajahmundry');
INSERT INTO welldata.PETROPHYSICS (UBHI, SAMPLE_DEPTH_M, POROSITY, PERMEABILITY, WATER_SAT, FORMATION) VALUES ('WELL00000000016-BH1', 2320, 0.2754, 128.7511, 0.2149, 'Rajahmundry');
INSERT INTO welldata.PETROPHYSICS (UBHI, SAMPLE_DEPTH_M, POROSITY, PERMEABILITY, WATER_SAT, FORMATION) VALUES ('WELL00000000016-BH1', 2340, 0.2526, 346.06, 0.3599, 'Barmer');
INSERT INTO welldata.PETROPHYSICS (UBHI, SAMPLE_DEPTH_M, POROSITY, PERMEABILITY, WATER_SAT, FORMATION) VALUES ('WELL00000000016-BH1', 2360, 0.1843, 401.888, 0.2449, 'Sanchore');
INSERT INTO welldata.PETROPHYSICS (UBHI, SAMPLE_DEPTH_M, POROSITY, PERMEABILITY, WATER_SAT, FORMATION) VALUES ('WELL00000000016-BH1', 2380, 0.2291, 6.6153, 0.1968, 'Barmer');
INSERT INTO welldata.PETROPHYSICS (UBHI, SAMPLE_DEPTH_M, POROSITY, PERMEABILITY, WATER_SAT, FORMATION) VALUES ('WELL00000000016-BH1', 2400, 0.1395, 123.0361, 0.1617, 'Rajahmundry');
INSERT INTO welldata.PETROPHYSICS (UBHI, SAMPLE_DEPTH_M, POROSITY, PERMEABILITY, WATER_SAT, FORMATION) VALUES ('WELL00000000016-BH1', 2420, 0.2128, 401.2287, 0.3315, 'Sanchore');
INSERT INTO welldata.PETROPHYSICS (UBHI, SAMPLE_DEPTH_M, POROSITY, PERMEABILITY, WATER_SAT, FORMATION) VALUES ('WELL00000000016-BH1', 2440, 0.2548, 386.4291, 0.2981, 'Barmer');
INSERT INTO welldata.PETROPHYSICS (UBHI, SAMPLE_DEPTH_M, POROSITY, PERMEABILITY, WATER_SAT, FORMATION) VALUES ('WELL00000000016-BH1', 2460, 0.0804, 256.4389, 0.2478, 'Sanchore');
INSERT INTO welldata.PETROPHYSICS (UBHI, SAMPLE_DEPTH_M, POROSITY, PERMEABILITY, WATER_SAT, FORMATION) VALUES ('WELL00000000016-BH1', 2480, 0.1189, 221.5265, 0.5715, 'Rajahmundry');
INSERT INTO welldata.PETROPHYSICS (UBHI, SAMPLE_DEPTH_M, POROSITY, PERMEABILITY, WATER_SAT, FORMATION) VALUES ('WELL00000000016-BH1', 2500, 0.1906, 329.3086, 0.5139, 'Barmer');
INSERT INTO welldata.PETROPHYSICS (UBHI, SAMPLE_DEPTH_M, POROSITY, PERMEABILITY, WATER_SAT, FORMATION) VALUES ('WELL00000000016-BH1', 2520, 0.2453, 437.8181, 0.1757, 'Barmer');
INSERT INTO welldata.PETROPHYSICS (UBHI, SAMPLE_DEPTH_M, POROSITY, PERMEABILITY, WATER_SAT, FORMATION) VALUES ('WELL00000000016-BH1', 2540, 0.2643, 362.9064, 0.7045, 'Sanchore');
INSERT INTO welldata.PETROPHYSICS (UBHI, SAMPLE_DEPTH_M, POROSITY, PERMEABILITY, WATER_SAT, FORMATION) VALUES ('WELL00000000016-BH1', 2560, 0.0798, 197.4225, 0.5123, 'Sanchore');
INSERT INTO welldata.PETROPHYSICS (UBHI, SAMPLE_DEPTH_M, POROSITY, PERMEABILITY, WATER_SAT, FORMATION) VALUES ('WELL00000000016-BH1', 2580, 0.088, 437.2523, 0.2588, 'Bengal');
INSERT INTO welldata.PETROPHYSICS (UBHI, SAMPLE_DEPTH_M, POROSITY, PERMEABILITY, WATER_SAT, FORMATION) VALUES ('WELL00000000016-BH1', 2600, 0.2516, 13.3388, 0.3809, 'Rajahmundry');
INSERT INTO welldata.PETROPHYSICS (UBHI, SAMPLE_DEPTH_M, POROSITY, PERMEABILITY, WATER_SAT, FORMATION) VALUES ('WELL00000000016-BH1', 2620, 0.0829, 208.0292, 0.2663, 'Bengal');
INSERT INTO welldata.PETROPHYSICS (UBHI, SAMPLE_DEPTH_M, POROSITY, PERMEABILITY, WATER_SAT, FORMATION) VALUES ('WELL00000000016-BH1', 2640, 0.2776, 375.5174, 0.1594, 'Barmer');
INSERT INTO welldata.PETROPHYSICS (UBHI, SAMPLE_DEPTH_M, POROSITY, PERMEABILITY, WATER_SAT, FORMATION) VALUES ('WELL00000000016-BH1', 2660, 0.1592, 386.0814, 0.5457, 'Barmer');
INSERT INTO welldata.PETROPHYSICS (UBHI, SAMPLE_DEPTH_M, POROSITY, PERMEABILITY, WATER_SAT, FORMATION) VALUES ('WELL00000000016-BH1', 2680, 0.1922, 313.1181, 0.5783, 'Sanchore');
INSERT INTO welldata.PETROPHYSICS (UBHI, SAMPLE_DEPTH_M, POROSITY, PERMEABILITY, WATER_SAT, FORMATION) VALUES ('WELL00000000016-BH1', 2700, 0.1643, 38.4432, 0.6819, 'Rajahmundry');
INSERT INTO welldata.PETROPHYSICS (UBHI, SAMPLE_DEPTH_M, POROSITY, PERMEABILITY, WATER_SAT, FORMATION) VALUES ('WELL00000000016-BH1', 2720, 0.1204, 328.7914, 0.4928, 'Sanchore');
INSERT INTO welldata.PETROPHYSICS (UBHI, SAMPLE_DEPTH_M, POROSITY, PERMEABILITY, WATER_SAT, FORMATION) VALUES ('WELL00000000016-BH1', 2740, 0.1876, 399.7604, 0.399, 'Barmer');
INSERT INTO welldata.PETROPHYSICS (UBHI, SAMPLE_DEPTH_M, POROSITY, PERMEABILITY, WATER_SAT, FORMATION) VALUES ('WELL00000000016-BH1', 2760, 0.0834, 374.1476, 0.1915, 'Barmer');
INSERT INTO welldata.PETROPHYSICS (UBHI, SAMPLE_DEPTH_M, POROSITY, PERMEABILITY, WATER_SAT, FORMATION) VALUES ('WELL00000000016-BH1', 2780, 0.0433, 289.6025, 0.4723, 'Rajahmundry');
INSERT INTO welldata.PETROPHYSICS (UBHI, SAMPLE_DEPTH_M, POROSITY, PERMEABILITY, WATER_SAT, FORMATION) VALUES ('WELL00000000016-BH1', 2800, 0.2014, 287.3921, 0.6127, 'Bengal');
INSERT INTO welldata.PETROPHYSICS (UBHI, SAMPLE_DEPTH_M, POROSITY, PERMEABILITY, WATER_SAT, FORMATION) VALUES ('WELL00000000016-BH1', 2820, 0.0954, 288.9424, 0.4316, 'Sanchore');
INSERT INTO welldata.PETROPHYSICS (UBHI, SAMPLE_DEPTH_M, POROSITY, PERMEABILITY, WATER_SAT, FORMATION) VALUES ('WELL00000000016-BH1', 2840, 0.0541, 344.9147, 0.6979, 'Barmer');
INSERT INTO welldata.PETROPHYSICS (UBHI, SAMPLE_DEPTH_M, POROSITY, PERMEABILITY, WATER_SAT, FORMATION) VALUES ('WELL00000000016-BH1', 2860, 0.0785, 20.1621, 0.2133, 'Sanchore');
INSERT INTO welldata.PETROPHYSICS (UBHI, SAMPLE_DEPTH_M, POROSITY, PERMEABILITY, WATER_SAT, FORMATION) VALUES ('WELL00000000016-BH1', 2880, 0.2255, 408.305, 0.427, 'Bengal');
INSERT INTO welldata.PETROPHYSICS (UBHI, SAMPLE_DEPTH_M, POROSITY, PERMEABILITY, WATER_SAT, FORMATION) VALUES ('WELL00000000016-BH1', 2900, 0.2089, 330.7706, 0.5533, 'Sanchore');
INSERT INTO welldata.PETROPHYSICS (UBHI, SAMPLE_DEPTH_M, POROSITY, PERMEABILITY, WATER_SAT, FORMATION) VALUES ('WELL00000000016-BH1', 2920, 0.0715, 106.9632, 0.3862, 'Rajahmundry');
INSERT INTO welldata.PETROPHYSICS (UBHI, SAMPLE_DEPTH_M, POROSITY, PERMEABILITY, WATER_SAT, FORMATION) VALUES ('WELL00000000016-BH1', 2940, 0.1103, 244.0218, 0.3203, 'Bengal');
INSERT INTO welldata.PETROPHYSICS (UBHI, SAMPLE_DEPTH_M, POROSITY, PERMEABILITY, WATER_SAT, FORMATION) VALUES ('WELL00000000016-BH1', 2960, 0.0693, 298.4276, 0.4373, 'Sanchore');
INSERT INTO welldata.PETROPHYSICS (UBHI, SAMPLE_DEPTH_M, POROSITY, PERMEABILITY, WATER_SAT, FORMATION) VALUES ('WELL00000000016-BH1', 2980, 0.1365, 179.9605, 0.4818, 'Rajahmundry');
INSERT INTO welldata.PETROPHYSICS (UBHI, SAMPLE_DEPTH_M, POROSITY, PERMEABILITY, WATER_SAT, FORMATION) VALUES ('WELL00000000016-BH1', 3000, 0.2058, 319.6138, 0.5461, 'Rajahmundry');
INSERT INTO welldata.BOREHOLE (UBHI, UWI, BOREHOLE_NAME, BOREHOLE_TYPE, TOP_DEPTH_M, BASE_DEPTH_M) VALUES ('WELL00000000016-BH2', 'WELL00000000016', 'ONGC-KR-016-BH2', 'HORIZONTAL', 750, 1251);
INSERT INTO welldata.PETROPHYSICS (UBHI, SAMPLE_DEPTH_M, POROSITY, PERMEABILITY, WATER_SAT, FORMATION) VALUES ('WELL00000000016-BH2', 1000, 0.2278, 285.4636, 0.3872, 'Barmer');
INSERT INTO welldata.PETROPHYSICS (UBHI, SAMPLE_DEPTH_M, POROSITY, PERMEABILITY, WATER_SAT, FORMATION) VALUES ('WELL00000000016-BH2', 1020, 0.2092, 125.2411, 0.5038, 'Barmer');
INSERT INTO welldata.PETROPHYSICS (UBHI, SAMPLE_DEPTH_M, POROSITY, PERMEABILITY, WATER_SAT, FORMATION) VALUES ('WELL00000000016-BH2', 1040, 0.0413, 402.7171, 0.197, 'Rajahmundry');
INSERT INTO welldata.PETROPHYSICS (UBHI, SAMPLE_DEPTH_M, POROSITY, PERMEABILITY, WATER_SAT, FORMATION) VALUES ('WELL00000000016-BH2', 1060, 0.2539, 374.5073, 0.1929, 'Rajahmundry');
INSERT INTO welldata.PETROPHYSICS (UBHI, SAMPLE_DEPTH_M, POROSITY, PERMEABILITY, WATER_SAT, FORMATION) VALUES ('WELL00000000016-BH2', 1080, 0.2323, 15.9694, 0.1858, 'Rajahmundry');
INSERT INTO welldata.PETROPHYSICS (UBHI, SAMPLE_DEPTH_M, POROSITY, PERMEABILITY, WATER_SAT, FORMATION) VALUES ('WELL00000000016-BH2', 1100, 0.1532, 286.0855, 0.6148, 'Sanchore');
INSERT INTO welldata.PETROPHYSICS (UBHI, SAMPLE_DEPTH_M, POROSITY, PERMEABILITY, WATER_SAT, FORMATION) VALUES ('WELL00000000016-BH2', 1120, 0.1821, 430.0452, 0.5016, 'Barmer');
INSERT INTO welldata.PETROPHYSICS (UBHI, SAMPLE_DEPTH_M, POROSITY, PERMEABILITY, WATER_SAT, FORMATION) VALUES ('WELL00000000016-BH2', 1140, 0.2694, 191.9019, 0.5258, 'Sanchore');
INSERT INTO welldata.PETROPHYSICS (UBHI, SAMPLE_DEPTH_M, POROSITY, PERMEABILITY, WATER_SAT, FORMATION) VALUES ('WELL00000000016-BH2', 1160, 0.1379, 260.819, 0.5666, 'Rajahmundry');
INSERT INTO welldata.PETROPHYSICS (UBHI, SAMPLE_DEPTH_M, POROSITY, PERMEABILITY, WATER_SAT, FORMATION) VALUES ('WELL00000000016-BH2', 1180, 0.0446, 351.2144, 0.4195, 'Barmer');
INSERT INTO welldata.PETROPHYSICS (UBHI, SAMPLE_DEPTH_M, POROSITY, PERMEABILITY, WATER_SAT, FORMATION) VALUES ('WELL00000000016-BH2', 1200, 0.2419, 194.0521, 0.5214, 'Bengal');
INSERT INTO welldata.PETROPHYSICS (UBHI, SAMPLE_DEPTH_M, POROSITY, PERMEABILITY, WATER_SAT, FORMATION) VALUES ('WELL00000000016-BH2', 1220, 0.0814, 36.1132, 0.2261, 'Barmer');
INSERT INTO welldata.PETROPHYSICS (UBHI, SAMPLE_DEPTH_M, POROSITY, PERMEABILITY, WATER_SAT, FORMATION) VALUES ('WELL00000000016-BH2', 1240, 0.2246, 125.7241, 0.2417, 'Barmer');
INSERT INTO welldata.PETROPHYSICS (UBHI, SAMPLE_DEPTH_M, POROSITY, PERMEABILITY, WATER_SAT, FORMATION) VALUES ('WELL00000000016-BH2', 1260, 0.201, 133.6897, 0.4363, 'Sanchore');
INSERT INTO welldata.PETROPHYSICS (UBHI, SAMPLE_DEPTH_M, POROSITY, PERMEABILITY, WATER_SAT, FORMATION) VALUES ('WELL00000000016-BH2', 1280, 0.1365, 173.5628, 0.1905, 'Sanchore');
INSERT INTO welldata.PETROPHYSICS (UBHI, SAMPLE_DEPTH_M, POROSITY, PERMEABILITY, WATER_SAT, FORMATION) VALUES ('WELL00000000016-BH2', 1300, 0.1126, 192.6928, 0.1515, 'Barmer');
INSERT INTO welldata.PETROPHYSICS (UBHI, SAMPLE_DEPTH_M, POROSITY, PERMEABILITY, WATER_SAT, FORMATION) VALUES ('WELL00000000016-BH2', 1320, 0.1003, 160.0544, 0.5329, 'Barmer');
INSERT INTO welldata.PETROPHYSICS (UBHI, SAMPLE_DEPTH_M, POROSITY, PERMEABILITY, WATER_SAT, FORMATION) VALUES ('WELL00000000016-BH2', 1340, 0.153, 382.6712, 0.2253, 'Rajahmundry');
INSERT INTO welldata.PETROPHYSICS (UBHI, SAMPLE_DEPTH_M, POROSITY, PERMEABILITY, WATER_SAT, FORMATION) VALUES ('WELL00000000016-BH2', 1360, 0.2142, 93.2687, 0.2154, 'Rajahmundry');
INSERT INTO welldata.PETROPHYSICS (UBHI, SAMPLE_DEPTH_M, POROSITY, PERMEABILITY, WATER_SAT, FORMATION) VALUES ('WELL00000000016-BH2', 1380, 0.0819, 327.5899, 0.3791, 'Sanchore');
INSERT INTO welldata.PETROPHYSICS (UBHI, SAMPLE_DEPTH_M, POROSITY, PERMEABILITY, WATER_SAT, FORMATION) VALUES ('WELL00000000016-BH2', 1400, 0.0642, 357.0092, 0.5288, 'Rajahmundry');
INSERT INTO welldata.PETROPHYSICS (UBHI, SAMPLE_DEPTH_M, POROSITY, PERMEABILITY, WATER_SAT, FORMATION) VALUES ('WELL00000000016-BH2', 1420, 0.1572, 332.2552, 0.4238, 'Sanchore');
INSERT INTO welldata.PETROPHYSICS (UBHI, SAMPLE_DEPTH_M, POROSITY, PERMEABILITY, WATER_SAT, FORMATION) VALUES ('WELL00000000016-BH2', 1440, 0.1311, 4.0443, 0.3141, 'Sanchore');
INSERT INTO welldata.PETROPHYSICS (UBHI, SAMPLE_DEPTH_M, POROSITY, PERMEABILITY, WATER_SAT, FORMATION) VALUES ('WELL00000000016-BH2', 1460, 0.2375, 431.2516, 0.7457, 'Sanchore');
INSERT INTO welldata.PETROPHYSICS (UBHI, SAMPLE_DEPTH_M, POROSITY, PERMEABILITY, WATER_SAT, FORMATION) VALUES ('WELL00000000016-BH2', 1480, 0.0829, 234.5432, 0.4268, 'Sanchore');
INSERT INTO welldata.PETROPHYSICS (UBHI, SAMPLE_DEPTH_M, POROSITY, PERMEABILITY, WATER_SAT, FORMATION) VALUES ('WELL00000000016-BH2', 1500, 0.2049, 370.6841, 0.2443, 'Barmer');
INSERT INTO welldata.PETROPHYSICS (UBHI, SAMPLE_DEPTH_M, POROSITY, PERMEABILITY, WATER_SAT, FORMATION) VALUES ('WELL00000000016-BH2', 1520, 0.1293, 407.9403, 0.6999, 'Rajahmundry');
INSERT INTO welldata.PETROPHYSICS (UBHI, SAMPLE_DEPTH_M, POROSITY, PERMEABILITY, WATER_SAT, FORMATION) VALUES ('WELL00000000016-BH2', 1540, 0.0698, 76.9374, 0.4281, 'Rajahmundry');
INSERT INTO welldata.PETROPHYSICS (UBHI, SAMPLE_DEPTH_M, POROSITY, PERMEABILITY, WATER_SAT, FORMATION) VALUES ('WELL00000000016-BH2', 1560, 0.2692, 239.0203, 0.4761, 'Rajahmundry');
INSERT INTO welldata.PETROPHYSICS (UBHI, SAMPLE_DEPTH_M, POROSITY, PERMEABILITY, WATER_SAT, FORMATION) VALUES ('WELL00000000016-BH2', 1580, 0.2282, 273.7526, 0.7279, 'Sanchore');
INSERT INTO welldata.PETROPHYSICS (UBHI, SAMPLE_DEPTH_M, POROSITY, PERMEABILITY, WATER_SAT, FORMATION) VALUES ('WELL00000000016-BH2', 1600, 0.2138, 150.3732, 0.6255, 'Barmer');
INSERT INTO welldata.PETROPHYSICS (UBHI, SAMPLE_DEPTH_M, POROSITY, PERMEABILITY, WATER_SAT, FORMATION) VALUES ('WELL00000000016-BH2', 1620, 0.2091, 417.3417, 0.3099, 'Barmer');
INSERT INTO welldata.PETROPHYSICS (UBHI, SAMPLE_DEPTH_M, POROSITY, PERMEABILITY, WATER_SAT, FORMATION) VALUES ('WELL00000000016-BH2', 1640, 0.2159, 5.8215, 0.5046, 'Barmer');
INSERT INTO welldata.PETROPHYSICS (UBHI, SAMPLE_DEPTH_M, POROSITY, PERMEABILITY, WATER_SAT, FORMATION) VALUES ('WELL00000000016-BH2', 1660, 0.0967, 250.4176, 0.511, 'Sanchore');
INSERT INTO welldata.PETROPHYSICS (UBHI, SAMPLE_DEPTH_M, POROSITY, PERMEABILITY, WATER_SAT, FORMATION) VALUES ('WELL00000000016-BH2', 1680, 0.2668, 68.9661, 0.2462, 'Bengal');
INSERT INTO welldata.PETROPHYSICS (UBHI, SAMPLE_DEPTH_M, POROSITY, PERMEABILITY, WATER_SAT, FORMATION) VALUES ('WELL00000000016-BH2', 1700, 0.0754, 268.5791, 0.5276, 'Barmer');
INSERT INTO welldata.PETROPHYSICS (UBHI, SAMPLE_DEPTH_M, POROSITY, PERMEABILITY, WATER_SAT, FORMATION) VALUES ('WELL00000000016-BH2', 1720, 0.2647, 182.5206, 0.6006, 'Rajahmundry');
INSERT INTO welldata.PETROPHYSICS (UBHI, SAMPLE_DEPTH_M, POROSITY, PERMEABILITY, WATER_SAT, FORMATION) VALUES ('WELL00000000016-BH2', 1740, 0.2402, 373.866, 0.3463, 'Bengal');
INSERT INTO welldata.PETROPHYSICS (UBHI, SAMPLE_DEPTH_M, POROSITY, PERMEABILITY, WATER_SAT, FORMATION) VALUES ('WELL00000000016-BH2', 1760, 0.0487, 447.4882, 0.2685, 'Sanchore');
INSERT INTO welldata.PETROPHYSICS (UBHI, SAMPLE_DEPTH_M, POROSITY, PERMEABILITY, WATER_SAT, FORMATION) VALUES ('WELL00000000016-BH2', 1780, 0.1017, 97.388, 0.178, 'Barmer');
INSERT INTO welldata.PETROPHYSICS (UBHI, SAMPLE_DEPTH_M, POROSITY, PERMEABILITY, WATER_SAT, FORMATION) VALUES ('WELL00000000016-BH2', 1800, 0.2095, 437.2551, 0.6734, 'Sanchore');
INSERT INTO welldata.PETROPHYSICS (UBHI, SAMPLE_DEPTH_M, POROSITY, PERMEABILITY, WATER_SAT, FORMATION) VALUES ('WELL00000000016-BH2', 1820, 0.2681, 101.0298, 0.5062, 'Sanchore');
INSERT INTO welldata.PETROPHYSICS (UBHI, SAMPLE_DEPTH_M, POROSITY, PERMEABILITY, WATER_SAT, FORMATION) VALUES ('WELL00000000016-BH2', 1840, 0.0442, 445.7849, 0.6654, 'Rajahmundry');
INSERT INTO welldata.PETROPHYSICS (UBHI, SAMPLE_DEPTH_M, POROSITY, PERMEABILITY, WATER_SAT, FORMATION) VALUES ('WELL00000000016-BH2', 1860, 0.1179, 237.0137, 0.5907, 'Barmer');
INSERT INTO welldata.PETROPHYSICS (UBHI, SAMPLE_DEPTH_M, POROSITY, PERMEABILITY, WATER_SAT, FORMATION) VALUES ('WELL00000000016-BH2', 1880, 0.2588, 385.3703, 0.1553, 'Rajahmundry');
INSERT INTO welldata.PETROPHYSICS (UBHI, SAMPLE_DEPTH_M, POROSITY, PERMEABILITY, WATER_SAT, FORMATION) VALUES ('WELL00000000016-BH2', 1900, 0.2187, 376.5461, 0.1669, 'Barmer');
INSERT INTO welldata.PETROPHYSICS (UBHI, SAMPLE_DEPTH_M, POROSITY, PERMEABILITY, WATER_SAT, FORMATION) VALUES ('WELL00000000016-BH2', 1920, 0.2736, 443.053, 0.4302, 'Bengal');
INSERT INTO welldata.PETROPHYSICS (UBHI, SAMPLE_DEPTH_M, POROSITY, PERMEABILITY, WATER_SAT, FORMATION) VALUES ('WELL00000000016-BH2', 1940, 0.049, 80.3625, 0.2908, 'Bengal');
INSERT INTO welldata.PETROPHYSICS (UBHI, SAMPLE_DEPTH_M, POROSITY, PERMEABILITY, WATER_SAT, FORMATION) VALUES ('WELL00000000016-BH2', 1960, 0.2089, 104.9943, 0.7258, 'Rajahmundry');
INSERT INTO welldata.PETROPHYSICS (UBHI, SAMPLE_DEPTH_M, POROSITY, PERMEABILITY, WATER_SAT, FORMATION) VALUES ('WELL00000000016-BH2', 1980, 0.0422, 122.9443, 0.563, 'Bengal');
INSERT INTO welldata.PETROPHYSICS (UBHI, SAMPLE_DEPTH_M, POROSITY, PERMEABILITY, WATER_SAT, FORMATION) VALUES ('WELL00000000016-BH2', 2000, 0.1437, 67.8235, 0.3344, 'Bengal');
INSERT INTO welldata.PETROPHYSICS (UBHI, SAMPLE_DEPTH_M, POROSITY, PERMEABILITY, WATER_SAT, FORMATION) VALUES ('WELL00000000016-BH2', 2020, 0.1643, 316.5361, 0.729, 'Sanchore');
INSERT INTO welldata.PETROPHYSICS (UBHI, SAMPLE_DEPTH_M, POROSITY, PERMEABILITY, WATER_SAT, FORMATION) VALUES ('WELL00000000016-BH2', 2040, 0.1801, 369.5761, 0.6287, 'Sanchore');
INSERT INTO welldata.PETROPHYSICS (UBHI, SAMPLE_DEPTH_M, POROSITY, PERMEABILITY, WATER_SAT, FORMATION) VALUES ('WELL00000000016-BH2', 2060, 0.2197, 222.3832, 0.7301, 'Rajahmundry');
INSERT INTO welldata.PETROPHYSICS (UBHI, SAMPLE_DEPTH_M, POROSITY, PERMEABILITY, WATER_SAT, FORMATION) VALUES ('WELL00000000016-BH2', 2080, 0.2258, 100.2811, 0.5017, 'Sanchore');
INSERT INTO welldata.PETROPHYSICS (UBHI, SAMPLE_DEPTH_M, POROSITY, PERMEABILITY, WATER_SAT, FORMATION) VALUES ('WELL00000000016-BH2', 2100, 0.0775, 314.2981, 0.271, 'Barmer');
INSERT INTO welldata.PETROPHYSICS (UBHI, SAMPLE_DEPTH_M, POROSITY, PERMEABILITY, WATER_SAT, FORMATION) VALUES ('WELL00000000016-BH2', 2120, 0.2055, 63.6661, 0.5555, 'Sanchore');
INSERT INTO welldata.PETROPHYSICS (UBHI, SAMPLE_DEPTH_M, POROSITY, PERMEABILITY, WATER_SAT, FORMATION) VALUES ('WELL00000000016-BH2', 2140, 0.137, 422.5563, 0.4762, 'Barmer');
INSERT INTO welldata.PETROPHYSICS (UBHI, SAMPLE_DEPTH_M, POROSITY, PERMEABILITY, WATER_SAT, FORMATION) VALUES ('WELL00000000016-BH2', 2160, 0.1089, 45.3412, 0.1977, 'Rajahmundry');
INSERT INTO welldata.PETROPHYSICS (UBHI, SAMPLE_DEPTH_M, POROSITY, PERMEABILITY, WATER_SAT, FORMATION) VALUES ('WELL00000000016-BH2', 2180, 0.2555, 182.2777, 0.6119, 'Bengal');
INSERT INTO welldata.PETROPHYSICS (UBHI, SAMPLE_DEPTH_M, POROSITY, PERMEABILITY, WATER_SAT, FORMATION) VALUES ('WELL00000000016-BH2', 2200, 0.2466, 166.7583, 0.3199, 'Barmer');
INSERT INTO welldata.PETROPHYSICS (UBHI, SAMPLE_DEPTH_M, POROSITY, PERMEABILITY, WATER_SAT, FORMATION) VALUES ('WELL00000000016-BH2', 2220, 0.1427, 412.6418, 0.29, 'Rajahmundry');
INSERT INTO welldata.PETROPHYSICS (UBHI, SAMPLE_DEPTH_M, POROSITY, PERMEABILITY, WATER_SAT, FORMATION) VALUES ('WELL00000000016-BH2', 2240, 0.0829, 313.6754, 0.3036, 'Rajahmundry');
INSERT INTO welldata.PETROPHYSICS (UBHI, SAMPLE_DEPTH_M, POROSITY, PERMEABILITY, WATER_SAT, FORMATION) VALUES ('WELL00000000016-BH2', 2260, 0.1192, 367.3653, 0.4902, 'Bengal');
INSERT INTO welldata.PETROPHYSICS (UBHI, SAMPLE_DEPTH_M, POROSITY, PERMEABILITY, WATER_SAT, FORMATION) VALUES ('WELL00000000016-BH2', 2280, 0.1366, 188.3126, 0.505, 'Rajahmundry');
INSERT INTO welldata.PETROPHYSICS (UBHI, SAMPLE_DEPTH_M, POROSITY, PERMEABILITY, WATER_SAT, FORMATION) VALUES ('WELL00000000016-BH2', 2300, 0.088, 1.0811, 0.1718, 'Bengal');
INSERT INTO welldata.PETROPHYSICS (UBHI, SAMPLE_DEPTH_M, POROSITY, PERMEABILITY, WATER_SAT, FORMATION) VALUES ('WELL00000000016-BH2', 2320, 0.0649, 177.7989, 0.6667, 'Barmer');
INSERT INTO welldata.PETROPHYSICS (UBHI, SAMPLE_DEPTH_M, POROSITY, PERMEABILITY, WATER_SAT, FORMATION) VALUES ('WELL00000000016-BH2', 2340, 0.1606, 307.218, 0.7364, 'Bengal');
INSERT INTO welldata.PETROPHYSICS (UBHI, SAMPLE_DEPTH_M, POROSITY, PERMEABILITY, WATER_SAT, FORMATION) VALUES ('WELL00000000016-BH2', 2360, 0.1871, 138.1941, 0.398, 'Rajahmundry');
INSERT INTO welldata.PETROPHYSICS (UBHI, SAMPLE_DEPTH_M, POROSITY, PERMEABILITY, WATER_SAT, FORMATION) VALUES ('WELL00000000016-BH2', 2380, 0.0564, 221.0232, 0.5508, 'Rajahmundry');
INSERT INTO welldata.PETROPHYSICS (UBHI, SAMPLE_DEPTH_M, POROSITY, PERMEABILITY, WATER_SAT, FORMATION) VALUES ('WELL00000000016-BH2', 2400, 0.1898, 276.8194, 0.2907, 'Bengal');
INSERT INTO welldata.PETROPHYSICS (UBHI, SAMPLE_DEPTH_M, POROSITY, PERMEABILITY, WATER_SAT, FORMATION) VALUES ('WELL00000000016-BH2', 2420, 0.1765, 70.7964, 0.3688, 'Sanchore');
INSERT INTO welldata.PETROPHYSICS (UBHI, SAMPLE_DEPTH_M, POROSITY, PERMEABILITY, WATER_SAT, FORMATION) VALUES ('WELL00000000016-BH2', 2440, 0.1577, 304.9807, 0.4179, 'Barmer');
INSERT INTO welldata.PETROPHYSICS (UBHI, SAMPLE_DEPTH_M, POROSITY, PERMEABILITY, WATER_SAT, FORMATION) VALUES ('WELL00000000016-BH2', 2460, 0.1151, 377.1277, 0.7362, 'Barmer');
INSERT INTO welldata.PETROPHYSICS (UBHI, SAMPLE_DEPTH_M, POROSITY, PERMEABILITY, WATER_SAT, FORMATION) VALUES ('WELL00000000016-BH2', 2480, 0.2331, 413.9765, 0.6911, 'Bengal');
INSERT INTO welldata.PETROPHYSICS (UBHI, SAMPLE_DEPTH_M, POROSITY, PERMEABILITY, WATER_SAT, FORMATION) VALUES ('WELL00000000016-BH2', 2500, 0.0495, 416.2778, 0.6468, 'Rajahmundry');
INSERT INTO welldata.PETROPHYSICS (UBHI, SAMPLE_DEPTH_M, POROSITY, PERMEABILITY, WATER_SAT, FORMATION) VALUES ('WELL00000000016-BH2', 2520, 0.1013, 356.6849, 0.593, 'Sanchore');
INSERT INTO welldata.PETROPHYSICS (UBHI, SAMPLE_DEPTH_M, POROSITY, PERMEABILITY, WATER_SAT, FORMATION) VALUES ('WELL00000000016-BH2', 2540, 0.157, 387.5779, 0.7288, 'Rajahmundry');
INSERT INTO welldata.PETROPHYSICS (UBHI, SAMPLE_DEPTH_M, POROSITY, PERMEABILITY, WATER_SAT, FORMATION) VALUES ('WELL00000000016-BH2', 2560, 0.2493, 49.8236, 0.2115, 'Sanchore');
INSERT INTO welldata.PETROPHYSICS (UBHI, SAMPLE_DEPTH_M, POROSITY, PERMEABILITY, WATER_SAT, FORMATION) VALUES ('WELL00000000016-BH2', 2580, 0.2478, 90.5952, 0.1611, 'Bengal');
INSERT INTO welldata.PETROPHYSICS (UBHI, SAMPLE_DEPTH_M, POROSITY, PERMEABILITY, WATER_SAT, FORMATION) VALUES ('WELL00000000016-BH2', 2600, 0.0533, 65.1541, 0.3337, 'Sanchore');
INSERT INTO welldata.PETROPHYSICS (UBHI, SAMPLE_DEPTH_M, POROSITY, PERMEABILITY, WATER_SAT, FORMATION) VALUES ('WELL00000000016-BH2', 2620, 0.2742, 79.6192, 0.718, 'Barmer');
INSERT INTO welldata.PETROPHYSICS (UBHI, SAMPLE_DEPTH_M, POROSITY, PERMEABILITY, WATER_SAT, FORMATION) VALUES ('WELL00000000016-BH2', 2640, 0.1239, 447.3017, 0.4928, 'Rajahmundry');
INSERT INTO welldata.PETROPHYSICS (UBHI, SAMPLE_DEPTH_M, POROSITY, PERMEABILITY, WATER_SAT, FORMATION) VALUES ('WELL00000000016-BH2', 2660, 0.1667, 275.1018, 0.1631, 'Bengal');
INSERT INTO welldata.PETROPHYSICS (UBHI, SAMPLE_DEPTH_M, POROSITY, PERMEABILITY, WATER_SAT, FORMATION) VALUES ('WELL00000000016-BH2', 2680, 0.2712, 166.1948, 0.3136, 'Bengal');
INSERT INTO welldata.PETROPHYSICS (UBHI, SAMPLE_DEPTH_M, POROSITY, PERMEABILITY, WATER_SAT, FORMATION) VALUES ('WELL00000000016-BH2', 2700, 0.1409, 333.1873, 0.4796, 'Bengal');
INSERT INTO welldata.PETROPHYSICS (UBHI, SAMPLE_DEPTH_M, POROSITY, PERMEABILITY, WATER_SAT, FORMATION) VALUES ('WELL00000000016-BH2', 2720, 0.2777, 279.6432, 0.1709, 'Barmer');
INSERT INTO welldata.PETROPHYSICS (UBHI, SAMPLE_DEPTH_M, POROSITY, PERMEABILITY, WATER_SAT, FORMATION) VALUES ('WELL00000000016-BH2', 2740, 0.1481, 173.9836, 0.4871, 'Bengal');
INSERT INTO welldata.PETROPHYSICS (UBHI, SAMPLE_DEPTH_M, POROSITY, PERMEABILITY, WATER_SAT, FORMATION) VALUES ('WELL00000000016-BH2', 2760, 0.0812, 12.3119, 0.6938, 'Barmer');
INSERT INTO welldata.PETROPHYSICS (UBHI, SAMPLE_DEPTH_M, POROSITY, PERMEABILITY, WATER_SAT, FORMATION) VALUES ('WELL00000000016-BH2', 2780, 0.2016, 35.6947, 0.7376, 'Rajahmundry');
INSERT INTO welldata.PETROPHYSICS (UBHI, SAMPLE_DEPTH_M, POROSITY, PERMEABILITY, WATER_SAT, FORMATION) VALUES ('WELL00000000016-BH2', 2800, 0.0968, 53.6807, 0.2535, 'Sanchore');
INSERT INTO welldata.PETROPHYSICS (UBHI, SAMPLE_DEPTH_M, POROSITY, PERMEABILITY, WATER_SAT, FORMATION) VALUES ('WELL00000000016-BH2', 2820, 0.1732, 88.3983, 0.1755, 'Barmer');
INSERT INTO welldata.PETROPHYSICS (UBHI, SAMPLE_DEPTH_M, POROSITY, PERMEABILITY, WATER_SAT, FORMATION) VALUES ('WELL00000000016-BH2', 2840, 0.0443, 119.5811, 0.6158, 'Barmer');
INSERT INTO welldata.PETROPHYSICS (UBHI, SAMPLE_DEPTH_M, POROSITY, PERMEABILITY, WATER_SAT, FORMATION) VALUES ('WELL00000000016-BH2', 2860, 0.1278, 171.1952, 0.6182, 'Rajahmundry');
INSERT INTO welldata.PETROPHYSICS (UBHI, SAMPLE_DEPTH_M, POROSITY, PERMEABILITY, WATER_SAT, FORMATION) VALUES ('WELL00000000016-BH2', 2880, 0.0896, 311.9682, 0.3548, 'Barmer');
INSERT INTO welldata.PETROPHYSICS (UBHI, SAMPLE_DEPTH_M, POROSITY, PERMEABILITY, WATER_SAT, FORMATION) VALUES ('WELL00000000016-BH2', 2900, 0.1531, 151.0052, 0.5963, 'Rajahmundry');
INSERT INTO welldata.PETROPHYSICS (UBHI, SAMPLE_DEPTH_M, POROSITY, PERMEABILITY, WATER_SAT, FORMATION) VALUES ('WELL00000000016-BH2', 2920, 0.1015, 291.8892, 0.6693, 'Sanchore');
INSERT INTO welldata.PETROPHYSICS (UBHI, SAMPLE_DEPTH_M, POROSITY, PERMEABILITY, WATER_SAT, FORMATION) VALUES ('WELL00000000016-BH2', 2940, 0.1688, 106.9603, 0.6505, 'Sanchore');
INSERT INTO welldata.PETROPHYSICS (UBHI, SAMPLE_DEPTH_M, POROSITY, PERMEABILITY, WATER_SAT, FORMATION) VALUES ('WELL00000000016-BH2', 2960, 0.0517, 18.7527, 0.4057, 'Rajahmundry');
INSERT INTO welldata.PETROPHYSICS (UBHI, SAMPLE_DEPTH_M, POROSITY, PERMEABILITY, WATER_SAT, FORMATION) VALUES ('WELL00000000016-BH2', 2980, 0.193, 67.8869, 0.5156, 'Sanchore');
INSERT INTO welldata.PETROPHYSICS (UBHI, SAMPLE_DEPTH_M, POROSITY, PERMEABILITY, WATER_SAT, FORMATION) VALUES ('WELL00000000016-BH2', 3000, 0.1769, 44.3841, 0.1517, 'Bengal');
INSERT INTO welldata.PRODUCTION (UWI, PROD_DATE, OIL_BBL, GAS_MCF, WATER_BBL, HOURS_ON) VALUES ('WELL00000000016', TO_DATE('2015-01-01','YYYY-MM-DD'), 380.74, 2778.76, 734.74, 467.32);
INSERT INTO welldata.PRODUCTION (UWI, PROD_DATE, OIL_BBL, GAS_MCF, WATER_BBL, HOURS_ON) VALUES ('WELL00000000016', TO_DATE('2015-02-01','YYYY-MM-DD'), 1799.16, 1799.58, 1327.62, 478.79);
INSERT INTO welldata.PRODUCTION (UWI, PROD_DATE, OIL_BBL, GAS_MCF, WATER_BBL, HOURS_ON) VALUES ('WELL00000000016', TO_DATE('2015-03-01','YYYY-MM-DD'), 431.71, 13629.5, 297.7, 589.86);
INSERT INTO welldata.PRODUCTION (UWI, PROD_DATE, OIL_BBL, GAS_MCF, WATER_BBL, HOURS_ON) VALUES ('WELL00000000016', TO_DATE('2015-04-01','YYYY-MM-DD'), 1108.86, 8919.78, 436.63, 661.32);
INSERT INTO welldata.PRODUCTION (UWI, PROD_DATE, OIL_BBL, GAS_MCF, WATER_BBL, HOURS_ON) VALUES ('WELL00000000016', TO_DATE('2015-05-01','YYYY-MM-DD'), 1651.8, 13077.8, 77.74, 309.09);
INSERT INTO welldata.PRODUCTION (UWI, PROD_DATE, OIL_BBL, GAS_MCF, WATER_BBL, HOURS_ON) VALUES ('WELL00000000016', TO_DATE('2015-06-01','YYYY-MM-DD'), 775.67, 11216.6, 376.59, 312.62);
INSERT INTO welldata.PRODUCTION (UWI, PROD_DATE, OIL_BBL, GAS_MCF, WATER_BBL, HOURS_ON) VALUES ('WELL00000000016', TO_DATE('2015-07-01','YYYY-MM-DD'), 1045.17, 173.47, 400.55, 174.74);
INSERT INTO welldata.PRODUCTION (UWI, PROD_DATE, OIL_BBL, GAS_MCF, WATER_BBL, HOURS_ON) VALUES ('WELL00000000016', TO_DATE('2015-08-01','YYYY-MM-DD'), 463.12, 8796.17, 1205.33, 148.12);
INSERT INTO welldata.PRODUCTION (UWI, PROD_DATE, OIL_BBL, GAS_MCF, WATER_BBL, HOURS_ON) VALUES ('WELL00000000016', TO_DATE('2015-09-01','YYYY-MM-DD'), 2590.57, 7799.39, 1242.59, 570.74);
INSERT INTO welldata.PRODUCTION (UWI, PROD_DATE, OIL_BBL, GAS_MCF, WATER_BBL, HOURS_ON) VALUES ('WELL00000000016', TO_DATE('2015-10-01','YYYY-MM-DD'), 595.69, 13853.22, 731.94, 370.22);
INSERT INTO welldata.PRODUCTION (UWI, PROD_DATE, OIL_BBL, GAS_MCF, WATER_BBL, HOURS_ON) VALUES ('WELL00000000016', TO_DATE('2015-11-01','YYYY-MM-DD'), 113.37, 114.31, 51.7, 235.71);
INSERT INTO welldata.PRODUCTION (UWI, PROD_DATE, OIL_BBL, GAS_MCF, WATER_BBL, HOURS_ON) VALUES ('WELL00000000016', TO_DATE('2015-12-01','YYYY-MM-DD'), 786.81, 10025.46, 173.08, 544.64);
INSERT INTO welldata.PRODUCTION (UWI, PROD_DATE, OIL_BBL, GAS_MCF, WATER_BBL, HOURS_ON) VALUES ('WELL00000000016', TO_DATE('2016-01-01','YYYY-MM-DD'), 785.26, 3901.08, 883.74, 434.72);
INSERT INTO welldata.PRODUCTION (UWI, PROD_DATE, OIL_BBL, GAS_MCF, WATER_BBL, HOURS_ON) VALUES ('WELL00000000016', TO_DATE('2016-02-01','YYYY-MM-DD'), 1740.74, 5212.26, 427.35, 417.42);
INSERT INTO welldata.PRODUCTION (UWI, PROD_DATE, OIL_BBL, GAS_MCF, WATER_BBL, HOURS_ON) VALUES ('WELL00000000016', TO_DATE('2016-03-01','YYYY-MM-DD'), 1852.66, 14518.55, 871.96, 544.67);
INSERT INTO welldata.PRODUCTION (UWI, PROD_DATE, OIL_BBL, GAS_MCF, WATER_BBL, HOURS_ON) VALUES ('WELL00000000016', TO_DATE('2016-04-01','YYYY-MM-DD'), 1212.83, 14980.01, 884.68, 319.77);
INSERT INTO welldata.PRODUCTION (UWI, PROD_DATE, OIL_BBL, GAS_MCF, WATER_BBL, HOURS_ON) VALUES ('WELL00000000016', TO_DATE('2016-05-01','YYYY-MM-DD'), 2908.92, 4385.64, 337.22, 678.42);
INSERT INTO welldata.PRODUCTION (UWI, PROD_DATE, OIL_BBL, GAS_MCF, WATER_BBL, HOURS_ON) VALUES ('WELL00000000016', TO_DATE('2016-06-01','YYYY-MM-DD'), 896.97, 6627.19, 532.08, 245.73);
INSERT INTO welldata.PRODUCTION (UWI, PROD_DATE, OIL_BBL, GAS_MCF, WATER_BBL, HOURS_ON) VALUES ('WELL00000000016', TO_DATE('2016-07-01','YYYY-MM-DD'), 1379.05, 5398.39, 1462.76, 123.68);
INSERT INTO welldata.PRODUCTION (UWI, PROD_DATE, OIL_BBL, GAS_MCF, WATER_BBL, HOURS_ON) VALUES ('WELL00000000016', TO_DATE('2016-08-01','YYYY-MM-DD'), 223.01, 12321.42, 340.23, 378.86);
INSERT INTO welldata.PRODUCTION (UWI, PROD_DATE, OIL_BBL, GAS_MCF, WATER_BBL, HOURS_ON) VALUES ('WELL00000000016', TO_DATE('2016-09-01','YYYY-MM-DD'), 591.26, 10341.99, 336.9, 184.68);
INSERT INTO welldata.PRODUCTION (UWI, PROD_DATE, OIL_BBL, GAS_MCF, WATER_BBL, HOURS_ON) VALUES ('WELL00000000016', TO_DATE('2016-10-01','YYYY-MM-DD'), 2585.64, 2715.59, 30.94, 417.28);
INSERT INTO welldata.PRODUCTION (UWI, PROD_DATE, OIL_BBL, GAS_MCF, WATER_BBL, HOURS_ON) VALUES ('WELL00000000016', TO_DATE('2016-11-01','YYYY-MM-DD'), 2407.03, 1476.42, 1051.15, 707.57);
INSERT INTO welldata.PRODUCTION (UWI, PROD_DATE, OIL_BBL, GAS_MCF, WATER_BBL, HOURS_ON) VALUES ('WELL00000000016', TO_DATE('2016-12-01','YYYY-MM-DD'), 404.09, 8585.48, 1440.47, 492.43);
INSERT INTO welldata.PRODUCTION (UWI, PROD_DATE, OIL_BBL, GAS_MCF, WATER_BBL, HOURS_ON) VALUES ('WELL00000000016', TO_DATE('2017-01-01','YYYY-MM-DD'), 1097.15, 4838.33, 53.85, 587.49);
INSERT INTO welldata.PRODUCTION (UWI, PROD_DATE, OIL_BBL, GAS_MCF, WATER_BBL, HOURS_ON) VALUES ('WELL00000000016', TO_DATE('2017-02-01','YYYY-MM-DD'), 521.4, 12087.07, 472.17, 500.2);
INSERT INTO welldata.PRODUCTION (UWI, PROD_DATE, OIL_BBL, GAS_MCF, WATER_BBL, HOURS_ON) VALUES ('WELL00000000016', TO_DATE('2017-03-01','YYYY-MM-DD'), 1923.35, 6376.58, 1081.79, 154.09);
INSERT INTO welldata.PRODUCTION (UWI, PROD_DATE, OIL_BBL, GAS_MCF, WATER_BBL, HOURS_ON) VALUES ('WELL00000000016', TO_DATE('2017-04-01','YYYY-MM-DD'), 1113.89, 1755.71, 837.93, 320.04);
INSERT INTO welldata.PRODUCTION (UWI, PROD_DATE, OIL_BBL, GAS_MCF, WATER_BBL, HOURS_ON) VALUES ('WELL00000000016', TO_DATE('2017-05-01','YYYY-MM-DD'), 665.33, 13699.87, 93.74, 542.9);
INSERT INTO welldata.PRODUCTION (UWI, PROD_DATE, OIL_BBL, GAS_MCF, WATER_BBL, HOURS_ON) VALUES ('WELL00000000016', TO_DATE('2017-06-01','YYYY-MM-DD'), 875.0, 8382.59, 38.66, 525.64);
INSERT INTO welldata.PRODUCTION (UWI, PROD_DATE, OIL_BBL, GAS_MCF, WATER_BBL, HOURS_ON) VALUES ('WELL00000000016', TO_DATE('2017-07-01','YYYY-MM-DD'), 2567.73, 11089.45, 710.19, 144.85);
INSERT INTO welldata.PRODUCTION (UWI, PROD_DATE, OIL_BBL, GAS_MCF, WATER_BBL, HOURS_ON) VALUES ('WELL00000000016', TO_DATE('2017-08-01','YYYY-MM-DD'), 79.81, 10334.96, 751.66, 146.44);
INSERT INTO welldata.PRODUCTION (UWI, PROD_DATE, OIL_BBL, GAS_MCF, WATER_BBL, HOURS_ON) VALUES ('WELL00000000016', TO_DATE('2017-09-01','YYYY-MM-DD'), 1071.21, 686.28, 1267.59, 185.02);
INSERT INTO welldata.PRODUCTION (UWI, PROD_DATE, OIL_BBL, GAS_MCF, WATER_BBL, HOURS_ON) VALUES ('WELL00000000016', TO_DATE('2017-10-01','YYYY-MM-DD'), 566.7, 5578.08, 543.19, 446.08);
INSERT INTO welldata.PRODUCTION (UWI, PROD_DATE, OIL_BBL, GAS_MCF, WATER_BBL, HOURS_ON) VALUES ('WELL00000000016', TO_DATE('2017-11-01','YYYY-MM-DD'), 567.69, 6539.55, 444.07, 368.04);
INSERT INTO welldata.PRODUCTION (UWI, PROD_DATE, OIL_BBL, GAS_MCF, WATER_BBL, HOURS_ON) VALUES ('WELL00000000016', TO_DATE('2017-12-01','YYYY-MM-DD'), 2631.31, 6163.85, 1499.58, 526.55);
INSERT INTO welldata.PRODUCTION (UWI, PROD_DATE, OIL_BBL, GAS_MCF, WATER_BBL, HOURS_ON) VALUES ('WELL00000000016', TO_DATE('2018-01-01','YYYY-MM-DD'), 1466.15, 4073.04, 157.21, 535.27);
INSERT INTO welldata.PRODUCTION (UWI, PROD_DATE, OIL_BBL, GAS_MCF, WATER_BBL, HOURS_ON) VALUES ('WELL00000000016', TO_DATE('2018-02-01','YYYY-MM-DD'), 1508.28, 8603.4, 307.71, 617.58);
INSERT INTO welldata.PRODUCTION (UWI, PROD_DATE, OIL_BBL, GAS_MCF, WATER_BBL, HOURS_ON) VALUES ('WELL00000000016', TO_DATE('2018-03-01','YYYY-MM-DD'), 598.59, 14211.54, 1057.36, 428.95);
INSERT INTO welldata.PRODUCTION (UWI, PROD_DATE, OIL_BBL, GAS_MCF, WATER_BBL, HOURS_ON) VALUES ('WELL00000000016', TO_DATE('2018-04-01','YYYY-MM-DD'), 1629.62, 7774.67, 1302.72, 189.57);
INSERT INTO welldata.PRODUCTION (UWI, PROD_DATE, OIL_BBL, GAS_MCF, WATER_BBL, HOURS_ON) VALUES ('WELL00000000016', TO_DATE('2018-05-01','YYYY-MM-DD'), 800.45, 2853.05, 1021.11, 318.42);
INSERT INTO welldata.PRODUCTION (UWI, PROD_DATE, OIL_BBL, GAS_MCF, WATER_BBL, HOURS_ON) VALUES ('WELL00000000016', TO_DATE('2018-06-01','YYYY-MM-DD'), 2065.73, 10750.06, 615.44, 294.02);
INSERT INTO welldata.PRODUCTION (UWI, PROD_DATE, OIL_BBL, GAS_MCF, WATER_BBL, HOURS_ON) VALUES ('WELL00000000016', TO_DATE('2018-07-01','YYYY-MM-DD'), 2102.47, 8517.4, 745.69, 381.09);
INSERT INTO welldata.PRODUCTION (UWI, PROD_DATE, OIL_BBL, GAS_MCF, WATER_BBL, HOURS_ON) VALUES ('WELL00000000016', TO_DATE('2018-08-01','YYYY-MM-DD'), 2686.43, 8336.82, 934.13, 256.98);
INSERT INTO welldata.PRODUCTION (UWI, PROD_DATE, OIL_BBL, GAS_MCF, WATER_BBL, HOURS_ON) VALUES ('WELL00000000016', TO_DATE('2018-09-01','YYYY-MM-DD'), 1784.17, 4849.44, 212.55, 555.93);
INSERT INTO welldata.PRODUCTION (UWI, PROD_DATE, OIL_BBL, GAS_MCF, WATER_BBL, HOURS_ON) VALUES ('WELL00000000016', TO_DATE('2018-10-01','YYYY-MM-DD'), 2019.3, 10877.1, 797.18, 285.8);
INSERT INTO welldata.PRODUCTION (UWI, PROD_DATE, OIL_BBL, GAS_MCF, WATER_BBL, HOURS_ON) VALUES ('WELL00000000016', TO_DATE('2018-11-01','YYYY-MM-DD'), 1381.91, 2948.11, 1224.61, 300.78);
INSERT INTO welldata.PRODUCTION (UWI, PROD_DATE, OIL_BBL, GAS_MCF, WATER_BBL, HOURS_ON) VALUES ('WELL00000000016', TO_DATE('2018-12-01','YYYY-MM-DD'), 1836.29, 6866.13, 653.28, 568.05);
INSERT INTO welldata.PRODUCTION (UWI, PROD_DATE, OIL_BBL, GAS_MCF, WATER_BBL, HOURS_ON) VALUES ('WELL00000000016', TO_DATE('2019-01-01','YYYY-MM-DD'), 1454.61, 6695.6, 20.08, 495.18);
INSERT INTO welldata.PRODUCTION (UWI, PROD_DATE, OIL_BBL, GAS_MCF, WATER_BBL, HOURS_ON) VALUES ('WELL00000000016', TO_DATE('2019-02-01','YYYY-MM-DD'), 123.03, 1354.39, 997.75, 528.99);
INSERT INTO welldata.PRODUCTION (UWI, PROD_DATE, OIL_BBL, GAS_MCF, WATER_BBL, HOURS_ON) VALUES ('WELL00000000016', TO_DATE('2019-03-01','YYYY-MM-DD'), 1057.24, 8792.2, 1294.43, 564.32);
INSERT INTO welldata.PRODUCTION (UWI, PROD_DATE, OIL_BBL, GAS_MCF, WATER_BBL, HOURS_ON) VALUES ('WELL00000000016', TO_DATE('2019-04-01','YYYY-MM-DD'), 1303.43, 9324.58, 1443.16, 713.26);
INSERT INTO welldata.PRODUCTION (UWI, PROD_DATE, OIL_BBL, GAS_MCF, WATER_BBL, HOURS_ON) VALUES ('WELL00000000016', TO_DATE('2019-05-01','YYYY-MM-DD'), 2952.01, 294.97, 1141.99, 343.19);
INSERT INTO welldata.PRODUCTION (UWI, PROD_DATE, OIL_BBL, GAS_MCF, WATER_BBL, HOURS_ON) VALUES ('WELL00000000016', TO_DATE('2019-06-01','YYYY-MM-DD'), 776.43, 12330.79, 761.53, 711.52);
INSERT INTO welldata.PRODUCTION (UWI, PROD_DATE, OIL_BBL, GAS_MCF, WATER_BBL, HOURS_ON) VALUES ('WELL00000000016', TO_DATE('2019-07-01','YYYY-MM-DD'), 1711.64, 8511.7, 1332.08, 617.35);
INSERT INTO welldata.PRODUCTION (UWI, PROD_DATE, OIL_BBL, GAS_MCF, WATER_BBL, HOURS_ON) VALUES ('WELL00000000016', TO_DATE('2019-08-01','YYYY-MM-DD'), 2277.43, 9253.1, 782.72, 665.31);
INSERT INTO welldata.PRODUCTION (UWI, PROD_DATE, OIL_BBL, GAS_MCF, WATER_BBL, HOURS_ON) VALUES ('WELL00000000016', TO_DATE('2019-09-01','YYYY-MM-DD'), 1804.45, 7437.77, 1057.63, 405.53);
INSERT INTO welldata.PRODUCTION (UWI, PROD_DATE, OIL_BBL, GAS_MCF, WATER_BBL, HOURS_ON) VALUES ('WELL00000000016', TO_DATE('2019-10-01','YYYY-MM-DD'), 1297.74, 6672.65, 395.45, 586.18);
INSERT INTO welldata.PRODUCTION (UWI, PROD_DATE, OIL_BBL, GAS_MCF, WATER_BBL, HOURS_ON) VALUES ('WELL00000000016', TO_DATE('2019-11-01','YYYY-MM-DD'), 492.66, 5829.11, 988.1, 445.58);
INSERT INTO welldata.PRODUCTION (UWI, PROD_DATE, OIL_BBL, GAS_MCF, WATER_BBL, HOURS_ON) VALUES ('WELL00000000016', TO_DATE('2019-12-01','YYYY-MM-DD'), 981.1, 11772.93, 820.1, 569.99);
INSERT INTO welldata.PRODUCTION (UWI, PROD_DATE, OIL_BBL, GAS_MCF, WATER_BBL, HOURS_ON) VALUES ('WELL00000000016', TO_DATE('2020-01-01','YYYY-MM-DD'), 2112.73, 5351.14, 1245.62, 651.93);
INSERT INTO welldata.PRODUCTION (UWI, PROD_DATE, OIL_BBL, GAS_MCF, WATER_BBL, HOURS_ON) VALUES ('WELL00000000016', TO_DATE('2020-02-01','YYYY-MM-DD'), 1653.97, 166.17, 617.85, 290.15);
INSERT INTO welldata.PRODUCTION (UWI, PROD_DATE, OIL_BBL, GAS_MCF, WATER_BBL, HOURS_ON) VALUES ('WELL00000000016', TO_DATE('2020-03-01','YYYY-MM-DD'), 378.53, 12127.82, 1390.76, 510.82);
INSERT INTO welldata.PRODUCTION (UWI, PROD_DATE, OIL_BBL, GAS_MCF, WATER_BBL, HOURS_ON) VALUES ('WELL00000000016', TO_DATE('2020-04-01','YYYY-MM-DD'), 374.15, 10700.54, 1320.48, 544.93);
INSERT INTO welldata.PRODUCTION (UWI, PROD_DATE, OIL_BBL, GAS_MCF, WATER_BBL, HOURS_ON) VALUES ('WELL00000000016', TO_DATE('2020-05-01','YYYY-MM-DD'), 590.7, 5893.01, 885.22, 154.35);
INSERT INTO welldata.PRODUCTION (UWI, PROD_DATE, OIL_BBL, GAS_MCF, WATER_BBL, HOURS_ON) VALUES ('WELL00000000016', TO_DATE('2020-06-01','YYYY-MM-DD'), 1421.1, 2279.38, 700.16, 545.32);
INSERT INTO welldata.PRODUCTION (UWI, PROD_DATE, OIL_BBL, GAS_MCF, WATER_BBL, HOURS_ON) VALUES ('WELL00000000016', TO_DATE('2020-07-01','YYYY-MM-DD'), 2595.31, 493.84, 157.56, 342.3);
INSERT INTO welldata.PRODUCTION (UWI, PROD_DATE, OIL_BBL, GAS_MCF, WATER_BBL, HOURS_ON) VALUES ('WELL00000000016', TO_DATE('2020-08-01','YYYY-MM-DD'), 530.59, 606.87, 914.58, 299.49);
INSERT INTO welldata.PRODUCTION (UWI, PROD_DATE, OIL_BBL, GAS_MCF, WATER_BBL, HOURS_ON) VALUES ('WELL00000000016', TO_DATE('2020-09-01','YYYY-MM-DD'), 526.71, 14153.75, 1301.84, 336.34);
INSERT INTO welldata.PRODUCTION (UWI, PROD_DATE, OIL_BBL, GAS_MCF, WATER_BBL, HOURS_ON) VALUES ('WELL00000000016', TO_DATE('2020-10-01','YYYY-MM-DD'), 254.17, 5259.35, 1392.45, 561.44);
INSERT INTO welldata.PRODUCTION (UWI, PROD_DATE, OIL_BBL, GAS_MCF, WATER_BBL, HOURS_ON) VALUES ('WELL00000000016', TO_DATE('2020-11-01','YYYY-MM-DD'), 1640.33, 1275.79, 1202.84, 710.57);
INSERT INTO welldata.PRODUCTION (UWI, PROD_DATE, OIL_BBL, GAS_MCF, WATER_BBL, HOURS_ON) VALUES ('WELL00000000016', TO_DATE('2020-12-01','YYYY-MM-DD'), 2024.17, 7499.07, 627.47, 359.04);
INSERT INTO welldata.PRODUCTION (UWI, PROD_DATE, OIL_BBL, GAS_MCF, WATER_BBL, HOURS_ON) VALUES ('WELL00000000016', TO_DATE('2021-01-01','YYYY-MM-DD'), 708.85, 660.32, 679.73, 713.28);
INSERT INTO welldata.PRODUCTION (UWI, PROD_DATE, OIL_BBL, GAS_MCF, WATER_BBL, HOURS_ON) VALUES ('WELL00000000016', TO_DATE('2021-02-01','YYYY-MM-DD'), 1798.34, 10686.5, 1366.76, 439.12);
INSERT INTO welldata.PRODUCTION (UWI, PROD_DATE, OIL_BBL, GAS_MCF, WATER_BBL, HOURS_ON) VALUES ('WELL00000000016', TO_DATE('2021-03-01','YYYY-MM-DD'), 1792.73, 4094.86, 417.32, 259.45);
INSERT INTO welldata.PRODUCTION (UWI, PROD_DATE, OIL_BBL, GAS_MCF, WATER_BBL, HOURS_ON) VALUES ('WELL00000000016', TO_DATE('2021-04-01','YYYY-MM-DD'), 1681.08, 5881.29, 691.88, 459.68);
INSERT INTO welldata.PRODUCTION (UWI, PROD_DATE, OIL_BBL, GAS_MCF, WATER_BBL, HOURS_ON) VALUES ('WELL00000000016', TO_DATE('2021-05-01','YYYY-MM-DD'), 2788.26, 3664.96, 315.18, 578.41);
INSERT INTO welldata.PRODUCTION (UWI, PROD_DATE, OIL_BBL, GAS_MCF, WATER_BBL, HOURS_ON) VALUES ('WELL00000000016', TO_DATE('2021-06-01','YYYY-MM-DD'), 2025.2, 654.03, 1194.91, 459.19);
INSERT INTO welldata.PRODUCTION (UWI, PROD_DATE, OIL_BBL, GAS_MCF, WATER_BBL, HOURS_ON) VALUES ('WELL00000000016', TO_DATE('2021-07-01','YYYY-MM-DD'), 1243.77, 851.71, 1022.39, 374.14);
INSERT INTO welldata.PRODUCTION (UWI, PROD_DATE, OIL_BBL, GAS_MCF, WATER_BBL, HOURS_ON) VALUES ('WELL00000000016', TO_DATE('2021-08-01','YYYY-MM-DD'), 2100.94, 1478.27, 44.69, 219.73);
INSERT INTO welldata.PRODUCTION (UWI, PROD_DATE, OIL_BBL, GAS_MCF, WATER_BBL, HOURS_ON) VALUES ('WELL00000000016', TO_DATE('2021-09-01','YYYY-MM-DD'), 2405.2, 3790.6, 99.45, 284.17);
INSERT INTO welldata.PRODUCTION (UWI, PROD_DATE, OIL_BBL, GAS_MCF, WATER_BBL, HOURS_ON) VALUES ('WELL00000000016', TO_DATE('2021-10-01','YYYY-MM-DD'), 2750.95, 11113.05, 1146.09, 132.08);
INSERT INTO welldata.PRODUCTION (UWI, PROD_DATE, OIL_BBL, GAS_MCF, WATER_BBL, HOURS_ON) VALUES ('WELL00000000016', TO_DATE('2021-11-01','YYYY-MM-DD'), 265.93, 11717.74, 343.67, 299.73);
INSERT INTO welldata.PRODUCTION (UWI, PROD_DATE, OIL_BBL, GAS_MCF, WATER_BBL, HOURS_ON) VALUES ('WELL00000000016', TO_DATE('2021-12-01','YYYY-MM-DD'), 510.11, 12740.71, 52.36, 614.86);
INSERT INTO welldata.PRODUCTION (UWI, PROD_DATE, OIL_BBL, GAS_MCF, WATER_BBL, HOURS_ON) VALUES ('WELL00000000016', TO_DATE('2022-01-01','YYYY-MM-DD'), 1395.71, 9858.76, 983.67, 561.14);
INSERT INTO welldata.PRODUCTION (UWI, PROD_DATE, OIL_BBL, GAS_MCF, WATER_BBL, HOURS_ON) VALUES ('WELL00000000016', TO_DATE('2022-02-01','YYYY-MM-DD'), 2884.65, 1575.34, 734.27, 179.34);
INSERT INTO welldata.PRODUCTION (UWI, PROD_DATE, OIL_BBL, GAS_MCF, WATER_BBL, HOURS_ON) VALUES ('WELL00000000016', TO_DATE('2022-03-01','YYYY-MM-DD'), 2482.83, 3797.02, 369.24, 584.14);
INSERT INTO welldata.PRODUCTION (UWI, PROD_DATE, OIL_BBL, GAS_MCF, WATER_BBL, HOURS_ON) VALUES ('WELL00000000016', TO_DATE('2022-04-01','YYYY-MM-DD'), 2225.66, 14025.63, 446.3, 317.62);
INSERT INTO welldata.PRODUCTION (UWI, PROD_DATE, OIL_BBL, GAS_MCF, WATER_BBL, HOURS_ON) VALUES ('WELL00000000016', TO_DATE('2022-05-01','YYYY-MM-DD'), 959.43, 10647.11, 657.13, 369.85);
INSERT INTO welldata.PRODUCTION (UWI, PROD_DATE, OIL_BBL, GAS_MCF, WATER_BBL, HOURS_ON) VALUES ('WELL00000000016', TO_DATE('2022-06-01','YYYY-MM-DD'), 2867.09, 14751.46, 338.35, 625.13);
INSERT INTO welldata.PRODUCTION (UWI, PROD_DATE, OIL_BBL, GAS_MCF, WATER_BBL, HOURS_ON) VALUES ('WELL00000000016', TO_DATE('2022-07-01','YYYY-MM-DD'), 167.37, 7150.18, 586.66, 623.4);
INSERT INTO welldata.PRODUCTION (UWI, PROD_DATE, OIL_BBL, GAS_MCF, WATER_BBL, HOURS_ON) VALUES ('WELL00000000016', TO_DATE('2022-08-01','YYYY-MM-DD'), 2128.51, 7438.21, 1341.48, 183.86);
INSERT INTO welldata.PRODUCTION (UWI, PROD_DATE, OIL_BBL, GAS_MCF, WATER_BBL, HOURS_ON) VALUES ('WELL00000000016', TO_DATE('2022-09-01','YYYY-MM-DD'), 1398.91, 1021.73, 427.31, 462.16);
INSERT INTO welldata.PRODUCTION (UWI, PROD_DATE, OIL_BBL, GAS_MCF, WATER_BBL, HOURS_ON) VALUES ('WELL00000000016', TO_DATE('2022-10-01','YYYY-MM-DD'), 2783.19, 10765.21, 204.08, 401.42);
INSERT INTO welldata.PRODUCTION (UWI, PROD_DATE, OIL_BBL, GAS_MCF, WATER_BBL, HOURS_ON) VALUES ('WELL00000000016', TO_DATE('2022-11-01','YYYY-MM-DD'), 1901.52, 12954.13, 560.49, 352.01);
INSERT INTO welldata.PRODUCTION (UWI, PROD_DATE, OIL_BBL, GAS_MCF, WATER_BBL, HOURS_ON) VALUES ('WELL00000000016', TO_DATE('2022-12-01','YYYY-MM-DD'), 2848.59, 12429.92, 323.35, 226.48);
INSERT INTO welldata.PRODUCTION (UWI, PROD_DATE, OIL_BBL, GAS_MCF, WATER_BBL, HOURS_ON) VALUES ('WELL00000000016', TO_DATE('2023-01-01','YYYY-MM-DD'), 677.26, 7643.64, 550.04, 253.99);
INSERT INTO welldata.PRODUCTION (UWI, PROD_DATE, OIL_BBL, GAS_MCF, WATER_BBL, HOURS_ON) VALUES ('WELL00000000016', TO_DATE('2023-02-01','YYYY-MM-DD'), 2373.88, 4702.52, 229.32, 294.51);
INSERT INTO welldata.PRODUCTION (UWI, PROD_DATE, OIL_BBL, GAS_MCF, WATER_BBL, HOURS_ON) VALUES ('WELL00000000016', TO_DATE('2023-03-01','YYYY-MM-DD'), 329.64, 14793.3, 824.54, 324.8);
INSERT INTO welldata.PRODUCTION (UWI, PROD_DATE, OIL_BBL, GAS_MCF, WATER_BBL, HOURS_ON) VALUES ('WELL00000000016', TO_DATE('2023-04-01','YYYY-MM-DD'), 759.08, 13934.23, 428.47, 357.96);
INSERT INTO welldata.PRODUCTION (UWI, PROD_DATE, OIL_BBL, GAS_MCF, WATER_BBL, HOURS_ON) VALUES ('WELL00000000016', TO_DATE('2023-05-01','YYYY-MM-DD'), 2981.26, 9429.62, 1325.12, 174.33);
INSERT INTO welldata.PRODUCTION (UWI, PROD_DATE, OIL_BBL, GAS_MCF, WATER_BBL, HOURS_ON) VALUES ('WELL00000000016', TO_DATE('2023-06-01','YYYY-MM-DD'), 855.59, 14968.67, 1119.85, 239.3);
INSERT INTO welldata.PRODUCTION (UWI, PROD_DATE, OIL_BBL, GAS_MCF, WATER_BBL, HOURS_ON) VALUES ('WELL00000000016', TO_DATE('2023-07-01','YYYY-MM-DD'), 1549.53, 10056.74, 1113.62, 238.16);
INSERT INTO welldata.PRODUCTION (UWI, PROD_DATE, OIL_BBL, GAS_MCF, WATER_BBL, HOURS_ON) VALUES ('WELL00000000016', TO_DATE('2023-08-01','YYYY-MM-DD'), 2629.14, 6014.66, 1301.74, 365.99);
INSERT INTO welldata.PRODUCTION (UWI, PROD_DATE, OIL_BBL, GAS_MCF, WATER_BBL, HOURS_ON) VALUES ('WELL00000000016', TO_DATE('2023-09-01','YYYY-MM-DD'), 727.27, 2997.3, 898.61, 646.16);
INSERT INTO welldata.PRODUCTION (UWI, PROD_DATE, OIL_BBL, GAS_MCF, WATER_BBL, HOURS_ON) VALUES ('WELL00000000016', TO_DATE('2023-10-01','YYYY-MM-DD'), 957.85, 4606.48, 209.33, 243.22);
INSERT INTO welldata.PRODUCTION (UWI, PROD_DATE, OIL_BBL, GAS_MCF, WATER_BBL, HOURS_ON) VALUES ('WELL00000000016', TO_DATE('2023-11-01','YYYY-MM-DD'), 709.4, 8631.99, 1436.26, 124.25);
INSERT INTO welldata.PRODUCTION (UWI, PROD_DATE, OIL_BBL, GAS_MCF, WATER_BBL, HOURS_ON) VALUES ('WELL00000000016', TO_DATE('2023-12-01','YYYY-MM-DD'), 2563.89, 1574.87, 1080.27, 263.49);
INSERT INTO welldata.PRODUCTION (UWI, PROD_DATE, OIL_BBL, GAS_MCF, WATER_BBL, HOURS_ON) VALUES ('WELL00000000016', TO_DATE('2024-01-01','YYYY-MM-DD'), 1788.82, 7068.08, 777.13, 593.36);
INSERT INTO welldata.PRODUCTION (UWI, PROD_DATE, OIL_BBL, GAS_MCF, WATER_BBL, HOURS_ON) VALUES ('WELL00000000016', TO_DATE('2024-02-01','YYYY-MM-DD'), 2373.36, 2293.84, 1379.03, 174.2);
INSERT INTO welldata.PRODUCTION (UWI, PROD_DATE, OIL_BBL, GAS_MCF, WATER_BBL, HOURS_ON) VALUES ('WELL00000000016', TO_DATE('2024-03-01','YYYY-MM-DD'), 1773.11, 1005.92, 1332.77, 613.24);
INSERT INTO welldata.PRODUCTION (UWI, PROD_DATE, OIL_BBL, GAS_MCF, WATER_BBL, HOURS_ON) VALUES ('WELL00000000016', TO_DATE('2024-04-01','YYYY-MM-DD'), 122.68, 10257.63, 1394.18, 636.92);
INSERT INTO welldata.PRODUCTION (UWI, PROD_DATE, OIL_BBL, GAS_MCF, WATER_BBL, HOURS_ON) VALUES ('WELL00000000016', TO_DATE('2024-05-01','YYYY-MM-DD'), 2668.75, 5078.53, 1487.54, 183.96);
INSERT INTO welldata.PRODUCTION (UWI, PROD_DATE, OIL_BBL, GAS_MCF, WATER_BBL, HOURS_ON) VALUES ('WELL00000000016', TO_DATE('2024-06-01','YYYY-MM-DD'), 2413.66, 702.12, 841.3, 475.47);
INSERT INTO welldata.PRODUCTION (UWI, PROD_DATE, OIL_BBL, GAS_MCF, WATER_BBL, HOURS_ON) VALUES ('WELL00000000016', TO_DATE('2024-07-01','YYYY-MM-DD'), 274.45, 3334.01, 364.17, 602.09);
INSERT INTO welldata.PRODUCTION (UWI, PROD_DATE, OIL_BBL, GAS_MCF, WATER_BBL, HOURS_ON) VALUES ('WELL00000000016', TO_DATE('2024-08-01','YYYY-MM-DD'), 2825.45, 7677.53, 428.57, 424.65);
INSERT INTO welldata.PRODUCTION (UWI, PROD_DATE, OIL_BBL, GAS_MCF, WATER_BBL, HOURS_ON) VALUES ('WELL00000000016', TO_DATE('2024-09-01','YYYY-MM-DD'), 1457.99, 1191.86, 523.61, 399.07);
INSERT INTO welldata.PRODUCTION (UWI, PROD_DATE, OIL_BBL, GAS_MCF, WATER_BBL, HOURS_ON) VALUES ('WELL00000000016', TO_DATE('2024-10-01','YYYY-MM-DD'), 2719.31, 7233.31, 1328.09, 156.19);
INSERT INTO welldata.PRODUCTION (UWI, PROD_DATE, OIL_BBL, GAS_MCF, WATER_BBL, HOURS_ON) VALUES ('WELL00000000016', TO_DATE('2024-11-01','YYYY-MM-DD'), 2069.92, 5127.98, 1160.01, 719.11);
INSERT INTO welldata.PRODUCTION (UWI, PROD_DATE, OIL_BBL, GAS_MCF, WATER_BBL, HOURS_ON) VALUES ('WELL00000000016', TO_DATE('2024-12-01','YYYY-MM-DD'), 2173.28, 9243.82, 666.73, 461.11);
INSERT INTO welldata.FORMATION_TOPS (UWI, FORMATION, TOP_DEPTH_M, BASE_DEPTH_M, LITHOLOGY) VALUES ('WELL00000000016', 'Rajahmundry', 897, 1214, 'SANDSTONE');
INSERT INTO welldata.FORMATION_TOPS (UWI, FORMATION, TOP_DEPTH_M, BASE_DEPTH_M, LITHOLOGY) VALUES ('WELL00000000016', 'Bengal', 783, 930, 'LIMESTONE');
INSERT INTO welldata.FORMATION_TOPS (UWI, FORMATION, TOP_DEPTH_M, BASE_DEPTH_M, LITHOLOGY) VALUES ('WELL00000000016', 'Sanchore', 1283, 1346, 'SHALE');
INSERT INTO welldata.FORMATION_TOPS (UWI, FORMATION, TOP_DEPTH_M, BASE_DEPTH_M, LITHOLOGY) VALUES ('WELL00000000016', 'Barmer', 1202, 1348, 'DOLOMITE');
INSERT INTO welldata.CORE_ANALYSIS (UWI, CORE_RUN, TOP_DEPTH_M, BASE_DEPTH_M, GRAIN_DENSITY, BULK_DENSITY, RECOVERY_PCT) VALUES ('WELL00000000016', 1, 1856, 1894, 2.6668, 2.2567, 62.5);
INSERT INTO welldata.CORE_ANALYSIS (UWI, CORE_RUN, TOP_DEPTH_M, BASE_DEPTH_M, GRAIN_DENSITY, BULK_DENSITY, RECOVERY_PCT) VALUES ('WELL00000000016', 2, 1466, 1532, 2.6777, 2.3946, 94.49);
INSERT INTO welldata.WELL (UWI, WELL_NAME, OPERATOR, COUNTRY, BASIN, FIELD_NAME, SPUD_DATE, COMPLETION_DATE, WELL_TYPE, WELL_STATUS, SURFACE_LAT, SURFACE_LON, TOTAL_DEPTH_M, KB_ELEVATION_M) VALUES ('WELL00000000017', 'RELI-CA-017', 'Reliance', 'India', 'Cambay', 'Cambay Field 1', TO_DATE('2015-07-26','YYYY-MM-DD'), TO_DATE('2016-08-31','YYYY-MM-DD'), 'APPRAISAL', 'ACTIVE', 22.724508, 72.316555, 2838, 108.98);
INSERT INTO welldata.BOREHOLE (UBHI, UWI, BOREHOLE_NAME, BOREHOLE_TYPE, TOP_DEPTH_M, BASE_DEPTH_M) VALUES ('WELL00000000017-BH1', 'WELL00000000017', 'RELI-CA-017-BH1', 'DIRECTIONAL', 726, 1874);
INSERT INTO welldata.PETROPHYSICS (UBHI, SAMPLE_DEPTH_M, POROSITY, PERMEABILITY, WATER_SAT, FORMATION) VALUES ('WELL00000000017-BH1', 1000, 0.0761, 348.4821, 0.546, 'Rajahmundry');
INSERT INTO welldata.PETROPHYSICS (UBHI, SAMPLE_DEPTH_M, POROSITY, PERMEABILITY, WATER_SAT, FORMATION) VALUES ('WELL00000000017-BH1', 1020, 0.1726, 118.0285, 0.199, 'Rajahmundry');
INSERT INTO welldata.PETROPHYSICS (UBHI, SAMPLE_DEPTH_M, POROSITY, PERMEABILITY, WATER_SAT, FORMATION) VALUES ('WELL00000000017-BH1', 1040, 0.1464, 437.8205, 0.4635, 'Sanchore');
INSERT INTO welldata.PETROPHYSICS (UBHI, SAMPLE_DEPTH_M, POROSITY, PERMEABILITY, WATER_SAT, FORMATION) VALUES ('WELL00000000017-BH1', 1060, 0.1491, 158.8833, 0.3046, 'Rajahmundry');
INSERT INTO welldata.PETROPHYSICS (UBHI, SAMPLE_DEPTH_M, POROSITY, PERMEABILITY, WATER_SAT, FORMATION) VALUES ('WELL00000000017-BH1', 1080, 0.2525, 26.2303, 0.1546, 'Barmer');
INSERT INTO welldata.PETROPHYSICS (UBHI, SAMPLE_DEPTH_M, POROSITY, PERMEABILITY, WATER_SAT, FORMATION) VALUES ('WELL00000000017-BH1', 1100, 0.1577, 21.3221, 0.2495, 'Sanchore');
INSERT INTO welldata.PETROPHYSICS (UBHI, SAMPLE_DEPTH_M, POROSITY, PERMEABILITY, WATER_SAT, FORMATION) VALUES ('WELL00000000017-BH1', 1120, 0.1689, 44.6478, 0.6074, 'Rajahmundry');
INSERT INTO welldata.PETROPHYSICS (UBHI, SAMPLE_DEPTH_M, POROSITY, PERMEABILITY, WATER_SAT, FORMATION) VALUES ('WELL00000000017-BH1', 1140, 0.1597, 95.4776, 0.59, 'Sanchore');
INSERT INTO welldata.PETROPHYSICS (UBHI, SAMPLE_DEPTH_M, POROSITY, PERMEABILITY, WATER_SAT, FORMATION) VALUES ('WELL00000000017-BH1', 1160, 0.0914, 111.8645, 0.6137, 'Sanchore');
INSERT INTO welldata.PETROPHYSICS (UBHI, SAMPLE_DEPTH_M, POROSITY, PERMEABILITY, WATER_SAT, FORMATION) VALUES ('WELL00000000017-BH1', 1180, 0.1059, 394.4699, 0.7023, 'Rajahmundry');
INSERT INTO welldata.PETROPHYSICS (UBHI, SAMPLE_DEPTH_M, POROSITY, PERMEABILITY, WATER_SAT, FORMATION) VALUES ('WELL00000000017-BH1', 1200, 0.2212, 131.2809, 0.4339, 'Bengal');
INSERT INTO welldata.PETROPHYSICS (UBHI, SAMPLE_DEPTH_M, POROSITY, PERMEABILITY, WATER_SAT, FORMATION) VALUES ('WELL00000000017-BH1', 1220, 0.2563, 312.2842, 0.3577, 'Sanchore');
INSERT INTO welldata.PETROPHYSICS (UBHI, SAMPLE_DEPTH_M, POROSITY, PERMEABILITY, WATER_SAT, FORMATION) VALUES ('WELL00000000017-BH1', 1240, 0.1891, 26.0672, 0.5551, 'Sanchore');
INSERT INTO welldata.PETROPHYSICS (UBHI, SAMPLE_DEPTH_M, POROSITY, PERMEABILITY, WATER_SAT, FORMATION) VALUES ('WELL00000000017-BH1', 1260, 0.1745, 142.7655, 0.6939, 'Bengal');
INSERT INTO welldata.PETROPHYSICS (UBHI, SAMPLE_DEPTH_M, POROSITY, PERMEABILITY, WATER_SAT, FORMATION) VALUES ('WELL00000000017-BH1', 1280, 0.124, 29.8069, 0.471, 'Rajahmundry');
INSERT INTO welldata.PETROPHYSICS (UBHI, SAMPLE_DEPTH_M, POROSITY, PERMEABILITY, WATER_SAT, FORMATION) VALUES ('WELL00000000017-BH1', 1300, 0.0442, 378.4398, 0.2065, 'Bengal');
INSERT INTO welldata.PETROPHYSICS (UBHI, SAMPLE_DEPTH_M, POROSITY, PERMEABILITY, WATER_SAT, FORMATION) VALUES ('WELL00000000017-BH1', 1320, 0.0739, 390.6198, 0.6872, 'Sanchore');
INSERT INTO welldata.PETROPHYSICS (UBHI, SAMPLE_DEPTH_M, POROSITY, PERMEABILITY, WATER_SAT, FORMATION) VALUES ('WELL00000000017-BH1', 1340, 0.1724, 388.9254, 0.6747, 'Barmer');
INSERT INTO welldata.PETROPHYSICS (UBHI, SAMPLE_DEPTH_M, POROSITY, PERMEABILITY, WATER_SAT, FORMATION) VALUES ('WELL00000000017-BH1', 1360, 0.1459, 105.4582, 0.5371, 'Rajahmundry');
INSERT INTO welldata.PETROPHYSICS (UBHI, SAMPLE_DEPTH_M, POROSITY, PERMEABILITY, WATER_SAT, FORMATION) VALUES ('WELL00000000017-BH1', 1380, 0.0961, 82.8455, 0.6165, 'Sanchore');
INSERT INTO welldata.PETROPHYSICS (UBHI, SAMPLE_DEPTH_M, POROSITY, PERMEABILITY, WATER_SAT, FORMATION) VALUES ('WELL00000000017-BH1', 1400, 0.2736, 230.3068, 0.3578, 'Sanchore');
INSERT INTO welldata.PETROPHYSICS (UBHI, SAMPLE_DEPTH_M, POROSITY, PERMEABILITY, WATER_SAT, FORMATION) VALUES ('WELL00000000017-BH1', 1420, 0.2403, 112.5865, 0.3877, 'Bengal');
INSERT INTO welldata.PETROPHYSICS (UBHI, SAMPLE_DEPTH_M, POROSITY, PERMEABILITY, WATER_SAT, FORMATION) VALUES ('WELL00000000017-BH1', 1440, 0.0755, 396.2441, 0.6466, 'Rajahmundry');
INSERT INTO welldata.PETROPHYSICS (UBHI, SAMPLE_DEPTH_M, POROSITY, PERMEABILITY, WATER_SAT, FORMATION) VALUES ('WELL00000000017-BH1', 1460, 0.0682, 271.2617, 0.5727, 'Bengal');
INSERT INTO welldata.PETROPHYSICS (UBHI, SAMPLE_DEPTH_M, POROSITY, PERMEABILITY, WATER_SAT, FORMATION) VALUES ('WELL00000000017-BH1', 1480, 0.0493, 48.8136, 0.5381, 'Sanchore');
INSERT INTO welldata.PETROPHYSICS (UBHI, SAMPLE_DEPTH_M, POROSITY, PERMEABILITY, WATER_SAT, FORMATION) VALUES ('WELL00000000017-BH1', 1500, 0.2016, 43.27, 0.4176, 'Sanchore');
INSERT INTO welldata.PETROPHYSICS (UBHI, SAMPLE_DEPTH_M, POROSITY, PERMEABILITY, WATER_SAT, FORMATION) VALUES ('WELL00000000017-BH1', 1520, 0.1768, 24.0385, 0.456, 'Bengal');
INSERT INTO welldata.PETROPHYSICS (UBHI, SAMPLE_DEPTH_M, POROSITY, PERMEABILITY, WATER_SAT, FORMATION) VALUES ('WELL00000000017-BH1', 1540, 0.0681, 6.1789, 0.351, 'Bengal');
INSERT INTO welldata.PETROPHYSICS (UBHI, SAMPLE_DEPTH_M, POROSITY, PERMEABILITY, WATER_SAT, FORMATION) VALUES ('WELL00000000017-BH1', 1560, 0.1031, 394.1945, 0.1663, 'Rajahmundry');
INSERT INTO welldata.PETROPHYSICS (UBHI, SAMPLE_DEPTH_M, POROSITY, PERMEABILITY, WATER_SAT, FORMATION) VALUES ('WELL00000000017-BH1', 1580, 0.0679, 119.5967, 0.1536, 'Barmer');
INSERT INTO welldata.PETROPHYSICS (UBHI, SAMPLE_DEPTH_M, POROSITY, PERMEABILITY, WATER_SAT, FORMATION) VALUES ('WELL00000000017-BH1', 1600, 0.1434, 112.8356, 0.2348, 'Bengal');
INSERT INTO welldata.PETROPHYSICS (UBHI, SAMPLE_DEPTH_M, POROSITY, PERMEABILITY, WATER_SAT, FORMATION) VALUES ('WELL00000000017-BH1', 1620, 0.1972, 270.2247, 0.315, 'Bengal');
INSERT INTO welldata.PETROPHYSICS (UBHI, SAMPLE_DEPTH_M, POROSITY, PERMEABILITY, WATER_SAT, FORMATION) VALUES ('WELL00000000017-BH1', 1640, 0.1609, 444.3754, 0.3415, 'Rajahmundry');
INSERT INTO welldata.PETROPHYSICS (UBHI, SAMPLE_DEPTH_M, POROSITY, PERMEABILITY, WATER_SAT, FORMATION) VALUES ('WELL00000000017-BH1', 1660, 0.0913, 177.012, 0.4043, 'Bengal');
INSERT INTO welldata.PETROPHYSICS (UBHI, SAMPLE_DEPTH_M, POROSITY, PERMEABILITY, WATER_SAT, FORMATION) VALUES ('WELL00000000017-BH1', 1680, 0.2637, 29.4475, 0.3837, 'Rajahmundry');
INSERT INTO welldata.PETROPHYSICS (UBHI, SAMPLE_DEPTH_M, POROSITY, PERMEABILITY, WATER_SAT, FORMATION) VALUES ('WELL00000000017-BH1', 1700, 0.1617, 439.1462, 0.6274, 'Barmer');
INSERT INTO welldata.PETROPHYSICS (UBHI, SAMPLE_DEPTH_M, POROSITY, PERMEABILITY, WATER_SAT, FORMATION) VALUES ('WELL00000000017-BH1', 1720, 0.2713, 434.4604, 0.1564, 'Sanchore');
INSERT INTO welldata.PETROPHYSICS (UBHI, SAMPLE_DEPTH_M, POROSITY, PERMEABILITY, WATER_SAT, FORMATION) VALUES ('WELL00000000017-BH1', 1740, 0.0472, 434.9415, 0.4572, 'Barmer');
INSERT INTO welldata.PETROPHYSICS (UBHI, SAMPLE_DEPTH_M, POROSITY, PERMEABILITY, WATER_SAT, FORMATION) VALUES ('WELL00000000017-BH1', 1760, 0.1491, 62.2559, 0.3626, 'Rajahmundry');
INSERT INTO welldata.PETROPHYSICS (UBHI, SAMPLE_DEPTH_M, POROSITY, PERMEABILITY, WATER_SAT, FORMATION) VALUES ('WELL00000000017-BH1', 1780, 0.0606, 306.0589, 0.7257, 'Barmer');
INSERT INTO welldata.PETROPHYSICS (UBHI, SAMPLE_DEPTH_M, POROSITY, PERMEABILITY, WATER_SAT, FORMATION) VALUES ('WELL00000000017-BH1', 1800, 0.2408, 245.2257, 0.152, 'Bengal');
INSERT INTO welldata.PETROPHYSICS (UBHI, SAMPLE_DEPTH_M, POROSITY, PERMEABILITY, WATER_SAT, FORMATION) VALUES ('WELL00000000017-BH1', 1820, 0.0636, 123.0634, 0.2444, 'Sanchore');
INSERT INTO welldata.PETROPHYSICS (UBHI, SAMPLE_DEPTH_M, POROSITY, PERMEABILITY, WATER_SAT, FORMATION) VALUES ('WELL00000000017-BH1', 1840, 0.2187, 32.0213, 0.4949, 'Barmer');
INSERT INTO welldata.PETROPHYSICS (UBHI, SAMPLE_DEPTH_M, POROSITY, PERMEABILITY, WATER_SAT, FORMATION) VALUES ('WELL00000000017-BH1', 1860, 0.1438, 338.8815, 0.4426, 'Bengal');
INSERT INTO welldata.PETROPHYSICS (UBHI, SAMPLE_DEPTH_M, POROSITY, PERMEABILITY, WATER_SAT, FORMATION) VALUES ('WELL00000000017-BH1', 1880, 0.2574, 213.9221, 0.6846, 'Bengal');
INSERT INTO welldata.PETROPHYSICS (UBHI, SAMPLE_DEPTH_M, POROSITY, PERMEABILITY, WATER_SAT, FORMATION) VALUES ('WELL00000000017-BH1', 1900, 0.0705, 425.4929, 0.6744, 'Barmer');
INSERT INTO welldata.PETROPHYSICS (UBHI, SAMPLE_DEPTH_M, POROSITY, PERMEABILITY, WATER_SAT, FORMATION) VALUES ('WELL00000000017-BH1', 1920, 0.0743, 54.4176, 0.5285, 'Barmer');
INSERT INTO welldata.PETROPHYSICS (UBHI, SAMPLE_DEPTH_M, POROSITY, PERMEABILITY, WATER_SAT, FORMATION) VALUES ('WELL00000000017-BH1', 1940, 0.1687, 442.9842, 0.2331, 'Sanchore');
INSERT INTO welldata.PETROPHYSICS (UBHI, SAMPLE_DEPTH_M, POROSITY, PERMEABILITY, WATER_SAT, FORMATION) VALUES ('WELL00000000017-BH1', 1960, 0.1483, 61.907, 0.1939, 'Rajahmundry');
INSERT INTO welldata.PETROPHYSICS (UBHI, SAMPLE_DEPTH_M, POROSITY, PERMEABILITY, WATER_SAT, FORMATION) VALUES ('WELL00000000017-BH1', 1980, 0.1602, 202.2318, 0.5908, 'Barmer');
INSERT INTO welldata.PETROPHYSICS (UBHI, SAMPLE_DEPTH_M, POROSITY, PERMEABILITY, WATER_SAT, FORMATION) VALUES ('WELL00000000017-BH1', 2000, 0.1558, 237.6409, 0.233, 'Sanchore');
INSERT INTO welldata.PETROPHYSICS (UBHI, SAMPLE_DEPTH_M, POROSITY, PERMEABILITY, WATER_SAT, FORMATION) VALUES ('WELL00000000017-BH1', 2020, 0.0911, 184.1233, 0.3582, 'Barmer');
INSERT INTO welldata.PETROPHYSICS (UBHI, SAMPLE_DEPTH_M, POROSITY, PERMEABILITY, WATER_SAT, FORMATION) VALUES ('WELL00000000017-BH1', 2040, 0.1071, 7.8117, 0.4884, 'Bengal');
INSERT INTO welldata.PETROPHYSICS (UBHI, SAMPLE_DEPTH_M, POROSITY, PERMEABILITY, WATER_SAT, FORMATION) VALUES ('WELL00000000017-BH1', 2060, 0.1606, 222.2008, 0.6742, 'Sanchore');
INSERT INTO welldata.PETROPHYSICS (UBHI, SAMPLE_DEPTH_M, POROSITY, PERMEABILITY, WATER_SAT, FORMATION) VALUES ('WELL00000000017-BH1', 2080, 0.136, 444.4861, 0.4543, 'Sanchore');
INSERT INTO welldata.PETROPHYSICS (UBHI, SAMPLE_DEPTH_M, POROSITY, PERMEABILITY, WATER_SAT, FORMATION) VALUES ('WELL00000000017-BH1', 2100, 0.2685, 142.4015, 0.352, 'Bengal');
INSERT INTO welldata.PETROPHYSICS (UBHI, SAMPLE_DEPTH_M, POROSITY, PERMEABILITY, WATER_SAT, FORMATION) VALUES ('WELL00000000017-BH1', 2120, 0.1974, 392.9379, 0.6986, 'Sanchore');
INSERT INTO welldata.PETROPHYSICS (UBHI, SAMPLE_DEPTH_M, POROSITY, PERMEABILITY, WATER_SAT, FORMATION) VALUES ('WELL00000000017-BH1', 2140, 0.1589, 259.7884, 0.2711, 'Rajahmundry');
INSERT INTO welldata.PETROPHYSICS (UBHI, SAMPLE_DEPTH_M, POROSITY, PERMEABILITY, WATER_SAT, FORMATION) VALUES ('WELL00000000017-BH1', 2160, 0.123, 105.5202, 0.4338, 'Barmer');
INSERT INTO welldata.PETROPHYSICS (UBHI, SAMPLE_DEPTH_M, POROSITY, PERMEABILITY, WATER_SAT, FORMATION) VALUES ('WELL00000000017-BH1', 2180, 0.2653, 110.8396, 0.3925, 'Barmer');
INSERT INTO welldata.PETROPHYSICS (UBHI, SAMPLE_DEPTH_M, POROSITY, PERMEABILITY, WATER_SAT, FORMATION) VALUES ('WELL00000000017-BH1', 2200, 0.2301, 134.6556, 0.3885, 'Barmer');
INSERT INTO welldata.PETROPHYSICS (UBHI, SAMPLE_DEPTH_M, POROSITY, PERMEABILITY, WATER_SAT, FORMATION) VALUES ('WELL00000000017-BH1', 2220, 0.1523, 155.9981, 0.3486, 'Rajahmundry');
INSERT INTO welldata.PETROPHYSICS (UBHI, SAMPLE_DEPTH_M, POROSITY, PERMEABILITY, WATER_SAT, FORMATION) VALUES ('WELL00000000017-BH1', 2240, 0.1942, 9.0674, 0.1879, 'Bengal');
INSERT INTO welldata.PETROPHYSICS (UBHI, SAMPLE_DEPTH_M, POROSITY, PERMEABILITY, WATER_SAT, FORMATION) VALUES ('WELL00000000017-BH1', 2260, 0.1005, 382.6089, 0.2776, 'Bengal');
INSERT INTO welldata.PETROPHYSICS (UBHI, SAMPLE_DEPTH_M, POROSITY, PERMEABILITY, WATER_SAT, FORMATION) VALUES ('WELL00000000017-BH1', 2280, 0.2789, 196.6963, 0.4097, 'Barmer');
INSERT INTO welldata.PETROPHYSICS (UBHI, SAMPLE_DEPTH_M, POROSITY, PERMEABILITY, WATER_SAT, FORMATION) VALUES ('WELL00000000017-BH1', 2300, 0.2507, 419.0024, 0.3988, 'Bengal');
INSERT INTO welldata.PETROPHYSICS (UBHI, SAMPLE_DEPTH_M, POROSITY, PERMEABILITY, WATER_SAT, FORMATION) VALUES ('WELL00000000017-BH1', 2320, 0.2709, 120.8084, 0.7082, 'Barmer');
INSERT INTO welldata.PETROPHYSICS (UBHI, SAMPLE_DEPTH_M, POROSITY, PERMEABILITY, WATER_SAT, FORMATION) VALUES ('WELL00000000017-BH1', 2340, 0.2008, 156.2141, 0.5851, 'Bengal');
INSERT INTO welldata.PETROPHYSICS (UBHI, SAMPLE_DEPTH_M, POROSITY, PERMEABILITY, WATER_SAT, FORMATION) VALUES ('WELL00000000017-BH1', 2360, 0.209, 160.9589, 0.4036, 'Sanchore');
INSERT INTO welldata.PETROPHYSICS (UBHI, SAMPLE_DEPTH_M, POROSITY, PERMEABILITY, WATER_SAT, FORMATION) VALUES ('WELL00000000017-BH1', 2380, 0.0777, 212.4624, 0.6452, 'Rajahmundry');
INSERT INTO welldata.PETROPHYSICS (UBHI, SAMPLE_DEPTH_M, POROSITY, PERMEABILITY, WATER_SAT, FORMATION) VALUES ('WELL00000000017-BH1', 2400, 0.1908, 134.9612, 0.1745, 'Bengal');
INSERT INTO welldata.PETROPHYSICS (UBHI, SAMPLE_DEPTH_M, POROSITY, PERMEABILITY, WATER_SAT, FORMATION) VALUES ('WELL00000000017-BH1', 2420, 0.1123, 44.7507, 0.2873, 'Rajahmundry');
INSERT INTO welldata.PETROPHYSICS (UBHI, SAMPLE_DEPTH_M, POROSITY, PERMEABILITY, WATER_SAT, FORMATION) VALUES ('WELL00000000017-BH1', 2440, 0.1271, 404.8491, 0.487, 'Rajahmundry');
INSERT INTO welldata.PETROPHYSICS (UBHI, SAMPLE_DEPTH_M, POROSITY, PERMEABILITY, WATER_SAT, FORMATION) VALUES ('WELL00000000017-BH1', 2460, 0.0796, 30.9618, 0.3037, 'Barmer');
INSERT INTO welldata.PETROPHYSICS (UBHI, SAMPLE_DEPTH_M, POROSITY, PERMEABILITY, WATER_SAT, FORMATION) VALUES ('WELL00000000017-BH1', 2480, 0.2352, 47.1412, 0.3442, 'Barmer');
INSERT INTO welldata.PETROPHYSICS (UBHI, SAMPLE_DEPTH_M, POROSITY, PERMEABILITY, WATER_SAT, FORMATION) VALUES ('WELL00000000017-BH1', 2500, 0.0547, 402.2749, 0.4521, 'Sanchore');
INSERT INTO welldata.PETROPHYSICS (UBHI, SAMPLE_DEPTH_M, POROSITY, PERMEABILITY, WATER_SAT, FORMATION) VALUES ('WELL00000000017-BH1', 2520, 0.0544, 253.2157, 0.5009, 'Barmer');
INSERT INTO welldata.PETROPHYSICS (UBHI, SAMPLE_DEPTH_M, POROSITY, PERMEABILITY, WATER_SAT, FORMATION) VALUES ('WELL00000000017-BH1', 2540, 0.16, 413.1078, 0.29, 'Barmer');
INSERT INTO welldata.PETROPHYSICS (UBHI, SAMPLE_DEPTH_M, POROSITY, PERMEABILITY, WATER_SAT, FORMATION) VALUES ('WELL00000000017-BH1', 2560, 0.1729, 86.6321, 0.5244, 'Barmer');
INSERT INTO welldata.PETROPHYSICS (UBHI, SAMPLE_DEPTH_M, POROSITY, PERMEABILITY, WATER_SAT, FORMATION) VALUES ('WELL00000000017-BH1', 2580, 0.1228, 209.3212, 0.6959, 'Sanchore');
INSERT INTO welldata.PETROPHYSICS (UBHI, SAMPLE_DEPTH_M, POROSITY, PERMEABILITY, WATER_SAT, FORMATION) VALUES ('WELL00000000017-BH1', 2600, 0.2127, 39.6914, 0.4936, 'Barmer');
INSERT INTO welldata.PETROPHYSICS (UBHI, SAMPLE_DEPTH_M, POROSITY, PERMEABILITY, WATER_SAT, FORMATION) VALUES ('WELL00000000017-BH1', 2620, 0.2428, 62.0425, 0.4747, 'Rajahmundry');
INSERT INTO welldata.PETROPHYSICS (UBHI, SAMPLE_DEPTH_M, POROSITY, PERMEABILITY, WATER_SAT, FORMATION) VALUES ('WELL00000000017-BH1', 2640, 0.2201, 30.6989, 0.4593, 'Bengal');
INSERT INTO welldata.PETROPHYSICS (UBHI, SAMPLE_DEPTH_M, POROSITY, PERMEABILITY, WATER_SAT, FORMATION) VALUES ('WELL00000000017-BH1', 2660, 0.1692, 192.9783, 0.5355, 'Barmer');
INSERT INTO welldata.PETROPHYSICS (UBHI, SAMPLE_DEPTH_M, POROSITY, PERMEABILITY, WATER_SAT, FORMATION) VALUES ('WELL00000000017-BH1', 2680, 0.1058, 180.8336, 0.5837, 'Bengal');
INSERT INTO welldata.PETROPHYSICS (UBHI, SAMPLE_DEPTH_M, POROSITY, PERMEABILITY, WATER_SAT, FORMATION) VALUES ('WELL00000000017-BH1', 2700, 0.1654, 85.6, 0.6979, 'Barmer');
INSERT INTO welldata.PETROPHYSICS (UBHI, SAMPLE_DEPTH_M, POROSITY, PERMEABILITY, WATER_SAT, FORMATION) VALUES ('WELL00000000017-BH1', 2720, 0.1654, 131.4939, 0.3816, 'Sanchore');
INSERT INTO welldata.PETROPHYSICS (UBHI, SAMPLE_DEPTH_M, POROSITY, PERMEABILITY, WATER_SAT, FORMATION) VALUES ('WELL00000000017-BH1', 2740, 0.1987, 414.155, 0.1703, 'Barmer');
INSERT INTO welldata.PETROPHYSICS (UBHI, SAMPLE_DEPTH_M, POROSITY, PERMEABILITY, WATER_SAT, FORMATION) VALUES ('WELL00000000017-BH1', 2760, 0.2063, 96.26, 0.3286, 'Sanchore');
INSERT INTO welldata.PETROPHYSICS (UBHI, SAMPLE_DEPTH_M, POROSITY, PERMEABILITY, WATER_SAT, FORMATION) VALUES ('WELL00000000017-BH1', 2780, 0.2053, 432.6209, 0.4056, 'Sanchore');
INSERT INTO welldata.PETROPHYSICS (UBHI, SAMPLE_DEPTH_M, POROSITY, PERMEABILITY, WATER_SAT, FORMATION) VALUES ('WELL00000000017-BH1', 2800, 0.0757, 449.7971, 0.3834, 'Bengal');
INSERT INTO welldata.PETROPHYSICS (UBHI, SAMPLE_DEPTH_M, POROSITY, PERMEABILITY, WATER_SAT, FORMATION) VALUES ('WELL00000000017-BH1', 2820, 0.1822, 201.2386, 0.3315, 'Rajahmundry');
INSERT INTO welldata.PETROPHYSICS (UBHI, SAMPLE_DEPTH_M, POROSITY, PERMEABILITY, WATER_SAT, FORMATION) VALUES ('WELL00000000017-BH1', 2840, 0.0702, 106.3836, 0.2258, 'Rajahmundry');
INSERT INTO welldata.PETROPHYSICS (UBHI, SAMPLE_DEPTH_M, POROSITY, PERMEABILITY, WATER_SAT, FORMATION) VALUES ('WELL00000000017-BH1', 2860, 0.2339, 42.7335, 0.3478, 'Barmer');
INSERT INTO welldata.PETROPHYSICS (UBHI, SAMPLE_DEPTH_M, POROSITY, PERMEABILITY, WATER_SAT, FORMATION) VALUES ('WELL00000000017-BH1', 2880, 0.1637, 161.051, 0.5133, 'Sanchore');
INSERT INTO welldata.PETROPHYSICS (UBHI, SAMPLE_DEPTH_M, POROSITY, PERMEABILITY, WATER_SAT, FORMATION) VALUES ('WELL00000000017-BH1', 2900, 0.1263, 144.5973, 0.2905, 'Barmer');
INSERT INTO welldata.PETROPHYSICS (UBHI, SAMPLE_DEPTH_M, POROSITY, PERMEABILITY, WATER_SAT, FORMATION) VALUES ('WELL00000000017-BH1', 2920, 0.2341, 379.3796, 0.4999, 'Barmer');
INSERT INTO welldata.PETROPHYSICS (UBHI, SAMPLE_DEPTH_M, POROSITY, PERMEABILITY, WATER_SAT, FORMATION) VALUES ('WELL00000000017-BH1', 2940, 0.2317, 226.7767, 0.3856, 'Sanchore');
INSERT INTO welldata.PETROPHYSICS (UBHI, SAMPLE_DEPTH_M, POROSITY, PERMEABILITY, WATER_SAT, FORMATION) VALUES ('WELL00000000017-BH1', 2960, 0.1121, 257.8517, 0.4381, 'Bengal');
INSERT INTO welldata.PETROPHYSICS (UBHI, SAMPLE_DEPTH_M, POROSITY, PERMEABILITY, WATER_SAT, FORMATION) VALUES ('WELL00000000017-BH1', 2980, 0.1674, 444.1651, 0.3935, 'Bengal');
INSERT INTO welldata.PETROPHYSICS (UBHI, SAMPLE_DEPTH_M, POROSITY, PERMEABILITY, WATER_SAT, FORMATION) VALUES ('WELL00000000017-BH1', 3000, 0.1449, 78.3376, 0.2235, 'Barmer');
INSERT INTO welldata.BOREHOLE (UBHI, UWI, BOREHOLE_NAME, BOREHOLE_TYPE, TOP_DEPTH_M, BASE_DEPTH_M) VALUES ('WELL00000000017-BH2', 'WELL00000000017', 'RELI-CA-017-BH2', 'VERTICAL', 846, 1966);
INSERT INTO welldata.PETROPHYSICS (UBHI, SAMPLE_DEPTH_M, POROSITY, PERMEABILITY, WATER_SAT, FORMATION) VALUES ('WELL00000000017-BH2', 1000, 0.0939, 407.9935, 0.4909, 'Sanchore');
INSERT INTO welldata.PETROPHYSICS (UBHI, SAMPLE_DEPTH_M, POROSITY, PERMEABILITY, WATER_SAT, FORMATION) VALUES ('WELL00000000017-BH2', 1020, 0.0681, 280.1714, 0.6769, 'Bengal');
INSERT INTO welldata.PETROPHYSICS (UBHI, SAMPLE_DEPTH_M, POROSITY, PERMEABILITY, WATER_SAT, FORMATION) VALUES ('WELL00000000017-BH2', 1040, 0.2352, 395.3317, 0.4684, 'Rajahmundry');
INSERT INTO welldata.PETROPHYSICS (UBHI, SAMPLE_DEPTH_M, POROSITY, PERMEABILITY, WATER_SAT, FORMATION) VALUES ('WELL00000000017-BH2', 1060, 0.2404, 251.2833, 0.4226, 'Rajahmundry');
INSERT INTO welldata.PETROPHYSICS (UBHI, SAMPLE_DEPTH_M, POROSITY, PERMEABILITY, WATER_SAT, FORMATION) VALUES ('WELL00000000017-BH2', 1080, 0.1505, 210.4163, 0.221, 'Bengal');
INSERT INTO welldata.PETROPHYSICS (UBHI, SAMPLE_DEPTH_M, POROSITY, PERMEABILITY, WATER_SAT, FORMATION) VALUES ('WELL00000000017-BH2', 1100, 0.1505, 407.1146, 0.1544, 'Rajahmundry');
INSERT INTO welldata.PETROPHYSICS (UBHI, SAMPLE_DEPTH_M, POROSITY, PERMEABILITY, WATER_SAT, FORMATION) VALUES ('WELL00000000017-BH2', 1120, 0.2559, 298.8822, 0.4605, 'Rajahmundry');
INSERT INTO welldata.PETROPHYSICS (UBHI, SAMPLE_DEPTH_M, POROSITY, PERMEABILITY, WATER_SAT, FORMATION) VALUES ('WELL00000000017-BH2', 1140, 0.0487, 181.3634, 0.1537, 'Barmer');
INSERT INTO welldata.PETROPHYSICS (UBHI, SAMPLE_DEPTH_M, POROSITY, PERMEABILITY, WATER_SAT, FORMATION) VALUES ('WELL00000000017-BH2', 1160, 0.2692, 208.5098, 0.5629, 'Barmer');
INSERT INTO welldata.PETROPHYSICS (UBHI, SAMPLE_DEPTH_M, POROSITY, PERMEABILITY, WATER_SAT, FORMATION) VALUES ('WELL00000000017-BH2', 1180, 0.0545, 17.085, 0.4937, 'Barmer');
INSERT INTO welldata.PETROPHYSICS (UBHI, SAMPLE_DEPTH_M, POROSITY, PERMEABILITY, WATER_SAT, FORMATION) VALUES ('WELL00000000017-BH2', 1200, 0.1645, 375.2699, 0.6752, 'Barmer');
INSERT INTO welldata.PETROPHYSICS (UBHI, SAMPLE_DEPTH_M, POROSITY, PERMEABILITY, WATER_SAT, FORMATION) VALUES ('WELL00000000017-BH2', 1220, 0.2768, 94.0647, 0.6756, 'Sanchore');
INSERT INTO welldata.PETROPHYSICS (UBHI, SAMPLE_DEPTH_M, POROSITY, PERMEABILITY, WATER_SAT, FORMATION) VALUES ('WELL00000000017-BH2', 1240, 0.146, 337.9006, 0.3637, 'Barmer');
INSERT INTO welldata.PETROPHYSICS (UBHI, SAMPLE_DEPTH_M, POROSITY, PERMEABILITY, WATER_SAT, FORMATION) VALUES ('WELL00000000017-BH2', 1260, 0.1672, 292.9078, 0.3551, 'Bengal');
INSERT INTO welldata.PETROPHYSICS (UBHI, SAMPLE_DEPTH_M, POROSITY, PERMEABILITY, WATER_SAT, FORMATION) VALUES ('WELL00000000017-BH2', 1280, 0.1766, 312.1494, 0.5511, 'Bengal');
INSERT INTO welldata.PETROPHYSICS (UBHI, SAMPLE_DEPTH_M, POROSITY, PERMEABILITY, WATER_SAT, FORMATION) VALUES ('WELL00000000017-BH2', 1300, 0.1194, 371.2858, 0.2395, 'Sanchore');
INSERT INTO welldata.PETROPHYSICS (UBHI, SAMPLE_DEPTH_M, POROSITY, PERMEABILITY, WATER_SAT, FORMATION) VALUES ('WELL00000000017-BH2', 1320, 0.0795, 191.1375, 0.4572, 'Barmer');
INSERT INTO welldata.PETROPHYSICS (UBHI, SAMPLE_DEPTH_M, POROSITY, PERMEABILITY, WATER_SAT, FORMATION) VALUES ('WELL00000000017-BH2', 1340, 0.1165, 380.3286, 0.4425, 'Bengal');
INSERT INTO welldata.PETROPHYSICS (UBHI, SAMPLE_DEPTH_M, POROSITY, PERMEABILITY, WATER_SAT, FORMATION) VALUES ('WELL00000000017-BH2', 1360, 0.2054, 255.6125, 0.2834, 'Sanchore');
INSERT INTO welldata.PETROPHYSICS (UBHI, SAMPLE_DEPTH_M, POROSITY, PERMEABILITY, WATER_SAT, FORMATION) VALUES ('WELL00000000017-BH2', 1380, 0.1853, 365.8928, 0.5069, 'Barmer');
INSERT INTO welldata.PETROPHYSICS (UBHI, SAMPLE_DEPTH_M, POROSITY, PERMEABILITY, WATER_SAT, FORMATION) VALUES ('WELL00000000017-BH2', 1400, 0.0738, 423.1082, 0.7127, 'Sanchore');
INSERT INTO welldata.PETROPHYSICS (UBHI, SAMPLE_DEPTH_M, POROSITY, PERMEABILITY, WATER_SAT, FORMATION) VALUES ('WELL00000000017-BH2', 1420, 0.2788, 194.5456, 0.393, 'Bengal');
INSERT INTO welldata.PETROPHYSICS (UBHI, SAMPLE_DEPTH_M, POROSITY, PERMEABILITY, WATER_SAT, FORMATION) VALUES ('WELL00000000017-BH2', 1440, 0.2077, 30.4961, 0.2625, 'Barmer');
INSERT INTO welldata.PETROPHYSICS (UBHI, SAMPLE_DEPTH_M, POROSITY, PERMEABILITY, WATER_SAT, FORMATION) VALUES ('WELL00000000017-BH2', 1460, 0.1674, 177.5348, 0.2188, 'Bengal');
INSERT INTO welldata.PETROPHYSICS (UBHI, SAMPLE_DEPTH_M, POROSITY, PERMEABILITY, WATER_SAT, FORMATION) VALUES ('WELL00000000017-BH2', 1480, 0.2033, 293.4721, 0.6679, 'Barmer');
INSERT INTO welldata.PETROPHYSICS (UBHI, SAMPLE_DEPTH_M, POROSITY, PERMEABILITY, WATER_SAT, FORMATION) VALUES ('WELL00000000017-BH2', 1500, 0.1656, 384.1574, 0.307, 'Rajahmundry');
INSERT INTO welldata.PETROPHYSICS (UBHI, SAMPLE_DEPTH_M, POROSITY, PERMEABILITY, WATER_SAT, FORMATION) VALUES ('WELL00000000017-BH2', 1520, 0.2702, 300.4634, 0.7394, 'Rajahmundry');
INSERT INTO welldata.PETROPHYSICS (UBHI, SAMPLE_DEPTH_M, POROSITY, PERMEABILITY, WATER_SAT, FORMATION) VALUES ('WELL00000000017-BH2', 1540, 0.1405, 413.7337, 0.7091, 'Rajahmundry');
INSERT INTO welldata.PETROPHYSICS (UBHI, SAMPLE_DEPTH_M, POROSITY, PERMEABILITY, WATER_SAT, FORMATION) VALUES ('WELL00000000017-BH2', 1560, 0.1071, 110.1103, 0.3059, 'Barmer');
INSERT INTO welldata.PETROPHYSICS (UBHI, SAMPLE_DEPTH_M, POROSITY, PERMEABILITY, WATER_SAT, FORMATION) VALUES ('WELL00000000017-BH2', 1580, 0.2104, 284.3532, 0.5334, 'Barmer');
INSERT INTO welldata.PETROPHYSICS (UBHI, SAMPLE_DEPTH_M, POROSITY, PERMEABILITY, WATER_SAT, FORMATION) VALUES ('WELL00000000017-BH2', 1600, 0.2525, 141.1536, 0.1543, 'Bengal');
INSERT INTO welldata.PETROPHYSICS (UBHI, SAMPLE_DEPTH_M, POROSITY, PERMEABILITY, WATER_SAT, FORMATION) VALUES ('WELL00000000017-BH2', 1620, 0.2684, 77.7358, 0.6043, 'Sanchore');
INSERT INTO welldata.PETROPHYSICS (UBHI, SAMPLE_DEPTH_M, POROSITY, PERMEABILITY, WATER_SAT, FORMATION) VALUES ('WELL00000000017-BH2', 1640, 0.069, 11.9105, 0.2505, 'Bengal');
INSERT INTO welldata.PETROPHYSICS (UBHI, SAMPLE_DEPTH_M, POROSITY, PERMEABILITY, WATER_SAT, FORMATION) VALUES ('WELL00000000017-BH2', 1660, 0.053, 395.8597, 0.3483, 'Barmer');
INSERT INTO welldata.PETROPHYSICS (UBHI, SAMPLE_DEPTH_M, POROSITY, PERMEABILITY, WATER_SAT, FORMATION) VALUES ('WELL00000000017-BH2', 1680, 0.0737, 101.5832, 0.3304, 'Barmer');
INSERT INTO welldata.PETROPHYSICS (UBHI, SAMPLE_DEPTH_M, POROSITY, PERMEABILITY, WATER_SAT, FORMATION) VALUES ('WELL00000000017-BH2', 1700, 0.2135, 340.3942, 0.6932, 'Barmer');
INSERT INTO welldata.PETROPHYSICS (UBHI, SAMPLE_DEPTH_M, POROSITY, PERMEABILITY, WATER_SAT, FORMATION) VALUES ('WELL00000000017-BH2', 1720, 0.2549, 266.5783, 0.4972, 'Sanchore');
INSERT INTO welldata.PETROPHYSICS (UBHI, SAMPLE_DEPTH_M, POROSITY, PERMEABILITY, WATER_SAT, FORMATION) VALUES ('WELL00000000017-BH2', 1740, 0.1435, 26.9162, 0.398, 'Sanchore');
INSERT INTO welldata.PETROPHYSICS (UBHI, SAMPLE_DEPTH_M, POROSITY, PERMEABILITY, WATER_SAT, FORMATION) VALUES ('WELL00000000017-BH2', 1760, 0.0517, 417.9896, 0.343, 'Sanchore');
INSERT INTO welldata.PETROPHYSICS (UBHI, SAMPLE_DEPTH_M, POROSITY, PERMEABILITY, WATER_SAT, FORMATION) VALUES ('WELL00000000017-BH2', 1780, 0.0544, 268.6945, 0.5127, 'Barmer');
INSERT INTO welldata.PETROPHYSICS (UBHI, SAMPLE_DEPTH_M, POROSITY, PERMEABILITY, WATER_SAT, FORMATION) VALUES ('WELL00000000017-BH2', 1800, 0.1453, 101.0816, 0.7291, 'Barmer');
INSERT INTO welldata.PETROPHYSICS (UBHI, SAMPLE_DEPTH_M, POROSITY, PERMEABILITY, WATER_SAT, FORMATION) VALUES ('WELL00000000017-BH2', 1820, 0.1057, 172.1336, 0.5614, 'Sanchore');
INSERT INTO welldata.PETROPHYSICS (UBHI, SAMPLE_DEPTH_M, POROSITY, PERMEABILITY, WATER_SAT, FORMATION) VALUES ('WELL00000000017-BH2', 1840, 0.1383, 212.3726, 0.1503, 'Rajahmundry');
INSERT INTO welldata.PETROPHYSICS (UBHI, SAMPLE_DEPTH_M, POROSITY, PERMEABILITY, WATER_SAT, FORMATION) VALUES ('WELL00000000017-BH2', 1860, 0.1509, 315.392, 0.4499, 'Rajahmundry');
INSERT INTO welldata.PETROPHYSICS (UBHI, SAMPLE_DEPTH_M, POROSITY, PERMEABILITY, WATER_SAT, FORMATION) VALUES ('WELL00000000017-BH2', 1880, 0.107, 215.9495, 0.6247, 'Rajahmundry');
INSERT INTO welldata.PETROPHYSICS (UBHI, SAMPLE_DEPTH_M, POROSITY, PERMEABILITY, WATER_SAT, FORMATION) VALUES ('WELL00000000017-BH2', 1900, 0.0719, 196.7691, 0.6067, 'Bengal');
INSERT INTO welldata.PETROPHYSICS (UBHI, SAMPLE_DEPTH_M, POROSITY, PERMEABILITY, WATER_SAT, FORMATION) VALUES ('WELL00000000017-BH2', 1920, 0.0674, 287.6076, 0.2307, 'Sanchore');
INSERT INTO welldata.PETROPHYSICS (UBHI, SAMPLE_DEPTH_M, POROSITY, PERMEABILITY, WATER_SAT, FORMATION) VALUES ('WELL00000000017-BH2', 1940, 0.1766, 376.1019, 0.4645, 'Bengal');
INSERT INTO welldata.PETROPHYSICS (UBHI, SAMPLE_DEPTH_M, POROSITY, PERMEABILITY, WATER_SAT, FORMATION) VALUES ('WELL00000000017-BH2', 1960, 0.2404, 297.5442, 0.5936, 'Bengal');
INSERT INTO welldata.PETROPHYSICS (UBHI, SAMPLE_DEPTH_M, POROSITY, PERMEABILITY, WATER_SAT, FORMATION) VALUES ('WELL00000000017-BH2', 1980, 0.1493, 229.7679, 0.162, 'Barmer');
INSERT INTO welldata.PETROPHYSICS (UBHI, SAMPLE_DEPTH_M, POROSITY, PERMEABILITY, WATER_SAT, FORMATION) VALUES ('WELL00000000017-BH2', 2000, 0.0493, 326.0975, 0.3049, 'Rajahmundry');
INSERT INTO welldata.PETROPHYSICS (UBHI, SAMPLE_DEPTH_M, POROSITY, PERMEABILITY, WATER_SAT, FORMATION) VALUES ('WELL00000000017-BH2', 2020, 0.1738, 254.7715, 0.5758, 'Sanchore');
INSERT INTO welldata.PETROPHYSICS (UBHI, SAMPLE_DEPTH_M, POROSITY, PERMEABILITY, WATER_SAT, FORMATION) VALUES ('WELL00000000017-BH2', 2040, 0.2608, 399.2645, 0.2148, 'Rajahmundry');
INSERT INTO welldata.PETROPHYSICS (UBHI, SAMPLE_DEPTH_M, POROSITY, PERMEABILITY, WATER_SAT, FORMATION) VALUES ('WELL00000000017-BH2', 2060, 0.1432, 25.1999, 0.2234, 'Bengal');
INSERT INTO welldata.PETROPHYSICS (UBHI, SAMPLE_DEPTH_M, POROSITY, PERMEABILITY, WATER_SAT, FORMATION) VALUES ('WELL00000000017-BH2', 2080, 0.0901, 357.7983, 0.609, 'Sanchore');
INSERT INTO welldata.PETROPHYSICS (UBHI, SAMPLE_DEPTH_M, POROSITY, PERMEABILITY, WATER_SAT, FORMATION) VALUES ('WELL00000000017-BH2', 2100, 0.0851, 354.557, 0.432, 'Bengal');
INSERT INTO welldata.PETROPHYSICS (UBHI, SAMPLE_DEPTH_M, POROSITY, PERMEABILITY, WATER_SAT, FORMATION) VALUES ('WELL00000000017-BH2', 2120, 0.1615, 130.878, 0.4874, 'Rajahmundry');
INSERT INTO welldata.PETROPHYSICS (UBHI, SAMPLE_DEPTH_M, POROSITY, PERMEABILITY, WATER_SAT, FORMATION) VALUES ('WELL00000000017-BH2', 2140, 0.1335, 326.5346, 0.2848, 'Sanchore');
INSERT INTO welldata.PETROPHYSICS (UBHI, SAMPLE_DEPTH_M, POROSITY, PERMEABILITY, WATER_SAT, FORMATION) VALUES ('WELL00000000017-BH2', 2160, 0.0858, 24.0726, 0.6559, 'Rajahmundry');
INSERT INTO welldata.PETROPHYSICS (UBHI, SAMPLE_DEPTH_M, POROSITY, PERMEABILITY, WATER_SAT, FORMATION) VALUES ('WELL00000000017-BH2', 2180, 0.1523, 273.738, 0.4838, 'Barmer');
INSERT INTO welldata.PETROPHYSICS (UBHI, SAMPLE_DEPTH_M, POROSITY, PERMEABILITY, WATER_SAT, FORMATION) VALUES ('WELL00000000017-BH2', 2200, 0.1901, 6.5386, 0.6651, 'Rajahmundry');
INSERT INTO welldata.PETROPHYSICS (UBHI, SAMPLE_DEPTH_M, POROSITY, PERMEABILITY, WATER_SAT, FORMATION) VALUES ('WELL00000000017-BH2', 2220, 0.0799, 227.4464, 0.1962, 'Rajahmundry');
INSERT INTO welldata.PETROPHYSICS (UBHI, SAMPLE_DEPTH_M, POROSITY, PERMEABILITY, WATER_SAT, FORMATION) VALUES ('WELL00000000017-BH2', 2240, 0.078, 270.6908, 0.3252, 'Sanchore');
INSERT INTO welldata.PETROPHYSICS (UBHI, SAMPLE_DEPTH_M, POROSITY, PERMEABILITY, WATER_SAT, FORMATION) VALUES ('WELL00000000017-BH2', 2260, 0.1938, 172.5055, 0.351, 'Sanchore');
INSERT INTO welldata.PETROPHYSICS (UBHI, SAMPLE_DEPTH_M, POROSITY, PERMEABILITY, WATER_SAT, FORMATION) VALUES ('WELL00000000017-BH2', 2280, 0.2583, 341.5747, 0.455, 'Sanchore');
INSERT INTO welldata.PETROPHYSICS (UBHI, SAMPLE_DEPTH_M, POROSITY, PERMEABILITY, WATER_SAT, FORMATION) VALUES ('WELL00000000017-BH2', 2300, 0.0417, 127.5043, 0.3544, 'Rajahmundry');
INSERT INTO welldata.PETROPHYSICS (UBHI, SAMPLE_DEPTH_M, POROSITY, PERMEABILITY, WATER_SAT, FORMATION) VALUES ('WELL00000000017-BH2', 2320, 0.2404, 259.6268, 0.5095, 'Rajahmundry');
INSERT INTO welldata.PETROPHYSICS (UBHI, SAMPLE_DEPTH_M, POROSITY, PERMEABILITY, WATER_SAT, FORMATION) VALUES ('WELL00000000017-BH2', 2340, 0.1794, 111.9595, 0.4875, 'Rajahmundry');
INSERT INTO welldata.PETROPHYSICS (UBHI, SAMPLE_DEPTH_M, POROSITY, PERMEABILITY, WATER_SAT, FORMATION) VALUES ('WELL00000000017-BH2', 2360, 0.082, 28.9355, 0.3991, 'Rajahmundry');
INSERT INTO welldata.PETROPHYSICS (UBHI, SAMPLE_DEPTH_M, POROSITY, PERMEABILITY, WATER_SAT, FORMATION) VALUES ('WELL00000000017-BH2', 2380, 0.2551, 417.0433, 0.611, 'Barmer');
INSERT INTO welldata.PETROPHYSICS (UBHI, SAMPLE_DEPTH_M, POROSITY, PERMEABILITY, WATER_SAT, FORMATION) VALUES ('WELL00000000017-BH2', 2400, 0.1378, 60.3468, 0.413, 'Barmer');
INSERT INTO welldata.PETROPHYSICS (UBHI, SAMPLE_DEPTH_M, POROSITY, PERMEABILITY, WATER_SAT, FORMATION) VALUES ('WELL00000000017-BH2', 2420, 0.1586, 45.7304, 0.4091, 'Barmer');
INSERT INTO welldata.PETROPHYSICS (UBHI, SAMPLE_DEPTH_M, POROSITY, PERMEABILITY, WATER_SAT, FORMATION) VALUES ('WELL00000000017-BH2', 2440, 0.2174, 269.8312, 0.5088, 'Bengal');
INSERT INTO welldata.PETROPHYSICS (UBHI, SAMPLE_DEPTH_M, POROSITY, PERMEABILITY, WATER_SAT, FORMATION) VALUES ('WELL00000000017-BH2', 2460, 0.2423, 237.8472, 0.7487, 'Rajahmundry');
INSERT INTO welldata.PETROPHYSICS (UBHI, SAMPLE_DEPTH_M, POROSITY, PERMEABILITY, WATER_SAT, FORMATION) VALUES ('WELL00000000017-BH2', 2480, 0.2217, 52.8992, 0.635, 'Sanchore');
INSERT INTO welldata.PETROPHYSICS (UBHI, SAMPLE_DEPTH_M, POROSITY, PERMEABILITY, WATER_SAT, FORMATION) VALUES ('WELL00000000017-BH2', 2500, 0.1664, 231.9577, 0.4832, 'Barmer');
INSERT INTO welldata.PETROPHYSICS (UBHI, SAMPLE_DEPTH_M, POROSITY, PERMEABILITY, WATER_SAT, FORMATION) VALUES ('WELL00000000017-BH2', 2520, 0.2154, 251.1117, 0.2968, 'Rajahmundry');
INSERT INTO welldata.PETROPHYSICS (UBHI, SAMPLE_DEPTH_M, POROSITY, PERMEABILITY, WATER_SAT, FORMATION) VALUES ('WELL00000000017-BH2', 2540, 0.0723, 21.0716, 0.4896, 'Sanchore');
INSERT INTO welldata.PETROPHYSICS (UBHI, SAMPLE_DEPTH_M, POROSITY, PERMEABILITY, WATER_SAT, FORMATION) VALUES ('WELL00000000017-BH2', 2560, 0.2782, 122.2415, 0.4621, 'Sanchore');
INSERT INTO welldata.PETROPHYSICS (UBHI, SAMPLE_DEPTH_M, POROSITY, PERMEABILITY, WATER_SAT, FORMATION) VALUES ('WELL00000000017-BH2', 2580, 0.1184, 310.3593, 0.6829, 'Sanchore');
INSERT INTO welldata.PETROPHYSICS (UBHI, SAMPLE_DEPTH_M, POROSITY, PERMEABILITY, WATER_SAT, FORMATION) VALUES ('WELL00000000017-BH2', 2600, 0.1235, 5.455, 0.3058, 'Rajahmundry');
INSERT INTO welldata.PETROPHYSICS (UBHI, SAMPLE_DEPTH_M, POROSITY, PERMEABILITY, WATER_SAT, FORMATION) VALUES ('WELL00000000017-BH2', 2620, 0.0939, 331.9337, 0.2188, 'Sanchore');
INSERT INTO welldata.PETROPHYSICS (UBHI, SAMPLE_DEPTH_M, POROSITY, PERMEABILITY, WATER_SAT, FORMATION) VALUES ('WELL00000000017-BH2', 2640, 0.1547, 96.5197, 0.6386, 'Rajahmundry');
INSERT INTO welldata.PETROPHYSICS (UBHI, SAMPLE_DEPTH_M, POROSITY, PERMEABILITY, WATER_SAT, FORMATION) VALUES ('WELL00000000017-BH2', 2660, 0.2309, 4.0571, 0.5222, 'Barmer');
INSERT INTO welldata.PETROPHYSICS (UBHI, SAMPLE_DEPTH_M, POROSITY, PERMEABILITY, WATER_SAT, FORMATION) VALUES ('WELL00000000017-BH2', 2680, 0.2293, 72.7029, 0.4822, 'Bengal');
INSERT INTO welldata.PETROPHYSICS (UBHI, SAMPLE_DEPTH_M, POROSITY, PERMEABILITY, WATER_SAT, FORMATION) VALUES ('WELL00000000017-BH2', 2700, 0.2246, 59.963, 0.188, 'Barmer');
INSERT INTO welldata.PETROPHYSICS (UBHI, SAMPLE_DEPTH_M, POROSITY, PERMEABILITY, WATER_SAT, FORMATION) VALUES ('WELL00000000017-BH2', 2720, 0.1751, 228.0214, 0.7347, 'Rajahmundry');
INSERT INTO welldata.PETROPHYSICS (UBHI, SAMPLE_DEPTH_M, POROSITY, PERMEABILITY, WATER_SAT, FORMATION) VALUES ('WELL00000000017-BH2', 2740, 0.2481, 306.2085, 0.5377, 'Bengal');
INSERT INTO welldata.PETROPHYSICS (UBHI, SAMPLE_DEPTH_M, POROSITY, PERMEABILITY, WATER_SAT, FORMATION) VALUES ('WELL00000000017-BH2', 2760, 0.0817, 93.8232, 0.3093, 'Sanchore');
INSERT INTO welldata.PETROPHYSICS (UBHI, SAMPLE_DEPTH_M, POROSITY, PERMEABILITY, WATER_SAT, FORMATION) VALUES ('WELL00000000017-BH2', 2780, 0.2301, 99.7227, 0.7166, 'Sanchore');
INSERT INTO welldata.PETROPHYSICS (UBHI, SAMPLE_DEPTH_M, POROSITY, PERMEABILITY, WATER_SAT, FORMATION) VALUES ('WELL00000000017-BH2', 2800, 0.0476, 314.3637, 0.38, 'Bengal');
INSERT INTO welldata.PETROPHYSICS (UBHI, SAMPLE_DEPTH_M, POROSITY, PERMEABILITY, WATER_SAT, FORMATION) VALUES ('WELL00000000017-BH2', 2820, 0.1091, 444.7489, 0.6083, 'Rajahmundry');
INSERT INTO welldata.PETROPHYSICS (UBHI, SAMPLE_DEPTH_M, POROSITY, PERMEABILITY, WATER_SAT, FORMATION) VALUES ('WELL00000000017-BH2', 2840, 0.2456, 34.1834, 0.2837, 'Bengal');
INSERT INTO welldata.PETROPHYSICS (UBHI, SAMPLE_DEPTH_M, POROSITY, PERMEABILITY, WATER_SAT, FORMATION) VALUES ('WELL00000000017-BH2', 2860, 0.179, 335.8372, 0.6886, 'Sanchore');
INSERT INTO welldata.PETROPHYSICS (UBHI, SAMPLE_DEPTH_M, POROSITY, PERMEABILITY, WATER_SAT, FORMATION) VALUES ('WELL00000000017-BH2', 2880, 0.0777, 51.8693, 0.6187, 'Barmer');
INSERT INTO welldata.PETROPHYSICS (UBHI, SAMPLE_DEPTH_M, POROSITY, PERMEABILITY, WATER_SAT, FORMATION) VALUES ('WELL00000000017-BH2', 2900, 0.1353, 56.9895, 0.7465, 'Rajahmundry');
INSERT INTO welldata.PETROPHYSICS (UBHI, SAMPLE_DEPTH_M, POROSITY, PERMEABILITY, WATER_SAT, FORMATION) VALUES ('WELL00000000017-BH2', 2920, 0.0711, 276.5272, 0.2788, 'Barmer');
INSERT INTO welldata.PETROPHYSICS (UBHI, SAMPLE_DEPTH_M, POROSITY, PERMEABILITY, WATER_SAT, FORMATION) VALUES ('WELL00000000017-BH2', 2940, 0.0415, 121.4678, 0.2646, 'Bengal');
INSERT INTO welldata.PETROPHYSICS (UBHI, SAMPLE_DEPTH_M, POROSITY, PERMEABILITY, WATER_SAT, FORMATION) VALUES ('WELL00000000017-BH2', 2960, 0.0744, 264.1829, 0.188, 'Sanchore');
INSERT INTO welldata.PETROPHYSICS (UBHI, SAMPLE_DEPTH_M, POROSITY, PERMEABILITY, WATER_SAT, FORMATION) VALUES ('WELL00000000017-BH2', 2980, 0.1306, 139.4398, 0.6959, 'Bengal');
INSERT INTO welldata.PETROPHYSICS (UBHI, SAMPLE_DEPTH_M, POROSITY, PERMEABILITY, WATER_SAT, FORMATION) VALUES ('WELL00000000017-BH2', 3000, 0.048, 44.6149, 0.3609, 'Bengal');
INSERT INTO welldata.PRODUCTION (UWI, PROD_DATE, OIL_BBL, GAS_MCF, WATER_BBL, HOURS_ON) VALUES ('WELL00000000017', TO_DATE('2015-01-01','YYYY-MM-DD'), 775.15, 577.46, 1304.71, 674.15);
INSERT INTO welldata.PRODUCTION (UWI, PROD_DATE, OIL_BBL, GAS_MCF, WATER_BBL, HOURS_ON) VALUES ('WELL00000000017', TO_DATE('2015-02-01','YYYY-MM-DD'), 1815.24, 5937.35, 272.07, 324.13);
INSERT INTO welldata.PRODUCTION (UWI, PROD_DATE, OIL_BBL, GAS_MCF, WATER_BBL, HOURS_ON) VALUES ('WELL00000000017', TO_DATE('2015-03-01','YYYY-MM-DD'), 273.44, 11887.07, 323.53, 254.36);
INSERT INTO welldata.PRODUCTION (UWI, PROD_DATE, OIL_BBL, GAS_MCF, WATER_BBL, HOURS_ON) VALUES ('WELL00000000017', TO_DATE('2015-04-01','YYYY-MM-DD'), 1134.13, 2481.08, 1086.79, 325.28);
INSERT INTO welldata.PRODUCTION (UWI, PROD_DATE, OIL_BBL, GAS_MCF, WATER_BBL, HOURS_ON) VALUES ('WELL00000000017', TO_DATE('2015-05-01','YYYY-MM-DD'), 2210.28, 8985.13, 1013.62, 570.56);
INSERT INTO welldata.PRODUCTION (UWI, PROD_DATE, OIL_BBL, GAS_MCF, WATER_BBL, HOURS_ON) VALUES ('WELL00000000017', TO_DATE('2015-06-01','YYYY-MM-DD'), 181.73, 11575.5, 482.21, 546.19);
INSERT INTO welldata.PRODUCTION (UWI, PROD_DATE, OIL_BBL, GAS_MCF, WATER_BBL, HOURS_ON) VALUES ('WELL00000000017', TO_DATE('2015-07-01','YYYY-MM-DD'), 2090.95, 6700.99, 934.83, 208.06);
INSERT INTO welldata.PRODUCTION (UWI, PROD_DATE, OIL_BBL, GAS_MCF, WATER_BBL, HOURS_ON) VALUES ('WELL00000000017', TO_DATE('2015-08-01','YYYY-MM-DD'), 1533.3, 11069.67, 650.26, 575.42);
INSERT INTO welldata.PRODUCTION (UWI, PROD_DATE, OIL_BBL, GAS_MCF, WATER_BBL, HOURS_ON) VALUES ('WELL00000000017', TO_DATE('2015-09-01','YYYY-MM-DD'), 861.34, 3385.71, 1446.52, 381.61);
INSERT INTO welldata.PRODUCTION (UWI, PROD_DATE, OIL_BBL, GAS_MCF, WATER_BBL, HOURS_ON) VALUES ('WELL00000000017', TO_DATE('2015-10-01','YYYY-MM-DD'), 2141.25, 13378.3, 577.18, 438.54);
INSERT INTO welldata.PRODUCTION (UWI, PROD_DATE, OIL_BBL, GAS_MCF, WATER_BBL, HOURS_ON) VALUES ('WELL00000000017', TO_DATE('2015-11-01','YYYY-MM-DD'), 2412.81, 508.63, 274.74, 550.94);
INSERT INTO welldata.PRODUCTION (UWI, PROD_DATE, OIL_BBL, GAS_MCF, WATER_BBL, HOURS_ON) VALUES ('WELL00000000017', TO_DATE('2015-12-01','YYYY-MM-DD'), 1311.28, 9098.16, 590.85, 151.21);
INSERT INTO welldata.PRODUCTION (UWI, PROD_DATE, OIL_BBL, GAS_MCF, WATER_BBL, HOURS_ON) VALUES ('WELL00000000017', TO_DATE('2016-01-01','YYYY-MM-DD'), 101.69, 13317.8, 985.79, 574.69);
INSERT INTO welldata.PRODUCTION (UWI, PROD_DATE, OIL_BBL, GAS_MCF, WATER_BBL, HOURS_ON) VALUES ('WELL00000000017', TO_DATE('2016-02-01','YYYY-MM-DD'), 1004.93, 12777.11, 816.31, 673.93);
INSERT INTO welldata.PRODUCTION (UWI, PROD_DATE, OIL_BBL, GAS_MCF, WATER_BBL, HOURS_ON) VALUES ('WELL00000000017', TO_DATE('2016-03-01','YYYY-MM-DD'), 112.9, 9861.19, 1065.54, 597.78);
INSERT INTO welldata.PRODUCTION (UWI, PROD_DATE, OIL_BBL, GAS_MCF, WATER_BBL, HOURS_ON) VALUES ('WELL00000000017', TO_DATE('2016-04-01','YYYY-MM-DD'), 2421.06, 2690.11, 455.27, 630.37);
INSERT INTO welldata.PRODUCTION (UWI, PROD_DATE, OIL_BBL, GAS_MCF, WATER_BBL, HOURS_ON) VALUES ('WELL00000000017', TO_DATE('2016-05-01','YYYY-MM-DD'), 1955.6, 4132.94, 32.81, 671.15);
INSERT INTO welldata.PRODUCTION (UWI, PROD_DATE, OIL_BBL, GAS_MCF, WATER_BBL, HOURS_ON) VALUES ('WELL00000000017', TO_DATE('2016-06-01','YYYY-MM-DD'), 1773.87, 2525.62, 319.74, 553.22);
INSERT INTO welldata.PRODUCTION (UWI, PROD_DATE, OIL_BBL, GAS_MCF, WATER_BBL, HOURS_ON) VALUES ('WELL00000000017', TO_DATE('2016-07-01','YYYY-MM-DD'), 2743.8, 1724.72, 1291.76, 163.71);
INSERT INTO welldata.PRODUCTION (UWI, PROD_DATE, OIL_BBL, GAS_MCF, WATER_BBL, HOURS_ON) VALUES ('WELL00000000017', TO_DATE('2016-08-01','YYYY-MM-DD'), 872.75, 14308.15, 385.48, 552.49);
INSERT INTO welldata.PRODUCTION (UWI, PROD_DATE, OIL_BBL, GAS_MCF, WATER_BBL, HOURS_ON) VALUES ('WELL00000000017', TO_DATE('2016-09-01','YYYY-MM-DD'), 2227.66, 11860.17, 1319.02, 583.11);
INSERT INTO welldata.PRODUCTION (UWI, PROD_DATE, OIL_BBL, GAS_MCF, WATER_BBL, HOURS_ON) VALUES ('WELL00000000017', TO_DATE('2016-10-01','YYYY-MM-DD'), 878.16, 6538.02, 1056.53, 397.52);
INSERT INTO welldata.PRODUCTION (UWI, PROD_DATE, OIL_BBL, GAS_MCF, WATER_BBL, HOURS_ON) VALUES ('WELL00000000017', TO_DATE('2016-11-01','YYYY-MM-DD'), 726.44, 11357.77, 1225.58, 701.96);
INSERT INTO welldata.PRODUCTION (UWI, PROD_DATE, OIL_BBL, GAS_MCF, WATER_BBL, HOURS_ON) VALUES ('WELL00000000017', TO_DATE('2016-12-01','YYYY-MM-DD'), 2644.68, 13323.46, 1245.7, 234.07);
INSERT INTO welldata.PRODUCTION (UWI, PROD_DATE, OIL_BBL, GAS_MCF, WATER_BBL, HOURS_ON) VALUES ('WELL00000000017', TO_DATE('2017-01-01','YYYY-MM-DD'), 1585.81, 14613.5, 514.32, 287.63);
INSERT INTO welldata.PRODUCTION (UWI, PROD_DATE, OIL_BBL, GAS_MCF, WATER_BBL, HOURS_ON) VALUES ('WELL00000000017', TO_DATE('2017-02-01','YYYY-MM-DD'), 937.26, 507.14, 322.08, 354.38);
INSERT INTO welldata.PRODUCTION (UWI, PROD_DATE, OIL_BBL, GAS_MCF, WATER_BBL, HOURS_ON) VALUES ('WELL00000000017', TO_DATE('2017-03-01','YYYY-MM-DD'), 1324.96, 8483.89, 1027.18, 706.88);
INSERT INTO welldata.PRODUCTION (UWI, PROD_DATE, OIL_BBL, GAS_MCF, WATER_BBL, HOURS_ON) VALUES ('WELL00000000017', TO_DATE('2017-04-01','YYYY-MM-DD'), 649.88, 7191.5, 659.35, 411.8);
INSERT INTO welldata.PRODUCTION (UWI, PROD_DATE, OIL_BBL, GAS_MCF, WATER_BBL, HOURS_ON) VALUES ('WELL00000000017', TO_DATE('2017-05-01','YYYY-MM-DD'), 709.56, 10615.93, 702.55, 445.01);
INSERT INTO welldata.PRODUCTION (UWI, PROD_DATE, OIL_BBL, GAS_MCF, WATER_BBL, HOURS_ON) VALUES ('WELL00000000017', TO_DATE('2017-06-01','YYYY-MM-DD'), 713.75, 12975.81, 117.77, 437.75);
INSERT INTO welldata.PRODUCTION (UWI, PROD_DATE, OIL_BBL, GAS_MCF, WATER_BBL, HOURS_ON) VALUES ('WELL00000000017', TO_DATE('2017-07-01','YYYY-MM-DD'), 255.18, 2648.94, 238.07, 395.6);
INSERT INTO welldata.PRODUCTION (UWI, PROD_DATE, OIL_BBL, GAS_MCF, WATER_BBL, HOURS_ON) VALUES ('WELL00000000017', TO_DATE('2017-08-01','YYYY-MM-DD'), 1353.16, 14917.78, 413.13, 126.32);
INSERT INTO welldata.PRODUCTION (UWI, PROD_DATE, OIL_BBL, GAS_MCF, WATER_BBL, HOURS_ON) VALUES ('WELL00000000017', TO_DATE('2017-09-01','YYYY-MM-DD'), 1288.85, 7382.47, 1463.96, 449.37);
INSERT INTO welldata.PRODUCTION (UWI, PROD_DATE, OIL_BBL, GAS_MCF, WATER_BBL, HOURS_ON) VALUES ('WELL00000000017', TO_DATE('2017-10-01','YYYY-MM-DD'), 268.62, 3916.88, 26.44, 651.43);
INSERT INTO welldata.PRODUCTION (UWI, PROD_DATE, OIL_BBL, GAS_MCF, WATER_BBL, HOURS_ON) VALUES ('WELL00000000017', TO_DATE('2017-11-01','YYYY-MM-DD'), 938.26, 11100.46, 1429.4, 210.72);
INSERT INTO welldata.PRODUCTION (UWI, PROD_DATE, OIL_BBL, GAS_MCF, WATER_BBL, HOURS_ON) VALUES ('WELL00000000017', TO_DATE('2017-12-01','YYYY-MM-DD'), 2815.74, 8050.33, 1401.5, 171.65);
INSERT INTO welldata.PRODUCTION (UWI, PROD_DATE, OIL_BBL, GAS_MCF, WATER_BBL, HOURS_ON) VALUES ('WELL00000000017', TO_DATE('2018-01-01','YYYY-MM-DD'), 1237.64, 6857.09, 649.56, 451.6);
INSERT INTO welldata.PRODUCTION (UWI, PROD_DATE, OIL_BBL, GAS_MCF, WATER_BBL, HOURS_ON) VALUES ('WELL00000000017', TO_DATE('2018-02-01','YYYY-MM-DD'), 71.21, 14931.56, 461.05, 498.86);
INSERT INTO welldata.PRODUCTION (UWI, PROD_DATE, OIL_BBL, GAS_MCF, WATER_BBL, HOURS_ON) VALUES ('WELL00000000017', TO_DATE('2018-03-01','YYYY-MM-DD'), 154.61, 3732.56, 1271.51, 653.13);
INSERT INTO welldata.PRODUCTION (UWI, PROD_DATE, OIL_BBL, GAS_MCF, WATER_BBL, HOURS_ON) VALUES ('WELL00000000017', TO_DATE('2018-04-01','YYYY-MM-DD'), 2057.18, 8338.47, 464.26, 300.64);
INSERT INTO welldata.PRODUCTION (UWI, PROD_DATE, OIL_BBL, GAS_MCF, WATER_BBL, HOURS_ON) VALUES ('WELL00000000017', TO_DATE('2018-05-01','YYYY-MM-DD'), 1258.38, 3122.52, 483.74, 519.11);
INSERT INTO welldata.PRODUCTION (UWI, PROD_DATE, OIL_BBL, GAS_MCF, WATER_BBL, HOURS_ON) VALUES ('WELL00000000017', TO_DATE('2018-06-01','YYYY-MM-DD'), 287.77, 14064.73, 1441.32, 200.0);
INSERT INTO welldata.PRODUCTION (UWI, PROD_DATE, OIL_BBL, GAS_MCF, WATER_BBL, HOURS_ON) VALUES ('WELL00000000017', TO_DATE('2018-07-01','YYYY-MM-DD'), 1427.78, 8424.84, 1219.19, 397.8);
INSERT INTO welldata.PRODUCTION (UWI, PROD_DATE, OIL_BBL, GAS_MCF, WATER_BBL, HOURS_ON) VALUES ('WELL00000000017', TO_DATE('2018-08-01','YYYY-MM-DD'), 990.45, 8399.01, 1350.73, 467.61);
INSERT INTO welldata.PRODUCTION (UWI, PROD_DATE, OIL_BBL, GAS_MCF, WATER_BBL, HOURS_ON) VALUES ('WELL00000000017', TO_DATE('2018-09-01','YYYY-MM-DD'), 607.22, 8938.5, 224.49, 682.39);
INSERT INTO welldata.PRODUCTION (UWI, PROD_DATE, OIL_BBL, GAS_MCF, WATER_BBL, HOURS_ON) VALUES ('WELL00000000017', TO_DATE('2018-10-01','YYYY-MM-DD'), 2409.28, 11424.85, 1219.28, 684.67);
INSERT INTO welldata.PRODUCTION (UWI, PROD_DATE, OIL_BBL, GAS_MCF, WATER_BBL, HOURS_ON) VALUES ('WELL00000000017', TO_DATE('2018-11-01','YYYY-MM-DD'), 1624.77, 10353.07, 723.55, 389.02);
INSERT INTO welldata.PRODUCTION (UWI, PROD_DATE, OIL_BBL, GAS_MCF, WATER_BBL, HOURS_ON) VALUES ('WELL00000000017', TO_DATE('2018-12-01','YYYY-MM-DD'), 2814.33, 6943.43, 744.71, 429.93);
INSERT INTO welldata.PRODUCTION (UWI, PROD_DATE, OIL_BBL, GAS_MCF, WATER_BBL, HOURS_ON) VALUES ('WELL00000000017', TO_DATE('2019-01-01','YYYY-MM-DD'), 2496.48, 13061.72, 898.32, 276.11);
INSERT INTO welldata.PRODUCTION (UWI, PROD_DATE, OIL_BBL, GAS_MCF, WATER_BBL, HOURS_ON) VALUES ('WELL00000000017', TO_DATE('2019-02-01','YYYY-MM-DD'), 1506.67, 14160.71, 768.59, 619.14);
INSERT INTO welldata.PRODUCTION (UWI, PROD_DATE, OIL_BBL, GAS_MCF, WATER_BBL, HOURS_ON) VALUES ('WELL00000000017', TO_DATE('2019-03-01','YYYY-MM-DD'), 1595.91, 13611.09, 1392.74, 665.86);
INSERT INTO welldata.PRODUCTION (UWI, PROD_DATE, OIL_BBL, GAS_MCF, WATER_BBL, HOURS_ON) VALUES ('WELL00000000017', TO_DATE('2019-04-01','YYYY-MM-DD'), 2765.22, 10421.23, 1108.48, 532.36);
INSERT INTO welldata.PRODUCTION (UWI, PROD_DATE, OIL_BBL, GAS_MCF, WATER_BBL, HOURS_ON) VALUES ('WELL00000000017', TO_DATE('2019-05-01','YYYY-MM-DD'), 1453.52, 14731.55, 971.86, 190.3);
INSERT INTO welldata.PRODUCTION (UWI, PROD_DATE, OIL_BBL, GAS_MCF, WATER_BBL, HOURS_ON) VALUES ('WELL00000000017', TO_DATE('2019-06-01','YYYY-MM-DD'), 1166.85, 1473.31, 483.1, 434.22);
INSERT INTO welldata.PRODUCTION (UWI, PROD_DATE, OIL_BBL, GAS_MCF, WATER_BBL, HOURS_ON) VALUES ('WELL00000000017', TO_DATE('2019-07-01','YYYY-MM-DD'), 1326.52, 3819.72, 472.65, 486.83);
INSERT INTO welldata.PRODUCTION (UWI, PROD_DATE, OIL_BBL, GAS_MCF, WATER_BBL, HOURS_ON) VALUES ('WELL00000000017', TO_DATE('2019-08-01','YYYY-MM-DD'), 1652.03, 709.34, 191.77, 484.6);
INSERT INTO welldata.PRODUCTION (UWI, PROD_DATE, OIL_BBL, GAS_MCF, WATER_BBL, HOURS_ON) VALUES ('WELL00000000017', TO_DATE('2019-09-01','YYYY-MM-DD'), 293.97, 566.6, 1477.47, 536.19);
INSERT INTO welldata.PRODUCTION (UWI, PROD_DATE, OIL_BBL, GAS_MCF, WATER_BBL, HOURS_ON) VALUES ('WELL00000000017', TO_DATE('2019-10-01','YYYY-MM-DD'), 1257.26, 4078.65, 936.18, 560.14);
INSERT INTO welldata.PRODUCTION (UWI, PROD_DATE, OIL_BBL, GAS_MCF, WATER_BBL, HOURS_ON) VALUES ('WELL00000000017', TO_DATE('2019-11-01','YYYY-MM-DD'), 1557.62, 13565.79, 586.54, 428.08);
INSERT INTO welldata.PRODUCTION (UWI, PROD_DATE, OIL_BBL, GAS_MCF, WATER_BBL, HOURS_ON) VALUES ('WELL00000000017', TO_DATE('2019-12-01','YYYY-MM-DD'), 1488.29, 6723.91, 419.17, 241.8);
INSERT INTO welldata.PRODUCTION (UWI, PROD_DATE, OIL_BBL, GAS_MCF, WATER_BBL, HOURS_ON) VALUES ('WELL00000000017', TO_DATE('2020-01-01','YYYY-MM-DD'), 1485.15, 3626.21, 174.65, 415.26);
INSERT INTO welldata.PRODUCTION (UWI, PROD_DATE, OIL_BBL, GAS_MCF, WATER_BBL, HOURS_ON) VALUES ('WELL00000000017', TO_DATE('2020-02-01','YYYY-MM-DD'), 412.93, 13994.21, 600.09, 519.75);
INSERT INTO welldata.PRODUCTION (UWI, PROD_DATE, OIL_BBL, GAS_MCF, WATER_BBL, HOURS_ON) VALUES ('WELL00000000017', TO_DATE('2020-03-01','YYYY-MM-DD'), 1819.33, 1575.05, 1028.15, 292.16);
INSERT INTO welldata.PRODUCTION (UWI, PROD_DATE, OIL_BBL, GAS_MCF, WATER_BBL, HOURS_ON) VALUES ('WELL00000000017', TO_DATE('2020-04-01','YYYY-MM-DD'), 1410.36, 4539.31, 313.01, 692.55);
INSERT INTO welldata.PRODUCTION (UWI, PROD_DATE, OIL_BBL, GAS_MCF, WATER_BBL, HOURS_ON) VALUES ('WELL00000000017', TO_DATE('2020-05-01','YYYY-MM-DD'), 1797.8, 5739.19, 261.34, 223.9);
INSERT INTO welldata.PRODUCTION (UWI, PROD_DATE, OIL_BBL, GAS_MCF, WATER_BBL, HOURS_ON) VALUES ('WELL00000000017', TO_DATE('2020-06-01','YYYY-MM-DD'), 1050.29, 12472.11, 1486.58, 719.73);
INSERT INTO welldata.PRODUCTION (UWI, PROD_DATE, OIL_BBL, GAS_MCF, WATER_BBL, HOURS_ON) VALUES ('WELL00000000017', TO_DATE('2020-07-01','YYYY-MM-DD'), 1248.06, 14937.07, 373.59, 630.25);
INSERT INTO welldata.PRODUCTION (UWI, PROD_DATE, OIL_BBL, GAS_MCF, WATER_BBL, HOURS_ON) VALUES ('WELL00000000017', TO_DATE('2020-08-01','YYYY-MM-DD'), 2273.84, 10626.11, 958.88, 438.72);
INSERT INTO welldata.PRODUCTION (UWI, PROD_DATE, OIL_BBL, GAS_MCF, WATER_BBL, HOURS_ON) VALUES ('WELL00000000017', TO_DATE('2020-09-01','YYYY-MM-DD'), 385.76, 1064.29, 486.34, 579.12);
INSERT INTO welldata.PRODUCTION (UWI, PROD_DATE, OIL_BBL, GAS_MCF, WATER_BBL, HOURS_ON) VALUES ('WELL00000000017', TO_DATE('2020-10-01','YYYY-MM-DD'), 1981.8, 5373.75, 1387.63, 446.14);
INSERT INTO welldata.PRODUCTION (UWI, PROD_DATE, OIL_BBL, GAS_MCF, WATER_BBL, HOURS_ON) VALUES ('WELL00000000017', TO_DATE('2020-11-01','YYYY-MM-DD'), 1067.45, 5389.03, 779.46, 231.34);
INSERT INTO welldata.PRODUCTION (UWI, PROD_DATE, OIL_BBL, GAS_MCF, WATER_BBL, HOURS_ON) VALUES ('WELL00000000017', TO_DATE('2020-12-01','YYYY-MM-DD'), 223.64, 8357.04, 844.42, 145.85);
INSERT INTO welldata.PRODUCTION (UWI, PROD_DATE, OIL_BBL, GAS_MCF, WATER_BBL, HOURS_ON) VALUES ('WELL00000000017', TO_DATE('2021-01-01','YYYY-MM-DD'), 1821.72, 8698.98, 1231.12, 129.05);
INSERT INTO welldata.PRODUCTION (UWI, PROD_DATE, OIL_BBL, GAS_MCF, WATER_BBL, HOURS_ON) VALUES ('WELL00000000017', TO_DATE('2021-02-01','YYYY-MM-DD'), 2687.02, 6842.3, 818.98, 200.96);
INSERT INTO welldata.PRODUCTION (UWI, PROD_DATE, OIL_BBL, GAS_MCF, WATER_BBL, HOURS_ON) VALUES ('WELL00000000017', TO_DATE('2021-03-01','YYYY-MM-DD'), 2126.32, 6248.4, 110.43, 221.97);
INSERT INTO welldata.PRODUCTION (UWI, PROD_DATE, OIL_BBL, GAS_MCF, WATER_BBL, HOURS_ON) VALUES ('WELL00000000017', TO_DATE('2021-04-01','YYYY-MM-DD'), 1507.07, 10061.21, 1019.82, 596.58);
INSERT INTO welldata.PRODUCTION (UWI, PROD_DATE, OIL_BBL, GAS_MCF, WATER_BBL, HOURS_ON) VALUES ('WELL00000000017', TO_DATE('2021-05-01','YYYY-MM-DD'), 2666.27, 2772.26, 646.21, 584.03);
INSERT INTO welldata.PRODUCTION (UWI, PROD_DATE, OIL_BBL, GAS_MCF, WATER_BBL, HOURS_ON) VALUES ('WELL00000000017', TO_DATE('2021-06-01','YYYY-MM-DD'), 1089.29, 2700.7, 66.97, 375.29);
INSERT INTO welldata.PRODUCTION (UWI, PROD_DATE, OIL_BBL, GAS_MCF, WATER_BBL, HOURS_ON) VALUES ('WELL00000000017', TO_DATE('2021-07-01','YYYY-MM-DD'), 2233.98, 908.38, 627.07, 123.45);
INSERT INTO welldata.PRODUCTION (UWI, PROD_DATE, OIL_BBL, GAS_MCF, WATER_BBL, HOURS_ON) VALUES ('WELL00000000017', TO_DATE('2021-08-01','YYYY-MM-DD'), 1087.95, 1685.87, 720.85, 666.37);
INSERT INTO welldata.PRODUCTION (UWI, PROD_DATE, OIL_BBL, GAS_MCF, WATER_BBL, HOURS_ON) VALUES ('WELL00000000017', TO_DATE('2021-09-01','YYYY-MM-DD'), 2403.79, 871.31, 198.32, 712.36);
INSERT INTO welldata.PRODUCTION (UWI, PROD_DATE, OIL_BBL, GAS_MCF, WATER_BBL, HOURS_ON) VALUES ('WELL00000000017', TO_DATE('2021-10-01','YYYY-MM-DD'), 2259.41, 8621.59, 1451.54, 330.1);
INSERT INTO welldata.PRODUCTION (UWI, PROD_DATE, OIL_BBL, GAS_MCF, WATER_BBL, HOURS_ON) VALUES ('WELL00000000017', TO_DATE('2021-11-01','YYYY-MM-DD'), 533.21, 631.34, 554.34, 497.78);
INSERT INTO welldata.PRODUCTION (UWI, PROD_DATE, OIL_BBL, GAS_MCF, WATER_BBL, HOURS_ON) VALUES ('WELL00000000017', TO_DATE('2021-12-01','YYYY-MM-DD'), 1529.31, 12630.11, 107.7, 329.52);
INSERT INTO welldata.PRODUCTION (UWI, PROD_DATE, OIL_BBL, GAS_MCF, WATER_BBL, HOURS_ON) VALUES ('WELL00000000017', TO_DATE('2022-01-01','YYYY-MM-DD'), 737.8, 7554.46, 671.65, 291.13);
INSERT INTO welldata.PRODUCTION (UWI, PROD_DATE, OIL_BBL, GAS_MCF, WATER_BBL, HOURS_ON) VALUES ('WELL00000000017', TO_DATE('2022-02-01','YYYY-MM-DD'), 1620.75, 13236.51, 52.79, 627.36);
INSERT INTO welldata.PRODUCTION (UWI, PROD_DATE, OIL_BBL, GAS_MCF, WATER_BBL, HOURS_ON) VALUES ('WELL00000000017', TO_DATE('2022-03-01','YYYY-MM-DD'), 534.34, 13103.48, 1013.4, 212.97);
INSERT INTO welldata.PRODUCTION (UWI, PROD_DATE, OIL_BBL, GAS_MCF, WATER_BBL, HOURS_ON) VALUES ('WELL00000000017', TO_DATE('2022-04-01','YYYY-MM-DD'), 956.14, 1710.52, 86.35, 441.63);
INSERT INTO welldata.PRODUCTION (UWI, PROD_DATE, OIL_BBL, GAS_MCF, WATER_BBL, HOURS_ON) VALUES ('WELL00000000017', TO_DATE('2022-05-01','YYYY-MM-DD'), 156.12, 3674.75, 326.23, 376.82);
INSERT INTO welldata.PRODUCTION (UWI, PROD_DATE, OIL_BBL, GAS_MCF, WATER_BBL, HOURS_ON) VALUES ('WELL00000000017', TO_DATE('2022-06-01','YYYY-MM-DD'), 340.59, 10539.59, 631.72, 431.16);
INSERT INTO welldata.PRODUCTION (UWI, PROD_DATE, OIL_BBL, GAS_MCF, WATER_BBL, HOURS_ON) VALUES ('WELL00000000017', TO_DATE('2022-07-01','YYYY-MM-DD'), 532.55, 2896.07, 802.84, 655.66);
INSERT INTO welldata.PRODUCTION (UWI, PROD_DATE, OIL_BBL, GAS_MCF, WATER_BBL, HOURS_ON) VALUES ('WELL00000000017', TO_DATE('2022-08-01','YYYY-MM-DD'), 2694.01, 4845.19, 678.45, 192.13);
INSERT INTO welldata.PRODUCTION (UWI, PROD_DATE, OIL_BBL, GAS_MCF, WATER_BBL, HOURS_ON) VALUES ('WELL00000000017', TO_DATE('2022-09-01','YYYY-MM-DD'), 2508.49, 13020.7, 577.27, 514.74);
INSERT INTO welldata.PRODUCTION (UWI, PROD_DATE, OIL_BBL, GAS_MCF, WATER_BBL, HOURS_ON) VALUES ('WELL00000000017', TO_DATE('2022-10-01','YYYY-MM-DD'), 1264.78, 1884.81, 1047.7, 338.33);
INSERT INTO welldata.PRODUCTION (UWI, PROD_DATE, OIL_BBL, GAS_MCF, WATER_BBL, HOURS_ON) VALUES ('WELL00000000017', TO_DATE('2022-11-01','YYYY-MM-DD'), 2389.45, 9533.79, 656.06, 323.5);
INSERT INTO welldata.PRODUCTION (UWI, PROD_DATE, OIL_BBL, GAS_MCF, WATER_BBL, HOURS_ON) VALUES ('WELL00000000017', TO_DATE('2022-12-01','YYYY-MM-DD'), 2638.8, 7346.54, 413.15, 549.25);
INSERT INTO welldata.PRODUCTION (UWI, PROD_DATE, OIL_BBL, GAS_MCF, WATER_BBL, HOURS_ON) VALUES ('WELL00000000017', TO_DATE('2023-01-01','YYYY-MM-DD'), 603.56, 12947.44, 1052.51, 461.47);
INSERT INTO welldata.PRODUCTION (UWI, PROD_DATE, OIL_BBL, GAS_MCF, WATER_BBL, HOURS_ON) VALUES ('WELL00000000017', TO_DATE('2023-02-01','YYYY-MM-DD'), 1382.62, 10169.96, 1364.3, 382.59);
INSERT INTO welldata.PRODUCTION (UWI, PROD_DATE, OIL_BBL, GAS_MCF, WATER_BBL, HOURS_ON) VALUES ('WELL00000000017', TO_DATE('2023-03-01','YYYY-MM-DD'), 2380.76, 453.77, 320.79, 228.28);
INSERT INTO welldata.PRODUCTION (UWI, PROD_DATE, OIL_BBL, GAS_MCF, WATER_BBL, HOURS_ON) VALUES ('WELL00000000017', TO_DATE('2023-04-01','YYYY-MM-DD'), 133.44, 6111.61, 209.69, 435.79);
INSERT INTO welldata.PRODUCTION (UWI, PROD_DATE, OIL_BBL, GAS_MCF, WATER_BBL, HOURS_ON) VALUES ('WELL00000000017', TO_DATE('2023-05-01','YYYY-MM-DD'), 1152.64, 12380.85, 437.53, 353.72);
INSERT INTO welldata.PRODUCTION (UWI, PROD_DATE, OIL_BBL, GAS_MCF, WATER_BBL, HOURS_ON) VALUES ('WELL00000000017', TO_DATE('2023-06-01','YYYY-MM-DD'), 311.54, 6504.78, 1444.98, 241.38);
INSERT INTO welldata.PRODUCTION (UWI, PROD_DATE, OIL_BBL, GAS_MCF, WATER_BBL, HOURS_ON) VALUES ('WELL00000000017', TO_DATE('2023-07-01','YYYY-MM-DD'), 495.14, 11343.69, 671.6, 496.74);
INSERT INTO welldata.PRODUCTION (UWI, PROD_DATE, OIL_BBL, GAS_MCF, WATER_BBL, HOURS_ON) VALUES ('WELL00000000017', TO_DATE('2023-08-01','YYYY-MM-DD'), 2065.02, 956.9, 868.12, 202.96);
INSERT INTO welldata.PRODUCTION (UWI, PROD_DATE, OIL_BBL, GAS_MCF, WATER_BBL, HOURS_ON) VALUES ('WELL00000000017', TO_DATE('2023-09-01','YYYY-MM-DD'), 1293.37, 1300.84, 1199.15, 574.85);
INSERT INTO welldata.PRODUCTION (UWI, PROD_DATE, OIL_BBL, GAS_MCF, WATER_BBL, HOURS_ON) VALUES ('WELL00000000017', TO_DATE('2023-10-01','YYYY-MM-DD'), 2297.2, 3666.07, 767.02, 127.3);
INSERT INTO welldata.PRODUCTION (UWI, PROD_DATE, OIL_BBL, GAS_MCF, WATER_BBL, HOURS_ON) VALUES ('WELL00000000017', TO_DATE('2023-11-01','YYYY-MM-DD'), 1970.65, 2112.17, 709.69, 147.53);
INSERT INTO welldata.PRODUCTION (UWI, PROD_DATE, OIL_BBL, GAS_MCF, WATER_BBL, HOURS_ON) VALUES ('WELL00000000017', TO_DATE('2023-12-01','YYYY-MM-DD'), 2623.47, 7437.09, 1142.23, 320.3);
INSERT INTO welldata.PRODUCTION (UWI, PROD_DATE, OIL_BBL, GAS_MCF, WATER_BBL, HOURS_ON) VALUES ('WELL00000000017', TO_DATE('2024-01-01','YYYY-MM-DD'), 1660.72, 6300.7, 90.41, 139.72);
INSERT INTO welldata.PRODUCTION (UWI, PROD_DATE, OIL_BBL, GAS_MCF, WATER_BBL, HOURS_ON) VALUES ('WELL00000000017', TO_DATE('2024-02-01','YYYY-MM-DD'), 581.58, 9357.2, 424.27, 164.5);
INSERT INTO welldata.PRODUCTION (UWI, PROD_DATE, OIL_BBL, GAS_MCF, WATER_BBL, HOURS_ON) VALUES ('WELL00000000017', TO_DATE('2024-03-01','YYYY-MM-DD'), 2583.99, 8907.62, 310.42, 691.8);
INSERT INTO welldata.PRODUCTION (UWI, PROD_DATE, OIL_BBL, GAS_MCF, WATER_BBL, HOURS_ON) VALUES ('WELL00000000017', TO_DATE('2024-04-01','YYYY-MM-DD'), 942.57, 4486.62, 331.17, 263.36);
INSERT INTO welldata.PRODUCTION (UWI, PROD_DATE, OIL_BBL, GAS_MCF, WATER_BBL, HOURS_ON) VALUES ('WELL00000000017', TO_DATE('2024-05-01','YYYY-MM-DD'), 1493.46, 7617.85, 1195.0, 487.01);
INSERT INTO welldata.PRODUCTION (UWI, PROD_DATE, OIL_BBL, GAS_MCF, WATER_BBL, HOURS_ON) VALUES ('WELL00000000017', TO_DATE('2024-06-01','YYYY-MM-DD'), 2929.74, 1853.49, 117.32, 181.24);
INSERT INTO welldata.PRODUCTION (UWI, PROD_DATE, OIL_BBL, GAS_MCF, WATER_BBL, HOURS_ON) VALUES ('WELL00000000017', TO_DATE('2024-07-01','YYYY-MM-DD'), 757.88, 14227.6, 565.2, 129.0);
INSERT INTO welldata.PRODUCTION (UWI, PROD_DATE, OIL_BBL, GAS_MCF, WATER_BBL, HOURS_ON) VALUES ('WELL00000000017', TO_DATE('2024-08-01','YYYY-MM-DD'), 1077.83, 2777.44, 860.45, 364.44);
INSERT INTO welldata.PRODUCTION (UWI, PROD_DATE, OIL_BBL, GAS_MCF, WATER_BBL, HOURS_ON) VALUES ('WELL00000000017', TO_DATE('2024-09-01','YYYY-MM-DD'), 546.11, 4379.31, 1197.23, 689.74);
INSERT INTO welldata.PRODUCTION (UWI, PROD_DATE, OIL_BBL, GAS_MCF, WATER_BBL, HOURS_ON) VALUES ('WELL00000000017', TO_DATE('2024-10-01','YYYY-MM-DD'), 1746.63, 4106.53, 201.91, 500.0);
INSERT INTO welldata.PRODUCTION (UWI, PROD_DATE, OIL_BBL, GAS_MCF, WATER_BBL, HOURS_ON) VALUES ('WELL00000000017', TO_DATE('2024-11-01','YYYY-MM-DD'), 1147.74, 14121.94, 1366.47, 621.77);
INSERT INTO welldata.PRODUCTION (UWI, PROD_DATE, OIL_BBL, GAS_MCF, WATER_BBL, HOURS_ON) VALUES ('WELL00000000017', TO_DATE('2024-12-01','YYYY-MM-DD'), 1724.98, 1623.05, 1399.71, 302.98);
INSERT INTO welldata.FORMATION_TOPS (UWI, FORMATION, TOP_DEPTH_M, BASE_DEPTH_M, LITHOLOGY) VALUES ('WELL00000000017', 'Rajahmundry', 908, 1227, 'SANDSTONE');
INSERT INTO welldata.FORMATION_TOPS (UWI, FORMATION, TOP_DEPTH_M, BASE_DEPTH_M, LITHOLOGY) VALUES ('WELL00000000017', 'Bengal', 1183, 1334, 'LIMESTONE');
INSERT INTO welldata.FORMATION_TOPS (UWI, FORMATION, TOP_DEPTH_M, BASE_DEPTH_M, LITHOLOGY) VALUES ('WELL00000000017', 'Sanchore', 1255, 1504, 'SHALE');
INSERT INTO welldata.FORMATION_TOPS (UWI, FORMATION, TOP_DEPTH_M, BASE_DEPTH_M, LITHOLOGY) VALUES ('WELL00000000017', 'Barmer', 1737, 2119, 'DOLOMITE');
INSERT INTO welldata.CORE_ANALYSIS (UWI, CORE_RUN, TOP_DEPTH_M, BASE_DEPTH_M, GRAIN_DENSITY, BULK_DENSITY, RECOVERY_PCT) VALUES ('WELL00000000017', 1, 1470, 1577, 2.6872, 2.2011, 58.02);
INSERT INTO welldata.CORE_ANALYSIS (UWI, CORE_RUN, TOP_DEPTH_M, BASE_DEPTH_M, GRAIN_DENSITY, BULK_DENSITY, RECOVERY_PCT) VALUES ('WELL00000000017', 2, 982, 1047, 2.712, 2.1122, 86.33);
INSERT INTO welldata.WELL (UWI, WELL_NAME, OPERATOR, COUNTRY, BASIN, FIELD_NAME, SPUD_DATE, COMPLETION_DATE, WELL_TYPE, WELL_STATUS, SURFACE_LAT, SURFACE_LON, TOTAL_DEPTH_M, KB_ELEVATION_M) VALUES ('WELL00000000018', 'CAIR-RA-018', 'Cairn India', 'India', 'Rajasthan', 'Rajasthan Field 1', TO_DATE('2005-04-01','YYYY-MM-DD'), TO_DATE('2005-12-09','YYYY-MM-DD'), 'APPRAISAL', 'SUSPENDED', 18.41332, 76.322449, 2456, 59.02);
INSERT INTO welldata.BOREHOLE (UBHI, UWI, BOREHOLE_NAME, BOREHOLE_TYPE, TOP_DEPTH_M, BASE_DEPTH_M) VALUES ('WELL00000000018-BH1', 'WELL00000000018', 'CAIR-RA-018-BH1', 'VERTICAL', 803, 1954);
INSERT INTO welldata.PETROPHYSICS (UBHI, SAMPLE_DEPTH_M, POROSITY, PERMEABILITY, WATER_SAT, FORMATION) VALUES ('WELL00000000018-BH1', 1000, 0.1305, 128.8582, 0.7098, 'Bengal');
INSERT INTO welldata.PETROPHYSICS (UBHI, SAMPLE_DEPTH_M, POROSITY, PERMEABILITY, WATER_SAT, FORMATION) VALUES ('WELL00000000018-BH1', 1020, 0.2352, 428.615, 0.3937, 'Barmer');
INSERT INTO welldata.PETROPHYSICS (UBHI, SAMPLE_DEPTH_M, POROSITY, PERMEABILITY, WATER_SAT, FORMATION) VALUES ('WELL00000000018-BH1', 1040, 0.0407, 209.3522, 0.7221, 'Rajahmundry');
INSERT INTO welldata.PETROPHYSICS (UBHI, SAMPLE_DEPTH_M, POROSITY, PERMEABILITY, WATER_SAT, FORMATION) VALUES ('WELL00000000018-BH1', 1060, 0.2522, 198.9394, 0.6764, 'Rajahmundry');
INSERT INTO welldata.PETROPHYSICS (UBHI, SAMPLE_DEPTH_M, POROSITY, PERMEABILITY, WATER_SAT, FORMATION) VALUES ('WELL00000000018-BH1', 1080, 0.2068, 33.2145, 0.2439, 'Barmer');
INSERT INTO welldata.PETROPHYSICS (UBHI, SAMPLE_DEPTH_M, POROSITY, PERMEABILITY, WATER_SAT, FORMATION) VALUES ('WELL00000000018-BH1', 1100, 0.0744, 385.7352, 0.6894, 'Bengal');
INSERT INTO welldata.PETROPHYSICS (UBHI, SAMPLE_DEPTH_M, POROSITY, PERMEABILITY, WATER_SAT, FORMATION) VALUES ('WELL00000000018-BH1', 1120, 0.0672, 290.4731, 0.2768, 'Barmer');
INSERT INTO welldata.PETROPHYSICS (UBHI, SAMPLE_DEPTH_M, POROSITY, PERMEABILITY, WATER_SAT, FORMATION) VALUES ('WELL00000000018-BH1', 1140, 0.1638, 362.5387, 0.3098, 'Bengal');
INSERT INTO welldata.PETROPHYSICS (UBHI, SAMPLE_DEPTH_M, POROSITY, PERMEABILITY, WATER_SAT, FORMATION) VALUES ('WELL00000000018-BH1', 1160, 0.098, 75.0476, 0.1644, 'Rajahmundry');
INSERT INTO welldata.PETROPHYSICS (UBHI, SAMPLE_DEPTH_M, POROSITY, PERMEABILITY, WATER_SAT, FORMATION) VALUES ('WELL00000000018-BH1', 1180, 0.0542, 113.3002, 0.4329, 'Barmer');
INSERT INTO welldata.PETROPHYSICS (UBHI, SAMPLE_DEPTH_M, POROSITY, PERMEABILITY, WATER_SAT, FORMATION) VALUES ('WELL00000000018-BH1', 1200, 0.1824, 203.4468, 0.5612, 'Sanchore');
INSERT INTO welldata.PETROPHYSICS (UBHI, SAMPLE_DEPTH_M, POROSITY, PERMEABILITY, WATER_SAT, FORMATION) VALUES ('WELL00000000018-BH1', 1220, 0.2221, 294.2091, 0.5171, 'Bengal');
INSERT INTO welldata.PETROPHYSICS (UBHI, SAMPLE_DEPTH_M, POROSITY, PERMEABILITY, WATER_SAT, FORMATION) VALUES ('WELL00000000018-BH1', 1240, 0.042, 386.684, 0.2757, 'Barmer');
INSERT INTO welldata.PETROPHYSICS (UBHI, SAMPLE_DEPTH_M, POROSITY, PERMEABILITY, WATER_SAT, FORMATION) VALUES ('WELL00000000018-BH1', 1260, 0.2236, 292.4171, 0.286, 'Sanchore');
INSERT INTO welldata.PETROPHYSICS (UBHI, SAMPLE_DEPTH_M, POROSITY, PERMEABILITY, WATER_SAT, FORMATION) VALUES ('WELL00000000018-BH1', 1280, 0.1913, 332.5304, 0.3874, 'Barmer');
INSERT INTO welldata.PETROPHYSICS (UBHI, SAMPLE_DEPTH_M, POROSITY, PERMEABILITY, WATER_SAT, FORMATION) VALUES ('WELL00000000018-BH1', 1300, 0.1453, 46.1034, 0.5221, 'Barmer');
INSERT INTO welldata.PETROPHYSICS (UBHI, SAMPLE_DEPTH_M, POROSITY, PERMEABILITY, WATER_SAT, FORMATION) VALUES ('WELL00000000018-BH1', 1320, 0.2405, 156.036, 0.2291, 'Barmer');
INSERT INTO welldata.PETROPHYSICS (UBHI, SAMPLE_DEPTH_M, POROSITY, PERMEABILITY, WATER_SAT, FORMATION) VALUES ('WELL00000000018-BH1', 1340, 0.246, 351.2173, 0.5894, 'Barmer');
INSERT INTO welldata.PETROPHYSICS (UBHI, SAMPLE_DEPTH_M, POROSITY, PERMEABILITY, WATER_SAT, FORMATION) VALUES ('WELL00000000018-BH1', 1360, 0.2754, 125.4448, 0.3546, 'Barmer');
INSERT INTO welldata.PETROPHYSICS (UBHI, SAMPLE_DEPTH_M, POROSITY, PERMEABILITY, WATER_SAT, FORMATION) VALUES ('WELL00000000018-BH1', 1380, 0.1567, 227.2281, 0.4464, 'Sanchore');
INSERT INTO welldata.PETROPHYSICS (UBHI, SAMPLE_DEPTH_M, POROSITY, PERMEABILITY, WATER_SAT, FORMATION) VALUES ('WELL00000000018-BH1', 1400, 0.1313, 113.5055, 0.27, 'Barmer');
INSERT INTO welldata.PETROPHYSICS (UBHI, SAMPLE_DEPTH_M, POROSITY, PERMEABILITY, WATER_SAT, FORMATION) VALUES ('WELL00000000018-BH1', 1420, 0.0575, 242.8763, 0.2279, 'Sanchore');
INSERT INTO welldata.PETROPHYSICS (UBHI, SAMPLE_DEPTH_M, POROSITY, PERMEABILITY, WATER_SAT, FORMATION) VALUES ('WELL00000000018-BH1', 1440, 0.0946, 400.9414, 0.2322, 'Barmer');
INSERT INTO welldata.PETROPHYSICS (UBHI, SAMPLE_DEPTH_M, POROSITY, PERMEABILITY, WATER_SAT, FORMATION) VALUES ('WELL00000000018-BH1', 1460, 0.2154, 20.2108, 0.5548, 'Bengal');
INSERT INTO welldata.PETROPHYSICS (UBHI, SAMPLE_DEPTH_M, POROSITY, PERMEABILITY, WATER_SAT, FORMATION) VALUES ('WELL00000000018-BH1', 1480, 0.2085, 196.2561, 0.2917, 'Bengal');
INSERT INTO welldata.PETROPHYSICS (UBHI, SAMPLE_DEPTH_M, POROSITY, PERMEABILITY, WATER_SAT, FORMATION) VALUES ('WELL00000000018-BH1', 1500, 0.1772, 235.4576, 0.7146, 'Sanchore');
INSERT INTO welldata.PETROPHYSICS (UBHI, SAMPLE_DEPTH_M, POROSITY, PERMEABILITY, WATER_SAT, FORMATION) VALUES ('WELL00000000018-BH1', 1520, 0.1416, 331.3775, 0.509, 'Sanchore');
INSERT INTO welldata.PETROPHYSICS (UBHI, SAMPLE_DEPTH_M, POROSITY, PERMEABILITY, WATER_SAT, FORMATION) VALUES ('WELL00000000018-BH1', 1540, 0.0986, 76.4325, 0.2649, 'Bengal');
INSERT INTO welldata.PETROPHYSICS (UBHI, SAMPLE_DEPTH_M, POROSITY, PERMEABILITY, WATER_SAT, FORMATION) VALUES ('WELL00000000018-BH1', 1560, 0.1203, 83.5248, 0.7322, 'Sanchore');
INSERT INTO welldata.PETROPHYSICS (UBHI, SAMPLE_DEPTH_M, POROSITY, PERMEABILITY, WATER_SAT, FORMATION) VALUES ('WELL00000000018-BH1', 1580, 0.2311, 236.584, 0.6198, 'Sanchore');
INSERT INTO welldata.PETROPHYSICS (UBHI, SAMPLE_DEPTH_M, POROSITY, PERMEABILITY, WATER_SAT, FORMATION) VALUES ('WELL00000000018-BH1', 1600, 0.1206, 243.0044, 0.3672, 'Bengal');
INSERT INTO welldata.PETROPHYSICS (UBHI, SAMPLE_DEPTH_M, POROSITY, PERMEABILITY, WATER_SAT, FORMATION) VALUES ('WELL00000000018-BH1', 1620, 0.1849, 386.8384, 0.626, 'Sanchore');
INSERT INTO welldata.PETROPHYSICS (UBHI, SAMPLE_DEPTH_M, POROSITY, PERMEABILITY, WATER_SAT, FORMATION) VALUES ('WELL00000000018-BH1', 1640, 0.1099, 122.0455, 0.3204, 'Rajahmundry');
INSERT INTO welldata.PETROPHYSICS (UBHI, SAMPLE_DEPTH_M, POROSITY, PERMEABILITY, WATER_SAT, FORMATION) VALUES ('WELL00000000018-BH1', 1660, 0.2334, 284.8808, 0.4527, 'Sanchore');
INSERT INTO welldata.PETROPHYSICS (UBHI, SAMPLE_DEPTH_M, POROSITY, PERMEABILITY, WATER_SAT, FORMATION) VALUES ('WELL00000000018-BH1', 1680, 0.2527, 76.6561, 0.5413, 'Bengal');
INSERT INTO welldata.PETROPHYSICS (UBHI, SAMPLE_DEPTH_M, POROSITY, PERMEABILITY, WATER_SAT, FORMATION) VALUES ('WELL00000000018-BH1', 1700, 0.08, 145.1612, 0.3387, 'Bengal');
INSERT INTO welldata.PETROPHYSICS (UBHI, SAMPLE_DEPTH_M, POROSITY, PERMEABILITY, WATER_SAT, FORMATION) VALUES ('WELL00000000018-BH1', 1720, 0.1691, 239.4495, 0.4907, 'Barmer');
INSERT INTO welldata.PETROPHYSICS (UBHI, SAMPLE_DEPTH_M, POROSITY, PERMEABILITY, WATER_SAT, FORMATION) VALUES ('WELL00000000018-BH1', 1740, 0.0826, 446.5783, 0.5039, 'Sanchore');
INSERT INTO welldata.PETROPHYSICS (UBHI, SAMPLE_DEPTH_M, POROSITY, PERMEABILITY, WATER_SAT, FORMATION) VALUES ('WELL00000000018-BH1', 1760, 0.1198, 175.5979, 0.398, 'Barmer');
INSERT INTO welldata.PETROPHYSICS (UBHI, SAMPLE_DEPTH_M, POROSITY, PERMEABILITY, WATER_SAT, FORMATION) VALUES ('WELL00000000018-BH1', 1780, 0.1662, 407.2629, 0.4526, 'Sanchore');
INSERT INTO welldata.PETROPHYSICS (UBHI, SAMPLE_DEPTH_M, POROSITY, PERMEABILITY, WATER_SAT, FORMATION) VALUES ('WELL00000000018-BH1', 1800, 0.2388, 427.4813, 0.1851, 'Sanchore');
INSERT INTO welldata.PETROPHYSICS (UBHI, SAMPLE_DEPTH_M, POROSITY, PERMEABILITY, WATER_SAT, FORMATION) VALUES ('WELL00000000018-BH1', 1820, 0.2045, 386.6219, 0.694, 'Rajahmundry');
INSERT INTO welldata.PETROPHYSICS (UBHI, SAMPLE_DEPTH_M, POROSITY, PERMEABILITY, WATER_SAT, FORMATION) VALUES ('WELL00000000018-BH1', 1840, 0.1555, 204.6138, 0.73, 'Barmer');
INSERT INTO welldata.PETROPHYSICS (UBHI, SAMPLE_DEPTH_M, POROSITY, PERMEABILITY, WATER_SAT, FORMATION) VALUES ('WELL00000000018-BH1', 1860, 0.2258, 211.6178, 0.6929, 'Barmer');
INSERT INTO welldata.PETROPHYSICS (UBHI, SAMPLE_DEPTH_M, POROSITY, PERMEABILITY, WATER_SAT, FORMATION) VALUES ('WELL00000000018-BH1', 1880, 0.0852, 46.1281, 0.3681, 'Bengal');
INSERT INTO welldata.PETROPHYSICS (UBHI, SAMPLE_DEPTH_M, POROSITY, PERMEABILITY, WATER_SAT, FORMATION) VALUES ('WELL00000000018-BH1', 1900, 0.1649, 215.1336, 0.6098, 'Bengal');
INSERT INTO welldata.PETROPHYSICS (UBHI, SAMPLE_DEPTH_M, POROSITY, PERMEABILITY, WATER_SAT, FORMATION) VALUES ('WELL00000000018-BH1', 1920, 0.1293, 55.6371, 0.2051, 'Bengal');
INSERT INTO welldata.PETROPHYSICS (UBHI, SAMPLE_DEPTH_M, POROSITY, PERMEABILITY, WATER_SAT, FORMATION) VALUES ('WELL00000000018-BH1', 1940, 0.13, 192.4065, 0.4947, 'Bengal');
INSERT INTO welldata.PETROPHYSICS (UBHI, SAMPLE_DEPTH_M, POROSITY, PERMEABILITY, WATER_SAT, FORMATION) VALUES ('WELL00000000018-BH1', 1960, 0.1782, 268.0933, 0.2446, 'Barmer');
INSERT INTO welldata.PETROPHYSICS (UBHI, SAMPLE_DEPTH_M, POROSITY, PERMEABILITY, WATER_SAT, FORMATION) VALUES ('WELL00000000018-BH1', 1980, 0.1006, 409.5629, 0.1723, 'Sanchore');
INSERT INTO welldata.PETROPHYSICS (UBHI, SAMPLE_DEPTH_M, POROSITY, PERMEABILITY, WATER_SAT, FORMATION) VALUES ('WELL00000000018-BH1', 2000, 0.0717, 191.0185, 0.3132, 'Sanchore');
INSERT INTO welldata.PETROPHYSICS (UBHI, SAMPLE_DEPTH_M, POROSITY, PERMEABILITY, WATER_SAT, FORMATION) VALUES ('WELL00000000018-BH1', 2020, 0.0917, 443.2596, 0.5152, 'Bengal');
INSERT INTO welldata.PETROPHYSICS (UBHI, SAMPLE_DEPTH_M, POROSITY, PERMEABILITY, WATER_SAT, FORMATION) VALUES ('WELL00000000018-BH1', 2040, 0.0619, 38.6502, 0.32, 'Barmer');
INSERT INTO welldata.PETROPHYSICS (UBHI, SAMPLE_DEPTH_M, POROSITY, PERMEABILITY, WATER_SAT, FORMATION) VALUES ('WELL00000000018-BH1', 2060, 0.2215, 243.8046, 0.6457, 'Sanchore');
INSERT INTO welldata.PETROPHYSICS (UBHI, SAMPLE_DEPTH_M, POROSITY, PERMEABILITY, WATER_SAT, FORMATION) VALUES ('WELL00000000018-BH1', 2080, 0.0419, 210.9256, 0.5799, 'Rajahmundry');
INSERT INTO welldata.PETROPHYSICS (UBHI, SAMPLE_DEPTH_M, POROSITY, PERMEABILITY, WATER_SAT, FORMATION) VALUES ('WELL00000000018-BH1', 2100, 0.1636, 100.0103, 0.1988, 'Bengal');
INSERT INTO welldata.PETROPHYSICS (UBHI, SAMPLE_DEPTH_M, POROSITY, PERMEABILITY, WATER_SAT, FORMATION) VALUES ('WELL00000000018-BH1', 2120, 0.2448, 312.2569, 0.4865, 'Rajahmundry');
INSERT INTO welldata.PETROPHYSICS (UBHI, SAMPLE_DEPTH_M, POROSITY, PERMEABILITY, WATER_SAT, FORMATION) VALUES ('WELL00000000018-BH1', 2140, 0.163, 250.085, 0.1547, 'Bengal');
INSERT INTO welldata.PETROPHYSICS (UBHI, SAMPLE_DEPTH_M, POROSITY, PERMEABILITY, WATER_SAT, FORMATION) VALUES ('WELL00000000018-BH1', 2160, 0.2152, 333.5204, 0.5484, 'Bengal');
INSERT INTO welldata.PETROPHYSICS (UBHI, SAMPLE_DEPTH_M, POROSITY, PERMEABILITY, WATER_SAT, FORMATION) VALUES ('WELL00000000018-BH1', 2180, 0.0875, 276.2127, 0.4518, 'Sanchore');
INSERT INTO welldata.PETROPHYSICS (UBHI, SAMPLE_DEPTH_M, POROSITY, PERMEABILITY, WATER_SAT, FORMATION) VALUES ('WELL00000000018-BH1', 2200, 0.056, 264.4267, 0.2411, 'Barmer');
INSERT INTO welldata.PETROPHYSICS (UBHI, SAMPLE_DEPTH_M, POROSITY, PERMEABILITY, WATER_SAT, FORMATION) VALUES ('WELL00000000018-BH1', 2220, 0.0401, 220.034, 0.2374, 'Sanchore');
INSERT INTO welldata.PETROPHYSICS (UBHI, SAMPLE_DEPTH_M, POROSITY, PERMEABILITY, WATER_SAT, FORMATION) VALUES ('WELL00000000018-BH1', 2240, 0.0553, 160.2419, 0.5844, 'Bengal');
INSERT INTO welldata.PETROPHYSICS (UBHI, SAMPLE_DEPTH_M, POROSITY, PERMEABILITY, WATER_SAT, FORMATION) VALUES ('WELL00000000018-BH1', 2260, 0.1378, 42.8367, 0.6903, 'Sanchore');
INSERT INTO welldata.PETROPHYSICS (UBHI, SAMPLE_DEPTH_M, POROSITY, PERMEABILITY, WATER_SAT, FORMATION) VALUES ('WELL00000000018-BH1', 2280, 0.0441, 31.9989, 0.221, 'Sanchore');
INSERT INTO welldata.PETROPHYSICS (UBHI, SAMPLE_DEPTH_M, POROSITY, PERMEABILITY, WATER_SAT, FORMATION) VALUES ('WELL00000000018-BH1', 2300, 0.2588, 132.0543, 0.4875, 'Rajahmundry');
INSERT INTO welldata.PETROPHYSICS (UBHI, SAMPLE_DEPTH_M, POROSITY, PERMEABILITY, WATER_SAT, FORMATION) VALUES ('WELL00000000018-BH1', 2320, 0.2519, 201.9283, 0.3285, 'Rajahmundry');
INSERT INTO welldata.PETROPHYSICS (UBHI, SAMPLE_DEPTH_M, POROSITY, PERMEABILITY, WATER_SAT, FORMATION) VALUES ('WELL00000000018-BH1', 2340, 0.1085, 274.6792, 0.6546, 'Bengal');
INSERT INTO welldata.PETROPHYSICS (UBHI, SAMPLE_DEPTH_M, POROSITY, PERMEABILITY, WATER_SAT, FORMATION) VALUES ('WELL00000000018-BH1', 2360, 0.0694, 117.5925, 0.2653, 'Sanchore');
INSERT INTO welldata.PETROPHYSICS (UBHI, SAMPLE_DEPTH_M, POROSITY, PERMEABILITY, WATER_SAT, FORMATION) VALUES ('WELL00000000018-BH1', 2380, 0.1772, 334.5401, 0.2012, 'Barmer');
INSERT INTO welldata.PETROPHYSICS (UBHI, SAMPLE_DEPTH_M, POROSITY, PERMEABILITY, WATER_SAT, FORMATION) VALUES ('WELL00000000018-BH1', 2400, 0.2691, 175.3311, 0.1994, 'Bengal');
INSERT INTO welldata.PETROPHYSICS (UBHI, SAMPLE_DEPTH_M, POROSITY, PERMEABILITY, WATER_SAT, FORMATION) VALUES ('WELL00000000018-BH1', 2420, 0.1061, 336.5043, 0.689, 'Rajahmundry');
INSERT INTO welldata.PETROPHYSICS (UBHI, SAMPLE_DEPTH_M, POROSITY, PERMEABILITY, WATER_SAT, FORMATION) VALUES ('WELL00000000018-BH1', 2440, 0.2431, 168.3388, 0.4984, 'Barmer');
INSERT INTO welldata.PETROPHYSICS (UBHI, SAMPLE_DEPTH_M, POROSITY, PERMEABILITY, WATER_SAT, FORMATION) VALUES ('WELL00000000018-BH1', 2460, 0.2036, 347.1686, 0.2097, 'Barmer');
INSERT INTO welldata.PETROPHYSICS (UBHI, SAMPLE_DEPTH_M, POROSITY, PERMEABILITY, WATER_SAT, FORMATION) VALUES ('WELL00000000018-BH1', 2480, 0.1459, 140.0485, 0.6723, 'Sanchore');
INSERT INTO welldata.PETROPHYSICS (UBHI, SAMPLE_DEPTH_M, POROSITY, PERMEABILITY, WATER_SAT, FORMATION) VALUES ('WELL00000000018-BH1', 2500, 0.2229, 152.3124, 0.2642, 'Rajahmundry');
INSERT INTO welldata.PETROPHYSICS (UBHI, SAMPLE_DEPTH_M, POROSITY, PERMEABILITY, WATER_SAT, FORMATION) VALUES ('WELL00000000018-BH1', 2520, 0.1762, 93.5397, 0.5313, 'Sanchore');
INSERT INTO welldata.PETROPHYSICS (UBHI, SAMPLE_DEPTH_M, POROSITY, PERMEABILITY, WATER_SAT, FORMATION) VALUES ('WELL00000000018-BH1', 2540, 0.2337, 108.5722, 0.1632, 'Rajahmundry');
INSERT INTO welldata.PETROPHYSICS (UBHI, SAMPLE_DEPTH_M, POROSITY, PERMEABILITY, WATER_SAT, FORMATION) VALUES ('WELL00000000018-BH1', 2560, 0.2126, 36.4598, 0.2114, 'Sanchore');
INSERT INTO welldata.PETROPHYSICS (UBHI, SAMPLE_DEPTH_M, POROSITY, PERMEABILITY, WATER_SAT, FORMATION) VALUES ('WELL00000000018-BH1', 2580, 0.2772, 277.59, 0.3672, 'Bengal');
INSERT INTO welldata.PETROPHYSICS (UBHI, SAMPLE_DEPTH_M, POROSITY, PERMEABILITY, WATER_SAT, FORMATION) VALUES ('WELL00000000018-BH1', 2600, 0.1466, 430.8831, 0.5682, 'Rajahmundry');
INSERT INTO welldata.PETROPHYSICS (UBHI, SAMPLE_DEPTH_M, POROSITY, PERMEABILITY, WATER_SAT, FORMATION) VALUES ('WELL00000000018-BH1', 2620, 0.092, 94.938, 0.6627, 'Bengal');
INSERT INTO welldata.PETROPHYSICS (UBHI, SAMPLE_DEPTH_M, POROSITY, PERMEABILITY, WATER_SAT, FORMATION) VALUES ('WELL00000000018-BH1', 2640, 0.2229, 17.9969, 0.1641, 'Bengal');
INSERT INTO welldata.PETROPHYSICS (UBHI, SAMPLE_DEPTH_M, POROSITY, PERMEABILITY, WATER_SAT, FORMATION) VALUES ('WELL00000000018-BH1', 2660, 0.1957, 435.9814, 0.4195, 'Rajahmundry');
INSERT INTO welldata.PETROPHYSICS (UBHI, SAMPLE_DEPTH_M, POROSITY, PERMEABILITY, WATER_SAT, FORMATION) VALUES ('WELL00000000018-BH1', 2680, 0.1821, 389.5608, 0.6715, 'Rajahmundry');
INSERT INTO welldata.PETROPHYSICS (UBHI, SAMPLE_DEPTH_M, POROSITY, PERMEABILITY, WATER_SAT, FORMATION) VALUES ('WELL00000000018-BH1', 2700, 0.0406, 296.945, 0.2247, 'Sanchore');
INSERT INTO welldata.PETROPHYSICS (UBHI, SAMPLE_DEPTH_M, POROSITY, PERMEABILITY, WATER_SAT, FORMATION) VALUES ('WELL00000000018-BH1', 2720, 0.1331, 322.6299, 0.5698, 'Rajahmundry');
INSERT INTO welldata.PETROPHYSICS (UBHI, SAMPLE_DEPTH_M, POROSITY, PERMEABILITY, WATER_SAT, FORMATION) VALUES ('WELL00000000018-BH1', 2740, 0.2218, 72.9196, 0.3668, 'Rajahmundry');
INSERT INTO welldata.PETROPHYSICS (UBHI, SAMPLE_DEPTH_M, POROSITY, PERMEABILITY, WATER_SAT, FORMATION) VALUES ('WELL00000000018-BH1', 2760, 0.0958, 353.0014, 0.2465, 'Rajahmundry');
INSERT INTO welldata.PETROPHYSICS (UBHI, SAMPLE_DEPTH_M, POROSITY, PERMEABILITY, WATER_SAT, FORMATION) VALUES ('WELL00000000018-BH1', 2780, 0.0736, 320.1926, 0.3578, 'Rajahmundry');
INSERT INTO welldata.PETROPHYSICS (UBHI, SAMPLE_DEPTH_M, POROSITY, PERMEABILITY, WATER_SAT, FORMATION) VALUES ('WELL00000000018-BH1', 2800, 0.2291, 70.3348, 0.5939, 'Rajahmundry');
INSERT INTO welldata.PETROPHYSICS (UBHI, SAMPLE_DEPTH_M, POROSITY, PERMEABILITY, WATER_SAT, FORMATION) VALUES ('WELL00000000018-BH1', 2820, 0.1558, 209.9784, 0.7383, 'Barmer');
INSERT INTO welldata.PETROPHYSICS (UBHI, SAMPLE_DEPTH_M, POROSITY, PERMEABILITY, WATER_SAT, FORMATION) VALUES ('WELL00000000018-BH1', 2840, 0.0669, 207.006, 0.6528, 'Bengal');
INSERT INTO welldata.PETROPHYSICS (UBHI, SAMPLE_DEPTH_M, POROSITY, PERMEABILITY, WATER_SAT, FORMATION) VALUES ('WELL00000000018-BH1', 2860, 0.2117, 405.6806, 0.1622, 'Rajahmundry');
INSERT INTO welldata.PETROPHYSICS (UBHI, SAMPLE_DEPTH_M, POROSITY, PERMEABILITY, WATER_SAT, FORMATION) VALUES ('WELL00000000018-BH1', 2880, 0.2228, 68.7595, 0.504, 'Sanchore');
INSERT INTO welldata.PETROPHYSICS (UBHI, SAMPLE_DEPTH_M, POROSITY, PERMEABILITY, WATER_SAT, FORMATION) VALUES ('WELL00000000018-BH1', 2900, 0.1925, 361.727, 0.3144, 'Bengal');
INSERT INTO welldata.PETROPHYSICS (UBHI, SAMPLE_DEPTH_M, POROSITY, PERMEABILITY, WATER_SAT, FORMATION) VALUES ('WELL00000000018-BH1', 2920, 0.2692, 23.5319, 0.309, 'Rajahmundry');
INSERT INTO welldata.PETROPHYSICS (UBHI, SAMPLE_DEPTH_M, POROSITY, PERMEABILITY, WATER_SAT, FORMATION) VALUES ('WELL00000000018-BH1', 2940, 0.2396, 405.2779, 0.7444, 'Sanchore');
INSERT INTO welldata.PETROPHYSICS (UBHI, SAMPLE_DEPTH_M, POROSITY, PERMEABILITY, WATER_SAT, FORMATION) VALUES ('WELL00000000018-BH1', 2960, 0.1439, 100.7321, 0.5156, 'Barmer');
INSERT INTO welldata.PETROPHYSICS (UBHI, SAMPLE_DEPTH_M, POROSITY, PERMEABILITY, WATER_SAT, FORMATION) VALUES ('WELL00000000018-BH1', 2980, 0.216, 414.4972, 0.7281, 'Rajahmundry');
INSERT INTO welldata.PETROPHYSICS (UBHI, SAMPLE_DEPTH_M, POROSITY, PERMEABILITY, WATER_SAT, FORMATION) VALUES ('WELL00000000018-BH1', 3000, 0.247, 296.8834, 0.318, 'Sanchore');
INSERT INTO welldata.BOREHOLE (UBHI, UWI, BOREHOLE_NAME, BOREHOLE_TYPE, TOP_DEPTH_M, BASE_DEPTH_M) VALUES ('WELL00000000018-BH2', 'WELL00000000018', 'CAIR-RA-018-BH2', 'DIRECTIONAL', 891, 1397);
INSERT INTO welldata.PETROPHYSICS (UBHI, SAMPLE_DEPTH_M, POROSITY, PERMEABILITY, WATER_SAT, FORMATION) VALUES ('WELL00000000018-BH2', 1000, 0.1901, 21.3442, 0.7189, 'Rajahmundry');
INSERT INTO welldata.PETROPHYSICS (UBHI, SAMPLE_DEPTH_M, POROSITY, PERMEABILITY, WATER_SAT, FORMATION) VALUES ('WELL00000000018-BH2', 1020, 0.2405, 223.3232, 0.4042, 'Barmer');
INSERT INTO welldata.PETROPHYSICS (UBHI, SAMPLE_DEPTH_M, POROSITY, PERMEABILITY, WATER_SAT, FORMATION) VALUES ('WELL00000000018-BH2', 1040, 0.1227, 291.4641, 0.4921, 'Bengal');
INSERT INTO welldata.PETROPHYSICS (UBHI, SAMPLE_DEPTH_M, POROSITY, PERMEABILITY, WATER_SAT, FORMATION) VALUES ('WELL00000000018-BH2', 1060, 0.1958, 392.1008, 0.4042, 'Bengal');
INSERT INTO welldata.PETROPHYSICS (UBHI, SAMPLE_DEPTH_M, POROSITY, PERMEABILITY, WATER_SAT, FORMATION) VALUES ('WELL00000000018-BH2', 1080, 0.1717, 291.8566, 0.6623, 'Bengal');
INSERT INTO welldata.PETROPHYSICS (UBHI, SAMPLE_DEPTH_M, POROSITY, PERMEABILITY, WATER_SAT, FORMATION) VALUES ('WELL00000000018-BH2', 1100, 0.213, 338.8106, 0.7003, 'Sanchore');
INSERT INTO welldata.PETROPHYSICS (UBHI, SAMPLE_DEPTH_M, POROSITY, PERMEABILITY, WATER_SAT, FORMATION) VALUES ('WELL00000000018-BH2', 1120, 0.1165, 201.267, 0.6379, 'Rajahmundry');
INSERT INTO welldata.PETROPHYSICS (UBHI, SAMPLE_DEPTH_M, POROSITY, PERMEABILITY, WATER_SAT, FORMATION) VALUES ('WELL00000000018-BH2', 1140, 0.0873, 120.9, 0.6941, 'Sanchore');
INSERT INTO welldata.PETROPHYSICS (UBHI, SAMPLE_DEPTH_M, POROSITY, PERMEABILITY, WATER_SAT, FORMATION) VALUES ('WELL00000000018-BH2', 1160, 0.1214, 115.4643, 0.7175, 'Sanchore');
INSERT INTO welldata.PETROPHYSICS (UBHI, SAMPLE_DEPTH_M, POROSITY, PERMEABILITY, WATER_SAT, FORMATION) VALUES ('WELL00000000018-BH2', 1180, 0.1168, 278.6888, 0.1927, 'Bengal');
INSERT INTO welldata.PETROPHYSICS (UBHI, SAMPLE_DEPTH_M, POROSITY, PERMEABILITY, WATER_SAT, FORMATION) VALUES ('WELL00000000018-BH2', 1200, 0.0762, 210.2517, 0.1687, 'Sanchore');
INSERT INTO welldata.PETROPHYSICS (UBHI, SAMPLE_DEPTH_M, POROSITY, PERMEABILITY, WATER_SAT, FORMATION) VALUES ('WELL00000000018-BH2', 1220, 0.2508, 248.0179, 0.2706, 'Sanchore');
INSERT INTO welldata.PETROPHYSICS (UBHI, SAMPLE_DEPTH_M, POROSITY, PERMEABILITY, WATER_SAT, FORMATION) VALUES ('WELL00000000018-BH2', 1240, 0.1926, 59.8534, 0.3308, 'Bengal');
INSERT INTO welldata.PETROPHYSICS (UBHI, SAMPLE_DEPTH_M, POROSITY, PERMEABILITY, WATER_SAT, FORMATION) VALUES ('WELL00000000018-BH2', 1260, 0.2197, 19.8414, 0.3339, 'Bengal');
INSERT INTO welldata.PETROPHYSICS (UBHI, SAMPLE_DEPTH_M, POROSITY, PERMEABILITY, WATER_SAT, FORMATION) VALUES ('WELL00000000018-BH2', 1280, 0.0622, 137.1883, 0.7303, 'Rajahmundry');
INSERT INTO welldata.PETROPHYSICS (UBHI, SAMPLE_DEPTH_M, POROSITY, PERMEABILITY, WATER_SAT, FORMATION) VALUES ('WELL00000000018-BH2', 1300, 0.1446, 166.9846, 0.622, 'Bengal');
INSERT INTO welldata.PETROPHYSICS (UBHI, SAMPLE_DEPTH_M, POROSITY, PERMEABILITY, WATER_SAT, FORMATION) VALUES ('WELL00000000018-BH2', 1320, 0.2142, 296.2499, 0.6525, 'Rajahmundry');
INSERT INTO welldata.PETROPHYSICS (UBHI, SAMPLE_DEPTH_M, POROSITY, PERMEABILITY, WATER_SAT, FORMATION) VALUES ('WELL00000000018-BH2', 1340, 0.1675, 306.2554, 0.3957, 'Rajahmundry');
INSERT INTO welldata.PETROPHYSICS (UBHI, SAMPLE_DEPTH_M, POROSITY, PERMEABILITY, WATER_SAT, FORMATION) VALUES ('WELL00000000018-BH2', 1360, 0.1938, 316.3114, 0.573, 'Barmer');
INSERT INTO welldata.PETROPHYSICS (UBHI, SAMPLE_DEPTH_M, POROSITY, PERMEABILITY, WATER_SAT, FORMATION) VALUES ('WELL00000000018-BH2', 1380, 0.1525, 356.1895, 0.2041, 'Sanchore');
INSERT INTO welldata.PETROPHYSICS (UBHI, SAMPLE_DEPTH_M, POROSITY, PERMEABILITY, WATER_SAT, FORMATION) VALUES ('WELL00000000018-BH2', 1400, 0.1324, 398.8039, 0.3517, 'Bengal');
INSERT INTO welldata.PETROPHYSICS (UBHI, SAMPLE_DEPTH_M, POROSITY, PERMEABILITY, WATER_SAT, FORMATION) VALUES ('WELL00000000018-BH2', 1420, 0.0436, 338.7223, 0.2304, 'Barmer');
INSERT INTO welldata.PETROPHYSICS (UBHI, SAMPLE_DEPTH_M, POROSITY, PERMEABILITY, WATER_SAT, FORMATION) VALUES ('WELL00000000018-BH2', 1440, 0.0892, 169.2733, 0.6371, 'Barmer');
INSERT INTO welldata.PETROPHYSICS (UBHI, SAMPLE_DEPTH_M, POROSITY, PERMEABILITY, WATER_SAT, FORMATION) VALUES ('WELL00000000018-BH2', 1460, 0.076, 128.9745, 0.4151, 'Barmer');
INSERT INTO welldata.PETROPHYSICS (UBHI, SAMPLE_DEPTH_M, POROSITY, PERMEABILITY, WATER_SAT, FORMATION) VALUES ('WELL00000000018-BH2', 1480, 0.2284, 247.8854, 0.7237, 'Sanchore');
INSERT INTO welldata.PETROPHYSICS (UBHI, SAMPLE_DEPTH_M, POROSITY, PERMEABILITY, WATER_SAT, FORMATION) VALUES ('WELL00000000018-BH2', 1500, 0.2591, 83.5724, 0.6458, 'Sanchore');
INSERT INTO welldata.PETROPHYSICS (UBHI, SAMPLE_DEPTH_M, POROSITY, PERMEABILITY, WATER_SAT, FORMATION) VALUES ('WELL00000000018-BH2', 1520, 0.0442, 139.4278, 0.2064, 'Rajahmundry');
INSERT INTO welldata.PETROPHYSICS (UBHI, SAMPLE_DEPTH_M, POROSITY, PERMEABILITY, WATER_SAT, FORMATION) VALUES ('WELL00000000018-BH2', 1540, 0.2476, 106.3218, 0.7383, 'Barmer');
INSERT INTO welldata.PETROPHYSICS (UBHI, SAMPLE_DEPTH_M, POROSITY, PERMEABILITY, WATER_SAT, FORMATION) VALUES ('WELL00000000018-BH2', 1560, 0.045, 68.083, 0.613, 'Bengal');
INSERT INTO welldata.PETROPHYSICS (UBHI, SAMPLE_DEPTH_M, POROSITY, PERMEABILITY, WATER_SAT, FORMATION) VALUES ('WELL00000000018-BH2', 1580, 0.2524, 44.2439, 0.6952, 'Rajahmundry');
INSERT INTO welldata.PETROPHYSICS (UBHI, SAMPLE_DEPTH_M, POROSITY, PERMEABILITY, WATER_SAT, FORMATION) VALUES ('WELL00000000018-BH2', 1600, 0.2267, 250.8548, 0.428, 'Barmer');
INSERT INTO welldata.PETROPHYSICS (UBHI, SAMPLE_DEPTH_M, POROSITY, PERMEABILITY, WATER_SAT, FORMATION) VALUES ('WELL00000000018-BH2', 1620, 0.0459, 260.8203, 0.4159, 'Sanchore');
INSERT INTO welldata.PETROPHYSICS (UBHI, SAMPLE_DEPTH_M, POROSITY, PERMEABILITY, WATER_SAT, FORMATION) VALUES ('WELL00000000018-BH2', 1640, 0.1023, 406.8439, 0.17, 'Rajahmundry');
INSERT INTO welldata.PETROPHYSICS (UBHI, SAMPLE_DEPTH_M, POROSITY, PERMEABILITY, WATER_SAT, FORMATION) VALUES ('WELL00000000018-BH2', 1660, 0.1782, 315.6459, 0.5351, 'Barmer');
INSERT INTO welldata.PETROPHYSICS (UBHI, SAMPLE_DEPTH_M, POROSITY, PERMEABILITY, WATER_SAT, FORMATION) VALUES ('WELL00000000018-BH2', 1680, 0.1695, 275.8766, 0.3904, 'Barmer');
INSERT INTO welldata.PETROPHYSICS (UBHI, SAMPLE_DEPTH_M, POROSITY, PERMEABILITY, WATER_SAT, FORMATION) VALUES ('WELL00000000018-BH2', 1700, 0.2074, 111.899, 0.7467, 'Sanchore');
INSERT INTO welldata.PETROPHYSICS (UBHI, SAMPLE_DEPTH_M, POROSITY, PERMEABILITY, WATER_SAT, FORMATION) VALUES ('WELL00000000018-BH2', 1720, 0.2053, 254.8077, 0.7403, 'Barmer');
INSERT INTO welldata.PETROPHYSICS (UBHI, SAMPLE_DEPTH_M, POROSITY, PERMEABILITY, WATER_SAT, FORMATION) VALUES ('WELL00000000018-BH2', 1740, 0.1285, 375.6232, 0.4357, 'Bengal');
INSERT INTO welldata.PETROPHYSICS (UBHI, SAMPLE_DEPTH_M, POROSITY, PERMEABILITY, WATER_SAT, FORMATION) VALUES ('WELL00000000018-BH2', 1760, 0.1871, 327.6212, 0.3541, 'Bengal');
INSERT INTO welldata.PETROPHYSICS (UBHI, SAMPLE_DEPTH_M, POROSITY, PERMEABILITY, WATER_SAT, FORMATION) VALUES ('WELL00000000018-BH2', 1780, 0.2641, 2.7337, 0.5529, 'Barmer');
INSERT INTO welldata.PETROPHYSICS (UBHI, SAMPLE_DEPTH_M, POROSITY, PERMEABILITY, WATER_SAT, FORMATION) VALUES ('WELL00000000018-BH2', 1800, 0.2151, 242.3099, 0.7477, 'Rajahmundry');
INSERT INTO welldata.PETROPHYSICS (UBHI, SAMPLE_DEPTH_M, POROSITY, PERMEABILITY, WATER_SAT, FORMATION) VALUES ('WELL00000000018-BH2', 1820, 0.1474, 220.6843, 0.3523, 'Barmer');
INSERT INTO welldata.PETROPHYSICS (UBHI, SAMPLE_DEPTH_M, POROSITY, PERMEABILITY, WATER_SAT, FORMATION) VALUES ('WELL00000000018-BH2', 1840, 0.0492, 377.9035, 0.5913, 'Bengal');
INSERT INTO welldata.PETROPHYSICS (UBHI, SAMPLE_DEPTH_M, POROSITY, PERMEABILITY, WATER_SAT, FORMATION) VALUES ('WELL00000000018-BH2', 1860, 0.1599, 140.7931, 0.5416, 'Barmer');
INSERT INTO welldata.PETROPHYSICS (UBHI, SAMPLE_DEPTH_M, POROSITY, PERMEABILITY, WATER_SAT, FORMATION) VALUES ('WELL00000000018-BH2', 1880, 0.0564, 383.6606, 0.3516, 'Bengal');
INSERT INTO welldata.PETROPHYSICS (UBHI, SAMPLE_DEPTH_M, POROSITY, PERMEABILITY, WATER_SAT, FORMATION) VALUES ('WELL00000000018-BH2', 1900, 0.1351, 269.6376, 0.5324, 'Barmer');
INSERT INTO welldata.PETROPHYSICS (UBHI, SAMPLE_DEPTH_M, POROSITY, PERMEABILITY, WATER_SAT, FORMATION) VALUES ('WELL00000000018-BH2', 1920, 0.0401, 364.4649, 0.6676, 'Sanchore');
INSERT INTO welldata.PETROPHYSICS (UBHI, SAMPLE_DEPTH_M, POROSITY, PERMEABILITY, WATER_SAT, FORMATION) VALUES ('WELL00000000018-BH2', 1940, 0.2796, 218.137, 0.3851, 'Sanchore');
INSERT INTO welldata.PETROPHYSICS (UBHI, SAMPLE_DEPTH_M, POROSITY, PERMEABILITY, WATER_SAT, FORMATION) VALUES ('WELL00000000018-BH2', 1960, 0.1361, 42.5413, 0.5218, 'Sanchore');
INSERT INTO welldata.PETROPHYSICS (UBHI, SAMPLE_DEPTH_M, POROSITY, PERMEABILITY, WATER_SAT, FORMATION) VALUES ('WELL00000000018-BH2', 1980, 0.1773, 302.9715, 0.3031, 'Barmer');
INSERT INTO welldata.PETROPHYSICS (UBHI, SAMPLE_DEPTH_M, POROSITY, PERMEABILITY, WATER_SAT, FORMATION) VALUES ('WELL00000000018-BH2', 2000, 0.1693, 237.885, 0.5392, 'Sanchore');
INSERT INTO welldata.PETROPHYSICS (UBHI, SAMPLE_DEPTH_M, POROSITY, PERMEABILITY, WATER_SAT, FORMATION) VALUES ('WELL00000000018-BH2', 2020, 0.1166, 416.9588, 0.4936, 'Barmer');
INSERT INTO welldata.PETROPHYSICS (UBHI, SAMPLE_DEPTH_M, POROSITY, PERMEABILITY, WATER_SAT, FORMATION) VALUES ('WELL00000000018-BH2', 2040, 0.0406, 105.1195, 0.7221, 'Rajahmundry');
INSERT INTO welldata.PETROPHYSICS (UBHI, SAMPLE_DEPTH_M, POROSITY, PERMEABILITY, WATER_SAT, FORMATION) VALUES ('WELL00000000018-BH2', 2060, 0.1314, 335.195, 0.233, 'Bengal');
INSERT INTO welldata.PETROPHYSICS (UBHI, SAMPLE_DEPTH_M, POROSITY, PERMEABILITY, WATER_SAT, FORMATION) VALUES ('WELL00000000018-BH2', 2080, 0.1699, 193.1431, 0.383, 'Rajahmundry');
INSERT INTO welldata.PETROPHYSICS (UBHI, SAMPLE_DEPTH_M, POROSITY, PERMEABILITY, WATER_SAT, FORMATION) VALUES ('WELL00000000018-BH2', 2100, 0.1007, 45.877, 0.5945, 'Bengal');
INSERT INTO welldata.PETROPHYSICS (UBHI, SAMPLE_DEPTH_M, POROSITY, PERMEABILITY, WATER_SAT, FORMATION) VALUES ('WELL00000000018-BH2', 2120, 0.0424, 238.5466, 0.443, 'Rajahmundry');
INSERT INTO welldata.PETROPHYSICS (UBHI, SAMPLE_DEPTH_M, POROSITY, PERMEABILITY, WATER_SAT, FORMATION) VALUES ('WELL00000000018-BH2', 2140, 0.2206, 135.0903, 0.5091, 'Barmer');
INSERT INTO welldata.PETROPHYSICS (UBHI, SAMPLE_DEPTH_M, POROSITY, PERMEABILITY, WATER_SAT, FORMATION) VALUES ('WELL00000000018-BH2', 2160, 0.1501, 47.6122, 0.242, 'Rajahmundry');
INSERT INTO welldata.PETROPHYSICS (UBHI, SAMPLE_DEPTH_M, POROSITY, PERMEABILITY, WATER_SAT, FORMATION) VALUES ('WELL00000000018-BH2', 2180, 0.1283, 440.5842, 0.6852, 'Rajahmundry');
INSERT INTO welldata.PETROPHYSICS (UBHI, SAMPLE_DEPTH_M, POROSITY, PERMEABILITY, WATER_SAT, FORMATION) VALUES ('WELL00000000018-BH2', 2200, 0.2729, 397.7279, 0.4439, 'Bengal');
INSERT INTO welldata.PETROPHYSICS (UBHI, SAMPLE_DEPTH_M, POROSITY, PERMEABILITY, WATER_SAT, FORMATION) VALUES ('WELL00000000018-BH2', 2220, 0.1106, 380.2241, 0.4297, 'Barmer');
INSERT INTO welldata.PETROPHYSICS (UBHI, SAMPLE_DEPTH_M, POROSITY, PERMEABILITY, WATER_SAT, FORMATION) VALUES ('WELL00000000018-BH2', 2240, 0.2685, 330.7881, 0.2901, 'Barmer');
INSERT INTO welldata.PETROPHYSICS (UBHI, SAMPLE_DEPTH_M, POROSITY, PERMEABILITY, WATER_SAT, FORMATION) VALUES ('WELL00000000018-BH2', 2260, 0.1486, 217.7566, 0.1921, 'Sanchore');
INSERT INTO welldata.PETROPHYSICS (UBHI, SAMPLE_DEPTH_M, POROSITY, PERMEABILITY, WATER_SAT, FORMATION) VALUES ('WELL00000000018-BH2', 2280, 0.2402, 349.1822, 0.5533, 'Rajahmundry');
INSERT INTO welldata.PETROPHYSICS (UBHI, SAMPLE_DEPTH_M, POROSITY, PERMEABILITY, WATER_SAT, FORMATION) VALUES ('WELL00000000018-BH2', 2300, 0.1468, 248.2909, 0.4372, 'Bengal');
INSERT INTO welldata.PETROPHYSICS (UBHI, SAMPLE_DEPTH_M, POROSITY, PERMEABILITY, WATER_SAT, FORMATION) VALUES ('WELL00000000018-BH2', 2320, 0.2675, 384.0341, 0.5484, 'Barmer');
INSERT INTO welldata.PETROPHYSICS (UBHI, SAMPLE_DEPTH_M, POROSITY, PERMEABILITY, WATER_SAT, FORMATION) VALUES ('WELL00000000018-BH2', 2340, 0.2567, 370.2725, 0.3242, 'Rajahmundry');
INSERT INTO welldata.PETROPHYSICS (UBHI, SAMPLE_DEPTH_M, POROSITY, PERMEABILITY, WATER_SAT, FORMATION) VALUES ('WELL00000000018-BH2', 2360, 0.272, 228.5203, 0.4481, 'Rajahmundry');
INSERT INTO welldata.PETROPHYSICS (UBHI, SAMPLE_DEPTH_M, POROSITY, PERMEABILITY, WATER_SAT, FORMATION) VALUES ('WELL00000000018-BH2', 2380, 0.2108, 6.1889, 0.2502, 'Barmer');
INSERT INTO welldata.PETROPHYSICS (UBHI, SAMPLE_DEPTH_M, POROSITY, PERMEABILITY, WATER_SAT, FORMATION) VALUES ('WELL00000000018-BH2', 2400, 0.1729, 378.4793, 0.2116, 'Barmer');
INSERT INTO welldata.PETROPHYSICS (UBHI, SAMPLE_DEPTH_M, POROSITY, PERMEABILITY, WATER_SAT, FORMATION) VALUES ('WELL00000000018-BH2', 2420, 0.1451, 382.6265, 0.2603, 'Rajahmundry');
INSERT INTO welldata.PETROPHYSICS (UBHI, SAMPLE_DEPTH_M, POROSITY, PERMEABILITY, WATER_SAT, FORMATION) VALUES ('WELL00000000018-BH2', 2440, 0.1601, 109.3012, 0.4821, 'Bengal');
INSERT INTO welldata.PETROPHYSICS (UBHI, SAMPLE_DEPTH_M, POROSITY, PERMEABILITY, WATER_SAT, FORMATION) VALUES ('WELL00000000018-BH2', 2460, 0.1384, 199.3204, 0.6191, 'Rajahmundry');
INSERT INTO welldata.PETROPHYSICS (UBHI, SAMPLE_DEPTH_M, POROSITY, PERMEABILITY, WATER_SAT, FORMATION) VALUES ('WELL00000000018-BH2', 2480, 0.0495, 398.0121, 0.5797, 'Sanchore');
INSERT INTO welldata.PETROPHYSICS (UBHI, SAMPLE_DEPTH_M, POROSITY, PERMEABILITY, WATER_SAT, FORMATION) VALUES ('WELL00000000018-BH2', 2500, 0.1757, 191.1989, 0.6613, 'Sanchore');
INSERT INTO welldata.PETROPHYSICS (UBHI, SAMPLE_DEPTH_M, POROSITY, PERMEABILITY, WATER_SAT, FORMATION) VALUES ('WELL00000000018-BH2', 2520, 0.1262, 409.5824, 0.2916, 'Sanchore');
INSERT INTO welldata.PETROPHYSICS (UBHI, SAMPLE_DEPTH_M, POROSITY, PERMEABILITY, WATER_SAT, FORMATION) VALUES ('WELL00000000018-BH2', 2540, 0.1472, 85.1251, 0.4827, 'Rajahmundry');
INSERT INTO welldata.PETROPHYSICS (UBHI, SAMPLE_DEPTH_M, POROSITY, PERMEABILITY, WATER_SAT, FORMATION) VALUES ('WELL00000000018-BH2', 2560, 0.2081, 308.911, 0.6105, 'Barmer');
INSERT INTO welldata.PETROPHYSICS (UBHI, SAMPLE_DEPTH_M, POROSITY, PERMEABILITY, WATER_SAT, FORMATION) VALUES ('WELL00000000018-BH2', 2580, 0.0674, 395.3453, 0.6865, 'Barmer');
INSERT INTO welldata.PETROPHYSICS (UBHI, SAMPLE_DEPTH_M, POROSITY, PERMEABILITY, WATER_SAT, FORMATION) VALUES ('WELL00000000018-BH2', 2600, 0.2021, 92.05, 0.2558, 'Rajahmundry');
INSERT INTO welldata.PETROPHYSICS (UBHI, SAMPLE_DEPTH_M, POROSITY, PERMEABILITY, WATER_SAT, FORMATION) VALUES ('WELL00000000018-BH2', 2620, 0.2138, 371.4745, 0.4669, 'Rajahmundry');
INSERT INTO welldata.PETROPHYSICS (UBHI, SAMPLE_DEPTH_M, POROSITY, PERMEABILITY, WATER_SAT, FORMATION) VALUES ('WELL00000000018-BH2', 2640, 0.0847, 378.1433, 0.7048, 'Rajahmundry');
INSERT INTO welldata.PETROPHYSICS (UBHI, SAMPLE_DEPTH_M, POROSITY, PERMEABILITY, WATER_SAT, FORMATION) VALUES ('WELL00000000018-BH2', 2660, 0.2703, 272.7832, 0.6068, 'Sanchore');
INSERT INTO welldata.PETROPHYSICS (UBHI, SAMPLE_DEPTH_M, POROSITY, PERMEABILITY, WATER_SAT, FORMATION) VALUES ('WELL00000000018-BH2', 2680, 0.0599, 281.987, 0.6009, 'Rajahmundry');
INSERT INTO welldata.PETROPHYSICS (UBHI, SAMPLE_DEPTH_M, POROSITY, PERMEABILITY, WATER_SAT, FORMATION) VALUES ('WELL00000000018-BH2', 2700, 0.1901, 422.1684, 0.5576, 'Bengal');
INSERT INTO welldata.PETROPHYSICS (UBHI, SAMPLE_DEPTH_M, POROSITY, PERMEABILITY, WATER_SAT, FORMATION) VALUES ('WELL00000000018-BH2', 2720, 0.1637, 187.2762, 0.3717, 'Barmer');
INSERT INTO welldata.PETROPHYSICS (UBHI, SAMPLE_DEPTH_M, POROSITY, PERMEABILITY, WATER_SAT, FORMATION) VALUES ('WELL00000000018-BH2', 2740, 0.0583, 410.6752, 0.4235, 'Bengal');
INSERT INTO welldata.PETROPHYSICS (UBHI, SAMPLE_DEPTH_M, POROSITY, PERMEABILITY, WATER_SAT, FORMATION) VALUES ('WELL00000000018-BH2', 2760, 0.2569, 226.2889, 0.4732, 'Barmer');
INSERT INTO welldata.PETROPHYSICS (UBHI, SAMPLE_DEPTH_M, POROSITY, PERMEABILITY, WATER_SAT, FORMATION) VALUES ('WELL00000000018-BH2', 2780, 0.1828, 394.8824, 0.7005, 'Rajahmundry');
INSERT INTO welldata.PETROPHYSICS (UBHI, SAMPLE_DEPTH_M, POROSITY, PERMEABILITY, WATER_SAT, FORMATION) VALUES ('WELL00000000018-BH2', 2800, 0.2438, 388.6416, 0.7067, 'Bengal');
INSERT INTO welldata.PETROPHYSICS (UBHI, SAMPLE_DEPTH_M, POROSITY, PERMEABILITY, WATER_SAT, FORMATION) VALUES ('WELL00000000018-BH2', 2820, 0.1955, 45.3322, 0.6416, 'Bengal');
INSERT INTO welldata.PETROPHYSICS (UBHI, SAMPLE_DEPTH_M, POROSITY, PERMEABILITY, WATER_SAT, FORMATION) VALUES ('WELL00000000018-BH2', 2840, 0.0651, 211.8284, 0.5236, 'Barmer');
INSERT INTO welldata.PETROPHYSICS (UBHI, SAMPLE_DEPTH_M, POROSITY, PERMEABILITY, WATER_SAT, FORMATION) VALUES ('WELL00000000018-BH2', 2860, 0.1112, 321.6985, 0.4368, 'Rajahmundry');
INSERT INTO welldata.PETROPHYSICS (UBHI, SAMPLE_DEPTH_M, POROSITY, PERMEABILITY, WATER_SAT, FORMATION) VALUES ('WELL00000000018-BH2', 2880, 0.1706, 187.7638, 0.6584, 'Sanchore');
INSERT INTO welldata.PETROPHYSICS (UBHI, SAMPLE_DEPTH_M, POROSITY, PERMEABILITY, WATER_SAT, FORMATION) VALUES ('WELL00000000018-BH2', 2900, 0.2245, 120.0972, 0.6448, 'Sanchore');
INSERT INTO welldata.PETROPHYSICS (UBHI, SAMPLE_DEPTH_M, POROSITY, PERMEABILITY, WATER_SAT, FORMATION) VALUES ('WELL00000000018-BH2', 2920, 0.1955, 185.0928, 0.7336, 'Bengal');
INSERT INTO welldata.PETROPHYSICS (UBHI, SAMPLE_DEPTH_M, POROSITY, PERMEABILITY, WATER_SAT, FORMATION) VALUES ('WELL00000000018-BH2', 2940, 0.2087, 37.7336, 0.6485, 'Rajahmundry');
INSERT INTO welldata.PETROPHYSICS (UBHI, SAMPLE_DEPTH_M, POROSITY, PERMEABILITY, WATER_SAT, FORMATION) VALUES ('WELL00000000018-BH2', 2960, 0.2136, 355.4052, 0.2076, 'Rajahmundry');
INSERT INTO welldata.PETROPHYSICS (UBHI, SAMPLE_DEPTH_M, POROSITY, PERMEABILITY, WATER_SAT, FORMATION) VALUES ('WELL00000000018-BH2', 2980, 0.2782, 233.0183, 0.6077, 'Barmer');
INSERT INTO welldata.PETROPHYSICS (UBHI, SAMPLE_DEPTH_M, POROSITY, PERMEABILITY, WATER_SAT, FORMATION) VALUES ('WELL00000000018-BH2', 3000, 0.2077, 272.1666, 0.2192, 'Barmer');
INSERT INTO welldata.PRODUCTION (UWI, PROD_DATE, OIL_BBL, GAS_MCF, WATER_BBL, HOURS_ON) VALUES ('WELL00000000018', TO_DATE('2015-01-01','YYYY-MM-DD'), 1066.3, 11420.16, 1082.12, 262.56);
INSERT INTO welldata.PRODUCTION (UWI, PROD_DATE, OIL_BBL, GAS_MCF, WATER_BBL, HOURS_ON) VALUES ('WELL00000000018', TO_DATE('2015-02-01','YYYY-MM-DD'), 599.57, 11963.15, 856.76, 192.73);
INSERT INTO welldata.PRODUCTION (UWI, PROD_DATE, OIL_BBL, GAS_MCF, WATER_BBL, HOURS_ON) VALUES ('WELL00000000018', TO_DATE('2015-03-01','YYYY-MM-DD'), 820.33, 7719.0, 1271.33, 641.74);
INSERT INTO welldata.PRODUCTION (UWI, PROD_DATE, OIL_BBL, GAS_MCF, WATER_BBL, HOURS_ON) VALUES ('WELL00000000018', TO_DATE('2015-04-01','YYYY-MM-DD'), 686.72, 13664.35, 1370.68, 344.11);
INSERT INTO welldata.PRODUCTION (UWI, PROD_DATE, OIL_BBL, GAS_MCF, WATER_BBL, HOURS_ON) VALUES ('WELL00000000018', TO_DATE('2015-05-01','YYYY-MM-DD'), 2561.08, 10829.73, 491.04, 366.34);
INSERT INTO welldata.PRODUCTION (UWI, PROD_DATE, OIL_BBL, GAS_MCF, WATER_BBL, HOURS_ON) VALUES ('WELL00000000018', TO_DATE('2015-06-01','YYYY-MM-DD'), 2782.86, 3333.89, 1231.4, 555.41);
INSERT INTO welldata.PRODUCTION (UWI, PROD_DATE, OIL_BBL, GAS_MCF, WATER_BBL, HOURS_ON) VALUES ('WELL00000000018', TO_DATE('2015-07-01','YYYY-MM-DD'), 977.32, 6315.37, 298.31, 156.18);
INSERT INTO welldata.PRODUCTION (UWI, PROD_DATE, OIL_BBL, GAS_MCF, WATER_BBL, HOURS_ON) VALUES ('WELL00000000018', TO_DATE('2015-08-01','YYYY-MM-DD'), 985.45, 14703.39, 1179.1, 625.9);
INSERT INTO welldata.PRODUCTION (UWI, PROD_DATE, OIL_BBL, GAS_MCF, WATER_BBL, HOURS_ON) VALUES ('WELL00000000018', TO_DATE('2015-09-01','YYYY-MM-DD'), 2280.2, 5333.22, 1272.26, 588.23);
INSERT INTO welldata.PRODUCTION (UWI, PROD_DATE, OIL_BBL, GAS_MCF, WATER_BBL, HOURS_ON) VALUES ('WELL00000000018', TO_DATE('2015-10-01','YYYY-MM-DD'), 1105.37, 3977.33, 1091.33, 291.41);
INSERT INTO welldata.PRODUCTION (UWI, PROD_DATE, OIL_BBL, GAS_MCF, WATER_BBL, HOURS_ON) VALUES ('WELL00000000018', TO_DATE('2015-11-01','YYYY-MM-DD'), 83.11, 11710.87, 1048.36, 298.46);
INSERT INTO welldata.PRODUCTION (UWI, PROD_DATE, OIL_BBL, GAS_MCF, WATER_BBL, HOURS_ON) VALUES ('WELL00000000018', TO_DATE('2015-12-01','YYYY-MM-DD'), 1993.91, 12436.8, 977.62, 165.52);
INSERT INTO welldata.PRODUCTION (UWI, PROD_DATE, OIL_BBL, GAS_MCF, WATER_BBL, HOURS_ON) VALUES ('WELL00000000018', TO_DATE('2016-01-01','YYYY-MM-DD'), 549.92, 9207.56, 820.65, 553.15);
INSERT INTO welldata.PRODUCTION (UWI, PROD_DATE, OIL_BBL, GAS_MCF, WATER_BBL, HOURS_ON) VALUES ('WELL00000000018', TO_DATE('2016-02-01','YYYY-MM-DD'), 762.87, 1580.32, 209.6, 148.07);
INSERT INTO welldata.PRODUCTION (UWI, PROD_DATE, OIL_BBL, GAS_MCF, WATER_BBL, HOURS_ON) VALUES ('WELL00000000018', TO_DATE('2016-03-01','YYYY-MM-DD'), 2181.98, 4830.81, 813.35, 342.77);
INSERT INTO welldata.PRODUCTION (UWI, PROD_DATE, OIL_BBL, GAS_MCF, WATER_BBL, HOURS_ON) VALUES ('WELL00000000018', TO_DATE('2016-04-01','YYYY-MM-DD'), 1121.11, 6803.66, 775.64, 535.56);
INSERT INTO welldata.PRODUCTION (UWI, PROD_DATE, OIL_BBL, GAS_MCF, WATER_BBL, HOURS_ON) VALUES ('WELL00000000018', TO_DATE('2016-05-01','YYYY-MM-DD'), 1591.73, 8821.93, 1122.14, 572.91);
INSERT INTO welldata.PRODUCTION (UWI, PROD_DATE, OIL_BBL, GAS_MCF, WATER_BBL, HOURS_ON) VALUES ('WELL00000000018', TO_DATE('2016-06-01','YYYY-MM-DD'), 520.19, 7176.66, 1076.74, 628.07);
INSERT INTO welldata.PRODUCTION (UWI, PROD_DATE, OIL_BBL, GAS_MCF, WATER_BBL, HOURS_ON) VALUES ('WELL00000000018', TO_DATE('2016-07-01','YYYY-MM-DD'), 2796.16, 10182.3, 808.48, 250.96);
INSERT INTO welldata.PRODUCTION (UWI, PROD_DATE, OIL_BBL, GAS_MCF, WATER_BBL, HOURS_ON) VALUES ('WELL00000000018', TO_DATE('2016-08-01','YYYY-MM-DD'), 1649.84, 6951.54, 591.44, 595.6);
INSERT INTO welldata.PRODUCTION (UWI, PROD_DATE, OIL_BBL, GAS_MCF, WATER_BBL, HOURS_ON) VALUES ('WELL00000000018', TO_DATE('2016-09-01','YYYY-MM-DD'), 998.83, 9364.67, 1178.91, 520.15);
INSERT INTO welldata.PRODUCTION (UWI, PROD_DATE, OIL_BBL, GAS_MCF, WATER_BBL, HOURS_ON) VALUES ('WELL00000000018', TO_DATE('2016-10-01','YYYY-MM-DD'), 2166.19, 8311.5, 151.24, 667.44);
INSERT INTO welldata.PRODUCTION (UWI, PROD_DATE, OIL_BBL, GAS_MCF, WATER_BBL, HOURS_ON) VALUES ('WELL00000000018', TO_DATE('2016-11-01','YYYY-MM-DD'), 2261.18, 10452.98, 1134.38, 684.43);
INSERT INTO welldata.PRODUCTION (UWI, PROD_DATE, OIL_BBL, GAS_MCF, WATER_BBL, HOURS_ON) VALUES ('WELL00000000018', TO_DATE('2016-12-01','YYYY-MM-DD'), 566.98, 873.33, 837.1, 500.67);
INSERT INTO welldata.PRODUCTION (UWI, PROD_DATE, OIL_BBL, GAS_MCF, WATER_BBL, HOURS_ON) VALUES ('WELL00000000018', TO_DATE('2017-01-01','YYYY-MM-DD'), 1295.43, 4800.23, 1293.04, 640.73);
INSERT INTO welldata.PRODUCTION (UWI, PROD_DATE, OIL_BBL, GAS_MCF, WATER_BBL, HOURS_ON) VALUES ('WELL00000000018', TO_DATE('2017-02-01','YYYY-MM-DD'), 2652.19, 766.13, 576.6, 212.29);
INSERT INTO welldata.PRODUCTION (UWI, PROD_DATE, OIL_BBL, GAS_MCF, WATER_BBL, HOURS_ON) VALUES ('WELL00000000018', TO_DATE('2017-03-01','YYYY-MM-DD'), 606.94, 6754.44, 547.09, 592.23);
INSERT INTO welldata.PRODUCTION (UWI, PROD_DATE, OIL_BBL, GAS_MCF, WATER_BBL, HOURS_ON) VALUES ('WELL00000000018', TO_DATE('2017-04-01','YYYY-MM-DD'), 2884.35, 2010.48, 813.01, 162.99);
INSERT INTO welldata.PRODUCTION (UWI, PROD_DATE, OIL_BBL, GAS_MCF, WATER_BBL, HOURS_ON) VALUES ('WELL00000000018', TO_DATE('2017-05-01','YYYY-MM-DD'), 2834.91, 13478.43, 413.51, 614.03);
INSERT INTO welldata.PRODUCTION (UWI, PROD_DATE, OIL_BBL, GAS_MCF, WATER_BBL, HOURS_ON) VALUES ('WELL00000000018', TO_DATE('2017-06-01','YYYY-MM-DD'), 2654.36, 12363.31, 241.5, 258.31);
INSERT INTO welldata.PRODUCTION (UWI, PROD_DATE, OIL_BBL, GAS_MCF, WATER_BBL, HOURS_ON) VALUES ('WELL00000000018', TO_DATE('2017-07-01','YYYY-MM-DD'), 1300.74, 10268.16, 305.28, 570.35);
INSERT INTO welldata.PRODUCTION (UWI, PROD_DATE, OIL_BBL, GAS_MCF, WATER_BBL, HOURS_ON) VALUES ('WELL00000000018', TO_DATE('2017-08-01','YYYY-MM-DD'), 1967.36, 10364.16, 677.12, 204.39);
INSERT INTO welldata.PRODUCTION (UWI, PROD_DATE, OIL_BBL, GAS_MCF, WATER_BBL, HOURS_ON) VALUES ('WELL00000000018', TO_DATE('2017-09-01','YYYY-MM-DD'), 2855.54, 12050.72, 967.01, 277.24);
INSERT INTO welldata.PRODUCTION (UWI, PROD_DATE, OIL_BBL, GAS_MCF, WATER_BBL, HOURS_ON) VALUES ('WELL00000000018', TO_DATE('2017-10-01','YYYY-MM-DD'), 2309.49, 6608.49, 322.18, 183.98);
INSERT INTO welldata.PRODUCTION (UWI, PROD_DATE, OIL_BBL, GAS_MCF, WATER_BBL, HOURS_ON) VALUES ('WELL00000000018', TO_DATE('2017-11-01','YYYY-MM-DD'), 2661.28, 5804.35, 346.72, 300.19);
INSERT INTO welldata.PRODUCTION (UWI, PROD_DATE, OIL_BBL, GAS_MCF, WATER_BBL, HOURS_ON) VALUES ('WELL00000000018', TO_DATE('2017-12-01','YYYY-MM-DD'), 1332.19, 966.95, 1054.69, 400.17);
INSERT INTO welldata.PRODUCTION (UWI, PROD_DATE, OIL_BBL, GAS_MCF, WATER_BBL, HOURS_ON) VALUES ('WELL00000000018', TO_DATE('2018-01-01','YYYY-MM-DD'), 508.62, 8282.36, 167.73, 579.18);
INSERT INTO welldata.PRODUCTION (UWI, PROD_DATE, OIL_BBL, GAS_MCF, WATER_BBL, HOURS_ON) VALUES ('WELL00000000018', TO_DATE('2018-02-01','YYYY-MM-DD'), 1635.41, 2659.13, 65.9, 633.48);
INSERT INTO welldata.PRODUCTION (UWI, PROD_DATE, OIL_BBL, GAS_MCF, WATER_BBL, HOURS_ON) VALUES ('WELL00000000018', TO_DATE('2018-03-01','YYYY-MM-DD'), 2038.59, 7344.22, 385.97, 708.69);
INSERT INTO welldata.PRODUCTION (UWI, PROD_DATE, OIL_BBL, GAS_MCF, WATER_BBL, HOURS_ON) VALUES ('WELL00000000018', TO_DATE('2018-04-01','YYYY-MM-DD'), 1271.37, 9220.96, 23.53, 155.69);
INSERT INTO welldata.PRODUCTION (UWI, PROD_DATE, OIL_BBL, GAS_MCF, WATER_BBL, HOURS_ON) VALUES ('WELL00000000018', TO_DATE('2018-05-01','YYYY-MM-DD'), 251.07, 10520.79, 364.93, 391.65);
INSERT INTO welldata.PRODUCTION (UWI, PROD_DATE, OIL_BBL, GAS_MCF, WATER_BBL, HOURS_ON) VALUES ('WELL00000000018', TO_DATE('2018-06-01','YYYY-MM-DD'), 821.82, 9517.35, 51.71, 671.67);
INSERT INTO welldata.PRODUCTION (UWI, PROD_DATE, OIL_BBL, GAS_MCF, WATER_BBL, HOURS_ON) VALUES ('WELL00000000018', TO_DATE('2018-07-01','YYYY-MM-DD'), 1739.68, 9901.38, 1263.7, 422.71);
INSERT INTO welldata.PRODUCTION (UWI, PROD_DATE, OIL_BBL, GAS_MCF, WATER_BBL, HOURS_ON) VALUES ('WELL00000000018', TO_DATE('2018-08-01','YYYY-MM-DD'), 1470.48, 7539.05, 1450.0, 498.56);
INSERT INTO welldata.PRODUCTION (UWI, PROD_DATE, OIL_BBL, GAS_MCF, WATER_BBL, HOURS_ON) VALUES ('WELL00000000018', TO_DATE('2018-09-01','YYYY-MM-DD'), 1349.34, 9454.89, 279.18, 635.66);
INSERT INTO welldata.PRODUCTION (UWI, PROD_DATE, OIL_BBL, GAS_MCF, WATER_BBL, HOURS_ON) VALUES ('WELL00000000018', TO_DATE('2018-10-01','YYYY-MM-DD'), 1117.18, 7821.88, 509.8, 153.93);
INSERT INTO welldata.PRODUCTION (UWI, PROD_DATE, OIL_BBL, GAS_MCF, WATER_BBL, HOURS_ON) VALUES ('WELL00000000018', TO_DATE('2018-11-01','YYYY-MM-DD'), 1247.03, 5845.03, 1163.0, 153.56);
INSERT INTO welldata.PRODUCTION (UWI, PROD_DATE, OIL_BBL, GAS_MCF, WATER_BBL, HOURS_ON) VALUES ('WELL00000000018', TO_DATE('2018-12-01','YYYY-MM-DD'), 2341.3, 639.98, 264.32, 508.8);
INSERT INTO welldata.PRODUCTION (UWI, PROD_DATE, OIL_BBL, GAS_MCF, WATER_BBL, HOURS_ON) VALUES ('WELL00000000018', TO_DATE('2019-01-01','YYYY-MM-DD'), 1664.95, 6229.27, 1426.53, 626.62);
INSERT INTO welldata.PRODUCTION (UWI, PROD_DATE, OIL_BBL, GAS_MCF, WATER_BBL, HOURS_ON) VALUES ('WELL00000000018', TO_DATE('2019-02-01','YYYY-MM-DD'), 2576.29, 2414.34, 483.71, 269.93);
INSERT INTO welldata.PRODUCTION (UWI, PROD_DATE, OIL_BBL, GAS_MCF, WATER_BBL, HOURS_ON) VALUES ('WELL00000000018', TO_DATE('2019-03-01','YYYY-MM-DD'), 2564.17, 13633.33, 1154.51, 280.99);
INSERT INTO welldata.PRODUCTION (UWI, PROD_DATE, OIL_BBL, GAS_MCF, WATER_BBL, HOURS_ON) VALUES ('WELL00000000018', TO_DATE('2019-04-01','YYYY-MM-DD'), 2953.33, 6228.04, 618.55, 242.58);
INSERT INTO welldata.PRODUCTION (UWI, PROD_DATE, OIL_BBL, GAS_MCF, WATER_BBL, HOURS_ON) VALUES ('WELL00000000018', TO_DATE('2019-05-01','YYYY-MM-DD'), 2702.36, 8620.37, 1069.04, 166.9);
INSERT INTO welldata.PRODUCTION (UWI, PROD_DATE, OIL_BBL, GAS_MCF, WATER_BBL, HOURS_ON) VALUES ('WELL00000000018', TO_DATE('2019-06-01','YYYY-MM-DD'), 2988.87, 8576.74, 876.87, 701.15);
INSERT INTO welldata.PRODUCTION (UWI, PROD_DATE, OIL_BBL, GAS_MCF, WATER_BBL, HOURS_ON) VALUES ('WELL00000000018', TO_DATE('2019-07-01','YYYY-MM-DD'), 2278.12, 978.66, 136.09, 495.75);
INSERT INTO welldata.PRODUCTION (UWI, PROD_DATE, OIL_BBL, GAS_MCF, WATER_BBL, HOURS_ON) VALUES ('WELL00000000018', TO_DATE('2019-08-01','YYYY-MM-DD'), 2672.55, 14561.17, 24.4, 267.27);
INSERT INTO welldata.PRODUCTION (UWI, PROD_DATE, OIL_BBL, GAS_MCF, WATER_BBL, HOURS_ON) VALUES ('WELL00000000018', TO_DATE('2019-09-01','YYYY-MM-DD'), 1312.11, 6586.12, 1134.44, 678.73);
INSERT INTO welldata.PRODUCTION (UWI, PROD_DATE, OIL_BBL, GAS_MCF, WATER_BBL, HOURS_ON) VALUES ('WELL00000000018', TO_DATE('2019-10-01','YYYY-MM-DD'), 2329.98, 799.92, 633.24, 496.72);
INSERT INTO welldata.PRODUCTION (UWI, PROD_DATE, OIL_BBL, GAS_MCF, WATER_BBL, HOURS_ON) VALUES ('WELL00000000018', TO_DATE('2019-11-01','YYYY-MM-DD'), 1293.24, 13915.43, 121.05, 395.31);
INSERT INTO welldata.PRODUCTION (UWI, PROD_DATE, OIL_BBL, GAS_MCF, WATER_BBL, HOURS_ON) VALUES ('WELL00000000018', TO_DATE('2019-12-01','YYYY-MM-DD'), 474.11, 4224.12, 401.77, 425.87);
INSERT INTO welldata.PRODUCTION (UWI, PROD_DATE, OIL_BBL, GAS_MCF, WATER_BBL, HOURS_ON) VALUES ('WELL00000000018', TO_DATE('2020-01-01','YYYY-MM-DD'), 1457.89, 4873.76, 558.03, 620.47);
INSERT INTO welldata.PRODUCTION (UWI, PROD_DATE, OIL_BBL, GAS_MCF, WATER_BBL, HOURS_ON) VALUES ('WELL00000000018', TO_DATE('2020-02-01','YYYY-MM-DD'), 2624.59, 11250.85, 1229.46, 156.41);
INSERT INTO welldata.PRODUCTION (UWI, PROD_DATE, OIL_BBL, GAS_MCF, WATER_BBL, HOURS_ON) VALUES ('WELL00000000018', TO_DATE('2020-03-01','YYYY-MM-DD'), 236.35, 14455.29, 1065.35, 528.79);
INSERT INTO welldata.PRODUCTION (UWI, PROD_DATE, OIL_BBL, GAS_MCF, WATER_BBL, HOURS_ON) VALUES ('WELL00000000018', TO_DATE('2020-04-01','YYYY-MM-DD'), 1226.35, 11765.31, 58.36, 612.4);
INSERT INTO welldata.PRODUCTION (UWI, PROD_DATE, OIL_BBL, GAS_MCF, WATER_BBL, HOURS_ON) VALUES ('WELL00000000018', TO_DATE('2020-05-01','YYYY-MM-DD'), 2931.45, 1323.85, 996.07, 431.94);
INSERT INTO welldata.PRODUCTION (UWI, PROD_DATE, OIL_BBL, GAS_MCF, WATER_BBL, HOURS_ON) VALUES ('WELL00000000018', TO_DATE('2020-06-01','YYYY-MM-DD'), 326.98, 14708.94, 838.48, 408.89);
INSERT INTO welldata.PRODUCTION (UWI, PROD_DATE, OIL_BBL, GAS_MCF, WATER_BBL, HOURS_ON) VALUES ('WELL00000000018', TO_DATE('2020-07-01','YYYY-MM-DD'), 118.41, 12242.77, 1082.51, 268.21);
INSERT INTO welldata.PRODUCTION (UWI, PROD_DATE, OIL_BBL, GAS_MCF, WATER_BBL, HOURS_ON) VALUES ('WELL00000000018', TO_DATE('2020-08-01','YYYY-MM-DD'), 2039.38, 7374.88, 1496.82, 529.09);
INSERT INTO welldata.PRODUCTION (UWI, PROD_DATE, OIL_BBL, GAS_MCF, WATER_BBL, HOURS_ON) VALUES ('WELL00000000018', TO_DATE('2020-09-01','YYYY-MM-DD'), 1621.71, 7579.53, 599.87, 648.42);
INSERT INTO welldata.PRODUCTION (UWI, PROD_DATE, OIL_BBL, GAS_MCF, WATER_BBL, HOURS_ON) VALUES ('WELL00000000018', TO_DATE('2020-10-01','YYYY-MM-DD'), 123.63, 6703.32, 109.76, 702.52);
INSERT INTO welldata.PRODUCTION (UWI, PROD_DATE, OIL_BBL, GAS_MCF, WATER_BBL, HOURS_ON) VALUES ('WELL00000000018', TO_DATE('2020-11-01','YYYY-MM-DD'), 1231.78, 5244.78, 224.73, 384.47);
INSERT INTO welldata.PRODUCTION (UWI, PROD_DATE, OIL_BBL, GAS_MCF, WATER_BBL, HOURS_ON) VALUES ('WELL00000000018', TO_DATE('2020-12-01','YYYY-MM-DD'), 145.27, 8045.74, 990.31, 204.48);
INSERT INTO welldata.PRODUCTION (UWI, PROD_DATE, OIL_BBL, GAS_MCF, WATER_BBL, HOURS_ON) VALUES ('WELL00000000018', TO_DATE('2021-01-01','YYYY-MM-DD'), 1105.6, 6105.93, 356.9, 285.12);
INSERT INTO welldata.PRODUCTION (UWI, PROD_DATE, OIL_BBL, GAS_MCF, WATER_BBL, HOURS_ON) VALUES ('WELL00000000018', TO_DATE('2021-02-01','YYYY-MM-DD'), 540.73, 655.72, 803.8, 428.32);
INSERT INTO welldata.PRODUCTION (UWI, PROD_DATE, OIL_BBL, GAS_MCF, WATER_BBL, HOURS_ON) VALUES ('WELL00000000018', TO_DATE('2021-03-01','YYYY-MM-DD'), 2828.51, 2355.46, 497.28, 330.23);
INSERT INTO welldata.PRODUCTION (UWI, PROD_DATE, OIL_BBL, GAS_MCF, WATER_BBL, HOURS_ON) VALUES ('WELL00000000018', TO_DATE('2021-04-01','YYYY-MM-DD'), 1963.38, 9558.72, 260.54, 499.84);
INSERT INTO welldata.PRODUCTION (UWI, PROD_DATE, OIL_BBL, GAS_MCF, WATER_BBL, HOURS_ON) VALUES ('WELL00000000018', TO_DATE('2021-05-01','YYYY-MM-DD'), 1600.32, 2442.17, 867.78, 714.76);
INSERT INTO welldata.PRODUCTION (UWI, PROD_DATE, OIL_BBL, GAS_MCF, WATER_BBL, HOURS_ON) VALUES ('WELL00000000018', TO_DATE('2021-06-01','YYYY-MM-DD'), 2701.46, 4148.32, 462.22, 256.93);
INSERT INTO welldata.PRODUCTION (UWI, PROD_DATE, OIL_BBL, GAS_MCF, WATER_BBL, HOURS_ON) VALUES ('WELL00000000018', TO_DATE('2021-07-01','YYYY-MM-DD'), 731.6, 11032.5, 753.07, 239.87);
INSERT INTO welldata.PRODUCTION (UWI, PROD_DATE, OIL_BBL, GAS_MCF, WATER_BBL, HOURS_ON) VALUES ('WELL00000000018', TO_DATE('2021-08-01','YYYY-MM-DD'), 2863.08, 3405.79, 1023.04, 228.74);
INSERT INTO welldata.PRODUCTION (UWI, PROD_DATE, OIL_BBL, GAS_MCF, WATER_BBL, HOURS_ON) VALUES ('WELL00000000018', TO_DATE('2021-09-01','YYYY-MM-DD'), 558.69, 11918.66, 816.89, 603.16);
INSERT INTO welldata.PRODUCTION (UWI, PROD_DATE, OIL_BBL, GAS_MCF, WATER_BBL, HOURS_ON) VALUES ('WELL00000000018', TO_DATE('2021-10-01','YYYY-MM-DD'), 688.85, 7224.81, 231.39, 202.26);
INSERT INTO welldata.PRODUCTION (UWI, PROD_DATE, OIL_BBL, GAS_MCF, WATER_BBL, HOURS_ON) VALUES ('WELL00000000018', TO_DATE('2021-11-01','YYYY-MM-DD'), 2553.56, 6475.94, 1221.51, 261.9);
INSERT INTO welldata.PRODUCTION (UWI, PROD_DATE, OIL_BBL, GAS_MCF, WATER_BBL, HOURS_ON) VALUES ('WELL00000000018', TO_DATE('2021-12-01','YYYY-MM-DD'), 337.11, 334.99, 119.33, 310.87);
INSERT INTO welldata.PRODUCTION (UWI, PROD_DATE, OIL_BBL, GAS_MCF, WATER_BBL, HOURS_ON) VALUES ('WELL00000000018', TO_DATE('2022-01-01','YYYY-MM-DD'), 1696.96, 5946.29, 635.38, 549.51);
INSERT INTO welldata.PRODUCTION (UWI, PROD_DATE, OIL_BBL, GAS_MCF, WATER_BBL, HOURS_ON) VALUES ('WELL00000000018', TO_DATE('2022-02-01','YYYY-MM-DD'), 2141.75, 10959.48, 1195.58, 346.93);
INSERT INTO welldata.PRODUCTION (UWI, PROD_DATE, OIL_BBL, GAS_MCF, WATER_BBL, HOURS_ON) VALUES ('WELL00000000018', TO_DATE('2022-03-01','YYYY-MM-DD'), 1522.51, 7096.68, 747.17, 557.69);
INSERT INTO welldata.PRODUCTION (UWI, PROD_DATE, OIL_BBL, GAS_MCF, WATER_BBL, HOURS_ON) VALUES ('WELL00000000018', TO_DATE('2022-04-01','YYYY-MM-DD'), 2025.08, 13069.4, 584.19, 306.65);
INSERT INTO welldata.PRODUCTION (UWI, PROD_DATE, OIL_BBL, GAS_MCF, WATER_BBL, HOURS_ON) VALUES ('WELL00000000018', TO_DATE('2022-05-01','YYYY-MM-DD'), 1677.13, 1224.6, 1180.3, 206.11);
INSERT INTO welldata.PRODUCTION (UWI, PROD_DATE, OIL_BBL, GAS_MCF, WATER_BBL, HOURS_ON) VALUES ('WELL00000000018', TO_DATE('2022-06-01','YYYY-MM-DD'), 335.15, 9449.67, 614.94, 129.54);
INSERT INTO welldata.PRODUCTION (UWI, PROD_DATE, OIL_BBL, GAS_MCF, WATER_BBL, HOURS_ON) VALUES ('WELL00000000018', TO_DATE('2022-07-01','YYYY-MM-DD'), 827.35, 2438.45, 444.8, 656.39);
INSERT INTO welldata.PRODUCTION (UWI, PROD_DATE, OIL_BBL, GAS_MCF, WATER_BBL, HOURS_ON) VALUES ('WELL00000000018', TO_DATE('2022-08-01','YYYY-MM-DD'), 399.8, 4685.2, 527.78, 636.78);
INSERT INTO welldata.PRODUCTION (UWI, PROD_DATE, OIL_BBL, GAS_MCF, WATER_BBL, HOURS_ON) VALUES ('WELL00000000018', TO_DATE('2022-09-01','YYYY-MM-DD'), 570.21, 14605.65, 1326.36, 565.3);
INSERT INTO welldata.PRODUCTION (UWI, PROD_DATE, OIL_BBL, GAS_MCF, WATER_BBL, HOURS_ON) VALUES ('WELL00000000018', TO_DATE('2022-10-01','YYYY-MM-DD'), 2518.8, 8506.92, 371.96, 167.13);
INSERT INTO welldata.PRODUCTION (UWI, PROD_DATE, OIL_BBL, GAS_MCF, WATER_BBL, HOURS_ON) VALUES ('WELL00000000018', TO_DATE('2022-11-01','YYYY-MM-DD'), 2180.71, 6461.83, 253.55, 479.5);
INSERT INTO welldata.PRODUCTION (UWI, PROD_DATE, OIL_BBL, GAS_MCF, WATER_BBL, HOURS_ON) VALUES ('WELL00000000018', TO_DATE('2022-12-01','YYYY-MM-DD'), 2446.55, 8573.32, 1462.31, 217.67);
INSERT INTO welldata.PRODUCTION (UWI, PROD_DATE, OIL_BBL, GAS_MCF, WATER_BBL, HOURS_ON) VALUES ('WELL00000000018', TO_DATE('2023-01-01','YYYY-MM-DD'), 918.74, 489.47, 1212.45, 652.18);
INSERT INTO welldata.PRODUCTION (UWI, PROD_DATE, OIL_BBL, GAS_MCF, WATER_BBL, HOURS_ON) VALUES ('WELL00000000018', TO_DATE('2023-02-01','YYYY-MM-DD'), 2618.22, 3430.59, 699.96, 554.08);
INSERT INTO welldata.PRODUCTION (UWI, PROD_DATE, OIL_BBL, GAS_MCF, WATER_BBL, HOURS_ON) VALUES ('WELL00000000018', TO_DATE('2023-03-01','YYYY-MM-DD'), 1605.66, 6474.29, 65.76, 511.24);
INSERT INTO welldata.PRODUCTION (UWI, PROD_DATE, OIL_BBL, GAS_MCF, WATER_BBL, HOURS_ON) VALUES ('WELL00000000018', TO_DATE('2023-04-01','YYYY-MM-DD'), 1375.77, 4797.11, 625.2, 224.88);
INSERT INTO welldata.PRODUCTION (UWI, PROD_DATE, OIL_BBL, GAS_MCF, WATER_BBL, HOURS_ON) VALUES ('WELL00000000018', TO_DATE('2023-05-01','YYYY-MM-DD'), 2859.42, 13920.64, 1037.15, 582.07);
INSERT INTO welldata.PRODUCTION (UWI, PROD_DATE, OIL_BBL, GAS_MCF, WATER_BBL, HOURS_ON) VALUES ('WELL00000000018', TO_DATE('2023-06-01','YYYY-MM-DD'), 1336.18, 12176.8, 1438.58, 659.36);
INSERT INTO welldata.PRODUCTION (UWI, PROD_DATE, OIL_BBL, GAS_MCF, WATER_BBL, HOURS_ON) VALUES ('WELL00000000018', TO_DATE('2023-07-01','YYYY-MM-DD'), 2219.75, 5856.81, 388.07, 549.41);
INSERT INTO welldata.PRODUCTION (UWI, PROD_DATE, OIL_BBL, GAS_MCF, WATER_BBL, HOURS_ON) VALUES ('WELL00000000018', TO_DATE('2023-08-01','YYYY-MM-DD'), 1491.6, 5763.68, 295.96, 544.22);
INSERT INTO welldata.PRODUCTION (UWI, PROD_DATE, OIL_BBL, GAS_MCF, WATER_BBL, HOURS_ON) VALUES ('WELL00000000018', TO_DATE('2023-09-01','YYYY-MM-DD'), 1964.48, 12367.15, 635.79, 714.83);
INSERT INTO welldata.PRODUCTION (UWI, PROD_DATE, OIL_BBL, GAS_MCF, WATER_BBL, HOURS_ON) VALUES ('WELL00000000018', TO_DATE('2023-10-01','YYYY-MM-DD'), 2881.42, 14944.12, 1455.28, 448.69);
INSERT INTO welldata.PRODUCTION (UWI, PROD_DATE, OIL_BBL, GAS_MCF, WATER_BBL, HOURS_ON) VALUES ('WELL00000000018', TO_DATE('2023-11-01','YYYY-MM-DD'), 2513.89, 8816.9, 328.82, 187.84);
INSERT INTO welldata.PRODUCTION (UWI, PROD_DATE, OIL_BBL, GAS_MCF, WATER_BBL, HOURS_ON) VALUES ('WELL00000000018', TO_DATE('2023-12-01','YYYY-MM-DD'), 236.74, 1509.22, 927.06, 427.61);
INSERT INTO welldata.PRODUCTION (UWI, PROD_DATE, OIL_BBL, GAS_MCF, WATER_BBL, HOURS_ON) VALUES ('WELL00000000018', TO_DATE('2024-01-01','YYYY-MM-DD'), 1793.17, 8122.62, 1333.99, 422.4);
INSERT INTO welldata.PRODUCTION (UWI, PROD_DATE, OIL_BBL, GAS_MCF, WATER_BBL, HOURS_ON) VALUES ('WELL00000000018', TO_DATE('2024-02-01','YYYY-MM-DD'), 583.85, 9706.88, 846.78, 173.62);
INSERT INTO welldata.PRODUCTION (UWI, PROD_DATE, OIL_BBL, GAS_MCF, WATER_BBL, HOURS_ON) VALUES ('WELL00000000018', TO_DATE('2024-03-01','YYYY-MM-DD'), 1442.9, 4546.71, 1212.37, 350.07);
INSERT INTO welldata.PRODUCTION (UWI, PROD_DATE, OIL_BBL, GAS_MCF, WATER_BBL, HOURS_ON) VALUES ('WELL00000000018', TO_DATE('2024-04-01','YYYY-MM-DD'), 843.73, 4911.25, 471.68, 353.87);
INSERT INTO welldata.PRODUCTION (UWI, PROD_DATE, OIL_BBL, GAS_MCF, WATER_BBL, HOURS_ON) VALUES ('WELL00000000018', TO_DATE('2024-05-01','YYYY-MM-DD'), 2882.54, 2417.07, 29.19, 292.4);
INSERT INTO welldata.PRODUCTION (UWI, PROD_DATE, OIL_BBL, GAS_MCF, WATER_BBL, HOURS_ON) VALUES ('WELL00000000018', TO_DATE('2024-06-01','YYYY-MM-DD'), 956.67, 3662.95, 1010.02, 242.22);
INSERT INTO welldata.PRODUCTION (UWI, PROD_DATE, OIL_BBL, GAS_MCF, WATER_BBL, HOURS_ON) VALUES ('WELL00000000018', TO_DATE('2024-07-01','YYYY-MM-DD'), 2863.42, 6110.57, 792.0, 143.1);
INSERT INTO welldata.PRODUCTION (UWI, PROD_DATE, OIL_BBL, GAS_MCF, WATER_BBL, HOURS_ON) VALUES ('WELL00000000018', TO_DATE('2024-08-01','YYYY-MM-DD'), 138.24, 11106.71, 33.0, 263.74);
INSERT INTO welldata.PRODUCTION (UWI, PROD_DATE, OIL_BBL, GAS_MCF, WATER_BBL, HOURS_ON) VALUES ('WELL00000000018', TO_DATE('2024-09-01','YYYY-MM-DD'), 810.36, 9100.47, 600.24, 561.24);
INSERT INTO welldata.PRODUCTION (UWI, PROD_DATE, OIL_BBL, GAS_MCF, WATER_BBL, HOURS_ON) VALUES ('WELL00000000018', TO_DATE('2024-10-01','YYYY-MM-DD'), 2116.71, 2161.1, 588.51, 568.85);
INSERT INTO welldata.PRODUCTION (UWI, PROD_DATE, OIL_BBL, GAS_MCF, WATER_BBL, HOURS_ON) VALUES ('WELL00000000018', TO_DATE('2024-11-01','YYYY-MM-DD'), 140.99, 2078.93, 563.43, 471.98);
INSERT INTO welldata.PRODUCTION (UWI, PROD_DATE, OIL_BBL, GAS_MCF, WATER_BBL, HOURS_ON) VALUES ('WELL00000000018', TO_DATE('2024-12-01','YYYY-MM-DD'), 2030.21, 9753.61, 1057.56, 415.74);
INSERT INTO welldata.FORMATION_TOPS (UWI, FORMATION, TOP_DEPTH_M, BASE_DEPTH_M, LITHOLOGY) VALUES ('WELL00000000018', 'Rajahmundry', 598, 992, 'SANDSTONE');
INSERT INTO welldata.FORMATION_TOPS (UWI, FORMATION, TOP_DEPTH_M, BASE_DEPTH_M, LITHOLOGY) VALUES ('WELL00000000018', 'Bengal', 1053, 1225, 'LIMESTONE');
INSERT INTO welldata.FORMATION_TOPS (UWI, FORMATION, TOP_DEPTH_M, BASE_DEPTH_M, LITHOLOGY) VALUES ('WELL00000000018', 'Sanchore', 1280, 1427, 'SHALE');
INSERT INTO welldata.FORMATION_TOPS (UWI, FORMATION, TOP_DEPTH_M, BASE_DEPTH_M, LITHOLOGY) VALUES ('WELL00000000018', 'Barmer', 1694, 1856, 'DOLOMITE');
INSERT INTO welldata.CORE_ANALYSIS (UWI, CORE_RUN, TOP_DEPTH_M, BASE_DEPTH_M, GRAIN_DENSITY, BULK_DENSITY, RECOVERY_PCT) VALUES ('WELL00000000018', 1, 979, 1055, 2.5555, 2.2173, 63.93);
INSERT INTO welldata.CORE_ANALYSIS (UWI, CORE_RUN, TOP_DEPTH_M, BASE_DEPTH_M, GRAIN_DENSITY, BULK_DENSITY, RECOVERY_PCT) VALUES ('WELL00000000018', 2, 1991, 2029, 2.6185, 2.1934, 75.68);
INSERT INTO welldata.WELL (UWI, WELL_NAME, OPERATOR, COUNTRY, BASIN, FIELD_NAME, SPUD_DATE, COMPLETION_DATE, WELL_TYPE, WELL_STATUS, SURFACE_LAT, SURFACE_LON, TOTAL_DEPTH_M, KB_ELEVATION_M) VALUES ('WELL00000000019', 'ONGC-KR-019', 'ONGC', 'India', 'Krishna-Godavari', 'Krishna Field 2', TO_DATE('2019-04-17','YYYY-MM-DD'), TO_DATE('2021-12-30','YYYY-MM-DD'), 'APPRAISAL', 'SUSPENDED', 18.410395, 75.374513, 4158, 98.37);
INSERT INTO welldata.BOREHOLE (UBHI, UWI, BOREHOLE_NAME, BOREHOLE_TYPE, TOP_DEPTH_M, BASE_DEPTH_M) VALUES ('WELL00000000019-BH1', 'WELL00000000019', 'ONGC-KR-019-BH1', 'HORIZONTAL', 518, 1238);
INSERT INTO welldata.PETROPHYSICS (UBHI, SAMPLE_DEPTH_M, POROSITY, PERMEABILITY, WATER_SAT, FORMATION) VALUES ('WELL00000000019-BH1', 1000, 0.202, 227.4775, 0.2873, 'Bengal');
INSERT INTO welldata.PETROPHYSICS (UBHI, SAMPLE_DEPTH_M, POROSITY, PERMEABILITY, WATER_SAT, FORMATION) VALUES ('WELL00000000019-BH1', 1020, 0.1541, 263.0724, 0.3367, 'Barmer');
INSERT INTO welldata.PETROPHYSICS (UBHI, SAMPLE_DEPTH_M, POROSITY, PERMEABILITY, WATER_SAT, FORMATION) VALUES ('WELL00000000019-BH1', 1040, 0.1905, 275.9714, 0.7357, 'Sanchore');
INSERT INTO welldata.PETROPHYSICS (UBHI, SAMPLE_DEPTH_M, POROSITY, PERMEABILITY, WATER_SAT, FORMATION) VALUES ('WELL00000000019-BH1', 1060, 0.051, 202.0667, 0.4633, 'Rajahmundry');
INSERT INTO welldata.PETROPHYSICS (UBHI, SAMPLE_DEPTH_M, POROSITY, PERMEABILITY, WATER_SAT, FORMATION) VALUES ('WELL00000000019-BH1', 1080, 0.1662, 169.5197, 0.5469, 'Barmer');
INSERT INTO welldata.PETROPHYSICS (UBHI, SAMPLE_DEPTH_M, POROSITY, PERMEABILITY, WATER_SAT, FORMATION) VALUES ('WELL00000000019-BH1', 1100, 0.0934, 56.1606, 0.5344, 'Sanchore');
INSERT INTO welldata.PETROPHYSICS (UBHI, SAMPLE_DEPTH_M, POROSITY, PERMEABILITY, WATER_SAT, FORMATION) VALUES ('WELL00000000019-BH1', 1120, 0.1588, 261.3712, 0.4357, 'Bengal');
INSERT INTO welldata.PETROPHYSICS (UBHI, SAMPLE_DEPTH_M, POROSITY, PERMEABILITY, WATER_SAT, FORMATION) VALUES ('WELL00000000019-BH1', 1140, 0.0754, 40.6669, 0.431, 'Bengal');
INSERT INTO welldata.PETROPHYSICS (UBHI, SAMPLE_DEPTH_M, POROSITY, PERMEABILITY, WATER_SAT, FORMATION) VALUES ('WELL00000000019-BH1', 1160, 0.0706, 9.1236, 0.5136, 'Sanchore');
INSERT INTO welldata.PETROPHYSICS (UBHI, SAMPLE_DEPTH_M, POROSITY, PERMEABILITY, WATER_SAT, FORMATION) VALUES ('WELL00000000019-BH1', 1180, 0.181, 383.3805, 0.1885, 'Rajahmundry');
INSERT INTO welldata.PETROPHYSICS (UBHI, SAMPLE_DEPTH_M, POROSITY, PERMEABILITY, WATER_SAT, FORMATION) VALUES ('WELL00000000019-BH1', 1200, 0.1261, 33.3342, 0.6029, 'Sanchore');
INSERT INTO welldata.PETROPHYSICS (UBHI, SAMPLE_DEPTH_M, POROSITY, PERMEABILITY, WATER_SAT, FORMATION) VALUES ('WELL00000000019-BH1', 1220, 0.1113, 95.519, 0.2264, 'Rajahmundry');
INSERT INTO welldata.PETROPHYSICS (UBHI, SAMPLE_DEPTH_M, POROSITY, PERMEABILITY, WATER_SAT, FORMATION) VALUES ('WELL00000000019-BH1', 1240, 0.086, 50.0913, 0.7194, 'Barmer');
INSERT INTO welldata.PETROPHYSICS (UBHI, SAMPLE_DEPTH_M, POROSITY, PERMEABILITY, WATER_SAT, FORMATION) VALUES ('WELL00000000019-BH1', 1260, 0.179, 306.9024, 0.7365, 'Bengal');
INSERT INTO welldata.PETROPHYSICS (UBHI, SAMPLE_DEPTH_M, POROSITY, PERMEABILITY, WATER_SAT, FORMATION) VALUES ('WELL00000000019-BH1', 1280, 0.0557, 123.667, 0.4767, 'Barmer');
INSERT INTO welldata.PETROPHYSICS (UBHI, SAMPLE_DEPTH_M, POROSITY, PERMEABILITY, WATER_SAT, FORMATION) VALUES ('WELL00000000019-BH1', 1300, 0.1535, 360.285, 0.1839, 'Rajahmundry');
INSERT INTO welldata.PETROPHYSICS (UBHI, SAMPLE_DEPTH_M, POROSITY, PERMEABILITY, WATER_SAT, FORMATION) VALUES ('WELL00000000019-BH1', 1320, 0.2291, 347.8293, 0.6938, 'Sanchore');
INSERT INTO welldata.PETROPHYSICS (UBHI, SAMPLE_DEPTH_M, POROSITY, PERMEABILITY, WATER_SAT, FORMATION) VALUES ('WELL00000000019-BH1', 1340, 0.2698, 69.7381, 0.5994, 'Rajahmundry');
INSERT INTO welldata.PETROPHYSICS (UBHI, SAMPLE_DEPTH_M, POROSITY, PERMEABILITY, WATER_SAT, FORMATION) VALUES ('WELL00000000019-BH1', 1360, 0.2178, 236.6632, 0.4698, 'Rajahmundry');
INSERT INTO welldata.PETROPHYSICS (UBHI, SAMPLE_DEPTH_M, POROSITY, PERMEABILITY, WATER_SAT, FORMATION) VALUES ('WELL00000000019-BH1', 1380, 0.2111, 400.0176, 0.3741, 'Sanchore');
INSERT INTO welldata.PETROPHYSICS (UBHI, SAMPLE_DEPTH_M, POROSITY, PERMEABILITY, WATER_SAT, FORMATION) VALUES ('WELL00000000019-BH1', 1400, 0.1314, 306.1165, 0.4774, 'Sanchore');
INSERT INTO welldata.PETROPHYSICS (UBHI, SAMPLE_DEPTH_M, POROSITY, PERMEABILITY, WATER_SAT, FORMATION) VALUES ('WELL00000000019-BH1', 1420, 0.255, 429.4169, 0.6086, 'Barmer');
INSERT INTO welldata.PETROPHYSICS (UBHI, SAMPLE_DEPTH_M, POROSITY, PERMEABILITY, WATER_SAT, FORMATION) VALUES ('WELL00000000019-BH1', 1440, 0.098, 13.3604, 0.2321, 'Sanchore');
INSERT INTO welldata.PETROPHYSICS (UBHI, SAMPLE_DEPTH_M, POROSITY, PERMEABILITY, WATER_SAT, FORMATION) VALUES ('WELL00000000019-BH1', 1460, 0.0542, 225.2677, 0.3981, 'Rajahmundry');
INSERT INTO welldata.PETROPHYSICS (UBHI, SAMPLE_DEPTH_M, POROSITY, PERMEABILITY, WATER_SAT, FORMATION) VALUES ('WELL00000000019-BH1', 1480, 0.0591, 187.8078, 0.5321, 'Barmer');
INSERT INTO welldata.PETROPHYSICS (UBHI, SAMPLE_DEPTH_M, POROSITY, PERMEABILITY, WATER_SAT, FORMATION) VALUES ('WELL00000000019-BH1', 1500, 0.1662, 273.3691, 0.169, 'Sanchore');
INSERT INTO welldata.PETROPHYSICS (UBHI, SAMPLE_DEPTH_M, POROSITY, PERMEABILITY, WATER_SAT, FORMATION) VALUES ('WELL00000000019-BH1', 1520, 0.1002, 228.2543, 0.7005, 'Rajahmundry');
INSERT INTO welldata.PETROPHYSICS (UBHI, SAMPLE_DEPTH_M, POROSITY, PERMEABILITY, WATER_SAT, FORMATION) VALUES ('WELL00000000019-BH1', 1540, 0.1192, 380.8503, 0.7422, 'Sanchore');
INSERT INTO welldata.PETROPHYSICS (UBHI, SAMPLE_DEPTH_M, POROSITY, PERMEABILITY, WATER_SAT, FORMATION) VALUES ('WELL00000000019-BH1', 1560, 0.0984, 230.5748, 0.6189, 'Rajahmundry');
INSERT INTO welldata.PETROPHYSICS (UBHI, SAMPLE_DEPTH_M, POROSITY, PERMEABILITY, WATER_SAT, FORMATION) VALUES ('WELL00000000019-BH1', 1580, 0.1423, 219.205, 0.4145, 'Sanchore');
INSERT INTO welldata.PETROPHYSICS (UBHI, SAMPLE_DEPTH_M, POROSITY, PERMEABILITY, WATER_SAT, FORMATION) VALUES ('WELL00000000019-BH1', 1600, 0.166, 259.0304, 0.5692, 'Rajahmundry');
INSERT INTO welldata.PETROPHYSICS (UBHI, SAMPLE_DEPTH_M, POROSITY, PERMEABILITY, WATER_SAT, FORMATION) VALUES ('WELL00000000019-BH1', 1620, 0.2216, 104.9664, 0.4941, 'Bengal');
INSERT INTO welldata.PETROPHYSICS (UBHI, SAMPLE_DEPTH_M, POROSITY, PERMEABILITY, WATER_SAT, FORMATION) VALUES ('WELL00000000019-BH1', 1640, 0.0551, 386.5632, 0.7329, 'Bengal');
INSERT INTO welldata.PETROPHYSICS (UBHI, SAMPLE_DEPTH_M, POROSITY, PERMEABILITY, WATER_SAT, FORMATION) VALUES ('WELL00000000019-BH1', 1660, 0.1751, 301.8621, 0.5432, 'Barmer');
INSERT INTO welldata.PETROPHYSICS (UBHI, SAMPLE_DEPTH_M, POROSITY, PERMEABILITY, WATER_SAT, FORMATION) VALUES ('WELL00000000019-BH1', 1680, 0.1689, 400.9635, 0.6904, 'Sanchore');
INSERT INTO welldata.PETROPHYSICS (UBHI, SAMPLE_DEPTH_M, POROSITY, PERMEABILITY, WATER_SAT, FORMATION) VALUES ('WELL00000000019-BH1', 1700, 0.0433, 338.9579, 0.4556, 'Barmer');
INSERT INTO welldata.PETROPHYSICS (UBHI, SAMPLE_DEPTH_M, POROSITY, PERMEABILITY, WATER_SAT, FORMATION) VALUES ('WELL00000000019-BH1', 1720, 0.2171, 410.2281, 0.5611, 'Bengal');
INSERT INTO welldata.PETROPHYSICS (UBHI, SAMPLE_DEPTH_M, POROSITY, PERMEABILITY, WATER_SAT, FORMATION) VALUES ('WELL00000000019-BH1', 1740, 0.2197, 348.6942, 0.3966, 'Bengal');
INSERT INTO welldata.PETROPHYSICS (UBHI, SAMPLE_DEPTH_M, POROSITY, PERMEABILITY, WATER_SAT, FORMATION) VALUES ('WELL00000000019-BH1', 1760, 0.1557, 403.4064, 0.5365, 'Barmer');
INSERT INTO welldata.PETROPHYSICS (UBHI, SAMPLE_DEPTH_M, POROSITY, PERMEABILITY, WATER_SAT, FORMATION) VALUES ('WELL00000000019-BH1', 1780, 0.2552, 233.639, 0.4513, 'Sanchore');
INSERT INTO welldata.PETROPHYSICS (UBHI, SAMPLE_DEPTH_M, POROSITY, PERMEABILITY, WATER_SAT, FORMATION) VALUES ('WELL00000000019-BH1', 1800, 0.049, 343.7106, 0.6798, 'Rajahmundry');
INSERT INTO welldata.PETROPHYSICS (UBHI, SAMPLE_DEPTH_M, POROSITY, PERMEABILITY, WATER_SAT, FORMATION) VALUES ('WELL00000000019-BH1', 1820, 0.1075, 55.1783, 0.7052, 'Sanchore');
INSERT INTO welldata.PETROPHYSICS (UBHI, SAMPLE_DEPTH_M, POROSITY, PERMEABILITY, WATER_SAT, FORMATION) VALUES ('WELL00000000019-BH1', 1840, 0.0985, 99.9545, 0.2846, 'Rajahmundry');
INSERT INTO welldata.PETROPHYSICS (UBHI, SAMPLE_DEPTH_M, POROSITY, PERMEABILITY, WATER_SAT, FORMATION) VALUES ('WELL00000000019-BH1', 1860, 0.2379, 167.8135, 0.6078, 'Bengal');
INSERT INTO welldata.PETROPHYSICS (UBHI, SAMPLE_DEPTH_M, POROSITY, PERMEABILITY, WATER_SAT, FORMATION) VALUES ('WELL00000000019-BH1', 1880, 0.046, 146.2336, 0.1529, 'Bengal');
INSERT INTO welldata.PETROPHYSICS (UBHI, SAMPLE_DEPTH_M, POROSITY, PERMEABILITY, WATER_SAT, FORMATION) VALUES ('WELL00000000019-BH1', 1900, 0.1072, 209.6328, 0.6382, 'Barmer');
INSERT INTO welldata.PETROPHYSICS (UBHI, SAMPLE_DEPTH_M, POROSITY, PERMEABILITY, WATER_SAT, FORMATION) VALUES ('WELL00000000019-BH1', 1920, 0.2583, 238.6782, 0.5946, 'Barmer');
INSERT INTO welldata.PETROPHYSICS (UBHI, SAMPLE_DEPTH_M, POROSITY, PERMEABILITY, WATER_SAT, FORMATION) VALUES ('WELL00000000019-BH1', 1940, 0.1415, 90.4835, 0.5143, 'Bengal');
INSERT INTO welldata.PETROPHYSICS (UBHI, SAMPLE_DEPTH_M, POROSITY, PERMEABILITY, WATER_SAT, FORMATION) VALUES ('WELL00000000019-BH1', 1960, 0.2164, 344.6992, 0.6799, 'Barmer');
INSERT INTO welldata.PETROPHYSICS (UBHI, SAMPLE_DEPTH_M, POROSITY, PERMEABILITY, WATER_SAT, FORMATION) VALUES ('WELL00000000019-BH1', 1980, 0.27, 341.4253, 0.304, 'Bengal');
INSERT INTO welldata.PETROPHYSICS (UBHI, SAMPLE_DEPTH_M, POROSITY, PERMEABILITY, WATER_SAT, FORMATION) VALUES ('WELL00000000019-BH1', 2000, 0.1566, 129.4643, 0.3499, 'Barmer');
INSERT INTO welldata.PETROPHYSICS (UBHI, SAMPLE_DEPTH_M, POROSITY, PERMEABILITY, WATER_SAT, FORMATION) VALUES ('WELL00000000019-BH1', 2020, 0.1598, 296.8575, 0.5959, 'Rajahmundry');
INSERT INTO welldata.PETROPHYSICS (UBHI, SAMPLE_DEPTH_M, POROSITY, PERMEABILITY, WATER_SAT, FORMATION) VALUES ('WELL00000000019-BH1', 2040, 0.0944, 408.3909, 0.7435, 'Rajahmundry');
INSERT INTO welldata.PETROPHYSICS (UBHI, SAMPLE_DEPTH_M, POROSITY, PERMEABILITY, WATER_SAT, FORMATION) VALUES ('WELL00000000019-BH1', 2060, 0.0524, 426.2531, 0.1961, 'Rajahmundry');
INSERT INTO welldata.PETROPHYSICS (UBHI, SAMPLE_DEPTH_M, POROSITY, PERMEABILITY, WATER_SAT, FORMATION) VALUES ('WELL00000000019-BH1', 2080, 0.2036, 380.8414, 0.1941, 'Barmer');
INSERT INTO welldata.PETROPHYSICS (UBHI, SAMPLE_DEPTH_M, POROSITY, PERMEABILITY, WATER_SAT, FORMATION) VALUES ('WELL00000000019-BH1', 2100, 0.2204, 183.6664, 0.1969, 'Bengal');
INSERT INTO welldata.PETROPHYSICS (UBHI, SAMPLE_DEPTH_M, POROSITY, PERMEABILITY, WATER_SAT, FORMATION) VALUES ('WELL00000000019-BH1', 2120, 0.1042, 115.5408, 0.2384, 'Sanchore');
INSERT INTO welldata.PETROPHYSICS (UBHI, SAMPLE_DEPTH_M, POROSITY, PERMEABILITY, WATER_SAT, FORMATION) VALUES ('WELL00000000019-BH1', 2140, 0.0648, 56.2459, 0.2709, 'Sanchore');
INSERT INTO welldata.PETROPHYSICS (UBHI, SAMPLE_DEPTH_M, POROSITY, PERMEABILITY, WATER_SAT, FORMATION) VALUES ('WELL00000000019-BH1', 2160, 0.1845, 152.236, 0.578, 'Bengal');
INSERT INTO welldata.PETROPHYSICS (UBHI, SAMPLE_DEPTH_M, POROSITY, PERMEABILITY, WATER_SAT, FORMATION) VALUES ('WELL00000000019-BH1', 2180, 0.1844, 49.9116, 0.7368, 'Rajahmundry');
INSERT INTO welldata.PETROPHYSICS (UBHI, SAMPLE_DEPTH_M, POROSITY, PERMEABILITY, WATER_SAT, FORMATION) VALUES ('WELL00000000019-BH1', 2200, 0.2286, 424.0959, 0.6595, 'Bengal');
INSERT INTO welldata.PETROPHYSICS (UBHI, SAMPLE_DEPTH_M, POROSITY, PERMEABILITY, WATER_SAT, FORMATION) VALUES ('WELL00000000019-BH1', 2220, 0.1015, 17.6407, 0.608, 'Sanchore');
INSERT INTO welldata.PETROPHYSICS (UBHI, SAMPLE_DEPTH_M, POROSITY, PERMEABILITY, WATER_SAT, FORMATION) VALUES ('WELL00000000019-BH1', 2240, 0.195, 160.9245, 0.4848, 'Bengal');
INSERT INTO welldata.PETROPHYSICS (UBHI, SAMPLE_DEPTH_M, POROSITY, PERMEABILITY, WATER_SAT, FORMATION) VALUES ('WELL00000000019-BH1', 2260, 0.0834, 177.0164, 0.568, 'Sanchore');
INSERT INTO welldata.PETROPHYSICS (UBHI, SAMPLE_DEPTH_M, POROSITY, PERMEABILITY, WATER_SAT, FORMATION) VALUES ('WELL00000000019-BH1', 2280, 0.1735, 268.8324, 0.7039, 'Bengal');
INSERT INTO welldata.PETROPHYSICS (UBHI, SAMPLE_DEPTH_M, POROSITY, PERMEABILITY, WATER_SAT, FORMATION) VALUES ('WELL00000000019-BH1', 2300, 0.2731, 238.2313, 0.5584, 'Sanchore');
INSERT INTO welldata.PETROPHYSICS (UBHI, SAMPLE_DEPTH_M, POROSITY, PERMEABILITY, WATER_SAT, FORMATION) VALUES ('WELL00000000019-BH1', 2320, 0.0591, 46.2311, 0.7474, 'Bengal');
INSERT INTO welldata.PETROPHYSICS (UBHI, SAMPLE_DEPTH_M, POROSITY, PERMEABILITY, WATER_SAT, FORMATION) VALUES ('WELL00000000019-BH1', 2340, 0.0848, 329.1635, 0.6029, 'Sanchore');
INSERT INTO welldata.PETROPHYSICS (UBHI, SAMPLE_DEPTH_M, POROSITY, PERMEABILITY, WATER_SAT, FORMATION) VALUES ('WELL00000000019-BH1', 2360, 0.2658, 278.375, 0.2517, 'Sanchore');
INSERT INTO welldata.PETROPHYSICS (UBHI, SAMPLE_DEPTH_M, POROSITY, PERMEABILITY, WATER_SAT, FORMATION) VALUES ('WELL00000000019-BH1', 2380, 0.2157, 149.7572, 0.4162, 'Bengal');
INSERT INTO welldata.PETROPHYSICS (UBHI, SAMPLE_DEPTH_M, POROSITY, PERMEABILITY, WATER_SAT, FORMATION) VALUES ('WELL00000000019-BH1', 2400, 0.0783, 258.1996, 0.6423, 'Rajahmundry');
INSERT INTO welldata.PETROPHYSICS (UBHI, SAMPLE_DEPTH_M, POROSITY, PERMEABILITY, WATER_SAT, FORMATION) VALUES ('WELL00000000019-BH1', 2420, 0.0597, 399.0322, 0.5828, 'Barmer');
INSERT INTO welldata.PETROPHYSICS (UBHI, SAMPLE_DEPTH_M, POROSITY, PERMEABILITY, WATER_SAT, FORMATION) VALUES ('WELL00000000019-BH1', 2440, 0.0728, 301.6791, 0.4797, 'Rajahmundry');
INSERT INTO welldata.PETROPHYSICS (UBHI, SAMPLE_DEPTH_M, POROSITY, PERMEABILITY, WATER_SAT, FORMATION) VALUES ('WELL00000000019-BH1', 2460, 0.1549, 301.7197, 0.6193, 'Sanchore');
INSERT INTO welldata.PETROPHYSICS (UBHI, SAMPLE_DEPTH_M, POROSITY, PERMEABILITY, WATER_SAT, FORMATION) VALUES ('WELL00000000019-BH1', 2480, 0.25, 401.5392, 0.4414, 'Rajahmundry');
INSERT INTO welldata.PETROPHYSICS (UBHI, SAMPLE_DEPTH_M, POROSITY, PERMEABILITY, WATER_SAT, FORMATION) VALUES ('WELL00000000019-BH1', 2500, 0.1541, 203.7207, 0.6611, 'Rajahmundry');
INSERT INTO welldata.PETROPHYSICS (UBHI, SAMPLE_DEPTH_M, POROSITY, PERMEABILITY, WATER_SAT, FORMATION) VALUES ('WELL00000000019-BH1', 2520, 0.0642, 442.2607, 0.3752, 'Rajahmundry');
INSERT INTO welldata.PETROPHYSICS (UBHI, SAMPLE_DEPTH_M, POROSITY, PERMEABILITY, WATER_SAT, FORMATION) VALUES ('WELL00000000019-BH1', 2540, 0.2361, 435.0283, 0.6801, 'Bengal');
INSERT INTO welldata.PETROPHYSICS (UBHI, SAMPLE_DEPTH_M, POROSITY, PERMEABILITY, WATER_SAT, FORMATION) VALUES ('WELL00000000019-BH1', 2560, 0.161, 239.0939, 0.2443, 'Rajahmundry');
INSERT INTO welldata.PETROPHYSICS (UBHI, SAMPLE_DEPTH_M, POROSITY, PERMEABILITY, WATER_SAT, FORMATION) VALUES ('WELL00000000019-BH1', 2580, 0.2134, 435.8079, 0.3788, 'Rajahmundry');
INSERT INTO welldata.PETROPHYSICS (UBHI, SAMPLE_DEPTH_M, POROSITY, PERMEABILITY, WATER_SAT, FORMATION) VALUES ('WELL00000000019-BH1', 2600, 0.0685, 250.1276, 0.1784, 'Sanchore');
INSERT INTO welldata.PETROPHYSICS (UBHI, SAMPLE_DEPTH_M, POROSITY, PERMEABILITY, WATER_SAT, FORMATION) VALUES ('WELL00000000019-BH1', 2620, 0.186, 333.439, 0.4359, 'Rajahmundry');
INSERT INTO welldata.PETROPHYSICS (UBHI, SAMPLE_DEPTH_M, POROSITY, PERMEABILITY, WATER_SAT, FORMATION) VALUES ('WELL00000000019-BH1', 2640, 0.0661, 0.2003, 0.4189, 'Rajahmundry');
INSERT INTO welldata.PETROPHYSICS (UBHI, SAMPLE_DEPTH_M, POROSITY, PERMEABILITY, WATER_SAT, FORMATION) VALUES ('WELL00000000019-BH1', 2660, 0.0802, 295.5173, 0.3037, 'Bengal');
INSERT INTO welldata.PETROPHYSICS (UBHI, SAMPLE_DEPTH_M, POROSITY, PERMEABILITY, WATER_SAT, FORMATION) VALUES ('WELL00000000019-BH1', 2680, 0.0513, 428.3169, 0.3198, 'Sanchore');
INSERT INTO welldata.PETROPHYSICS (UBHI, SAMPLE_DEPTH_M, POROSITY, PERMEABILITY, WATER_SAT, FORMATION) VALUES ('WELL00000000019-BH1', 2700, 0.1693, 215.557, 0.3302, 'Rajahmundry');
INSERT INTO welldata.PETROPHYSICS (UBHI, SAMPLE_DEPTH_M, POROSITY, PERMEABILITY, WATER_SAT, FORMATION) VALUES ('WELL00000000019-BH1', 2720, 0.1617, 446.631, 0.695, 'Barmer');
INSERT INTO welldata.PETROPHYSICS (UBHI, SAMPLE_DEPTH_M, POROSITY, PERMEABILITY, WATER_SAT, FORMATION) VALUES ('WELL00000000019-BH1', 2740, 0.1222, 412.541, 0.3144, 'Bengal');
INSERT INTO welldata.PETROPHYSICS (UBHI, SAMPLE_DEPTH_M, POROSITY, PERMEABILITY, WATER_SAT, FORMATION) VALUES ('WELL00000000019-BH1', 2760, 0.2177, 156.5891, 0.2351, 'Sanchore');
INSERT INTO welldata.PETROPHYSICS (UBHI, SAMPLE_DEPTH_M, POROSITY, PERMEABILITY, WATER_SAT, FORMATION) VALUES ('WELL00000000019-BH1', 2780, 0.0938, 441.3642, 0.7141, 'Bengal');
INSERT INTO welldata.PETROPHYSICS (UBHI, SAMPLE_DEPTH_M, POROSITY, PERMEABILITY, WATER_SAT, FORMATION) VALUES ('WELL00000000019-BH1', 2800, 0.1668, 17.4392, 0.2647, 'Bengal');
INSERT INTO welldata.PETROPHYSICS (UBHI, SAMPLE_DEPTH_M, POROSITY, PERMEABILITY, WATER_SAT, FORMATION) VALUES ('WELL00000000019-BH1', 2820, 0.0446, 318.7825, 0.332, 'Bengal');
INSERT INTO welldata.PETROPHYSICS (UBHI, SAMPLE_DEPTH_M, POROSITY, PERMEABILITY, WATER_SAT, FORMATION) VALUES ('WELL00000000019-BH1', 2840, 0.1883, 334.79, 0.2933, 'Sanchore');
INSERT INTO welldata.PETROPHYSICS (UBHI, SAMPLE_DEPTH_M, POROSITY, PERMEABILITY, WATER_SAT, FORMATION) VALUES ('WELL00000000019-BH1', 2860, 0.1508, 379.2009, 0.5637, 'Sanchore');
INSERT INTO welldata.PETROPHYSICS (UBHI, SAMPLE_DEPTH_M, POROSITY, PERMEABILITY, WATER_SAT, FORMATION) VALUES ('WELL00000000019-BH1', 2880, 0.1415, 315.1165, 0.4312, 'Rajahmundry');
INSERT INTO welldata.PETROPHYSICS (UBHI, SAMPLE_DEPTH_M, POROSITY, PERMEABILITY, WATER_SAT, FORMATION) VALUES ('WELL00000000019-BH1', 2900, 0.2724, 76.5121, 0.6487, 'Rajahmundry');
INSERT INTO welldata.PETROPHYSICS (UBHI, SAMPLE_DEPTH_M, POROSITY, PERMEABILITY, WATER_SAT, FORMATION) VALUES ('WELL00000000019-BH1', 2920, 0.2518, 165.4608, 0.2382, 'Sanchore');
INSERT INTO welldata.PETROPHYSICS (UBHI, SAMPLE_DEPTH_M, POROSITY, PERMEABILITY, WATER_SAT, FORMATION) VALUES ('WELL00000000019-BH1', 2940, 0.2652, 151.7786, 0.2564, 'Bengal');
INSERT INTO welldata.PETROPHYSICS (UBHI, SAMPLE_DEPTH_M, POROSITY, PERMEABILITY, WATER_SAT, FORMATION) VALUES ('WELL00000000019-BH1', 2960, 0.1318, 446.0256, 0.1756, 'Barmer');
INSERT INTO welldata.PETROPHYSICS (UBHI, SAMPLE_DEPTH_M, POROSITY, PERMEABILITY, WATER_SAT, FORMATION) VALUES ('WELL00000000019-BH1', 2980, 0.1659, 267.0957, 0.395, 'Rajahmundry');
INSERT INTO welldata.PETROPHYSICS (UBHI, SAMPLE_DEPTH_M, POROSITY, PERMEABILITY, WATER_SAT, FORMATION) VALUES ('WELL00000000019-BH1', 3000, 0.0691, 345.7935, 0.2369, 'Rajahmundry');
INSERT INTO welldata.BOREHOLE (UBHI, UWI, BOREHOLE_NAME, BOREHOLE_TYPE, TOP_DEPTH_M, BASE_DEPTH_M) VALUES ('WELL00000000019-BH2', 'WELL00000000019', 'ONGC-KR-019-BH2', 'DIRECTIONAL', 688, 1843);
INSERT INTO welldata.PETROPHYSICS (UBHI, SAMPLE_DEPTH_M, POROSITY, PERMEABILITY, WATER_SAT, FORMATION) VALUES ('WELL00000000019-BH2', 1000, 0.1392, 448.6586, 0.3918, 'Rajahmundry');
INSERT INTO welldata.PETROPHYSICS (UBHI, SAMPLE_DEPTH_M, POROSITY, PERMEABILITY, WATER_SAT, FORMATION) VALUES ('WELL00000000019-BH2', 1020, 0.2106, 7.3371, 0.3014, 'Barmer');
INSERT INTO welldata.PETROPHYSICS (UBHI, SAMPLE_DEPTH_M, POROSITY, PERMEABILITY, WATER_SAT, FORMATION) VALUES ('WELL00000000019-BH2', 1040, 0.2401, 151.2238, 0.2771, 'Barmer');
INSERT INTO welldata.PETROPHYSICS (UBHI, SAMPLE_DEPTH_M, POROSITY, PERMEABILITY, WATER_SAT, FORMATION) VALUES ('WELL00000000019-BH2', 1060, 0.2673, 160.7006, 0.3704, 'Sanchore');
INSERT INTO welldata.PETROPHYSICS (UBHI, SAMPLE_DEPTH_M, POROSITY, PERMEABILITY, WATER_SAT, FORMATION) VALUES ('WELL00000000019-BH2', 1080, 0.2754, 51.2055, 0.3959, 'Rajahmundry');
INSERT INTO welldata.PETROPHYSICS (UBHI, SAMPLE_DEPTH_M, POROSITY, PERMEABILITY, WATER_SAT, FORMATION) VALUES ('WELL00000000019-BH2', 1100, 0.2275, 251.0614, 0.6096, 'Barmer');
INSERT INTO welldata.PETROPHYSICS (UBHI, SAMPLE_DEPTH_M, POROSITY, PERMEABILITY, WATER_SAT, FORMATION) VALUES ('WELL00000000019-BH2', 1120, 0.183, 140.8186, 0.5016, 'Bengal');
INSERT INTO welldata.PETROPHYSICS (UBHI, SAMPLE_DEPTH_M, POROSITY, PERMEABILITY, WATER_SAT, FORMATION) VALUES ('WELL00000000019-BH2', 1140, 0.0678, 7.5204, 0.3755, 'Bengal');
INSERT INTO welldata.PETROPHYSICS (UBHI, SAMPLE_DEPTH_M, POROSITY, PERMEABILITY, WATER_SAT, FORMATION) VALUES ('WELL00000000019-BH2', 1160, 0.2584, 434.2094, 0.5121, 'Sanchore');
INSERT INTO welldata.PETROPHYSICS (UBHI, SAMPLE_DEPTH_M, POROSITY, PERMEABILITY, WATER_SAT, FORMATION) VALUES ('WELL00000000019-BH2', 1180, 0.059, 66.878, 0.5881, 'Barmer');
INSERT INTO welldata.PETROPHYSICS (UBHI, SAMPLE_DEPTH_M, POROSITY, PERMEABILITY, WATER_SAT, FORMATION) VALUES ('WELL00000000019-BH2', 1200, 0.1204, 72.2317, 0.542, 'Barmer');
INSERT INTO welldata.PETROPHYSICS (UBHI, SAMPLE_DEPTH_M, POROSITY, PERMEABILITY, WATER_SAT, FORMATION) VALUES ('WELL00000000019-BH2', 1220, 0.1737, 413.0092, 0.737, 'Bengal');
INSERT INTO welldata.PETROPHYSICS (UBHI, SAMPLE_DEPTH_M, POROSITY, PERMEABILITY, WATER_SAT, FORMATION) VALUES ('WELL00000000019-BH2', 1240, 0.2681, 107.6986, 0.4901, 'Sanchore');
INSERT INTO welldata.PETROPHYSICS (UBHI, SAMPLE_DEPTH_M, POROSITY, PERMEABILITY, WATER_SAT, FORMATION) VALUES ('WELL00000000019-BH2', 1260, 0.2379, 59.7307, 0.2708, 'Barmer');
INSERT INTO welldata.PETROPHYSICS (UBHI, SAMPLE_DEPTH_M, POROSITY, PERMEABILITY, WATER_SAT, FORMATION) VALUES ('WELL00000000019-BH2', 1280, 0.1632, 4.6828, 0.2674, 'Sanchore');
INSERT INTO welldata.PETROPHYSICS (UBHI, SAMPLE_DEPTH_M, POROSITY, PERMEABILITY, WATER_SAT, FORMATION) VALUES ('WELL00000000019-BH2', 1300, 0.2707, 147.185, 0.4473, 'Rajahmundry');
INSERT INTO welldata.PETROPHYSICS (UBHI, SAMPLE_DEPTH_M, POROSITY, PERMEABILITY, WATER_SAT, FORMATION) VALUES ('WELL00000000019-BH2', 1320, 0.1298, 89.2979, 0.271, 'Rajahmundry');
INSERT INTO welldata.PETROPHYSICS (UBHI, SAMPLE_DEPTH_M, POROSITY, PERMEABILITY, WATER_SAT, FORMATION) VALUES ('WELL00000000019-BH2', 1340, 0.1883, 337.9861, 0.6466, 'Bengal');
INSERT INTO welldata.PETROPHYSICS (UBHI, SAMPLE_DEPTH_M, POROSITY, PERMEABILITY, WATER_SAT, FORMATION) VALUES ('WELL00000000019-BH2', 1360, 0.1971, 191.6169, 0.1869, 'Barmer');
INSERT INTO welldata.PETROPHYSICS (UBHI, SAMPLE_DEPTH_M, POROSITY, PERMEABILITY, WATER_SAT, FORMATION) VALUES ('WELL00000000019-BH2', 1380, 0.0728, 431.5901, 0.6596, 'Rajahmundry');
INSERT INTO welldata.PETROPHYSICS (UBHI, SAMPLE_DEPTH_M, POROSITY, PERMEABILITY, WATER_SAT, FORMATION) VALUES ('WELL00000000019-BH2', 1400, 0.0809, 1.3707, 0.6212, 'Bengal');
INSERT INTO welldata.PETROPHYSICS (UBHI, SAMPLE_DEPTH_M, POROSITY, PERMEABILITY, WATER_SAT, FORMATION) VALUES ('WELL00000000019-BH2', 1420, 0.1154, 160.9027, 0.563, 'Bengal');
INSERT INTO welldata.PETROPHYSICS (UBHI, SAMPLE_DEPTH_M, POROSITY, PERMEABILITY, WATER_SAT, FORMATION) VALUES ('WELL00000000019-BH2', 1440, 0.1595, 443.7921, 0.7238, 'Bengal');
INSERT INTO welldata.PETROPHYSICS (UBHI, SAMPLE_DEPTH_M, POROSITY, PERMEABILITY, WATER_SAT, FORMATION) VALUES ('WELL00000000019-BH2', 1460, 0.0853, 163.9213, 0.5256, 'Rajahmundry');
INSERT INTO welldata.PETROPHYSICS (UBHI, SAMPLE_DEPTH_M, POROSITY, PERMEABILITY, WATER_SAT, FORMATION) VALUES ('WELL00000000019-BH2', 1480, 0.0463, 421.506, 0.2525, 'Barmer');
INSERT INTO welldata.PETROPHYSICS (UBHI, SAMPLE_DEPTH_M, POROSITY, PERMEABILITY, WATER_SAT, FORMATION) VALUES ('WELL00000000019-BH2', 1500, 0.2182, 32.7099, 0.3911, 'Barmer');
INSERT INTO welldata.PETROPHYSICS (UBHI, SAMPLE_DEPTH_M, POROSITY, PERMEABILITY, WATER_SAT, FORMATION) VALUES ('WELL00000000019-BH2', 1520, 0.2418, 93.3356, 0.2682, 'Barmer');
INSERT INTO welldata.PETROPHYSICS (UBHI, SAMPLE_DEPTH_M, POROSITY, PERMEABILITY, WATER_SAT, FORMATION) VALUES ('WELL00000000019-BH2', 1540, 0.0444, 73.7053, 0.2857, 'Bengal');
INSERT INTO welldata.PETROPHYSICS (UBHI, SAMPLE_DEPTH_M, POROSITY, PERMEABILITY, WATER_SAT, FORMATION) VALUES ('WELL00000000019-BH2', 1560, 0.1088, 374.9092, 0.7445, 'Bengal');
INSERT INTO welldata.PETROPHYSICS (UBHI, SAMPLE_DEPTH_M, POROSITY, PERMEABILITY, WATER_SAT, FORMATION) VALUES ('WELL00000000019-BH2', 1580, 0.0963, 447.822, 0.1574, 'Sanchore');
INSERT INTO welldata.PETROPHYSICS (UBHI, SAMPLE_DEPTH_M, POROSITY, PERMEABILITY, WATER_SAT, FORMATION) VALUES ('WELL00000000019-BH2', 1600, 0.1014, 211.8369, 0.1517, 'Rajahmundry');
INSERT INTO welldata.PETROPHYSICS (UBHI, SAMPLE_DEPTH_M, POROSITY, PERMEABILITY, WATER_SAT, FORMATION) VALUES ('WELL00000000019-BH2', 1620, 0.2538, 109.4458, 0.2075, 'Sanchore');
INSERT INTO welldata.PETROPHYSICS (UBHI, SAMPLE_DEPTH_M, POROSITY, PERMEABILITY, WATER_SAT, FORMATION) VALUES ('WELL00000000019-BH2', 1640, 0.0654, 118.5544, 0.1769, 'Sanchore');
INSERT INTO welldata.PETROPHYSICS (UBHI, SAMPLE_DEPTH_M, POROSITY, PERMEABILITY, WATER_SAT, FORMATION) VALUES ('WELL00000000019-BH2', 1660, 0.1137, 307.814, 0.3056, 'Bengal');
INSERT INTO welldata.PETROPHYSICS (UBHI, SAMPLE_DEPTH_M, POROSITY, PERMEABILITY, WATER_SAT, FORMATION) VALUES ('WELL00000000019-BH2', 1680, 0.1349, 177.4548, 0.6162, 'Rajahmundry');
INSERT INTO welldata.PETROPHYSICS (UBHI, SAMPLE_DEPTH_M, POROSITY, PERMEABILITY, WATER_SAT, FORMATION) VALUES ('WELL00000000019-BH2', 1700, 0.0917, 45.4979, 0.6945, 'Barmer');
INSERT INTO welldata.PETROPHYSICS (UBHI, SAMPLE_DEPTH_M, POROSITY, PERMEABILITY, WATER_SAT, FORMATION) VALUES ('WELL00000000019-BH2', 1720, 0.1223, 397.0985, 0.6098, 'Bengal');
INSERT INTO welldata.PETROPHYSICS (UBHI, SAMPLE_DEPTH_M, POROSITY, PERMEABILITY, WATER_SAT, FORMATION) VALUES ('WELL00000000019-BH2', 1740, 0.0943, 247.0607, 0.6916, 'Rajahmundry');
INSERT INTO welldata.PETROPHYSICS (UBHI, SAMPLE_DEPTH_M, POROSITY, PERMEABILITY, WATER_SAT, FORMATION) VALUES ('WELL00000000019-BH2', 1760, 0.1091, 314.3756, 0.7096, 'Rajahmundry');
INSERT INTO welldata.PETROPHYSICS (UBHI, SAMPLE_DEPTH_M, POROSITY, PERMEABILITY, WATER_SAT, FORMATION) VALUES ('WELL00000000019-BH2', 1780, 0.2344, 150.4651, 0.6351, 'Barmer');
INSERT INTO welldata.PETROPHYSICS (UBHI, SAMPLE_DEPTH_M, POROSITY, PERMEABILITY, WATER_SAT, FORMATION) VALUES ('WELL00000000019-BH2', 1800, 0.0688, 56.3428, 0.4666, 'Sanchore');
INSERT INTO welldata.PETROPHYSICS (UBHI, SAMPLE_DEPTH_M, POROSITY, PERMEABILITY, WATER_SAT, FORMATION) VALUES ('WELL00000000019-BH2', 1820, 0.2571, 157.2181, 0.624, 'Bengal');
INSERT INTO welldata.PETROPHYSICS (UBHI, SAMPLE_DEPTH_M, POROSITY, PERMEABILITY, WATER_SAT, FORMATION) VALUES ('WELL00000000019-BH2', 1840, 0.1721, 235.764, 0.5221, 'Bengal');
INSERT INTO welldata.PETROPHYSICS (UBHI, SAMPLE_DEPTH_M, POROSITY, PERMEABILITY, WATER_SAT, FORMATION) VALUES ('WELL00000000019-BH2', 1860, 0.2189, 161.4705, 0.7415, 'Bengal');
INSERT INTO welldata.PETROPHYSICS (UBHI, SAMPLE_DEPTH_M, POROSITY, PERMEABILITY, WATER_SAT, FORMATION) VALUES ('WELL00000000019-BH2', 1880, 0.1355, 140.6703, 0.664, 'Sanchore');
INSERT INTO welldata.PETROPHYSICS (UBHI, SAMPLE_DEPTH_M, POROSITY, PERMEABILITY, WATER_SAT, FORMATION) VALUES ('WELL00000000019-BH2', 1900, 0.2659, 19.2411, 0.2182, 'Bengal');
INSERT INTO welldata.PETROPHYSICS (UBHI, SAMPLE_DEPTH_M, POROSITY, PERMEABILITY, WATER_SAT, FORMATION) VALUES ('WELL00000000019-BH2', 1920, 0.1255, 221.7142, 0.5023, 'Bengal');
INSERT INTO welldata.PETROPHYSICS (UBHI, SAMPLE_DEPTH_M, POROSITY, PERMEABILITY, WATER_SAT, FORMATION) VALUES ('WELL00000000019-BH2', 1940, 0.226, 109.5004, 0.529, 'Barmer');
INSERT INTO welldata.PETROPHYSICS (UBHI, SAMPLE_DEPTH_M, POROSITY, PERMEABILITY, WATER_SAT, FORMATION) VALUES ('WELL00000000019-BH2', 1960, 0.0532, 84.445, 0.5236, 'Barmer');
INSERT INTO welldata.PETROPHYSICS (UBHI, SAMPLE_DEPTH_M, POROSITY, PERMEABILITY, WATER_SAT, FORMATION) VALUES ('WELL00000000019-BH2', 1980, 0.0871, 336.6959, 0.726, 'Rajahmundry');
INSERT INTO welldata.PETROPHYSICS (UBHI, SAMPLE_DEPTH_M, POROSITY, PERMEABILITY, WATER_SAT, FORMATION) VALUES ('WELL00000000019-BH2', 2000, 0.0911, 428.8955, 0.5649, 'Rajahmundry');
INSERT INTO welldata.PETROPHYSICS (UBHI, SAMPLE_DEPTH_M, POROSITY, PERMEABILITY, WATER_SAT, FORMATION) VALUES ('WELL00000000019-BH2', 2020, 0.1212, 45.1907, 0.4686, 'Bengal');
INSERT INTO welldata.PETROPHYSICS (UBHI, SAMPLE_DEPTH_M, POROSITY, PERMEABILITY, WATER_SAT, FORMATION) VALUES ('WELL00000000019-BH2', 2040, 0.1739, 86.234, 0.1713, 'Rajahmundry');
INSERT INTO welldata.PETROPHYSICS (UBHI, SAMPLE_DEPTH_M, POROSITY, PERMEABILITY, WATER_SAT, FORMATION) VALUES ('WELL00000000019-BH2', 2060, 0.1511, 164.9669, 0.2557, 'Bengal');
INSERT INTO welldata.PETROPHYSICS (UBHI, SAMPLE_DEPTH_M, POROSITY, PERMEABILITY, WATER_SAT, FORMATION) VALUES ('WELL00000000019-BH2', 2080, 0.1317, 329.3918, 0.5113, 'Rajahmundry');
INSERT INTO welldata.PETROPHYSICS (UBHI, SAMPLE_DEPTH_M, POROSITY, PERMEABILITY, WATER_SAT, FORMATION) VALUES ('WELL00000000019-BH2', 2100, 0.0539, 353.1698, 0.3193, 'Rajahmundry');
INSERT INTO welldata.PETROPHYSICS (UBHI, SAMPLE_DEPTH_M, POROSITY, PERMEABILITY, WATER_SAT, FORMATION) VALUES ('WELL00000000019-BH2', 2120, 0.223, 406.0463, 0.3717, 'Bengal');
INSERT INTO welldata.PETROPHYSICS (UBHI, SAMPLE_DEPTH_M, POROSITY, PERMEABILITY, WATER_SAT, FORMATION) VALUES ('WELL00000000019-BH2', 2140, 0.1291, 355.9887, 0.597, 'Rajahmundry');
INSERT INTO welldata.PETROPHYSICS (UBHI, SAMPLE_DEPTH_M, POROSITY, PERMEABILITY, WATER_SAT, FORMATION) VALUES ('WELL00000000019-BH2', 2160, 0.0835, 367.568, 0.3862, 'Rajahmundry');
INSERT INTO welldata.PETROPHYSICS (UBHI, SAMPLE_DEPTH_M, POROSITY, PERMEABILITY, WATER_SAT, FORMATION) VALUES ('WELL00000000019-BH2', 2180, 0.1138, 129.0145, 0.2323, 'Rajahmundry');
INSERT INTO welldata.PETROPHYSICS (UBHI, SAMPLE_DEPTH_M, POROSITY, PERMEABILITY, WATER_SAT, FORMATION) VALUES ('WELL00000000019-BH2', 2200, 0.2637, 431.2649, 0.6811, 'Barmer');
INSERT INTO welldata.PETROPHYSICS (UBHI, SAMPLE_DEPTH_M, POROSITY, PERMEABILITY, WATER_SAT, FORMATION) VALUES ('WELL00000000019-BH2', 2220, 0.2561, 16.1034, 0.4545, 'Barmer');
INSERT INTO welldata.PETROPHYSICS (UBHI, SAMPLE_DEPTH_M, POROSITY, PERMEABILITY, WATER_SAT, FORMATION) VALUES ('WELL00000000019-BH2', 2240, 0.1206, 322.7643, 0.3733, 'Rajahmundry');
INSERT INTO welldata.PETROPHYSICS (UBHI, SAMPLE_DEPTH_M, POROSITY, PERMEABILITY, WATER_SAT, FORMATION) VALUES ('WELL00000000019-BH2', 2260, 0.2145, 77.6262, 0.6067, 'Bengal');
INSERT INTO welldata.PETROPHYSICS (UBHI, SAMPLE_DEPTH_M, POROSITY, PERMEABILITY, WATER_SAT, FORMATION) VALUES ('WELL00000000019-BH2', 2280, 0.1948, 179.7188, 0.7343, 'Rajahmundry');
INSERT INTO welldata.PETROPHYSICS (UBHI, SAMPLE_DEPTH_M, POROSITY, PERMEABILITY, WATER_SAT, FORMATION) VALUES ('WELL00000000019-BH2', 2300, 0.1595, 1.3472, 0.1747, 'Sanchore');
INSERT INTO welldata.PETROPHYSICS (UBHI, SAMPLE_DEPTH_M, POROSITY, PERMEABILITY, WATER_SAT, FORMATION) VALUES ('WELL00000000019-BH2', 2320, 0.2575, 159.6587, 0.192, 'Bengal');
INSERT INTO welldata.PETROPHYSICS (UBHI, SAMPLE_DEPTH_M, POROSITY, PERMEABILITY, WATER_SAT, FORMATION) VALUES ('WELL00000000019-BH2', 2340, 0.2531, 35.3871, 0.7267, 'Sanchore');
INSERT INTO welldata.PETROPHYSICS (UBHI, SAMPLE_DEPTH_M, POROSITY, PERMEABILITY, WATER_SAT, FORMATION) VALUES ('WELL00000000019-BH2', 2360, 0.1859, 212.7537, 0.4289, 'Rajahmundry');
INSERT INTO welldata.PETROPHYSICS (UBHI, SAMPLE_DEPTH_M, POROSITY, PERMEABILITY, WATER_SAT, FORMATION) VALUES ('WELL00000000019-BH2', 2380, 0.1244, 41.9201, 0.4333, 'Bengal');
INSERT INTO welldata.PETROPHYSICS (UBHI, SAMPLE_DEPTH_M, POROSITY, PERMEABILITY, WATER_SAT, FORMATION) VALUES ('WELL00000000019-BH2', 2400, 0.1365, 356.3963, 0.6655, 'Rajahmundry');
INSERT INTO welldata.PETROPHYSICS (UBHI, SAMPLE_DEPTH_M, POROSITY, PERMEABILITY, WATER_SAT, FORMATION) VALUES ('WELL00000000019-BH2', 2420, 0.1465, 283.4353, 0.5509, 'Barmer');
INSERT INTO welldata.PETROPHYSICS (UBHI, SAMPLE_DEPTH_M, POROSITY, PERMEABILITY, WATER_SAT, FORMATION) VALUES ('WELL00000000019-BH2', 2440, 0.1588, 26.0188, 0.402, 'Sanchore');
INSERT INTO welldata.PETROPHYSICS (UBHI, SAMPLE_DEPTH_M, POROSITY, PERMEABILITY, WATER_SAT, FORMATION) VALUES ('WELL00000000019-BH2', 2460, 0.1781, 215.4231, 0.21, 'Barmer');
INSERT INTO welldata.PETROPHYSICS (UBHI, SAMPLE_DEPTH_M, POROSITY, PERMEABILITY, WATER_SAT, FORMATION) VALUES ('WELL00000000019-BH2', 2480, 0.063, 436.0503, 0.4316, 'Rajahmundry');
INSERT INTO welldata.PETROPHYSICS (UBHI, SAMPLE_DEPTH_M, POROSITY, PERMEABILITY, WATER_SAT, FORMATION) VALUES ('WELL00000000019-BH2', 2500, 0.2796, 206.0482, 0.2274, 'Sanchore');
INSERT INTO welldata.PETROPHYSICS (UBHI, SAMPLE_DEPTH_M, POROSITY, PERMEABILITY, WATER_SAT, FORMATION) VALUES ('WELL00000000019-BH2', 2520, 0.1263, 234.6179, 0.1992, 'Barmer');
INSERT INTO welldata.PETROPHYSICS (UBHI, SAMPLE_DEPTH_M, POROSITY, PERMEABILITY, WATER_SAT, FORMATION) VALUES ('WELL00000000019-BH2', 2540, 0.1585, 439.2183, 0.1675, 'Barmer');
INSERT INTO welldata.PETROPHYSICS (UBHI, SAMPLE_DEPTH_M, POROSITY, PERMEABILITY, WATER_SAT, FORMATION) VALUES ('WELL00000000019-BH2', 2560, 0.0403, 123.013, 0.1732, 'Rajahmundry');
INSERT INTO welldata.PETROPHYSICS (UBHI, SAMPLE_DEPTH_M, POROSITY, PERMEABILITY, WATER_SAT, FORMATION) VALUES ('WELL00000000019-BH2', 2580, 0.2105, 254.9295, 0.2192, 'Bengal');
INSERT INTO welldata.PETROPHYSICS (UBHI, SAMPLE_DEPTH_M, POROSITY, PERMEABILITY, WATER_SAT, FORMATION) VALUES ('WELL00000000019-BH2', 2600, 0.154, 404.771, 0.6894, 'Sanchore');
INSERT INTO welldata.PETROPHYSICS (UBHI, SAMPLE_DEPTH_M, POROSITY, PERMEABILITY, WATER_SAT, FORMATION) VALUES ('WELL00000000019-BH2', 2620, 0.2499, 315.1912, 0.2852, 'Barmer');
INSERT INTO welldata.PETROPHYSICS (UBHI, SAMPLE_DEPTH_M, POROSITY, PERMEABILITY, WATER_SAT, FORMATION) VALUES ('WELL00000000019-BH2', 2640, 0.0752, 437.9721, 0.7136, 'Rajahmundry');
INSERT INTO welldata.PETROPHYSICS (UBHI, SAMPLE_DEPTH_M, POROSITY, PERMEABILITY, WATER_SAT, FORMATION) VALUES ('WELL00000000019-BH2', 2660, 0.1196, 424.7698, 0.6505, 'Rajahmundry');
INSERT INTO welldata.PETROPHYSICS (UBHI, SAMPLE_DEPTH_M, POROSITY, PERMEABILITY, WATER_SAT, FORMATION) VALUES ('WELL00000000019-BH2', 2680, 0.1046, 321.8746, 0.6317, 'Sanchore');
INSERT INTO welldata.PETROPHYSICS (UBHI, SAMPLE_DEPTH_M, POROSITY, PERMEABILITY, WATER_SAT, FORMATION) VALUES ('WELL00000000019-BH2', 2700, 0.184, 231.9347, 0.4744, 'Rajahmundry');
INSERT INTO welldata.PETROPHYSICS (UBHI, SAMPLE_DEPTH_M, POROSITY, PERMEABILITY, WATER_SAT, FORMATION) VALUES ('WELL00000000019-BH2', 2720, 0.1787, 121.5542, 0.2649, 'Sanchore');
INSERT INTO welldata.PETROPHYSICS (UBHI, SAMPLE_DEPTH_M, POROSITY, PERMEABILITY, WATER_SAT, FORMATION) VALUES ('WELL00000000019-BH2', 2740, 0.1558, 360.6451, 0.3988, 'Sanchore');
INSERT INTO welldata.PETROPHYSICS (UBHI, SAMPLE_DEPTH_M, POROSITY, PERMEABILITY, WATER_SAT, FORMATION) VALUES ('WELL00000000019-BH2', 2760, 0.1496, 149.9963, 0.1863, 'Sanchore');
INSERT INTO welldata.PETROPHYSICS (UBHI, SAMPLE_DEPTH_M, POROSITY, PERMEABILITY, WATER_SAT, FORMATION) VALUES ('WELL00000000019-BH2', 2780, 0.278, 428.0702, 0.3673, 'Bengal');
INSERT INTO welldata.PETROPHYSICS (UBHI, SAMPLE_DEPTH_M, POROSITY, PERMEABILITY, WATER_SAT, FORMATION) VALUES ('WELL00000000019-BH2', 2800, 0.1216, 151.0636, 0.7302, 'Bengal');
INSERT INTO welldata.PETROPHYSICS (UBHI, SAMPLE_DEPTH_M, POROSITY, PERMEABILITY, WATER_SAT, FORMATION) VALUES ('WELL00000000019-BH2', 2820, 0.1341, 90.9387, 0.4006, 'Barmer');
INSERT INTO welldata.PETROPHYSICS (UBHI, SAMPLE_DEPTH_M, POROSITY, PERMEABILITY, WATER_SAT, FORMATION) VALUES ('WELL00000000019-BH2', 2840, 0.1422, 189.8797, 0.3433, 'Bengal');
INSERT INTO welldata.PETROPHYSICS (UBHI, SAMPLE_DEPTH_M, POROSITY, PERMEABILITY, WATER_SAT, FORMATION) VALUES ('WELL00000000019-BH2', 2860, 0.0622, 182.9858, 0.5312, 'Barmer');
INSERT INTO welldata.PETROPHYSICS (UBHI, SAMPLE_DEPTH_M, POROSITY, PERMEABILITY, WATER_SAT, FORMATION) VALUES ('WELL00000000019-BH2', 2880, 0.0633, 393.7144, 0.702, 'Sanchore');
INSERT INTO welldata.PETROPHYSICS (UBHI, SAMPLE_DEPTH_M, POROSITY, PERMEABILITY, WATER_SAT, FORMATION) VALUES ('WELL00000000019-BH2', 2900, 0.2689, 41.7434, 0.4588, 'Sanchore');
INSERT INTO welldata.PETROPHYSICS (UBHI, SAMPLE_DEPTH_M, POROSITY, PERMEABILITY, WATER_SAT, FORMATION) VALUES ('WELL00000000019-BH2', 2920, 0.1666, 134.0518, 0.1636, 'Barmer');
INSERT INTO welldata.PETROPHYSICS (UBHI, SAMPLE_DEPTH_M, POROSITY, PERMEABILITY, WATER_SAT, FORMATION) VALUES ('WELL00000000019-BH2', 2940, 0.1953, 429.8067, 0.4601, 'Sanchore');
INSERT INTO welldata.PETROPHYSICS (UBHI, SAMPLE_DEPTH_M, POROSITY, PERMEABILITY, WATER_SAT, FORMATION) VALUES ('WELL00000000019-BH2', 2960, 0.0976, 133.1522, 0.6012, 'Sanchore');
INSERT INTO welldata.PETROPHYSICS (UBHI, SAMPLE_DEPTH_M, POROSITY, PERMEABILITY, WATER_SAT, FORMATION) VALUES ('WELL00000000019-BH2', 2980, 0.1144, 441.4617, 0.4611, 'Barmer');
INSERT INTO welldata.PETROPHYSICS (UBHI, SAMPLE_DEPTH_M, POROSITY, PERMEABILITY, WATER_SAT, FORMATION) VALUES ('WELL00000000019-BH2', 3000, 0.0561, 134.9893, 0.5311, 'Rajahmundry');
INSERT INTO welldata.PRODUCTION (UWI, PROD_DATE, OIL_BBL, GAS_MCF, WATER_BBL, HOURS_ON) VALUES ('WELL00000000019', TO_DATE('2015-01-01','YYYY-MM-DD'), 2795.74, 10219.78, 1445.48, 133.22);
INSERT INTO welldata.PRODUCTION (UWI, PROD_DATE, OIL_BBL, GAS_MCF, WATER_BBL, HOURS_ON) VALUES ('WELL00000000019', TO_DATE('2015-02-01','YYYY-MM-DD'), 1259.76, 3977.71, 191.83, 237.57);
INSERT INTO welldata.PRODUCTION (UWI, PROD_DATE, OIL_BBL, GAS_MCF, WATER_BBL, HOURS_ON) VALUES ('WELL00000000019', TO_DATE('2015-03-01','YYYY-MM-DD'), 2902.39, 914.69, 326.48, 246.34);
INSERT INTO welldata.PRODUCTION (UWI, PROD_DATE, OIL_BBL, GAS_MCF, WATER_BBL, HOURS_ON) VALUES ('WELL00000000019', TO_DATE('2015-04-01','YYYY-MM-DD'), 2438.05, 10099.77, 1267.3, 510.9);
INSERT INTO welldata.PRODUCTION (UWI, PROD_DATE, OIL_BBL, GAS_MCF, WATER_BBL, HOURS_ON) VALUES ('WELL00000000019', TO_DATE('2015-05-01','YYYY-MM-DD'), 903.63, 12622.44, 1073.53, 529.72);
INSERT INTO welldata.PRODUCTION (UWI, PROD_DATE, OIL_BBL, GAS_MCF, WATER_BBL, HOURS_ON) VALUES ('WELL00000000019', TO_DATE('2015-06-01','YYYY-MM-DD'), 2380.44, 13044.64, 1017.32, 220.6);
INSERT INTO welldata.PRODUCTION (UWI, PROD_DATE, OIL_BBL, GAS_MCF, WATER_BBL, HOURS_ON) VALUES ('WELL00000000019', TO_DATE('2015-07-01','YYYY-MM-DD'), 2627.24, 7350.09, 1409.65, 161.78);
INSERT INTO welldata.PRODUCTION (UWI, PROD_DATE, OIL_BBL, GAS_MCF, WATER_BBL, HOURS_ON) VALUES ('WELL00000000019', TO_DATE('2015-08-01','YYYY-MM-DD'), 2601.54, 8313.16, 1427.07, 551.84);
INSERT INTO welldata.PRODUCTION (UWI, PROD_DATE, OIL_BBL, GAS_MCF, WATER_BBL, HOURS_ON) VALUES ('WELL00000000019', TO_DATE('2015-09-01','YYYY-MM-DD'), 976.63, 136.84, 1127.32, 197.6);
INSERT INTO welldata.PRODUCTION (UWI, PROD_DATE, OIL_BBL, GAS_MCF, WATER_BBL, HOURS_ON) VALUES ('WELL00000000019', TO_DATE('2015-10-01','YYYY-MM-DD'), 922.29, 12789.4, 434.41, 668.91);
INSERT INTO welldata.PRODUCTION (UWI, PROD_DATE, OIL_BBL, GAS_MCF, WATER_BBL, HOURS_ON) VALUES ('WELL00000000019', TO_DATE('2015-11-01','YYYY-MM-DD'), 2702.17, 309.32, 1414.93, 414.66);
INSERT INTO welldata.PRODUCTION (UWI, PROD_DATE, OIL_BBL, GAS_MCF, WATER_BBL, HOURS_ON) VALUES ('WELL00000000019', TO_DATE('2015-12-01','YYYY-MM-DD'), 1632.39, 8070.15, 411.03, 146.61);
INSERT INTO welldata.PRODUCTION (UWI, PROD_DATE, OIL_BBL, GAS_MCF, WATER_BBL, HOURS_ON) VALUES ('WELL00000000019', TO_DATE('2016-01-01','YYYY-MM-DD'), 1583.28, 11872.41, 605.89, 680.94);
INSERT INTO welldata.PRODUCTION (UWI, PROD_DATE, OIL_BBL, GAS_MCF, WATER_BBL, HOURS_ON) VALUES ('WELL00000000019', TO_DATE('2016-02-01','YYYY-MM-DD'), 1679.44, 4713.27, 570.26, 442.11);
INSERT INTO welldata.PRODUCTION (UWI, PROD_DATE, OIL_BBL, GAS_MCF, WATER_BBL, HOURS_ON) VALUES ('WELL00000000019', TO_DATE('2016-03-01','YYYY-MM-DD'), 1183.89, 5215.34, 843.76, 613.44);
INSERT INTO welldata.PRODUCTION (UWI, PROD_DATE, OIL_BBL, GAS_MCF, WATER_BBL, HOURS_ON) VALUES ('WELL00000000019', TO_DATE('2016-04-01','YYYY-MM-DD'), 735.66, 8438.43, 1388.73, 600.0);
INSERT INTO welldata.PRODUCTION (UWI, PROD_DATE, OIL_BBL, GAS_MCF, WATER_BBL, HOURS_ON) VALUES ('WELL00000000019', TO_DATE('2016-05-01','YYYY-MM-DD'), 1440.33, 4373.94, 740.12, 159.63);
INSERT INTO welldata.PRODUCTION (UWI, PROD_DATE, OIL_BBL, GAS_MCF, WATER_BBL, HOURS_ON) VALUES ('WELL00000000019', TO_DATE('2016-06-01','YYYY-MM-DD'), 1914.14, 331.46, 585.14, 291.33);
INSERT INTO welldata.PRODUCTION (UWI, PROD_DATE, OIL_BBL, GAS_MCF, WATER_BBL, HOURS_ON) VALUES ('WELL00000000019', TO_DATE('2016-07-01','YYYY-MM-DD'), 231.75, 4799.16, 930.39, 184.01);
INSERT INTO welldata.PRODUCTION (UWI, PROD_DATE, OIL_BBL, GAS_MCF, WATER_BBL, HOURS_ON) VALUES ('WELL00000000019', TO_DATE('2016-08-01','YYYY-MM-DD'), 512.86, 13297.95, 258.01, 357.63);
INSERT INTO welldata.PRODUCTION (UWI, PROD_DATE, OIL_BBL, GAS_MCF, WATER_BBL, HOURS_ON) VALUES ('WELL00000000019', TO_DATE('2016-09-01','YYYY-MM-DD'), 2301.09, 11408.02, 290.6, 345.49);
INSERT INTO welldata.PRODUCTION (UWI, PROD_DATE, OIL_BBL, GAS_MCF, WATER_BBL, HOURS_ON) VALUES ('WELL00000000019', TO_DATE('2016-10-01','YYYY-MM-DD'), 1561.88, 7666.56, 1204.43, 206.53);
INSERT INTO welldata.PRODUCTION (UWI, PROD_DATE, OIL_BBL, GAS_MCF, WATER_BBL, HOURS_ON) VALUES ('WELL00000000019', TO_DATE('2016-11-01','YYYY-MM-DD'), 2568.29, 12178.49, 996.24, 546.3);
INSERT INTO welldata.PRODUCTION (UWI, PROD_DATE, OIL_BBL, GAS_MCF, WATER_BBL, HOURS_ON) VALUES ('WELL00000000019', TO_DATE('2016-12-01','YYYY-MM-DD'), 1455.24, 10912.45, 123.69, 611.03);
INSERT INTO welldata.PRODUCTION (UWI, PROD_DATE, OIL_BBL, GAS_MCF, WATER_BBL, HOURS_ON) VALUES ('WELL00000000019', TO_DATE('2017-01-01','YYYY-MM-DD'), 2273.27, 14677.16, 568.94, 188.41);
INSERT INTO welldata.PRODUCTION (UWI, PROD_DATE, OIL_BBL, GAS_MCF, WATER_BBL, HOURS_ON) VALUES ('WELL00000000019', TO_DATE('2017-02-01','YYYY-MM-DD'), 921.25, 13473.51, 669.58, 155.4);
INSERT INTO welldata.PRODUCTION (UWI, PROD_DATE, OIL_BBL, GAS_MCF, WATER_BBL, HOURS_ON) VALUES ('WELL00000000019', TO_DATE('2017-03-01','YYYY-MM-DD'), 487.47, 10309.12, 340.03, 472.46);
INSERT INTO welldata.PRODUCTION (UWI, PROD_DATE, OIL_BBL, GAS_MCF, WATER_BBL, HOURS_ON) VALUES ('WELL00000000019', TO_DATE('2017-04-01','YYYY-MM-DD'), 1821.85, 4602.49, 1351.11, 166.49);
INSERT INTO welldata.PRODUCTION (UWI, PROD_DATE, OIL_BBL, GAS_MCF, WATER_BBL, HOURS_ON) VALUES ('WELL00000000019', TO_DATE('2017-05-01','YYYY-MM-DD'), 2624.73, 7718.83, 823.42, 477.84);
INSERT INTO welldata.PRODUCTION (UWI, PROD_DATE, OIL_BBL, GAS_MCF, WATER_BBL, HOURS_ON) VALUES ('WELL00000000019', TO_DATE('2017-06-01','YYYY-MM-DD'), 2525.17, 7918.09, 1088.22, 390.49);
INSERT INTO welldata.PRODUCTION (UWI, PROD_DATE, OIL_BBL, GAS_MCF, WATER_BBL, HOURS_ON) VALUES ('WELL00000000019', TO_DATE('2017-07-01','YYYY-MM-DD'), 1757.76, 8185.54, 1464.64, 713.52);
INSERT INTO welldata.PRODUCTION (UWI, PROD_DATE, OIL_BBL, GAS_MCF, WATER_BBL, HOURS_ON) VALUES ('WELL00000000019', TO_DATE('2017-08-01','YYYY-MM-DD'), 1874.59, 384.02, 655.79, 216.49);
INSERT INTO welldata.PRODUCTION (UWI, PROD_DATE, OIL_BBL, GAS_MCF, WATER_BBL, HOURS_ON) VALUES ('WELL00000000019', TO_DATE('2017-09-01','YYYY-MM-DD'), 176.05, 486.42, 845.44, 599.58);
INSERT INTO welldata.PRODUCTION (UWI, PROD_DATE, OIL_BBL, GAS_MCF, WATER_BBL, HOURS_ON) VALUES ('WELL00000000019', TO_DATE('2017-10-01','YYYY-MM-DD'), 2400.77, 14998.09, 220.09, 239.32);
INSERT INTO welldata.PRODUCTION (UWI, PROD_DATE, OIL_BBL, GAS_MCF, WATER_BBL, HOURS_ON) VALUES ('WELL00000000019', TO_DATE('2017-11-01','YYYY-MM-DD'), 2012.7, 5276.32, 354.86, 490.24);
INSERT INTO welldata.PRODUCTION (UWI, PROD_DATE, OIL_BBL, GAS_MCF, WATER_BBL, HOURS_ON) VALUES ('WELL00000000019', TO_DATE('2017-12-01','YYYY-MM-DD'), 510.28, 9083.29, 707.28, 586.26);
INSERT INTO welldata.PRODUCTION (UWI, PROD_DATE, OIL_BBL, GAS_MCF, WATER_BBL, HOURS_ON) VALUES ('WELL00000000019', TO_DATE('2018-01-01','YYYY-MM-DD'), 814.74, 12579.88, 1002.98, 654.79);
INSERT INTO welldata.PRODUCTION (UWI, PROD_DATE, OIL_BBL, GAS_MCF, WATER_BBL, HOURS_ON) VALUES ('WELL00000000019', TO_DATE('2018-02-01','YYYY-MM-DD'), 2130.39, 5858.68, 316.16, 240.55);
INSERT INTO welldata.PRODUCTION (UWI, PROD_DATE, OIL_BBL, GAS_MCF, WATER_BBL, HOURS_ON) VALUES ('WELL00000000019', TO_DATE('2018-03-01','YYYY-MM-DD'), 2432.34, 2464.73, 1085.76, 672.14);
INSERT INTO welldata.PRODUCTION (UWI, PROD_DATE, OIL_BBL, GAS_MCF, WATER_BBL, HOURS_ON) VALUES ('WELL00000000019', TO_DATE('2018-04-01','YYYY-MM-DD'), 2267.12, 6737.41, 852.31, 576.39);
INSERT INTO welldata.PRODUCTION (UWI, PROD_DATE, OIL_BBL, GAS_MCF, WATER_BBL, HOURS_ON) VALUES ('WELL00000000019', TO_DATE('2018-05-01','YYYY-MM-DD'), 2484.31, 7872.0, 608.9, 250.67);
INSERT INTO welldata.PRODUCTION (UWI, PROD_DATE, OIL_BBL, GAS_MCF, WATER_BBL, HOURS_ON) VALUES ('WELL00000000019', TO_DATE('2018-06-01','YYYY-MM-DD'), 1176.17, 377.88, 442.82, 568.36);
INSERT INTO welldata.PRODUCTION (UWI, PROD_DATE, OIL_BBL, GAS_MCF, WATER_BBL, HOURS_ON) VALUES ('WELL00000000019', TO_DATE('2018-07-01','YYYY-MM-DD'), 667.02, 10414.1, 558.14, 589.72);
INSERT INTO welldata.PRODUCTION (UWI, PROD_DATE, OIL_BBL, GAS_MCF, WATER_BBL, HOURS_ON) VALUES ('WELL00000000019', TO_DATE('2018-08-01','YYYY-MM-DD'), 2996.5, 3056.98, 219.26, 569.98);
INSERT INTO welldata.PRODUCTION (UWI, PROD_DATE, OIL_BBL, GAS_MCF, WATER_BBL, HOURS_ON) VALUES ('WELL00000000019', TO_DATE('2018-09-01','YYYY-MM-DD'), 1199.17, 5955.82, 1413.4, 220.61);
INSERT INTO welldata.PRODUCTION (UWI, PROD_DATE, OIL_BBL, GAS_MCF, WATER_BBL, HOURS_ON) VALUES ('WELL00000000019', TO_DATE('2018-10-01','YYYY-MM-DD'), 2098.1, 8230.51, 906.97, 166.5);
INSERT INTO welldata.PRODUCTION (UWI, PROD_DATE, OIL_BBL, GAS_MCF, WATER_BBL, HOURS_ON) VALUES ('WELL00000000019', TO_DATE('2018-11-01','YYYY-MM-DD'), 1376.26, 7904.96, 568.33, 681.35);
INSERT INTO welldata.PRODUCTION (UWI, PROD_DATE, OIL_BBL, GAS_MCF, WATER_BBL, HOURS_ON) VALUES ('WELL00000000019', TO_DATE('2018-12-01','YYYY-MM-DD'), 2088.06, 9200.89, 1311.47, 296.29);
INSERT INTO welldata.PRODUCTION (UWI, PROD_DATE, OIL_BBL, GAS_MCF, WATER_BBL, HOURS_ON) VALUES ('WELL00000000019', TO_DATE('2019-01-01','YYYY-MM-DD'), 2613.45, 3542.81, 167.74, 475.85);
INSERT INTO welldata.PRODUCTION (UWI, PROD_DATE, OIL_BBL, GAS_MCF, WATER_BBL, HOURS_ON) VALUES ('WELL00000000019', TO_DATE('2019-02-01','YYYY-MM-DD'), 1786.59, 12984.13, 1402.81, 553.1);
INSERT INTO welldata.PRODUCTION (UWI, PROD_DATE, OIL_BBL, GAS_MCF, WATER_BBL, HOURS_ON) VALUES ('WELL00000000019', TO_DATE('2019-03-01','YYYY-MM-DD'), 1623.78, 6556.53, 1043.49, 483.27);
INSERT INTO welldata.PRODUCTION (UWI, PROD_DATE, OIL_BBL, GAS_MCF, WATER_BBL, HOURS_ON) VALUES ('WELL00000000019', TO_DATE('2019-04-01','YYYY-MM-DD'), 314.73, 13918.2, 1463.89, 683.02);
INSERT INTO welldata.PRODUCTION (UWI, PROD_DATE, OIL_BBL, GAS_MCF, WATER_BBL, HOURS_ON) VALUES ('WELL00000000019', TO_DATE('2019-05-01','YYYY-MM-DD'), 1687.06, 5910.31, 1143.99, 654.35);
INSERT INTO welldata.PRODUCTION (UWI, PROD_DATE, OIL_BBL, GAS_MCF, WATER_BBL, HOURS_ON) VALUES ('WELL00000000019', TO_DATE('2019-06-01','YYYY-MM-DD'), 1700.45, 10015.95, 93.51, 714.66);
INSERT INTO welldata.PRODUCTION (UWI, PROD_DATE, OIL_BBL, GAS_MCF, WATER_BBL, HOURS_ON) VALUES ('WELL00000000019', TO_DATE('2019-07-01','YYYY-MM-DD'), 869.27, 2475.54, 437.52, 230.85);
INSERT INTO welldata.PRODUCTION (UWI, PROD_DATE, OIL_BBL, GAS_MCF, WATER_BBL, HOURS_ON) VALUES ('WELL00000000019', TO_DATE('2019-08-01','YYYY-MM-DD'), 2949.03, 11917.94, 504.79, 674.89);
INSERT INTO welldata.PRODUCTION (UWI, PROD_DATE, OIL_BBL, GAS_MCF, WATER_BBL, HOURS_ON) VALUES ('WELL00000000019', TO_DATE('2019-09-01','YYYY-MM-DD'), 983.37, 8760.69, 977.53, 658.42);
INSERT INTO welldata.PRODUCTION (UWI, PROD_DATE, OIL_BBL, GAS_MCF, WATER_BBL, HOURS_ON) VALUES ('WELL00000000019', TO_DATE('2019-10-01','YYYY-MM-DD'), 2117.61, 14957.01, 1383.43, 223.05);
INSERT INTO welldata.PRODUCTION (UWI, PROD_DATE, OIL_BBL, GAS_MCF, WATER_BBL, HOURS_ON) VALUES ('WELL00000000019', TO_DATE('2019-11-01','YYYY-MM-DD'), 2053.91, 9338.9, 26.78, 215.39);
INSERT INTO welldata.PRODUCTION (UWI, PROD_DATE, OIL_BBL, GAS_MCF, WATER_BBL, HOURS_ON) VALUES ('WELL00000000019', TO_DATE('2019-12-01','YYYY-MM-DD'), 2436.25, 8307.22, 753.3, 694.14);
INSERT INTO welldata.PRODUCTION (UWI, PROD_DATE, OIL_BBL, GAS_MCF, WATER_BBL, HOURS_ON) VALUES ('WELL00000000019', TO_DATE('2020-01-01','YYYY-MM-DD'), 2050.94, 1941.73, 496.12, 316.18);
INSERT INTO welldata.PRODUCTION (UWI, PROD_DATE, OIL_BBL, GAS_MCF, WATER_BBL, HOURS_ON) VALUES ('WELL00000000019', TO_DATE('2020-02-01','YYYY-MM-DD'), 780.28, 9200.67, 659.26, 162.93);
INSERT INTO welldata.PRODUCTION (UWI, PROD_DATE, OIL_BBL, GAS_MCF, WATER_BBL, HOURS_ON) VALUES ('WELL00000000019', TO_DATE('2020-03-01','YYYY-MM-DD'), 125.11, 1986.12, 251.98, 220.65);
INSERT INTO welldata.PRODUCTION (UWI, PROD_DATE, OIL_BBL, GAS_MCF, WATER_BBL, HOURS_ON) VALUES ('WELL00000000019', TO_DATE('2020-04-01','YYYY-MM-DD'), 257.24, 7848.4, 1182.06, 679.25);
INSERT INTO welldata.PRODUCTION (UWI, PROD_DATE, OIL_BBL, GAS_MCF, WATER_BBL, HOURS_ON) VALUES ('WELL00000000019', TO_DATE('2020-05-01','YYYY-MM-DD'), 882.56, 4154.11, 369.61, 608.23);
INSERT INTO welldata.PRODUCTION (UWI, PROD_DATE, OIL_BBL, GAS_MCF, WATER_BBL, HOURS_ON) VALUES ('WELL00000000019', TO_DATE('2020-06-01','YYYY-MM-DD'), 2915.8, 8035.2, 117.56, 160.0);
INSERT INTO welldata.PRODUCTION (UWI, PROD_DATE, OIL_BBL, GAS_MCF, WATER_BBL, HOURS_ON) VALUES ('WELL00000000019', TO_DATE('2020-07-01','YYYY-MM-DD'), 779.5, 4102.44, 978.9, 359.64);
INSERT INTO welldata.PRODUCTION (UWI, PROD_DATE, OIL_BBL, GAS_MCF, WATER_BBL, HOURS_ON) VALUES ('WELL00000000019', TO_DATE('2020-08-01','YYYY-MM-DD'), 1260.93, 2102.82, 1378.53, 414.46);
INSERT INTO welldata.PRODUCTION (UWI, PROD_DATE, OIL_BBL, GAS_MCF, WATER_BBL, HOURS_ON) VALUES ('WELL00000000019', TO_DATE('2020-09-01','YYYY-MM-DD'), 411.79, 4452.28, 510.45, 395.04);
INSERT INTO welldata.PRODUCTION (UWI, PROD_DATE, OIL_BBL, GAS_MCF, WATER_BBL, HOURS_ON) VALUES ('WELL00000000019', TO_DATE('2020-10-01','YYYY-MM-DD'), 2448.64, 7919.48, 247.06, 547.87);
INSERT INTO welldata.PRODUCTION (UWI, PROD_DATE, OIL_BBL, GAS_MCF, WATER_BBL, HOURS_ON) VALUES ('WELL00000000019', TO_DATE('2020-11-01','YYYY-MM-DD'), 2762.48, 7438.32, 83.35, 253.95);
INSERT INTO welldata.PRODUCTION (UWI, PROD_DATE, OIL_BBL, GAS_MCF, WATER_BBL, HOURS_ON) VALUES ('WELL00000000019', TO_DATE('2020-12-01','YYYY-MM-DD'), 2681.32, 2782.03, 1408.75, 605.88);
INSERT INTO welldata.PRODUCTION (UWI, PROD_DATE, OIL_BBL, GAS_MCF, WATER_BBL, HOURS_ON) VALUES ('WELL00000000019', TO_DATE('2021-01-01','YYYY-MM-DD'), 214.36, 9178.33, 144.17, 162.43);
INSERT INTO welldata.PRODUCTION (UWI, PROD_DATE, OIL_BBL, GAS_MCF, WATER_BBL, HOURS_ON) VALUES ('WELL00000000019', TO_DATE('2021-02-01','YYYY-MM-DD'), 819.7, 14211.5, 256.68, 313.92);
INSERT INTO welldata.PRODUCTION (UWI, PROD_DATE, OIL_BBL, GAS_MCF, WATER_BBL, HOURS_ON) VALUES ('WELL00000000019', TO_DATE('2021-03-01','YYYY-MM-DD'), 1093.18, 10355.83, 1217.26, 660.97);
INSERT INTO welldata.PRODUCTION (UWI, PROD_DATE, OIL_BBL, GAS_MCF, WATER_BBL, HOURS_ON) VALUES ('WELL00000000019', TO_DATE('2021-04-01','YYYY-MM-DD'), 1170.14, 12662.81, 559.46, 515.64);
INSERT INTO welldata.PRODUCTION (UWI, PROD_DATE, OIL_BBL, GAS_MCF, WATER_BBL, HOURS_ON) VALUES ('WELL00000000019', TO_DATE('2021-05-01','YYYY-MM-DD'), 608.77, 384.3, 949.21, 183.03);
INSERT INTO welldata.PRODUCTION (UWI, PROD_DATE, OIL_BBL, GAS_MCF, WATER_BBL, HOURS_ON) VALUES ('WELL00000000019', TO_DATE('2021-06-01','YYYY-MM-DD'), 995.83, 9013.9, 379.44, 567.41);
INSERT INTO welldata.PRODUCTION (UWI, PROD_DATE, OIL_BBL, GAS_MCF, WATER_BBL, HOURS_ON) VALUES ('WELL00000000019', TO_DATE('2021-07-01','YYYY-MM-DD'), 2025.54, 7642.26, 807.62, 309.61);
INSERT INTO welldata.PRODUCTION (UWI, PROD_DATE, OIL_BBL, GAS_MCF, WATER_BBL, HOURS_ON) VALUES ('WELL00000000019', TO_DATE('2021-08-01','YYYY-MM-DD'), 897.77, 9459.29, 76.35, 531.99);
INSERT INTO welldata.PRODUCTION (UWI, PROD_DATE, OIL_BBL, GAS_MCF, WATER_BBL, HOURS_ON) VALUES ('WELL00000000019', TO_DATE('2021-09-01','YYYY-MM-DD'), 1269.29, 4278.33, 724.4, 483.11);
INSERT INTO welldata.PRODUCTION (UWI, PROD_DATE, OIL_BBL, GAS_MCF, WATER_BBL, HOURS_ON) VALUES ('WELL00000000019', TO_DATE('2021-10-01','YYYY-MM-DD'), 190.48, 2846.28, 1294.4, 128.21);
INSERT INTO welldata.PRODUCTION (UWI, PROD_DATE, OIL_BBL, GAS_MCF, WATER_BBL, HOURS_ON) VALUES ('WELL00000000019', TO_DATE('2021-11-01','YYYY-MM-DD'), 1310.26, 12404.86, 1409.86, 316.41);
INSERT INTO welldata.PRODUCTION (UWI, PROD_DATE, OIL_BBL, GAS_MCF, WATER_BBL, HOURS_ON) VALUES ('WELL00000000019', TO_DATE('2021-12-01','YYYY-MM-DD'), 2634.73, 7306.22, 1012.94, 167.46);
INSERT INTO welldata.PRODUCTION (UWI, PROD_DATE, OIL_BBL, GAS_MCF, WATER_BBL, HOURS_ON) VALUES ('WELL00000000019', TO_DATE('2022-01-01','YYYY-MM-DD'), 2562.5, 10828.29, 1124.63, 290.7);
INSERT INTO welldata.PRODUCTION (UWI, PROD_DATE, OIL_BBL, GAS_MCF, WATER_BBL, HOURS_ON) VALUES ('WELL00000000019', TO_DATE('2022-02-01','YYYY-MM-DD'), 1837.8, 7432.67, 300.68, 401.56);
INSERT INTO welldata.PRODUCTION (UWI, PROD_DATE, OIL_BBL, GAS_MCF, WATER_BBL, HOURS_ON) VALUES ('WELL00000000019', TO_DATE('2022-03-01','YYYY-MM-DD'), 706.9, 8855.71, 266.6, 192.85);
INSERT INTO welldata.PRODUCTION (UWI, PROD_DATE, OIL_BBL, GAS_MCF, WATER_BBL, HOURS_ON) VALUES ('WELL00000000019', TO_DATE('2022-04-01','YYYY-MM-DD'), 742.16, 4490.57, 995.44, 397.79);
INSERT INTO welldata.PRODUCTION (UWI, PROD_DATE, OIL_BBL, GAS_MCF, WATER_BBL, HOURS_ON) VALUES ('WELL00000000019', TO_DATE('2022-05-01','YYYY-MM-DD'), 166.62, 7779.38, 1351.68, 437.99);
INSERT INTO welldata.PRODUCTION (UWI, PROD_DATE, OIL_BBL, GAS_MCF, WATER_BBL, HOURS_ON) VALUES ('WELL00000000019', TO_DATE('2022-06-01','YYYY-MM-DD'), 76.06, 4856.88, 712.05, 332.46);
INSERT INTO welldata.PRODUCTION (UWI, PROD_DATE, OIL_BBL, GAS_MCF, WATER_BBL, HOURS_ON) VALUES ('WELL00000000019', TO_DATE('2022-07-01','YYYY-MM-DD'), 2515.9, 11461.89, 423.48, 572.04);
INSERT INTO welldata.PRODUCTION (UWI, PROD_DATE, OIL_BBL, GAS_MCF, WATER_BBL, HOURS_ON) VALUES ('WELL00000000019', TO_DATE('2022-08-01','YYYY-MM-DD'), 1913.88, 12276.47, 153.04, 170.38);
INSERT INTO welldata.PRODUCTION (UWI, PROD_DATE, OIL_BBL, GAS_MCF, WATER_BBL, HOURS_ON) VALUES ('WELL00000000019', TO_DATE('2022-09-01','YYYY-MM-DD'), 2066.35, 11873.0, 700.98, 406.26);
INSERT INTO welldata.PRODUCTION (UWI, PROD_DATE, OIL_BBL, GAS_MCF, WATER_BBL, HOURS_ON) VALUES ('WELL00000000019', TO_DATE('2022-10-01','YYYY-MM-DD'), 2831.13, 8986.89, 578.96, 489.58);
INSERT INTO welldata.PRODUCTION (UWI, PROD_DATE, OIL_BBL, GAS_MCF, WATER_BBL, HOURS_ON) VALUES ('WELL00000000019', TO_DATE('2022-11-01','YYYY-MM-DD'), 2735.11, 7076.11, 937.68, 138.4);
INSERT INTO welldata.PRODUCTION (UWI, PROD_DATE, OIL_BBL, GAS_MCF, WATER_BBL, HOURS_ON) VALUES ('WELL00000000019', TO_DATE('2022-12-01','YYYY-MM-DD'), 2360.04, 4700.45, 1242.44, 326.86);
INSERT INTO welldata.PRODUCTION (UWI, PROD_DATE, OIL_BBL, GAS_MCF, WATER_BBL, HOURS_ON) VALUES ('WELL00000000019', TO_DATE('2023-01-01','YYYY-MM-DD'), 1700.81, 14374.78, 523.85, 515.88);
INSERT INTO welldata.PRODUCTION (UWI, PROD_DATE, OIL_BBL, GAS_MCF, WATER_BBL, HOURS_ON) VALUES ('WELL00000000019', TO_DATE('2023-02-01','YYYY-MM-DD'), 1205.26, 13346.96, 955.3, 624.82);
INSERT INTO welldata.PRODUCTION (UWI, PROD_DATE, OIL_BBL, GAS_MCF, WATER_BBL, HOURS_ON) VALUES ('WELL00000000019', TO_DATE('2023-03-01','YYYY-MM-DD'), 2746.43, 10797.79, 1187.61, 621.51);
INSERT INTO welldata.PRODUCTION (UWI, PROD_DATE, OIL_BBL, GAS_MCF, WATER_BBL, HOURS_ON) VALUES ('WELL00000000019', TO_DATE('2023-04-01','YYYY-MM-DD'), 2687.56, 6904.58, 61.91, 701.37);
INSERT INTO welldata.PRODUCTION (UWI, PROD_DATE, OIL_BBL, GAS_MCF, WATER_BBL, HOURS_ON) VALUES ('WELL00000000019', TO_DATE('2023-05-01','YYYY-MM-DD'), 1977.58, 11901.31, 218.12, 699.78);
INSERT INTO welldata.PRODUCTION (UWI, PROD_DATE, OIL_BBL, GAS_MCF, WATER_BBL, HOURS_ON) VALUES ('WELL00000000019', TO_DATE('2023-06-01','YYYY-MM-DD'), 1612.98, 7034.94, 1395.7, 167.26);
INSERT INTO welldata.PRODUCTION (UWI, PROD_DATE, OIL_BBL, GAS_MCF, WATER_BBL, HOURS_ON) VALUES ('WELL00000000019', TO_DATE('2023-07-01','YYYY-MM-DD'), 2709.71, 8893.04, 1320.59, 452.52);
INSERT INTO welldata.PRODUCTION (UWI, PROD_DATE, OIL_BBL, GAS_MCF, WATER_BBL, HOURS_ON) VALUES ('WELL00000000019', TO_DATE('2023-08-01','YYYY-MM-DD'), 2113.74, 9739.32, 877.94, 121.62);
INSERT INTO welldata.PRODUCTION (UWI, PROD_DATE, OIL_BBL, GAS_MCF, WATER_BBL, HOURS_ON) VALUES ('WELL00000000019', TO_DATE('2023-09-01','YYYY-MM-DD'), 1944.59, 3712.81, 776.17, 124.5);
INSERT INTO welldata.PRODUCTION (UWI, PROD_DATE, OIL_BBL, GAS_MCF, WATER_BBL, HOURS_ON) VALUES ('WELL00000000019', TO_DATE('2023-10-01','YYYY-MM-DD'), 607.81, 4062.33, 369.27, 313.28);
INSERT INTO welldata.PRODUCTION (UWI, PROD_DATE, OIL_BBL, GAS_MCF, WATER_BBL, HOURS_ON) VALUES ('WELL00000000019', TO_DATE('2023-11-01','YYYY-MM-DD'), 2015.56, 11626.48, 176.1, 529.61);
INSERT INTO welldata.PRODUCTION (UWI, PROD_DATE, OIL_BBL, GAS_MCF, WATER_BBL, HOURS_ON) VALUES ('WELL00000000019', TO_DATE('2023-12-01','YYYY-MM-DD'), 1539.89, 4642.62, 872.67, 324.07);
INSERT INTO welldata.PRODUCTION (UWI, PROD_DATE, OIL_BBL, GAS_MCF, WATER_BBL, HOURS_ON) VALUES ('WELL00000000019', TO_DATE('2024-01-01','YYYY-MM-DD'), 957.49, 11828.6, 1314.58, 435.72);
INSERT INTO welldata.PRODUCTION (UWI, PROD_DATE, OIL_BBL, GAS_MCF, WATER_BBL, HOURS_ON) VALUES ('WELL00000000019', TO_DATE('2024-02-01','YYYY-MM-DD'), 338.77, 647.38, 60.16, 311.21);
INSERT INTO welldata.PRODUCTION (UWI, PROD_DATE, OIL_BBL, GAS_MCF, WATER_BBL, HOURS_ON) VALUES ('WELL00000000019', TO_DATE('2024-03-01','YYYY-MM-DD'), 2804.7, 5948.06, 845.87, 615.72);
INSERT INTO welldata.PRODUCTION (UWI, PROD_DATE, OIL_BBL, GAS_MCF, WATER_BBL, HOURS_ON) VALUES ('WELL00000000019', TO_DATE('2024-04-01','YYYY-MM-DD'), 387.95, 1012.66, 775.79, 326.41);
INSERT INTO welldata.PRODUCTION (UWI, PROD_DATE, OIL_BBL, GAS_MCF, WATER_BBL, HOURS_ON) VALUES ('WELL00000000019', TO_DATE('2024-05-01','YYYY-MM-DD'), 2698.3, 10481.66, 452.43, 548.69);
INSERT INTO welldata.PRODUCTION (UWI, PROD_DATE, OIL_BBL, GAS_MCF, WATER_BBL, HOURS_ON) VALUES ('WELL00000000019', TO_DATE('2024-06-01','YYYY-MM-DD'), 592.5, 5842.99, 431.37, 453.38);
INSERT INTO welldata.PRODUCTION (UWI, PROD_DATE, OIL_BBL, GAS_MCF, WATER_BBL, HOURS_ON) VALUES ('WELL00000000019', TO_DATE('2024-07-01','YYYY-MM-DD'), 2519.78, 12205.95, 1104.48, 130.04);
INSERT INTO welldata.PRODUCTION (UWI, PROD_DATE, OIL_BBL, GAS_MCF, WATER_BBL, HOURS_ON) VALUES ('WELL00000000019', TO_DATE('2024-08-01','YYYY-MM-DD'), 1954.97, 7960.2, 1023.49, 127.2);
INSERT INTO welldata.PRODUCTION (UWI, PROD_DATE, OIL_BBL, GAS_MCF, WATER_BBL, HOURS_ON) VALUES ('WELL00000000019', TO_DATE('2024-09-01','YYYY-MM-DD'), 548.22, 4532.54, 1212.62, 482.14);
INSERT INTO welldata.PRODUCTION (UWI, PROD_DATE, OIL_BBL, GAS_MCF, WATER_BBL, HOURS_ON) VALUES ('WELL00000000019', TO_DATE('2024-10-01','YYYY-MM-DD'), 455.86, 2193.6, 1063.5, 202.4);
INSERT INTO welldata.PRODUCTION (UWI, PROD_DATE, OIL_BBL, GAS_MCF, WATER_BBL, HOURS_ON) VALUES ('WELL00000000019', TO_DATE('2024-11-01','YYYY-MM-DD'), 2904.06, 6646.44, 377.67, 485.1);
INSERT INTO welldata.PRODUCTION (UWI, PROD_DATE, OIL_BBL, GAS_MCF, WATER_BBL, HOURS_ON) VALUES ('WELL00000000019', TO_DATE('2024-12-01','YYYY-MM-DD'), 1675.68, 13902.38, 381.15, 269.43);
INSERT INTO welldata.FORMATION_TOPS (UWI, FORMATION, TOP_DEPTH_M, BASE_DEPTH_M, LITHOLOGY) VALUES ('WELL00000000019', 'Rajahmundry', 660, 984, 'SANDSTONE');
INSERT INTO welldata.FORMATION_TOPS (UWI, FORMATION, TOP_DEPTH_M, BASE_DEPTH_M, LITHOLOGY) VALUES ('WELL00000000019', 'Bengal', 1140, 1293, 'LIMESTONE');
INSERT INTO welldata.FORMATION_TOPS (UWI, FORMATION, TOP_DEPTH_M, BASE_DEPTH_M, LITHOLOGY) VALUES ('WELL00000000019', 'Sanchore', 1184, 1555, 'SHALE');
INSERT INTO welldata.FORMATION_TOPS (UWI, FORMATION, TOP_DEPTH_M, BASE_DEPTH_M, LITHOLOGY) VALUES ('WELL00000000019', 'Barmer', 1114, 1213, 'DOLOMITE');
INSERT INTO welldata.CORE_ANALYSIS (UWI, CORE_RUN, TOP_DEPTH_M, BASE_DEPTH_M, GRAIN_DENSITY, BULK_DENSITY, RECOVERY_PCT) VALUES ('WELL00000000019', 1, 1646, 1683, 2.5303, 1.9225, 65.94);
INSERT INTO welldata.CORE_ANALYSIS (UWI, CORE_RUN, TOP_DEPTH_M, BASE_DEPTH_M, GRAIN_DENSITY, BULK_DENSITY, RECOVERY_PCT) VALUES ('WELL00000000019', 2, 2160, 2213, 2.5024, 2.1587, 93.7);
INSERT INTO welldata.WELL (UWI, WELL_NAME, OPERATOR, COUNTRY, BASIN, FIELD_NAME, SPUD_DATE, COMPLETION_DATE, WELL_TYPE, WELL_STATUS, SURFACE_LAT, SURFACE_LON, TOTAL_DEPTH_M, KB_ELEVATION_M) VALUES ('WELL00000000020', 'RELI-CA-020', 'Reliance', 'India', 'Cambay', 'Cambay Field 2', TO_DATE('2009-04-02','YYYY-MM-DD'), TO_DATE('2010-03-04','YYYY-MM-DD'), 'DEVELOPMENT', 'SUSPENDED', 16.265659, 73.649407, 3071, 110.89);
INSERT INTO welldata.BOREHOLE (UBHI, UWI, BOREHOLE_NAME, BOREHOLE_TYPE, TOP_DEPTH_M, BASE_DEPTH_M) VALUES ('WELL00000000020-BH1', 'WELL00000000020', 'RELI-CA-020-BH1', 'DIRECTIONAL', 646, 1179);
INSERT INTO welldata.PETROPHYSICS (UBHI, SAMPLE_DEPTH_M, POROSITY, PERMEABILITY, WATER_SAT, FORMATION) VALUES ('WELL00000000020-BH1', 1000, 0.1041, 165.5607, 0.5524, 'Barmer');
INSERT INTO welldata.PETROPHYSICS (UBHI, SAMPLE_DEPTH_M, POROSITY, PERMEABILITY, WATER_SAT, FORMATION) VALUES ('WELL00000000020-BH1', 1020, 0.0581, 244.7864, 0.7097, 'Bengal');
INSERT INTO welldata.PETROPHYSICS (UBHI, SAMPLE_DEPTH_M, POROSITY, PERMEABILITY, WATER_SAT, FORMATION) VALUES ('WELL00000000020-BH1', 1040, 0.0767, 279.9752, 0.6404, 'Sanchore');
INSERT INTO welldata.PETROPHYSICS (UBHI, SAMPLE_DEPTH_M, POROSITY, PERMEABILITY, WATER_SAT, FORMATION) VALUES ('WELL00000000020-BH1', 1060, 0.0451, 446.267, 0.7363, 'Rajahmundry');
INSERT INTO welldata.PETROPHYSICS (UBHI, SAMPLE_DEPTH_M, POROSITY, PERMEABILITY, WATER_SAT, FORMATION) VALUES ('WELL00000000020-BH1', 1080, 0.1702, 412.3927, 0.4119, 'Barmer');
INSERT INTO welldata.PETROPHYSICS (UBHI, SAMPLE_DEPTH_M, POROSITY, PERMEABILITY, WATER_SAT, FORMATION) VALUES ('WELL00000000020-BH1', 1100, 0.1339, 23.8714, 0.5625, 'Bengal');
INSERT INTO welldata.PETROPHYSICS (UBHI, SAMPLE_DEPTH_M, POROSITY, PERMEABILITY, WATER_SAT, FORMATION) VALUES ('WELL00000000020-BH1', 1120, 0.2156, 411.6226, 0.1937, 'Sanchore');
INSERT INTO welldata.PETROPHYSICS (UBHI, SAMPLE_DEPTH_M, POROSITY, PERMEABILITY, WATER_SAT, FORMATION) VALUES ('WELL00000000020-BH1', 1140, 0.1504, 149.3196, 0.4275, 'Bengal');
INSERT INTO welldata.PETROPHYSICS (UBHI, SAMPLE_DEPTH_M, POROSITY, PERMEABILITY, WATER_SAT, FORMATION) VALUES ('WELL00000000020-BH1', 1160, 0.2042, 60.3741, 0.366, 'Rajahmundry');
INSERT INTO welldata.PETROPHYSICS (UBHI, SAMPLE_DEPTH_M, POROSITY, PERMEABILITY, WATER_SAT, FORMATION) VALUES ('WELL00000000020-BH1', 1180, 0.1612, 90.5205, 0.7415, 'Bengal');
INSERT INTO welldata.PETROPHYSICS (UBHI, SAMPLE_DEPTH_M, POROSITY, PERMEABILITY, WATER_SAT, FORMATION) VALUES ('WELL00000000020-BH1', 1200, 0.1238, 364.892, 0.5851, 'Rajahmundry');
INSERT INTO welldata.PETROPHYSICS (UBHI, SAMPLE_DEPTH_M, POROSITY, PERMEABILITY, WATER_SAT, FORMATION) VALUES ('WELL00000000020-BH1', 1220, 0.0955, 179.2944, 0.5411, 'Sanchore');
INSERT INTO welldata.PETROPHYSICS (UBHI, SAMPLE_DEPTH_M, POROSITY, PERMEABILITY, WATER_SAT, FORMATION) VALUES ('WELL00000000020-BH1', 1240, 0.1243, 298.3707, 0.4492, 'Sanchore');
INSERT INTO welldata.PETROPHYSICS (UBHI, SAMPLE_DEPTH_M, POROSITY, PERMEABILITY, WATER_SAT, FORMATION) VALUES ('WELL00000000020-BH1', 1260, 0.084, 378.4628, 0.1945, 'Rajahmundry');
INSERT INTO welldata.PETROPHYSICS (UBHI, SAMPLE_DEPTH_M, POROSITY, PERMEABILITY, WATER_SAT, FORMATION) VALUES ('WELL00000000020-BH1', 1280, 0.0913, 262.8437, 0.1924, 'Sanchore');
INSERT INTO welldata.PETROPHYSICS (UBHI, SAMPLE_DEPTH_M, POROSITY, PERMEABILITY, WATER_SAT, FORMATION) VALUES ('WELL00000000020-BH1', 1300, 0.1652, 275.9867, 0.5842, 'Bengal');
INSERT INTO welldata.PETROPHYSICS (UBHI, SAMPLE_DEPTH_M, POROSITY, PERMEABILITY, WATER_SAT, FORMATION) VALUES ('WELL00000000020-BH1', 1320, 0.2077, 253.8335, 0.5725, 'Bengal');
INSERT INTO welldata.PETROPHYSICS (UBHI, SAMPLE_DEPTH_M, POROSITY, PERMEABILITY, WATER_SAT, FORMATION) VALUES ('WELL00000000020-BH1', 1340, 0.1017, 76.8772, 0.2046, 'Barmer');
INSERT INTO welldata.PETROPHYSICS (UBHI, SAMPLE_DEPTH_M, POROSITY, PERMEABILITY, WATER_SAT, FORMATION) VALUES ('WELL00000000020-BH1', 1360, 0.2316, 204.4207, 0.3723, 'Barmer');
INSERT INTO welldata.PETROPHYSICS (UBHI, SAMPLE_DEPTH_M, POROSITY, PERMEABILITY, WATER_SAT, FORMATION) VALUES ('WELL00000000020-BH1', 1380, 0.2147, 180.9546, 0.421, 'Sanchore');
INSERT INTO welldata.PETROPHYSICS (UBHI, SAMPLE_DEPTH_M, POROSITY, PERMEABILITY, WATER_SAT, FORMATION) VALUES ('WELL00000000020-BH1', 1400, 0.1987, 310.3, 0.6881, 'Sanchore');
INSERT INTO welldata.PETROPHYSICS (UBHI, SAMPLE_DEPTH_M, POROSITY, PERMEABILITY, WATER_SAT, FORMATION) VALUES ('WELL00000000020-BH1', 1420, 0.1823, 269.5756, 0.4711, 'Rajahmundry');
INSERT INTO welldata.PETROPHYSICS (UBHI, SAMPLE_DEPTH_M, POROSITY, PERMEABILITY, WATER_SAT, FORMATION) VALUES ('WELL00000000020-BH1', 1440, 0.2684, 56.4551, 0.389, 'Sanchore');
INSERT INTO welldata.PETROPHYSICS (UBHI, SAMPLE_DEPTH_M, POROSITY, PERMEABILITY, WATER_SAT, FORMATION) VALUES ('WELL00000000020-BH1', 1460, 0.0401, 298.3316, 0.5591, 'Rajahmundry');
INSERT INTO welldata.PETROPHYSICS (UBHI, SAMPLE_DEPTH_M, POROSITY, PERMEABILITY, WATER_SAT, FORMATION) VALUES ('WELL00000000020-BH1', 1480, 0.2049, 310.1036, 0.4037, 'Bengal');
INSERT INTO welldata.PETROPHYSICS (UBHI, SAMPLE_DEPTH_M, POROSITY, PERMEABILITY, WATER_SAT, FORMATION) VALUES ('WELL00000000020-BH1', 1500, 0.1579, 267.9093, 0.2786, 'Barmer');
INSERT INTO welldata.PETROPHYSICS (UBHI, SAMPLE_DEPTH_M, POROSITY, PERMEABILITY, WATER_SAT, FORMATION) VALUES ('WELL00000000020-BH1', 1520, 0.2734, 382.3179, 0.5492, 'Sanchore');
INSERT INTO welldata.PETROPHYSICS (UBHI, SAMPLE_DEPTH_M, POROSITY, PERMEABILITY, WATER_SAT, FORMATION) VALUES ('WELL00000000020-BH1', 1540, 0.1156, 141.1785, 0.4443, 'Bengal');
INSERT INTO welldata.PETROPHYSICS (UBHI, SAMPLE_DEPTH_M, POROSITY, PERMEABILITY, WATER_SAT, FORMATION) VALUES ('WELL00000000020-BH1', 1560, 0.0423, 80.0299, 0.3471, 'Barmer');
INSERT INTO welldata.PETROPHYSICS (UBHI, SAMPLE_DEPTH_M, POROSITY, PERMEABILITY, WATER_SAT, FORMATION) VALUES ('WELL00000000020-BH1', 1580, 0.0419, 126.3228, 0.5875, 'Barmer');
INSERT INTO welldata.PETROPHYSICS (UBHI, SAMPLE_DEPTH_M, POROSITY, PERMEABILITY, WATER_SAT, FORMATION) VALUES ('WELL00000000020-BH1', 1600, 0.1973, 6.1929, 0.3798, 'Rajahmundry');
INSERT INTO welldata.PETROPHYSICS (UBHI, SAMPLE_DEPTH_M, POROSITY, PERMEABILITY, WATER_SAT, FORMATION) VALUES ('WELL00000000020-BH1', 1620, 0.1429, 266.556, 0.6893, 'Sanchore');
INSERT INTO welldata.PETROPHYSICS (UBHI, SAMPLE_DEPTH_M, POROSITY, PERMEABILITY, WATER_SAT, FORMATION) VALUES ('WELL00000000020-BH1', 1640, 0.043, 142.4049, 0.4903, 'Bengal');
INSERT INTO welldata.PETROPHYSICS (UBHI, SAMPLE_DEPTH_M, POROSITY, PERMEABILITY, WATER_SAT, FORMATION) VALUES ('WELL00000000020-BH1', 1660, 0.2023, 335.3674, 0.1823, 'Sanchore');
INSERT INTO welldata.PETROPHYSICS (UBHI, SAMPLE_DEPTH_M, POROSITY, PERMEABILITY, WATER_SAT, FORMATION) VALUES ('WELL00000000020-BH1', 1680, 0.0831, 230.2056, 0.6887, 'Barmer');
INSERT INTO welldata.PETROPHYSICS (UBHI, SAMPLE_DEPTH_M, POROSITY, PERMEABILITY, WATER_SAT, FORMATION) VALUES ('WELL00000000020-BH1', 1700, 0.1015, 180.6122, 0.1746, 'Barmer');
INSERT INTO welldata.PETROPHYSICS (UBHI, SAMPLE_DEPTH_M, POROSITY, PERMEABILITY, WATER_SAT, FORMATION) VALUES ('WELL00000000020-BH1', 1720, 0.2779, 336.579, 0.4986, 'Sanchore');
INSERT INTO welldata.PETROPHYSICS (UBHI, SAMPLE_DEPTH_M, POROSITY, PERMEABILITY, WATER_SAT, FORMATION) VALUES ('WELL00000000020-BH1', 1740, 0.1712, 227.1731, 0.5981, 'Barmer');
INSERT INTO welldata.PETROPHYSICS (UBHI, SAMPLE_DEPTH_M, POROSITY, PERMEABILITY, WATER_SAT, FORMATION) VALUES ('WELL00000000020-BH1', 1760, 0.2356, 22.2327, 0.4716, 'Bengal');
INSERT INTO welldata.PETROPHYSICS (UBHI, SAMPLE_DEPTH_M, POROSITY, PERMEABILITY, WATER_SAT, FORMATION) VALUES ('WELL00000000020-BH1', 1780, 0.2067, 8.9683, 0.3036, 'Sanchore');
INSERT INTO welldata.PETROPHYSICS (UBHI, SAMPLE_DEPTH_M, POROSITY, PERMEABILITY, WATER_SAT, FORMATION) VALUES ('WELL00000000020-BH1', 1800, 0.2578, 254.2994, 0.2476, 'Sanchore');
INSERT INTO welldata.PETROPHYSICS (UBHI, SAMPLE_DEPTH_M, POROSITY, PERMEABILITY, WATER_SAT, FORMATION) VALUES ('WELL00000000020-BH1', 1820, 0.1442, 182.3706, 0.6915, 'Barmer');
INSERT INTO welldata.PETROPHYSICS (UBHI, SAMPLE_DEPTH_M, POROSITY, PERMEABILITY, WATER_SAT, FORMATION) VALUES ('WELL00000000020-BH1', 1840, 0.0966, 364.001, 0.3838, 'Rajahmundry');
INSERT INTO welldata.PETROPHYSICS (UBHI, SAMPLE_DEPTH_M, POROSITY, PERMEABILITY, WATER_SAT, FORMATION) VALUES ('WELL00000000020-BH1', 1860, 0.0887, 123.3484, 0.5909, 'Barmer');
INSERT INTO welldata.PETROPHYSICS (UBHI, SAMPLE_DEPTH_M, POROSITY, PERMEABILITY, WATER_SAT, FORMATION) VALUES ('WELL00000000020-BH1', 1880, 0.1743, 255.2409, 0.2448, 'Sanchore');
INSERT INTO welldata.PETROPHYSICS (UBHI, SAMPLE_DEPTH_M, POROSITY, PERMEABILITY, WATER_SAT, FORMATION) VALUES ('WELL00000000020-BH1', 1900, 0.2237, 370.6562, 0.1513, 'Barmer');
INSERT INTO welldata.PETROPHYSICS (UBHI, SAMPLE_DEPTH_M, POROSITY, PERMEABILITY, WATER_SAT, FORMATION) VALUES ('WELL00000000020-BH1', 1920, 0.0482, 233.3288, 0.7383, 'Rajahmundry');
INSERT INTO welldata.PETROPHYSICS (UBHI, SAMPLE_DEPTH_M, POROSITY, PERMEABILITY, WATER_SAT, FORMATION) VALUES ('WELL00000000020-BH1', 1940, 0.0978, 371.935, 0.641, 'Bengal');
INSERT INTO welldata.PETROPHYSICS (UBHI, SAMPLE_DEPTH_M, POROSITY, PERMEABILITY, WATER_SAT, FORMATION) VALUES ('WELL00000000020-BH1', 1960, 0.1153, 249.4038, 0.4311, 'Barmer');
INSERT INTO welldata.PETROPHYSICS (UBHI, SAMPLE_DEPTH_M, POROSITY, PERMEABILITY, WATER_SAT, FORMATION) VALUES ('WELL00000000020-BH1', 1980, 0.0609, 322.0096, 0.561, 'Bengal');
INSERT INTO welldata.PETROPHYSICS (UBHI, SAMPLE_DEPTH_M, POROSITY, PERMEABILITY, WATER_SAT, FORMATION) VALUES ('WELL00000000020-BH1', 2000, 0.1702, 36.1349, 0.5673, 'Sanchore');
INSERT INTO welldata.PETROPHYSICS (UBHI, SAMPLE_DEPTH_M, POROSITY, PERMEABILITY, WATER_SAT, FORMATION) VALUES ('WELL00000000020-BH1', 2020, 0.1294, 354.5693, 0.3809, 'Rajahmundry');
INSERT INTO welldata.PETROPHYSICS (UBHI, SAMPLE_DEPTH_M, POROSITY, PERMEABILITY, WATER_SAT, FORMATION) VALUES ('WELL00000000020-BH1', 2040, 0.2213, 207.4261, 0.2167, 'Rajahmundry');
INSERT INTO welldata.PETROPHYSICS (UBHI, SAMPLE_DEPTH_M, POROSITY, PERMEABILITY, WATER_SAT, FORMATION) VALUES ('WELL00000000020-BH1', 2060, 0.0845, 416.3901, 0.3779, 'Barmer');
INSERT INTO welldata.PETROPHYSICS (UBHI, SAMPLE_DEPTH_M, POROSITY, PERMEABILITY, WATER_SAT, FORMATION) VALUES ('WELL00000000020-BH1', 2080, 0.2217, 208.3441, 0.1945, 'Rajahmundry');
INSERT INTO welldata.PETROPHYSICS (UBHI, SAMPLE_DEPTH_M, POROSITY, PERMEABILITY, WATER_SAT, FORMATION) VALUES ('WELL00000000020-BH1', 2100, 0.1914, 101.8667, 0.6476, 'Sanchore');
INSERT INTO welldata.PETROPHYSICS (UBHI, SAMPLE_DEPTH_M, POROSITY, PERMEABILITY, WATER_SAT, FORMATION) VALUES ('WELL00000000020-BH1', 2120, 0.2461, 1.3277, 0.1588, 'Barmer');
INSERT INTO welldata.PETROPHYSICS (UBHI, SAMPLE_DEPTH_M, POROSITY, PERMEABILITY, WATER_SAT, FORMATION) VALUES ('WELL00000000020-BH1', 2140, 0.0667, 280.6419, 0.49, 'Rajahmundry');
INSERT INTO welldata.PETROPHYSICS (UBHI, SAMPLE_DEPTH_M, POROSITY, PERMEABILITY, WATER_SAT, FORMATION) VALUES ('WELL00000000020-BH1', 2160, 0.0547, 163.0464, 0.1584, 'Bengal');
INSERT INTO welldata.PETROPHYSICS (UBHI, SAMPLE_DEPTH_M, POROSITY, PERMEABILITY, WATER_SAT, FORMATION) VALUES ('WELL00000000020-BH1', 2180, 0.2022, 362.9683, 0.3261, 'Sanchore');
INSERT INTO welldata.PETROPHYSICS (UBHI, SAMPLE_DEPTH_M, POROSITY, PERMEABILITY, WATER_SAT, FORMATION) VALUES ('WELL00000000020-BH1', 2200, 0.074, 209.3088, 0.4921, 'Barmer');
INSERT INTO welldata.PETROPHYSICS (UBHI, SAMPLE_DEPTH_M, POROSITY, PERMEABILITY, WATER_SAT, FORMATION) VALUES ('WELL00000000020-BH1', 2220, 0.0495, 227.932, 0.6608, 'Rajahmundry');
INSERT INTO welldata.PETROPHYSICS (UBHI, SAMPLE_DEPTH_M, POROSITY, PERMEABILITY, WATER_SAT, FORMATION) VALUES ('WELL00000000020-BH1', 2240, 0.1892, 387.6719, 0.1939, 'Barmer');
INSERT INTO welldata.PETROPHYSICS (UBHI, SAMPLE_DEPTH_M, POROSITY, PERMEABILITY, WATER_SAT, FORMATION) VALUES ('WELL00000000020-BH1', 2260, 0.0557, 207.0358, 0.5011, 'Bengal');
INSERT INTO welldata.PETROPHYSICS (UBHI, SAMPLE_DEPTH_M, POROSITY, PERMEABILITY, WATER_SAT, FORMATION) VALUES ('WELL00000000020-BH1', 2280, 0.2792, 277.7179, 0.6279, 'Rajahmundry');
INSERT INTO welldata.PETROPHYSICS (UBHI, SAMPLE_DEPTH_M, POROSITY, PERMEABILITY, WATER_SAT, FORMATION) VALUES ('WELL00000000020-BH1', 2300, 0.1211, 102.4096, 0.6657, 'Barmer');
INSERT INTO welldata.PETROPHYSICS (UBHI, SAMPLE_DEPTH_M, POROSITY, PERMEABILITY, WATER_SAT, FORMATION) VALUES ('WELL00000000020-BH1', 2320, 0.2641, 208.5832, 0.5285, 'Barmer');
INSERT INTO welldata.PETROPHYSICS (UBHI, SAMPLE_DEPTH_M, POROSITY, PERMEABILITY, WATER_SAT, FORMATION) VALUES ('WELL00000000020-BH1', 2340, 0.0606, 274.1729, 0.2355, 'Bengal');
INSERT INTO welldata.PETROPHYSICS (UBHI, SAMPLE_DEPTH_M, POROSITY, PERMEABILITY, WATER_SAT, FORMATION) VALUES ('WELL00000000020-BH1', 2360, 0.0941, 261.4725, 0.685, 'Rajahmundry');
INSERT INTO welldata.PETROPHYSICS (UBHI, SAMPLE_DEPTH_M, POROSITY, PERMEABILITY, WATER_SAT, FORMATION) VALUES ('WELL00000000020-BH1', 2380, 0.0733, 396.8176, 0.2461, 'Sanchore');
INSERT INTO welldata.PETROPHYSICS (UBHI, SAMPLE_DEPTH_M, POROSITY, PERMEABILITY, WATER_SAT, FORMATION) VALUES ('WELL00000000020-BH1', 2400, 0.1155, 238.3127, 0.2654, 'Rajahmundry');
INSERT INTO welldata.PETROPHYSICS (UBHI, SAMPLE_DEPTH_M, POROSITY, PERMEABILITY, WATER_SAT, FORMATION) VALUES ('WELL00000000020-BH1', 2420, 0.1639, 162.6688, 0.4839, 'Sanchore');
INSERT INTO welldata.PETROPHYSICS (UBHI, SAMPLE_DEPTH_M, POROSITY, PERMEABILITY, WATER_SAT, FORMATION) VALUES ('WELL00000000020-BH1', 2440, 0.0758, 288.095, 0.7345, 'Bengal');
INSERT INTO welldata.PETROPHYSICS (UBHI, SAMPLE_DEPTH_M, POROSITY, PERMEABILITY, WATER_SAT, FORMATION) VALUES ('WELL00000000020-BH1', 2460, 0.1045, 271.2001, 0.5123, 'Rajahmundry');
INSERT INTO welldata.PETROPHYSICS (UBHI, SAMPLE_DEPTH_M, POROSITY, PERMEABILITY, WATER_SAT, FORMATION) VALUES ('WELL00000000020-BH1', 2480, 0.1438, 281.354, 0.2325, 'Sanchore');
INSERT INTO welldata.PETROPHYSICS (UBHI, SAMPLE_DEPTH_M, POROSITY, PERMEABILITY, WATER_SAT, FORMATION) VALUES ('WELL00000000020-BH1', 2500, 0.1296, 343.7942, 0.3667, 'Rajahmundry');
INSERT INTO welldata.PETROPHYSICS (UBHI, SAMPLE_DEPTH_M, POROSITY, PERMEABILITY, WATER_SAT, FORMATION) VALUES ('WELL00000000020-BH1', 2520, 0.1214, 205.6508, 0.445, 'Rajahmundry');
INSERT INTO welldata.PETROPHYSICS (UBHI, SAMPLE_DEPTH_M, POROSITY, PERMEABILITY, WATER_SAT, FORMATION) VALUES ('WELL00000000020-BH1', 2540, 0.0783, 243.1595, 0.5067, 'Bengal');
INSERT INTO welldata.PETROPHYSICS (UBHI, SAMPLE_DEPTH_M, POROSITY, PERMEABILITY, WATER_SAT, FORMATION) VALUES ('WELL00000000020-BH1', 2560, 0.0411, 219.2588, 0.6731, 'Bengal');
INSERT INTO welldata.PETROPHYSICS (UBHI, SAMPLE_DEPTH_M, POROSITY, PERMEABILITY, WATER_SAT, FORMATION) VALUES ('WELL00000000020-BH1', 2580, 0.0681, 211.0438, 0.4305, 'Bengal');
INSERT INTO welldata.PETROPHYSICS (UBHI, SAMPLE_DEPTH_M, POROSITY, PERMEABILITY, WATER_SAT, FORMATION) VALUES ('WELL00000000020-BH1', 2600, 0.0997, 342.2956, 0.4859, 'Rajahmundry');
INSERT INTO welldata.PETROPHYSICS (UBHI, SAMPLE_DEPTH_M, POROSITY, PERMEABILITY, WATER_SAT, FORMATION) VALUES ('WELL00000000020-BH1', 2620, 0.2175, 22.6768, 0.2598, 'Bengal');
INSERT INTO welldata.PETROPHYSICS (UBHI, SAMPLE_DEPTH_M, POROSITY, PERMEABILITY, WATER_SAT, FORMATION) VALUES ('WELL00000000020-BH1', 2640, 0.1343, 227.1625, 0.503, 'Rajahmundry');
INSERT INTO welldata.PETROPHYSICS (UBHI, SAMPLE_DEPTH_M, POROSITY, PERMEABILITY, WATER_SAT, FORMATION) VALUES ('WELL00000000020-BH1', 2660, 0.1943, 214.8809, 0.6407, 'Bengal');
INSERT INTO welldata.PETROPHYSICS (UBHI, SAMPLE_DEPTH_M, POROSITY, PERMEABILITY, WATER_SAT, FORMATION) VALUES ('WELL00000000020-BH1', 2680, 0.1255, 12.1522, 0.2721, 'Bengal');
INSERT INTO welldata.PETROPHYSICS (UBHI, SAMPLE_DEPTH_M, POROSITY, PERMEABILITY, WATER_SAT, FORMATION) VALUES ('WELL00000000020-BH1', 2700, 0.1034, 165.1215, 0.565, 'Barmer');
INSERT INTO welldata.PETROPHYSICS (UBHI, SAMPLE_DEPTH_M, POROSITY, PERMEABILITY, WATER_SAT, FORMATION) VALUES ('WELL00000000020-BH1', 2720, 0.0669, 340.3814, 0.4294, 'Bengal');
INSERT INTO welldata.PETROPHYSICS (UBHI, SAMPLE_DEPTH_M, POROSITY, PERMEABILITY, WATER_SAT, FORMATION) VALUES ('WELL00000000020-BH1', 2740, 0.2617, 269.6303, 0.6864, 'Rajahmundry');
INSERT INTO welldata.PETROPHYSICS (UBHI, SAMPLE_DEPTH_M, POROSITY, PERMEABILITY, WATER_SAT, FORMATION) VALUES ('WELL00000000020-BH1', 2760, 0.1465, 318.9398, 0.7303, 'Sanchore');
INSERT INTO welldata.PETROPHYSICS (UBHI, SAMPLE_DEPTH_M, POROSITY, PERMEABILITY, WATER_SAT, FORMATION) VALUES ('WELL00000000020-BH1', 2780, 0.1179, 261.8471, 0.5158, 'Sanchore');
INSERT INTO welldata.PETROPHYSICS (UBHI, SAMPLE_DEPTH_M, POROSITY, PERMEABILITY, WATER_SAT, FORMATION) VALUES ('WELL00000000020-BH1', 2800, 0.2458, 317.7797, 0.4411, 'Barmer');
INSERT INTO welldata.PETROPHYSICS (UBHI, SAMPLE_DEPTH_M, POROSITY, PERMEABILITY, WATER_SAT, FORMATION) VALUES ('WELL00000000020-BH1', 2820, 0.073, 76.9145, 0.7043, 'Rajahmundry');
INSERT INTO welldata.PETROPHYSICS (UBHI, SAMPLE_DEPTH_M, POROSITY, PERMEABILITY, WATER_SAT, FORMATION) VALUES ('WELL00000000020-BH1', 2840, 0.2107, 378.3875, 0.6359, 'Bengal');
INSERT INTO welldata.PETROPHYSICS (UBHI, SAMPLE_DEPTH_M, POROSITY, PERMEABILITY, WATER_SAT, FORMATION) VALUES ('WELL00000000020-BH1', 2860, 0.0911, 344.6169, 0.2808, 'Sanchore');
INSERT INTO welldata.PETROPHYSICS (UBHI, SAMPLE_DEPTH_M, POROSITY, PERMEABILITY, WATER_SAT, FORMATION) VALUES ('WELL00000000020-BH1', 2880, 0.2322, 110.1376, 0.5635, 'Sanchore');
INSERT INTO welldata.PETROPHYSICS (UBHI, SAMPLE_DEPTH_M, POROSITY, PERMEABILITY, WATER_SAT, FORMATION) VALUES ('WELL00000000020-BH1', 2900, 0.1224, 220.1411, 0.5507, 'Sanchore');
INSERT INTO welldata.PETROPHYSICS (UBHI, SAMPLE_DEPTH_M, POROSITY, PERMEABILITY, WATER_SAT, FORMATION) VALUES ('WELL00000000020-BH1', 2920, 0.2101, 362.811, 0.7487, 'Rajahmundry');
INSERT INTO welldata.PETROPHYSICS (UBHI, SAMPLE_DEPTH_M, POROSITY, PERMEABILITY, WATER_SAT, FORMATION) VALUES ('WELL00000000020-BH1', 2940, 0.0677, 422.2096, 0.2691, 'Barmer');
INSERT INTO welldata.PETROPHYSICS (UBHI, SAMPLE_DEPTH_M, POROSITY, PERMEABILITY, WATER_SAT, FORMATION) VALUES ('WELL00000000020-BH1', 2960, 0.2523, 218.0547, 0.2438, 'Rajahmundry');
INSERT INTO welldata.PETROPHYSICS (UBHI, SAMPLE_DEPTH_M, POROSITY, PERMEABILITY, WATER_SAT, FORMATION) VALUES ('WELL00000000020-BH1', 2980, 0.1885, 207.8876, 0.2295, 'Sanchore');
INSERT INTO welldata.PETROPHYSICS (UBHI, SAMPLE_DEPTH_M, POROSITY, PERMEABILITY, WATER_SAT, FORMATION) VALUES ('WELL00000000020-BH1', 3000, 0.2358, 22.4634, 0.3242, 'Sanchore');
INSERT INTO welldata.BOREHOLE (UBHI, UWI, BOREHOLE_NAME, BOREHOLE_TYPE, TOP_DEPTH_M, BASE_DEPTH_M) VALUES ('WELL00000000020-BH2', 'WELL00000000020', 'RELI-CA-020-BH2', 'DIRECTIONAL', 718, 1789);
INSERT INTO welldata.PETROPHYSICS (UBHI, SAMPLE_DEPTH_M, POROSITY, PERMEABILITY, WATER_SAT, FORMATION) VALUES ('WELL00000000020-BH2', 1000, 0.0649, 419.8496, 0.5721, 'Rajahmundry');
INSERT INTO welldata.PETROPHYSICS (UBHI, SAMPLE_DEPTH_M, POROSITY, PERMEABILITY, WATER_SAT, FORMATION) VALUES ('WELL00000000020-BH2', 1020, 0.1039, 351.698, 0.1851, 'Rajahmundry');
INSERT INTO welldata.PETROPHYSICS (UBHI, SAMPLE_DEPTH_M, POROSITY, PERMEABILITY, WATER_SAT, FORMATION) VALUES ('WELL00000000020-BH2', 1040, 0.0657, 141.4688, 0.6221, 'Barmer');
INSERT INTO welldata.PETROPHYSICS (UBHI, SAMPLE_DEPTH_M, POROSITY, PERMEABILITY, WATER_SAT, FORMATION) VALUES ('WELL00000000020-BH2', 1060, 0.1509, 132.7397, 0.552, 'Rajahmundry');
INSERT INTO welldata.PETROPHYSICS (UBHI, SAMPLE_DEPTH_M, POROSITY, PERMEABILITY, WATER_SAT, FORMATION) VALUES ('WELL00000000020-BH2', 1080, 0.2307, 214.7825, 0.708, 'Sanchore');
INSERT INTO welldata.PETROPHYSICS (UBHI, SAMPLE_DEPTH_M, POROSITY, PERMEABILITY, WATER_SAT, FORMATION) VALUES ('WELL00000000020-BH2', 1100, 0.2692, 171.0767, 0.4852, 'Barmer');
INSERT INTO welldata.PETROPHYSICS (UBHI, SAMPLE_DEPTH_M, POROSITY, PERMEABILITY, WATER_SAT, FORMATION) VALUES ('WELL00000000020-BH2', 1120, 0.1683, 226.3848, 0.6677, 'Barmer');
INSERT INTO welldata.PETROPHYSICS (UBHI, SAMPLE_DEPTH_M, POROSITY, PERMEABILITY, WATER_SAT, FORMATION) VALUES ('WELL00000000020-BH2', 1140, 0.1692, 382.2779, 0.3194, 'Barmer');
INSERT INTO welldata.PETROPHYSICS (UBHI, SAMPLE_DEPTH_M, POROSITY, PERMEABILITY, WATER_SAT, FORMATION) VALUES ('WELL00000000020-BH2', 1160, 0.231, 143.193, 0.2837, 'Bengal');
INSERT INTO welldata.PETROPHYSICS (UBHI, SAMPLE_DEPTH_M, POROSITY, PERMEABILITY, WATER_SAT, FORMATION) VALUES ('WELL00000000020-BH2', 1180, 0.0947, 396.742, 0.7333, 'Bengal');
INSERT INTO welldata.PETROPHYSICS (UBHI, SAMPLE_DEPTH_M, POROSITY, PERMEABILITY, WATER_SAT, FORMATION) VALUES ('WELL00000000020-BH2', 1200, 0.2392, 438.3496, 0.5265, 'Rajahmundry');
INSERT INTO welldata.PETROPHYSICS (UBHI, SAMPLE_DEPTH_M, POROSITY, PERMEABILITY, WATER_SAT, FORMATION) VALUES ('WELL00000000020-BH2', 1220, 0.1107, 368.5664, 0.5643, 'Barmer');
INSERT INTO welldata.PETROPHYSICS (UBHI, SAMPLE_DEPTH_M, POROSITY, PERMEABILITY, WATER_SAT, FORMATION) VALUES ('WELL00000000020-BH2', 1240, 0.2358, 75.0042, 0.6585, 'Rajahmundry');
INSERT INTO welldata.PETROPHYSICS (UBHI, SAMPLE_DEPTH_M, POROSITY, PERMEABILITY, WATER_SAT, FORMATION) VALUES ('WELL00000000020-BH2', 1260, 0.0976, 431.4305, 0.7399, 'Barmer');
INSERT INTO welldata.PETROPHYSICS (UBHI, SAMPLE_DEPTH_M, POROSITY, PERMEABILITY, WATER_SAT, FORMATION) VALUES ('WELL00000000020-BH2', 1280, 0.2307, 331.6006, 0.3138, 'Rajahmundry');
INSERT INTO welldata.PETROPHYSICS (UBHI, SAMPLE_DEPTH_M, POROSITY, PERMEABILITY, WATER_SAT, FORMATION) VALUES ('WELL00000000020-BH2', 1300, 0.187, 233.6464, 0.6282, 'Sanchore');
INSERT INTO welldata.PETROPHYSICS (UBHI, SAMPLE_DEPTH_M, POROSITY, PERMEABILITY, WATER_SAT, FORMATION) VALUES ('WELL00000000020-BH2', 1320, 0.1841, 254.4748, 0.4201, 'Sanchore');
INSERT INTO welldata.PETROPHYSICS (UBHI, SAMPLE_DEPTH_M, POROSITY, PERMEABILITY, WATER_SAT, FORMATION) VALUES ('WELL00000000020-BH2', 1340, 0.1529, 63.6856, 0.3311, 'Barmer');
INSERT INTO welldata.PETROPHYSICS (UBHI, SAMPLE_DEPTH_M, POROSITY, PERMEABILITY, WATER_SAT, FORMATION) VALUES ('WELL00000000020-BH2', 1360, 0.2191, 252.8993, 0.3755, 'Sanchore');
INSERT INTO welldata.PETROPHYSICS (UBHI, SAMPLE_DEPTH_M, POROSITY, PERMEABILITY, WATER_SAT, FORMATION) VALUES ('WELL00000000020-BH2', 1380, 0.2359, 13.6132, 0.708, 'Barmer');
INSERT INTO welldata.PETROPHYSICS (UBHI, SAMPLE_DEPTH_M, POROSITY, PERMEABILITY, WATER_SAT, FORMATION) VALUES ('WELL00000000020-BH2', 1400, 0.1286, 168.7792, 0.546, 'Sanchore');
INSERT INTO welldata.PETROPHYSICS (UBHI, SAMPLE_DEPTH_M, POROSITY, PERMEABILITY, WATER_SAT, FORMATION) VALUES ('WELL00000000020-BH2', 1420, 0.2161, 176.4272, 0.6856, 'Bengal');
INSERT INTO welldata.PETROPHYSICS (UBHI, SAMPLE_DEPTH_M, POROSITY, PERMEABILITY, WATER_SAT, FORMATION) VALUES ('WELL00000000020-BH2', 1440, 0.2741, 152.9102, 0.2275, 'Sanchore');
INSERT INTO welldata.PETROPHYSICS (UBHI, SAMPLE_DEPTH_M, POROSITY, PERMEABILITY, WATER_SAT, FORMATION) VALUES ('WELL00000000020-BH2', 1460, 0.2, 172.5165, 0.6912, 'Bengal');
INSERT INTO welldata.PETROPHYSICS (UBHI, SAMPLE_DEPTH_M, POROSITY, PERMEABILITY, WATER_SAT, FORMATION) VALUES ('WELL00000000020-BH2', 1480, 0.2601, 204.1705, 0.5973, 'Barmer');
INSERT INTO welldata.PETROPHYSICS (UBHI, SAMPLE_DEPTH_M, POROSITY, PERMEABILITY, WATER_SAT, FORMATION) VALUES ('WELL00000000020-BH2', 1500, 0.2029, 43.894, 0.3272, 'Rajahmundry');
INSERT INTO welldata.PETROPHYSICS (UBHI, SAMPLE_DEPTH_M, POROSITY, PERMEABILITY, WATER_SAT, FORMATION) VALUES ('WELL00000000020-BH2', 1520, 0.2672, 403.3689, 0.4484, 'Sanchore');
INSERT INTO welldata.PETROPHYSICS (UBHI, SAMPLE_DEPTH_M, POROSITY, PERMEABILITY, WATER_SAT, FORMATION) VALUES ('WELL00000000020-BH2', 1540, 0.0935, 424.7972, 0.1878, 'Bengal');
INSERT INTO welldata.PETROPHYSICS (UBHI, SAMPLE_DEPTH_M, POROSITY, PERMEABILITY, WATER_SAT, FORMATION) VALUES ('WELL00000000020-BH2', 1560, 0.2053, 210.3868, 0.2185, 'Sanchore');
INSERT INTO welldata.PETROPHYSICS (UBHI, SAMPLE_DEPTH_M, POROSITY, PERMEABILITY, WATER_SAT, FORMATION) VALUES ('WELL00000000020-BH2', 1580, 0.0929, 348.5763, 0.2873, 'Rajahmundry');
INSERT INTO welldata.PETROPHYSICS (UBHI, SAMPLE_DEPTH_M, POROSITY, PERMEABILITY, WATER_SAT, FORMATION) VALUES ('WELL00000000020-BH2', 1600, 0.0685, 302.4405, 0.7049, 'Barmer');
INSERT INTO welldata.PETROPHYSICS (UBHI, SAMPLE_DEPTH_M, POROSITY, PERMEABILITY, WATER_SAT, FORMATION) VALUES ('WELL00000000020-BH2', 1620, 0.2076, 306.0562, 0.5182, 'Sanchore');
INSERT INTO welldata.PETROPHYSICS (UBHI, SAMPLE_DEPTH_M, POROSITY, PERMEABILITY, WATER_SAT, FORMATION) VALUES ('WELL00000000020-BH2', 1640, 0.2664, 105.4623, 0.6984, 'Sanchore');
INSERT INTO welldata.PETROPHYSICS (UBHI, SAMPLE_DEPTH_M, POROSITY, PERMEABILITY, WATER_SAT, FORMATION) VALUES ('WELL00000000020-BH2', 1660, 0.1378, 43.2094, 0.3222, 'Bengal');
INSERT INTO welldata.PETROPHYSICS (UBHI, SAMPLE_DEPTH_M, POROSITY, PERMEABILITY, WATER_SAT, FORMATION) VALUES ('WELL00000000020-BH2', 1680, 0.1429, 74.4738, 0.2947, 'Rajahmundry');
INSERT INTO welldata.PETROPHYSICS (UBHI, SAMPLE_DEPTH_M, POROSITY, PERMEABILITY, WATER_SAT, FORMATION) VALUES ('WELL00000000020-BH2', 1700, 0.1971, 186.7999, 0.5529, 'Bengal');
INSERT INTO welldata.PETROPHYSICS (UBHI, SAMPLE_DEPTH_M, POROSITY, PERMEABILITY, WATER_SAT, FORMATION) VALUES ('WELL00000000020-BH2', 1720, 0.2595, 257.3714, 0.2996, 'Bengal');
INSERT INTO welldata.PETROPHYSICS (UBHI, SAMPLE_DEPTH_M, POROSITY, PERMEABILITY, WATER_SAT, FORMATION) VALUES ('WELL00000000020-BH2', 1740, 0.2316, 218.2586, 0.1843, 'Barmer');
INSERT INTO welldata.PETROPHYSICS (UBHI, SAMPLE_DEPTH_M, POROSITY, PERMEABILITY, WATER_SAT, FORMATION) VALUES ('WELL00000000020-BH2', 1760, 0.0655, 109.9118, 0.2982, 'Barmer');
INSERT INTO welldata.PETROPHYSICS (UBHI, SAMPLE_DEPTH_M, POROSITY, PERMEABILITY, WATER_SAT, FORMATION) VALUES ('WELL00000000020-BH2', 1780, 0.1894, 285.9189, 0.1578, 'Sanchore');
INSERT INTO welldata.PETROPHYSICS (UBHI, SAMPLE_DEPTH_M, POROSITY, PERMEABILITY, WATER_SAT, FORMATION) VALUES ('WELL00000000020-BH2', 1800, 0.164, 374.3582, 0.4737, 'Barmer');
INSERT INTO welldata.PETROPHYSICS (UBHI, SAMPLE_DEPTH_M, POROSITY, PERMEABILITY, WATER_SAT, FORMATION) VALUES ('WELL00000000020-BH2', 1820, 0.2158, 315.8266, 0.325, 'Barmer');
INSERT INTO welldata.PETROPHYSICS (UBHI, SAMPLE_DEPTH_M, POROSITY, PERMEABILITY, WATER_SAT, FORMATION) VALUES ('WELL00000000020-BH2', 1840, 0.1973, 333.5046, 0.7029, 'Rajahmundry');
INSERT INTO welldata.PETROPHYSICS (UBHI, SAMPLE_DEPTH_M, POROSITY, PERMEABILITY, WATER_SAT, FORMATION) VALUES ('WELL00000000020-BH2', 1860, 0.2638, 380.7909, 0.6313, 'Barmer');
INSERT INTO welldata.PETROPHYSICS (UBHI, SAMPLE_DEPTH_M, POROSITY, PERMEABILITY, WATER_SAT, FORMATION) VALUES ('WELL00000000020-BH2', 1880, 0.1744, 312.0763, 0.7344, 'Bengal');
INSERT INTO welldata.PETROPHYSICS (UBHI, SAMPLE_DEPTH_M, POROSITY, PERMEABILITY, WATER_SAT, FORMATION) VALUES ('WELL00000000020-BH2', 1900, 0.2794, 118.8692, 0.5768, 'Barmer');
INSERT INTO welldata.PETROPHYSICS (UBHI, SAMPLE_DEPTH_M, POROSITY, PERMEABILITY, WATER_SAT, FORMATION) VALUES ('WELL00000000020-BH2', 1920, 0.0587, 85.2543, 0.414, 'Sanchore');
INSERT INTO welldata.PETROPHYSICS (UBHI, SAMPLE_DEPTH_M, POROSITY, PERMEABILITY, WATER_SAT, FORMATION) VALUES ('WELL00000000020-BH2', 1940, 0.1882, 79.6351, 0.4035, 'Rajahmundry');
INSERT INTO welldata.PETROPHYSICS (UBHI, SAMPLE_DEPTH_M, POROSITY, PERMEABILITY, WATER_SAT, FORMATION) VALUES ('WELL00000000020-BH2', 1960, 0.0573, 91.9502, 0.6216, 'Bengal');
INSERT INTO welldata.PETROPHYSICS (UBHI, SAMPLE_DEPTH_M, POROSITY, PERMEABILITY, WATER_SAT, FORMATION) VALUES ('WELL00000000020-BH2', 1980, 0.1079, 416.4299, 0.3213, 'Sanchore');
INSERT INTO welldata.PETROPHYSICS (UBHI, SAMPLE_DEPTH_M, POROSITY, PERMEABILITY, WATER_SAT, FORMATION) VALUES ('WELL00000000020-BH2', 2000, 0.2013, 142.1073, 0.3458, 'Barmer');
INSERT INTO welldata.PETROPHYSICS (UBHI, SAMPLE_DEPTH_M, POROSITY, PERMEABILITY, WATER_SAT, FORMATION) VALUES ('WELL00000000020-BH2', 2020, 0.2551, 70.5062, 0.5041, 'Barmer');
INSERT INTO welldata.PETROPHYSICS (UBHI, SAMPLE_DEPTH_M, POROSITY, PERMEABILITY, WATER_SAT, FORMATION) VALUES ('WELL00000000020-BH2', 2040, 0.1541, 426.1698, 0.5774, 'Sanchore');
INSERT INTO welldata.PETROPHYSICS (UBHI, SAMPLE_DEPTH_M, POROSITY, PERMEABILITY, WATER_SAT, FORMATION) VALUES ('WELL00000000020-BH2', 2060, 0.1233, 435.4408, 0.3055, 'Rajahmundry');
INSERT INTO welldata.PETROPHYSICS (UBHI, SAMPLE_DEPTH_M, POROSITY, PERMEABILITY, WATER_SAT, FORMATION) VALUES ('WELL00000000020-BH2', 2080, 0.1926, 34.372, 0.451, 'Bengal');
INSERT INTO welldata.PETROPHYSICS (UBHI, SAMPLE_DEPTH_M, POROSITY, PERMEABILITY, WATER_SAT, FORMATION) VALUES ('WELL00000000020-BH2', 2100, 0.0738, 266.8117, 0.2117, 'Barmer');
INSERT INTO welldata.PETROPHYSICS (UBHI, SAMPLE_DEPTH_M, POROSITY, PERMEABILITY, WATER_SAT, FORMATION) VALUES ('WELL00000000020-BH2', 2120, 0.1125, 117.5363, 0.1655, 'Bengal');
INSERT INTO welldata.PETROPHYSICS (UBHI, SAMPLE_DEPTH_M, POROSITY, PERMEABILITY, WATER_SAT, FORMATION) VALUES ('WELL00000000020-BH2', 2140, 0.0873, 392.1205, 0.3001, 'Bengal');
INSERT INTO welldata.PETROPHYSICS (UBHI, SAMPLE_DEPTH_M, POROSITY, PERMEABILITY, WATER_SAT, FORMATION) VALUES ('WELL00000000020-BH2', 2160, 0.2605, 124.8702, 0.6014, 'Sanchore');
INSERT INTO welldata.PETROPHYSICS (UBHI, SAMPLE_DEPTH_M, POROSITY, PERMEABILITY, WATER_SAT, FORMATION) VALUES ('WELL00000000020-BH2', 2180, 0.0616, 174.3621, 0.6208, 'Sanchore');
INSERT INTO welldata.PETROPHYSICS (UBHI, SAMPLE_DEPTH_M, POROSITY, PERMEABILITY, WATER_SAT, FORMATION) VALUES ('WELL00000000020-BH2', 2200, 0.1729, 269.6708, 0.606, 'Barmer');
INSERT INTO welldata.PETROPHYSICS (UBHI, SAMPLE_DEPTH_M, POROSITY, PERMEABILITY, WATER_SAT, FORMATION) VALUES ('WELL00000000020-BH2', 2220, 0.048, 138.9178, 0.5771, 'Barmer');
INSERT INTO welldata.PETROPHYSICS (UBHI, SAMPLE_DEPTH_M, POROSITY, PERMEABILITY, WATER_SAT, FORMATION) VALUES ('WELL00000000020-BH2', 2240, 0.204, 108.2553, 0.7376, 'Bengal');
INSERT INTO welldata.PETROPHYSICS (UBHI, SAMPLE_DEPTH_M, POROSITY, PERMEABILITY, WATER_SAT, FORMATION) VALUES ('WELL00000000020-BH2', 2260, 0.1533, 341.7893, 0.1969, 'Rajahmundry');
INSERT INTO welldata.PETROPHYSICS (UBHI, SAMPLE_DEPTH_M, POROSITY, PERMEABILITY, WATER_SAT, FORMATION) VALUES ('WELL00000000020-BH2', 2280, 0.1886, 75.8163, 0.2455, 'Sanchore');
INSERT INTO welldata.PETROPHYSICS (UBHI, SAMPLE_DEPTH_M, POROSITY, PERMEABILITY, WATER_SAT, FORMATION) VALUES ('WELL00000000020-BH2', 2300, 0.127, 302.591, 0.5794, 'Barmer');
INSERT INTO welldata.PETROPHYSICS (UBHI, SAMPLE_DEPTH_M, POROSITY, PERMEABILITY, WATER_SAT, FORMATION) VALUES ('WELL00000000020-BH2', 2320, 0.1883, 330.7729, 0.6998, 'Sanchore');
INSERT INTO welldata.PETROPHYSICS (UBHI, SAMPLE_DEPTH_M, POROSITY, PERMEABILITY, WATER_SAT, FORMATION) VALUES ('WELL00000000020-BH2', 2340, 0.0829, 415.7743, 0.5327, 'Bengal');
INSERT INTO welldata.PETROPHYSICS (UBHI, SAMPLE_DEPTH_M, POROSITY, PERMEABILITY, WATER_SAT, FORMATION) VALUES ('WELL00000000020-BH2', 2360, 0.1302, 323.7587, 0.1623, 'Barmer');
INSERT INTO welldata.PETROPHYSICS (UBHI, SAMPLE_DEPTH_M, POROSITY, PERMEABILITY, WATER_SAT, FORMATION) VALUES ('WELL00000000020-BH2', 2380, 0.0658, 7.3157, 0.1773, 'Rajahmundry');
INSERT INTO welldata.PETROPHYSICS (UBHI, SAMPLE_DEPTH_M, POROSITY, PERMEABILITY, WATER_SAT, FORMATION) VALUES ('WELL00000000020-BH2', 2400, 0.1875, 84.3593, 0.2437, 'Sanchore');
INSERT INTO welldata.PETROPHYSICS (UBHI, SAMPLE_DEPTH_M, POROSITY, PERMEABILITY, WATER_SAT, FORMATION) VALUES ('WELL00000000020-BH2', 2420, 0.1415, 348.0411, 0.5236, 'Barmer');
INSERT INTO welldata.PETROPHYSICS (UBHI, SAMPLE_DEPTH_M, POROSITY, PERMEABILITY, WATER_SAT, FORMATION) VALUES ('WELL00000000020-BH2', 2440, 0.1369, 356.6473, 0.6626, 'Barmer');
INSERT INTO welldata.PETROPHYSICS (UBHI, SAMPLE_DEPTH_M, POROSITY, PERMEABILITY, WATER_SAT, FORMATION) VALUES ('WELL00000000020-BH2', 2460, 0.21, 248.3874, 0.1958, 'Sanchore');
INSERT INTO welldata.PETROPHYSICS (UBHI, SAMPLE_DEPTH_M, POROSITY, PERMEABILITY, WATER_SAT, FORMATION) VALUES ('WELL00000000020-BH2', 2480, 0.0424, 204.6624, 0.4136, 'Rajahmundry');
INSERT INTO welldata.PETROPHYSICS (UBHI, SAMPLE_DEPTH_M, POROSITY, PERMEABILITY, WATER_SAT, FORMATION) VALUES ('WELL00000000020-BH2', 2500, 0.0899, 421.1028, 0.3894, 'Sanchore');
INSERT INTO welldata.PETROPHYSICS (UBHI, SAMPLE_DEPTH_M, POROSITY, PERMEABILITY, WATER_SAT, FORMATION) VALUES ('WELL00000000020-BH2', 2520, 0.0518, 147.1248, 0.2521, 'Barmer');
INSERT INTO welldata.PETROPHYSICS (UBHI, SAMPLE_DEPTH_M, POROSITY, PERMEABILITY, WATER_SAT, FORMATION) VALUES ('WELL00000000020-BH2', 2540, 0.2475, 50.0201, 0.4029, 'Rajahmundry');
INSERT INTO welldata.PETROPHYSICS (UBHI, SAMPLE_DEPTH_M, POROSITY, PERMEABILITY, WATER_SAT, FORMATION) VALUES ('WELL00000000020-BH2', 2560, 0.2472, 78.1177, 0.4023, 'Barmer');
INSERT INTO welldata.PETROPHYSICS (UBHI, SAMPLE_DEPTH_M, POROSITY, PERMEABILITY, WATER_SAT, FORMATION) VALUES ('WELL00000000020-BH2', 2580, 0.0732, 324.9825, 0.5108, 'Rajahmundry');
INSERT INTO welldata.PETROPHYSICS (UBHI, SAMPLE_DEPTH_M, POROSITY, PERMEABILITY, WATER_SAT, FORMATION) VALUES ('WELL00000000020-BH2', 2600, 0.1621, 411.942, 0.6006, 'Barmer');
INSERT INTO welldata.PETROPHYSICS (UBHI, SAMPLE_DEPTH_M, POROSITY, PERMEABILITY, WATER_SAT, FORMATION) VALUES ('WELL00000000020-BH2', 2620, 0.2266, 174.1993, 0.3449, 'Rajahmundry');
INSERT INTO welldata.PETROPHYSICS (UBHI, SAMPLE_DEPTH_M, POROSITY, PERMEABILITY, WATER_SAT, FORMATION) VALUES ('WELL00000000020-BH2', 2640, 0.2287, 348.2481, 0.1615, 'Sanchore');
INSERT INTO welldata.PETROPHYSICS (UBHI, SAMPLE_DEPTH_M, POROSITY, PERMEABILITY, WATER_SAT, FORMATION) VALUES ('WELL00000000020-BH2', 2660, 0.239, 333.2346, 0.2421, 'Sanchore');
INSERT INTO welldata.PETROPHYSICS (UBHI, SAMPLE_DEPTH_M, POROSITY, PERMEABILITY, WATER_SAT, FORMATION) VALUES ('WELL00000000020-BH2', 2680, 0.1494, 26.7794, 0.3098, 'Sanchore');
INSERT INTO welldata.PETROPHYSICS (UBHI, SAMPLE_DEPTH_M, POROSITY, PERMEABILITY, WATER_SAT, FORMATION) VALUES ('WELL00000000020-BH2', 2700, 0.0964, 363.8708, 0.7463, 'Bengal');
INSERT INTO welldata.PETROPHYSICS (UBHI, SAMPLE_DEPTH_M, POROSITY, PERMEABILITY, WATER_SAT, FORMATION) VALUES ('WELL00000000020-BH2', 2720, 0.1118, 315.4782, 0.3788, 'Rajahmundry');
INSERT INTO welldata.PETROPHYSICS (UBHI, SAMPLE_DEPTH_M, POROSITY, PERMEABILITY, WATER_SAT, FORMATION) VALUES ('WELL00000000020-BH2', 2740, 0.0585, 163.3509, 0.4135, 'Sanchore');
INSERT INTO welldata.PETROPHYSICS (UBHI, SAMPLE_DEPTH_M, POROSITY, PERMEABILITY, WATER_SAT, FORMATION) VALUES ('WELL00000000020-BH2', 2760, 0.2605, 307.819, 0.3055, 'Sanchore');
INSERT INTO welldata.PETROPHYSICS (UBHI, SAMPLE_DEPTH_M, POROSITY, PERMEABILITY, WATER_SAT, FORMATION) VALUES ('WELL00000000020-BH2', 2780, 0.1564, 62.631, 0.4435, 'Barmer');
INSERT INTO welldata.PETROPHYSICS (UBHI, SAMPLE_DEPTH_M, POROSITY, PERMEABILITY, WATER_SAT, FORMATION) VALUES ('WELL00000000020-BH2', 2800, 0.1643, 93.5989, 0.6305, 'Bengal');
INSERT INTO welldata.PETROPHYSICS (UBHI, SAMPLE_DEPTH_M, POROSITY, PERMEABILITY, WATER_SAT, FORMATION) VALUES ('WELL00000000020-BH2', 2820, 0.0601, 246.2226, 0.3501, 'Barmer');
INSERT INTO welldata.PETROPHYSICS (UBHI, SAMPLE_DEPTH_M, POROSITY, PERMEABILITY, WATER_SAT, FORMATION) VALUES ('WELL00000000020-BH2', 2840, 0.129, 66.972, 0.4134, 'Rajahmundry');
INSERT INTO welldata.PETROPHYSICS (UBHI, SAMPLE_DEPTH_M, POROSITY, PERMEABILITY, WATER_SAT, FORMATION) VALUES ('WELL00000000020-BH2', 2860, 0.2106, 177.2702, 0.2709, 'Bengal');
INSERT INTO welldata.PETROPHYSICS (UBHI, SAMPLE_DEPTH_M, POROSITY, PERMEABILITY, WATER_SAT, FORMATION) VALUES ('WELL00000000020-BH2', 2880, 0.2183, 186.1042, 0.4403, 'Barmer');
INSERT INTO welldata.PETROPHYSICS (UBHI, SAMPLE_DEPTH_M, POROSITY, PERMEABILITY, WATER_SAT, FORMATION) VALUES ('WELL00000000020-BH2', 2900, 0.243, 48.0419, 0.3084, 'Bengal');
INSERT INTO welldata.PETROPHYSICS (UBHI, SAMPLE_DEPTH_M, POROSITY, PERMEABILITY, WATER_SAT, FORMATION) VALUES ('WELL00000000020-BH2', 2920, 0.2097, 140.8804, 0.6583, 'Bengal');
INSERT INTO welldata.PETROPHYSICS (UBHI, SAMPLE_DEPTH_M, POROSITY, PERMEABILITY, WATER_SAT, FORMATION) VALUES ('WELL00000000020-BH2', 2940, 0.1802, 138.2115, 0.5867, 'Rajahmundry');
INSERT INTO welldata.PETROPHYSICS (UBHI, SAMPLE_DEPTH_M, POROSITY, PERMEABILITY, WATER_SAT, FORMATION) VALUES ('WELL00000000020-BH2', 2960, 0.254, 178.6153, 0.6483, 'Rajahmundry');
INSERT INTO welldata.PETROPHYSICS (UBHI, SAMPLE_DEPTH_M, POROSITY, PERMEABILITY, WATER_SAT, FORMATION) VALUES ('WELL00000000020-BH2', 2980, 0.1622, 316.7352, 0.2742, 'Bengal');
INSERT INTO welldata.PETROPHYSICS (UBHI, SAMPLE_DEPTH_M, POROSITY, PERMEABILITY, WATER_SAT, FORMATION) VALUES ('WELL00000000020-BH2', 3000, 0.2576, 174.1686, 0.6455, 'Sanchore');
INSERT INTO welldata.PRODUCTION (UWI, PROD_DATE, OIL_BBL, GAS_MCF, WATER_BBL, HOURS_ON) VALUES ('WELL00000000020', TO_DATE('2015-01-01','YYYY-MM-DD'), 361.18, 1411.3, 131.35, 438.33);
INSERT INTO welldata.PRODUCTION (UWI, PROD_DATE, OIL_BBL, GAS_MCF, WATER_BBL, HOURS_ON) VALUES ('WELL00000000020', TO_DATE('2015-02-01','YYYY-MM-DD'), 943.92, 5908.67, 558.6, 366.55);
INSERT INTO welldata.PRODUCTION (UWI, PROD_DATE, OIL_BBL, GAS_MCF, WATER_BBL, HOURS_ON) VALUES ('WELL00000000020', TO_DATE('2015-03-01','YYYY-MM-DD'), 2299.53, 2891.28, 547.56, 361.94);
INSERT INTO welldata.PRODUCTION (UWI, PROD_DATE, OIL_BBL, GAS_MCF, WATER_BBL, HOURS_ON) VALUES ('WELL00000000020', TO_DATE('2015-04-01','YYYY-MM-DD'), 1397.6, 7138.61, 260.42, 308.52);
INSERT INTO welldata.PRODUCTION (UWI, PROD_DATE, OIL_BBL, GAS_MCF, WATER_BBL, HOURS_ON) VALUES ('WELL00000000020', TO_DATE('2015-05-01','YYYY-MM-DD'), 515.78, 3699.43, 1263.56, 618.61);
INSERT INTO welldata.PRODUCTION (UWI, PROD_DATE, OIL_BBL, GAS_MCF, WATER_BBL, HOURS_ON) VALUES ('WELL00000000020', TO_DATE('2015-06-01','YYYY-MM-DD'), 1008.06, 6446.01, 819.22, 297.89);
INSERT INTO welldata.PRODUCTION (UWI, PROD_DATE, OIL_BBL, GAS_MCF, WATER_BBL, HOURS_ON) VALUES ('WELL00000000020', TO_DATE('2015-07-01','YYYY-MM-DD'), 1456.08, 903.08, 602.58, 284.27);
INSERT INTO welldata.PRODUCTION (UWI, PROD_DATE, OIL_BBL, GAS_MCF, WATER_BBL, HOURS_ON) VALUES ('WELL00000000020', TO_DATE('2015-08-01','YYYY-MM-DD'), 1477.71, 4593.0, 788.02, 422.48);
INSERT INTO welldata.PRODUCTION (UWI, PROD_DATE, OIL_BBL, GAS_MCF, WATER_BBL, HOURS_ON) VALUES ('WELL00000000020', TO_DATE('2015-09-01','YYYY-MM-DD'), 1040.42, 13889.91, 839.91, 398.66);
INSERT INTO welldata.PRODUCTION (UWI, PROD_DATE, OIL_BBL, GAS_MCF, WATER_BBL, HOURS_ON) VALUES ('WELL00000000020', TO_DATE('2015-10-01','YYYY-MM-DD'), 2455.45, 7806.8, 570.75, 460.5);
INSERT INTO welldata.PRODUCTION (UWI, PROD_DATE, OIL_BBL, GAS_MCF, WATER_BBL, HOURS_ON) VALUES ('WELL00000000020', TO_DATE('2015-11-01','YYYY-MM-DD'), 1137.98, 6289.48, 709.38, 427.61);
INSERT INTO welldata.PRODUCTION (UWI, PROD_DATE, OIL_BBL, GAS_MCF, WATER_BBL, HOURS_ON) VALUES ('WELL00000000020', TO_DATE('2015-12-01','YYYY-MM-DD'), 2029.71, 12676.03, 727.71, 553.07);
INSERT INTO welldata.PRODUCTION (UWI, PROD_DATE, OIL_BBL, GAS_MCF, WATER_BBL, HOURS_ON) VALUES ('WELL00000000020', TO_DATE('2016-01-01','YYYY-MM-DD'), 2148.93, 3599.58, 1208.35, 195.34);
INSERT INTO welldata.PRODUCTION (UWI, PROD_DATE, OIL_BBL, GAS_MCF, WATER_BBL, HOURS_ON) VALUES ('WELL00000000020', TO_DATE('2016-02-01','YYYY-MM-DD'), 2105.05, 10685.25, 225.72, 467.17);
INSERT INTO welldata.PRODUCTION (UWI, PROD_DATE, OIL_BBL, GAS_MCF, WATER_BBL, HOURS_ON) VALUES ('WELL00000000020', TO_DATE('2016-03-01','YYYY-MM-DD'), 297.67, 4737.59, 1455.62, 178.17);
INSERT INTO welldata.PRODUCTION (UWI, PROD_DATE, OIL_BBL, GAS_MCF, WATER_BBL, HOURS_ON) VALUES ('WELL00000000020', TO_DATE('2016-04-01','YYYY-MM-DD'), 2538.9, 12714.04, 1478.16, 684.24);
INSERT INTO welldata.PRODUCTION (UWI, PROD_DATE, OIL_BBL, GAS_MCF, WATER_BBL, HOURS_ON) VALUES ('WELL00000000020', TO_DATE('2016-05-01','YYYY-MM-DD'), 1337.7, 7866.07, 676.39, 369.31);
INSERT INTO welldata.PRODUCTION (UWI, PROD_DATE, OIL_BBL, GAS_MCF, WATER_BBL, HOURS_ON) VALUES ('WELL00000000020', TO_DATE('2016-06-01','YYYY-MM-DD'), 2388.44, 13842.35, 718.46, 363.03);
INSERT INTO welldata.PRODUCTION (UWI, PROD_DATE, OIL_BBL, GAS_MCF, WATER_BBL, HOURS_ON) VALUES ('WELL00000000020', TO_DATE('2016-07-01','YYYY-MM-DD'), 1571.99, 11765.44, 773.39, 500.67);
INSERT INTO welldata.PRODUCTION (UWI, PROD_DATE, OIL_BBL, GAS_MCF, WATER_BBL, HOURS_ON) VALUES ('WELL00000000020', TO_DATE('2016-08-01','YYYY-MM-DD'), 748.99, 6216.04, 107.67, 174.35);
INSERT INTO welldata.PRODUCTION (UWI, PROD_DATE, OIL_BBL, GAS_MCF, WATER_BBL, HOURS_ON) VALUES ('WELL00000000020', TO_DATE('2016-09-01','YYYY-MM-DD'), 2837.39, 1904.38, 149.84, 677.25);
INSERT INTO welldata.PRODUCTION (UWI, PROD_DATE, OIL_BBL, GAS_MCF, WATER_BBL, HOURS_ON) VALUES ('WELL00000000020', TO_DATE('2016-10-01','YYYY-MM-DD'), 1096.5, 7313.54, 162.53, 332.24);
INSERT INTO welldata.PRODUCTION (UWI, PROD_DATE, OIL_BBL, GAS_MCF, WATER_BBL, HOURS_ON) VALUES ('WELL00000000020', TO_DATE('2016-11-01','YYYY-MM-DD'), 2891.65, 7854.22, 964.72, 350.31);
INSERT INTO welldata.PRODUCTION (UWI, PROD_DATE, OIL_BBL, GAS_MCF, WATER_BBL, HOURS_ON) VALUES ('WELL00000000020', TO_DATE('2016-12-01','YYYY-MM-DD'), 853.71, 13382.04, 1404.69, 528.04);
INSERT INTO welldata.PRODUCTION (UWI, PROD_DATE, OIL_BBL, GAS_MCF, WATER_BBL, HOURS_ON) VALUES ('WELL00000000020', TO_DATE('2017-01-01','YYYY-MM-DD'), 1378.18, 13712.5, 461.96, 126.95);
INSERT INTO welldata.PRODUCTION (UWI, PROD_DATE, OIL_BBL, GAS_MCF, WATER_BBL, HOURS_ON) VALUES ('WELL00000000020', TO_DATE('2017-02-01','YYYY-MM-DD'), 1631.87, 13205.26, 1196.32, 233.66);
INSERT INTO welldata.PRODUCTION (UWI, PROD_DATE, OIL_BBL, GAS_MCF, WATER_BBL, HOURS_ON) VALUES ('WELL00000000020', TO_DATE('2017-03-01','YYYY-MM-DD'), 1674.4, 9480.02, 167.33, 154.47);
INSERT INTO welldata.PRODUCTION (UWI, PROD_DATE, OIL_BBL, GAS_MCF, WATER_BBL, HOURS_ON) VALUES ('WELL00000000020', TO_DATE('2017-04-01','YYYY-MM-DD'), 1931.14, 2407.13, 987.37, 397.66);
INSERT INTO welldata.PRODUCTION (UWI, PROD_DATE, OIL_BBL, GAS_MCF, WATER_BBL, HOURS_ON) VALUES ('WELL00000000020', TO_DATE('2017-05-01','YYYY-MM-DD'), 2727.09, 1511.45, 480.6, 683.44);
INSERT INTO welldata.PRODUCTION (UWI, PROD_DATE, OIL_BBL, GAS_MCF, WATER_BBL, HOURS_ON) VALUES ('WELL00000000020', TO_DATE('2017-06-01','YYYY-MM-DD'), 1344.99, 10518.34, 1043.46, 462.14);
INSERT INTO welldata.PRODUCTION (UWI, PROD_DATE, OIL_BBL, GAS_MCF, WATER_BBL, HOURS_ON) VALUES ('WELL00000000020', TO_DATE('2017-07-01','YYYY-MM-DD'), 678.05, 4445.99, 719.11, 422.97);
INSERT INTO welldata.PRODUCTION (UWI, PROD_DATE, OIL_BBL, GAS_MCF, WATER_BBL, HOURS_ON) VALUES ('WELL00000000020', TO_DATE('2017-08-01','YYYY-MM-DD'), 1418.77, 8674.29, 314.58, 602.7);
INSERT INTO welldata.PRODUCTION (UWI, PROD_DATE, OIL_BBL, GAS_MCF, WATER_BBL, HOURS_ON) VALUES ('WELL00000000020', TO_DATE('2017-09-01','YYYY-MM-DD'), 1198.97, 8561.88, 1085.84, 309.02);
INSERT INTO welldata.PRODUCTION (UWI, PROD_DATE, OIL_BBL, GAS_MCF, WATER_BBL, HOURS_ON) VALUES ('WELL00000000020', TO_DATE('2017-10-01','YYYY-MM-DD'), 2319.29, 817.15, 280.63, 573.18);
INSERT INTO welldata.PRODUCTION (UWI, PROD_DATE, OIL_BBL, GAS_MCF, WATER_BBL, HOURS_ON) VALUES ('WELL00000000020', TO_DATE('2017-11-01','YYYY-MM-DD'), 1262.84, 9589.09, 1141.17, 468.0);
INSERT INTO welldata.PRODUCTION (UWI, PROD_DATE, OIL_BBL, GAS_MCF, WATER_BBL, HOURS_ON) VALUES ('WELL00000000020', TO_DATE('2017-12-01','YYYY-MM-DD'), 2664.38, 1567.96, 894.95, 668.04);
INSERT INTO welldata.PRODUCTION (UWI, PROD_DATE, OIL_BBL, GAS_MCF, WATER_BBL, HOURS_ON) VALUES ('WELL00000000020', TO_DATE('2018-01-01','YYYY-MM-DD'), 1834.43, 478.31, 929.7, 610.7);
INSERT INTO welldata.PRODUCTION (UWI, PROD_DATE, OIL_BBL, GAS_MCF, WATER_BBL, HOURS_ON) VALUES ('WELL00000000020', TO_DATE('2018-02-01','YYYY-MM-DD'), 2816.51, 14493.0, 1178.79, 583.72);
INSERT INTO welldata.PRODUCTION (UWI, PROD_DATE, OIL_BBL, GAS_MCF, WATER_BBL, HOURS_ON) VALUES ('WELL00000000020', TO_DATE('2018-03-01','YYYY-MM-DD'), 897.56, 14242.97, 648.57, 140.06);
INSERT INTO welldata.PRODUCTION (UWI, PROD_DATE, OIL_BBL, GAS_MCF, WATER_BBL, HOURS_ON) VALUES ('WELL00000000020', TO_DATE('2018-04-01','YYYY-MM-DD'), 1968.46, 2249.52, 800.59, 714.44);
INSERT INTO welldata.PRODUCTION (UWI, PROD_DATE, OIL_BBL, GAS_MCF, WATER_BBL, HOURS_ON) VALUES ('WELL00000000020', TO_DATE('2018-05-01','YYYY-MM-DD'), 1897.01, 14863.36, 1250.93, 553.54);
INSERT INTO welldata.PRODUCTION (UWI, PROD_DATE, OIL_BBL, GAS_MCF, WATER_BBL, HOURS_ON) VALUES ('WELL00000000020', TO_DATE('2018-06-01','YYYY-MM-DD'), 197.7, 5491.54, 942.65, 253.43);
INSERT INTO welldata.PRODUCTION (UWI, PROD_DATE, OIL_BBL, GAS_MCF, WATER_BBL, HOURS_ON) VALUES ('WELL00000000020', TO_DATE('2018-07-01','YYYY-MM-DD'), 2703.15, 1250.04, 59.3, 585.1);
INSERT INTO welldata.PRODUCTION (UWI, PROD_DATE, OIL_BBL, GAS_MCF, WATER_BBL, HOURS_ON) VALUES ('WELL00000000020', TO_DATE('2018-08-01','YYYY-MM-DD'), 2436.27, 9623.69, 993.5, 524.46);
INSERT INTO welldata.PRODUCTION (UWI, PROD_DATE, OIL_BBL, GAS_MCF, WATER_BBL, HOURS_ON) VALUES ('WELL00000000020', TO_DATE('2018-09-01','YYYY-MM-DD'), 950.12, 3804.03, 1403.21, 324.65);
INSERT INTO welldata.PRODUCTION (UWI, PROD_DATE, OIL_BBL, GAS_MCF, WATER_BBL, HOURS_ON) VALUES ('WELL00000000020', TO_DATE('2018-10-01','YYYY-MM-DD'), 799.19, 4072.84, 689.74, 422.59);
INSERT INTO welldata.PRODUCTION (UWI, PROD_DATE, OIL_BBL, GAS_MCF, WATER_BBL, HOURS_ON) VALUES ('WELL00000000020', TO_DATE('2018-11-01','YYYY-MM-DD'), 217.1, 9275.69, 1278.72, 338.31);
INSERT INTO welldata.PRODUCTION (UWI, PROD_DATE, OIL_BBL, GAS_MCF, WATER_BBL, HOURS_ON) VALUES ('WELL00000000020', TO_DATE('2018-12-01','YYYY-MM-DD'), 870.52, 7611.92, 541.63, 268.62);
INSERT INTO welldata.PRODUCTION (UWI, PROD_DATE, OIL_BBL, GAS_MCF, WATER_BBL, HOURS_ON) VALUES ('WELL00000000020', TO_DATE('2019-01-01','YYYY-MM-DD'), 2212.82, 5816.85, 572.06, 586.81);
INSERT INTO welldata.PRODUCTION (UWI, PROD_DATE, OIL_BBL, GAS_MCF, WATER_BBL, HOURS_ON) VALUES ('WELL00000000020', TO_DATE('2019-02-01','YYYY-MM-DD'), 2642.9, 14612.11, 109.93, 478.18);
INSERT INTO welldata.PRODUCTION (UWI, PROD_DATE, OIL_BBL, GAS_MCF, WATER_BBL, HOURS_ON) VALUES ('WELL00000000020', TO_DATE('2019-03-01','YYYY-MM-DD'), 926.15, 13211.22, 109.41, 416.36);
INSERT INTO welldata.PRODUCTION (UWI, PROD_DATE, OIL_BBL, GAS_MCF, WATER_BBL, HOURS_ON) VALUES ('WELL00000000020', TO_DATE('2019-04-01','YYYY-MM-DD'), 2576.75, 12885.67, 732.83, 432.56);
INSERT INTO welldata.PRODUCTION (UWI, PROD_DATE, OIL_BBL, GAS_MCF, WATER_BBL, HOURS_ON) VALUES ('WELL00000000020', TO_DATE('2019-05-01','YYYY-MM-DD'), 2115.6, 6773.1, 1229.18, 349.32);
INSERT INTO welldata.PRODUCTION (UWI, PROD_DATE, OIL_BBL, GAS_MCF, WATER_BBL, HOURS_ON) VALUES ('WELL00000000020', TO_DATE('2019-06-01','YYYY-MM-DD'), 1722.62, 5752.26, 1230.29, 422.56);
INSERT INTO welldata.PRODUCTION (UWI, PROD_DATE, OIL_BBL, GAS_MCF, WATER_BBL, HOURS_ON) VALUES ('WELL00000000020', TO_DATE('2019-07-01','YYYY-MM-DD'), 389.68, 6869.85, 1491.37, 275.85);
INSERT INTO welldata.PRODUCTION (UWI, PROD_DATE, OIL_BBL, GAS_MCF, WATER_BBL, HOURS_ON) VALUES ('WELL00000000020', TO_DATE('2019-08-01','YYYY-MM-DD'), 392.8, 5464.01, 754.69, 606.0);
INSERT INTO welldata.PRODUCTION (UWI, PROD_DATE, OIL_BBL, GAS_MCF, WATER_BBL, HOURS_ON) VALUES ('WELL00000000020', TO_DATE('2019-09-01','YYYY-MM-DD'), 2057.18, 7060.58, 1479.54, 601.22);
INSERT INTO welldata.PRODUCTION (UWI, PROD_DATE, OIL_BBL, GAS_MCF, WATER_BBL, HOURS_ON) VALUES ('WELL00000000020', TO_DATE('2019-10-01','YYYY-MM-DD'), 510.43, 11095.33, 202.74, 600.28);
INSERT INTO welldata.PRODUCTION (UWI, PROD_DATE, OIL_BBL, GAS_MCF, WATER_BBL, HOURS_ON) VALUES ('WELL00000000020', TO_DATE('2019-11-01','YYYY-MM-DD'), 2019.54, 3456.02, 1491.05, 625.65);
INSERT INTO welldata.PRODUCTION (UWI, PROD_DATE, OIL_BBL, GAS_MCF, WATER_BBL, HOURS_ON) VALUES ('WELL00000000020', TO_DATE('2019-12-01','YYYY-MM-DD'), 294.28, 13531.45, 722.4, 171.34);
INSERT INTO welldata.PRODUCTION (UWI, PROD_DATE, OIL_BBL, GAS_MCF, WATER_BBL, HOURS_ON) VALUES ('WELL00000000020', TO_DATE('2020-01-01','YYYY-MM-DD'), 2858.71, 4731.76, 105.67, 504.41);
INSERT INTO welldata.PRODUCTION (UWI, PROD_DATE, OIL_BBL, GAS_MCF, WATER_BBL, HOURS_ON) VALUES ('WELL00000000020', TO_DATE('2020-02-01','YYYY-MM-DD'), 2740.48, 10574.59, 943.51, 226.01);
INSERT INTO welldata.PRODUCTION (UWI, PROD_DATE, OIL_BBL, GAS_MCF, WATER_BBL, HOURS_ON) VALUES ('WELL00000000020', TO_DATE('2020-03-01','YYYY-MM-DD'), 2183.66, 4814.66, 179.68, 629.72);
INSERT INTO welldata.PRODUCTION (UWI, PROD_DATE, OIL_BBL, GAS_MCF, WATER_BBL, HOURS_ON) VALUES ('WELL00000000020', TO_DATE('2020-04-01','YYYY-MM-DD'), 2763.92, 2501.82, 723.59, 312.36);
INSERT INTO welldata.PRODUCTION (UWI, PROD_DATE, OIL_BBL, GAS_MCF, WATER_BBL, HOURS_ON) VALUES ('WELL00000000020', TO_DATE('2020-05-01','YYYY-MM-DD'), 343.41, 5725.49, 1216.86, 495.66);
INSERT INTO welldata.PRODUCTION (UWI, PROD_DATE, OIL_BBL, GAS_MCF, WATER_BBL, HOURS_ON) VALUES ('WELL00000000020', TO_DATE('2020-06-01','YYYY-MM-DD'), 2343.06, 1600.06, 955.03, 288.2);
INSERT INTO welldata.PRODUCTION (UWI, PROD_DATE, OIL_BBL, GAS_MCF, WATER_BBL, HOURS_ON) VALUES ('WELL00000000020', TO_DATE('2020-07-01','YYYY-MM-DD'), 796.92, 5894.59, 217.49, 528.7);
INSERT INTO welldata.PRODUCTION (UWI, PROD_DATE, OIL_BBL, GAS_MCF, WATER_BBL, HOURS_ON) VALUES ('WELL00000000020', TO_DATE('2020-08-01','YYYY-MM-DD'), 2049.74, 12258.05, 276.92, 197.83);
INSERT INTO welldata.PRODUCTION (UWI, PROD_DATE, OIL_BBL, GAS_MCF, WATER_BBL, HOURS_ON) VALUES ('WELL00000000020', TO_DATE('2020-09-01','YYYY-MM-DD'), 2329.38, 2467.03, 686.61, 492.47);
INSERT INTO welldata.PRODUCTION (UWI, PROD_DATE, OIL_BBL, GAS_MCF, WATER_BBL, HOURS_ON) VALUES ('WELL00000000020', TO_DATE('2020-10-01','YYYY-MM-DD'), 508.62, 4403.63, 345.0, 295.05);
INSERT INTO welldata.PRODUCTION (UWI, PROD_DATE, OIL_BBL, GAS_MCF, WATER_BBL, HOURS_ON) VALUES ('WELL00000000020', TO_DATE('2020-11-01','YYYY-MM-DD'), 1241.1, 10369.8, 749.27, 246.45);
INSERT INTO welldata.PRODUCTION (UWI, PROD_DATE, OIL_BBL, GAS_MCF, WATER_BBL, HOURS_ON) VALUES ('WELL00000000020', TO_DATE('2020-12-01','YYYY-MM-DD'), 2152.17, 6275.99, 901.62, 550.54);
INSERT INTO welldata.PRODUCTION (UWI, PROD_DATE, OIL_BBL, GAS_MCF, WATER_BBL, HOURS_ON) VALUES ('WELL00000000020', TO_DATE('2021-01-01','YYYY-MM-DD'), 1083.32, 11348.49, 370.0, 710.22);
INSERT INTO welldata.PRODUCTION (UWI, PROD_DATE, OIL_BBL, GAS_MCF, WATER_BBL, HOURS_ON) VALUES ('WELL00000000020', TO_DATE('2021-02-01','YYYY-MM-DD'), 2488.34, 8593.21, 686.34, 555.32);
INSERT INTO welldata.PRODUCTION (UWI, PROD_DATE, OIL_BBL, GAS_MCF, WATER_BBL, HOURS_ON) VALUES ('WELL00000000020', TO_DATE('2021-03-01','YYYY-MM-DD'), 2722.71, 2644.07, 382.85, 190.93);
INSERT INTO welldata.PRODUCTION (UWI, PROD_DATE, OIL_BBL, GAS_MCF, WATER_BBL, HOURS_ON) VALUES ('WELL00000000020', TO_DATE('2021-04-01','YYYY-MM-DD'), 2778.5, 12147.03, 1257.3, 230.1);
INSERT INTO welldata.PRODUCTION (UWI, PROD_DATE, OIL_BBL, GAS_MCF, WATER_BBL, HOURS_ON) VALUES ('WELL00000000020', TO_DATE('2021-05-01','YYYY-MM-DD'), 1359.75, 12584.19, 1106.44, 619.95);
INSERT INTO welldata.PRODUCTION (UWI, PROD_DATE, OIL_BBL, GAS_MCF, WATER_BBL, HOURS_ON) VALUES ('WELL00000000020', TO_DATE('2021-06-01','YYYY-MM-DD'), 2900.12, 11149.2, 465.48, 316.85);
INSERT INTO welldata.PRODUCTION (UWI, PROD_DATE, OIL_BBL, GAS_MCF, WATER_BBL, HOURS_ON) VALUES ('WELL00000000020', TO_DATE('2021-07-01','YYYY-MM-DD'), 1937.92, 7895.44, 1210.75, 293.97);
INSERT INTO welldata.PRODUCTION (UWI, PROD_DATE, OIL_BBL, GAS_MCF, WATER_BBL, HOURS_ON) VALUES ('WELL00000000020', TO_DATE('2021-08-01','YYYY-MM-DD'), 1187.69, 1797.2, 316.68, 269.54);
INSERT INTO welldata.PRODUCTION (UWI, PROD_DATE, OIL_BBL, GAS_MCF, WATER_BBL, HOURS_ON) VALUES ('WELL00000000020', TO_DATE('2021-09-01','YYYY-MM-DD'), 1583.47, 11385.15, 705.04, 306.14);
INSERT INTO welldata.PRODUCTION (UWI, PROD_DATE, OIL_BBL, GAS_MCF, WATER_BBL, HOURS_ON) VALUES ('WELL00000000020', TO_DATE('2021-10-01','YYYY-MM-DD'), 837.85, 9241.58, 716.23, 390.34);
INSERT INTO welldata.PRODUCTION (UWI, PROD_DATE, OIL_BBL, GAS_MCF, WATER_BBL, HOURS_ON) VALUES ('WELL00000000020', TO_DATE('2021-11-01','YYYY-MM-DD'), 2122.12, 3027.2, 887.96, 454.89);
INSERT INTO welldata.PRODUCTION (UWI, PROD_DATE, OIL_BBL, GAS_MCF, WATER_BBL, HOURS_ON) VALUES ('WELL00000000020', TO_DATE('2021-12-01','YYYY-MM-DD'), 654.67, 12881.91, 1259.94, 482.34);
INSERT INTO welldata.PRODUCTION (UWI, PROD_DATE, OIL_BBL, GAS_MCF, WATER_BBL, HOURS_ON) VALUES ('WELL00000000020', TO_DATE('2022-01-01','YYYY-MM-DD'), 1067.36, 1988.01, 253.83, 301.7);
INSERT INTO welldata.PRODUCTION (UWI, PROD_DATE, OIL_BBL, GAS_MCF, WATER_BBL, HOURS_ON) VALUES ('WELL00000000020', TO_DATE('2022-02-01','YYYY-MM-DD'), 943.75, 12007.75, 782.75, 281.2);
INSERT INTO welldata.PRODUCTION (UWI, PROD_DATE, OIL_BBL, GAS_MCF, WATER_BBL, HOURS_ON) VALUES ('WELL00000000020', TO_DATE('2022-03-01','YYYY-MM-DD'), 2932.9, 11969.97, 310.74, 644.31);
INSERT INTO welldata.PRODUCTION (UWI, PROD_DATE, OIL_BBL, GAS_MCF, WATER_BBL, HOURS_ON) VALUES ('WELL00000000020', TO_DATE('2022-04-01','YYYY-MM-DD'), 1756.86, 11751.34, 1121.61, 612.68);
INSERT INTO welldata.PRODUCTION (UWI, PROD_DATE, OIL_BBL, GAS_MCF, WATER_BBL, HOURS_ON) VALUES ('WELL00000000020', TO_DATE('2022-05-01','YYYY-MM-DD'), 2495.55, 13641.92, 935.47, 520.61);
INSERT INTO welldata.PRODUCTION (UWI, PROD_DATE, OIL_BBL, GAS_MCF, WATER_BBL, HOURS_ON) VALUES ('WELL00000000020', TO_DATE('2022-06-01','YYYY-MM-DD'), 1991.9, 2315.16, 396.27, 245.07);
INSERT INTO welldata.PRODUCTION (UWI, PROD_DATE, OIL_BBL, GAS_MCF, WATER_BBL, HOURS_ON) VALUES ('WELL00000000020', TO_DATE('2022-07-01','YYYY-MM-DD'), 289.51, 13559.03, 846.99, 629.93);
INSERT INTO welldata.PRODUCTION (UWI, PROD_DATE, OIL_BBL, GAS_MCF, WATER_BBL, HOURS_ON) VALUES ('WELL00000000020', TO_DATE('2022-08-01','YYYY-MM-DD'), 1013.42, 2187.52, 1129.22, 229.97);
INSERT INTO welldata.PRODUCTION (UWI, PROD_DATE, OIL_BBL, GAS_MCF, WATER_BBL, HOURS_ON) VALUES ('WELL00000000020', TO_DATE('2022-09-01','YYYY-MM-DD'), 580.31, 2992.0, 397.05, 359.44);
INSERT INTO welldata.PRODUCTION (UWI, PROD_DATE, OIL_BBL, GAS_MCF, WATER_BBL, HOURS_ON) VALUES ('WELL00000000020', TO_DATE('2022-10-01','YYYY-MM-DD'), 1945.04, 4651.67, 469.89, 687.64);
INSERT INTO welldata.PRODUCTION (UWI, PROD_DATE, OIL_BBL, GAS_MCF, WATER_BBL, HOURS_ON) VALUES ('WELL00000000020', TO_DATE('2022-11-01','YYYY-MM-DD'), 493.09, 14244.36, 957.55, 372.12);
INSERT INTO welldata.PRODUCTION (UWI, PROD_DATE, OIL_BBL, GAS_MCF, WATER_BBL, HOURS_ON) VALUES ('WELL00000000020', TO_DATE('2022-12-01','YYYY-MM-DD'), 740.62, 6436.63, 1189.29, 185.04);
INSERT INTO welldata.PRODUCTION (UWI, PROD_DATE, OIL_BBL, GAS_MCF, WATER_BBL, HOURS_ON) VALUES ('WELL00000000020', TO_DATE('2023-01-01','YYYY-MM-DD'), 2169.96, 8372.94, 1104.08, 487.63);
INSERT INTO welldata.PRODUCTION (UWI, PROD_DATE, OIL_BBL, GAS_MCF, WATER_BBL, HOURS_ON) VALUES ('WELL00000000020', TO_DATE('2023-02-01','YYYY-MM-DD'), 443.84, 11994.62, 1076.37, 538.92);
INSERT INTO welldata.PRODUCTION (UWI, PROD_DATE, OIL_BBL, GAS_MCF, WATER_BBL, HOURS_ON) VALUES ('WELL00000000020', TO_DATE('2023-03-01','YYYY-MM-DD'), 791.23, 9420.49, 1214.97, 518.11);
INSERT INTO welldata.PRODUCTION (UWI, PROD_DATE, OIL_BBL, GAS_MCF, WATER_BBL, HOURS_ON) VALUES ('WELL00000000020', TO_DATE('2023-04-01','YYYY-MM-DD'), 884.39, 3998.53, 1268.07, 538.98);
INSERT INTO welldata.PRODUCTION (UWI, PROD_DATE, OIL_BBL, GAS_MCF, WATER_BBL, HOURS_ON) VALUES ('WELL00000000020', TO_DATE('2023-05-01','YYYY-MM-DD'), 1058.42, 12433.56, 109.25, 574.87);
INSERT INTO welldata.PRODUCTION (UWI, PROD_DATE, OIL_BBL, GAS_MCF, WATER_BBL, HOURS_ON) VALUES ('WELL00000000020', TO_DATE('2023-06-01','YYYY-MM-DD'), 887.93, 5085.9, 634.19, 365.4);
INSERT INTO welldata.PRODUCTION (UWI, PROD_DATE, OIL_BBL, GAS_MCF, WATER_BBL, HOURS_ON) VALUES ('WELL00000000020', TO_DATE('2023-07-01','YYYY-MM-DD'), 1717.25, 1269.78, 1477.34, 597.8);
INSERT INTO welldata.PRODUCTION (UWI, PROD_DATE, OIL_BBL, GAS_MCF, WATER_BBL, HOURS_ON) VALUES ('WELL00000000020', TO_DATE('2023-08-01','YYYY-MM-DD'), 1060.79, 6392.52, 122.02, 151.58);
INSERT INTO welldata.PRODUCTION (UWI, PROD_DATE, OIL_BBL, GAS_MCF, WATER_BBL, HOURS_ON) VALUES ('WELL00000000020', TO_DATE('2023-09-01','YYYY-MM-DD'), 940.37, 5200.1, 94.2, 400.45);
INSERT INTO welldata.PRODUCTION (UWI, PROD_DATE, OIL_BBL, GAS_MCF, WATER_BBL, HOURS_ON) VALUES ('WELL00000000020', TO_DATE('2023-10-01','YYYY-MM-DD'), 2974.52, 12947.6, 284.19, 412.98);
INSERT INTO welldata.PRODUCTION (UWI, PROD_DATE, OIL_BBL, GAS_MCF, WATER_BBL, HOURS_ON) VALUES ('WELL00000000020', TO_DATE('2023-11-01','YYYY-MM-DD'), 1566.6, 9195.68, 1253.45, 347.31);
INSERT INTO welldata.PRODUCTION (UWI, PROD_DATE, OIL_BBL, GAS_MCF, WATER_BBL, HOURS_ON) VALUES ('WELL00000000020', TO_DATE('2023-12-01','YYYY-MM-DD'), 2138.61, 8921.15, 546.59, 622.81);
INSERT INTO welldata.PRODUCTION (UWI, PROD_DATE, OIL_BBL, GAS_MCF, WATER_BBL, HOURS_ON) VALUES ('WELL00000000020', TO_DATE('2024-01-01','YYYY-MM-DD'), 2810.11, 1715.98, 542.23, 170.9);
INSERT INTO welldata.PRODUCTION (UWI, PROD_DATE, OIL_BBL, GAS_MCF, WATER_BBL, HOURS_ON) VALUES ('WELL00000000020', TO_DATE('2024-02-01','YYYY-MM-DD'), 2374.74, 5131.34, 583.39, 332.91);
INSERT INTO welldata.PRODUCTION (UWI, PROD_DATE, OIL_BBL, GAS_MCF, WATER_BBL, HOURS_ON) VALUES ('WELL00000000020', TO_DATE('2024-03-01','YYYY-MM-DD'), 99.5, 10666.21, 144.75, 681.16);
INSERT INTO welldata.PRODUCTION (UWI, PROD_DATE, OIL_BBL, GAS_MCF, WATER_BBL, HOURS_ON) VALUES ('WELL00000000020', TO_DATE('2024-04-01','YYYY-MM-DD'), 1763.58, 11215.75, 1388.96, 347.07);
INSERT INTO welldata.PRODUCTION (UWI, PROD_DATE, OIL_BBL, GAS_MCF, WATER_BBL, HOURS_ON) VALUES ('WELL00000000020', TO_DATE('2024-05-01','YYYY-MM-DD'), 629.62, 2565.87, 1284.36, 286.58);
INSERT INTO welldata.PRODUCTION (UWI, PROD_DATE, OIL_BBL, GAS_MCF, WATER_BBL, HOURS_ON) VALUES ('WELL00000000020', TO_DATE('2024-06-01','YYYY-MM-DD'), 2466.45, 10333.17, 343.7, 395.43);
INSERT INTO welldata.PRODUCTION (UWI, PROD_DATE, OIL_BBL, GAS_MCF, WATER_BBL, HOURS_ON) VALUES ('WELL00000000020', TO_DATE('2024-07-01','YYYY-MM-DD'), 377.01, 10712.63, 603.24, 711.44);
INSERT INTO welldata.PRODUCTION (UWI, PROD_DATE, OIL_BBL, GAS_MCF, WATER_BBL, HOURS_ON) VALUES ('WELL00000000020', TO_DATE('2024-08-01','YYYY-MM-DD'), 99.78, 14842.73, 132.58, 430.67);
INSERT INTO welldata.PRODUCTION (UWI, PROD_DATE, OIL_BBL, GAS_MCF, WATER_BBL, HOURS_ON) VALUES ('WELL00000000020', TO_DATE('2024-09-01','YYYY-MM-DD'), 642.7, 4361.09, 1359.74, 230.28);
INSERT INTO welldata.PRODUCTION (UWI, PROD_DATE, OIL_BBL, GAS_MCF, WATER_BBL, HOURS_ON) VALUES ('WELL00000000020', TO_DATE('2024-10-01','YYYY-MM-DD'), 2494.08, 2592.96, 1300.18, 214.4);
INSERT INTO welldata.PRODUCTION (UWI, PROD_DATE, OIL_BBL, GAS_MCF, WATER_BBL, HOURS_ON) VALUES ('WELL00000000020', TO_DATE('2024-11-01','YYYY-MM-DD'), 2651.11, 10521.67, 1054.1, 394.22);
INSERT INTO welldata.PRODUCTION (UWI, PROD_DATE, OIL_BBL, GAS_MCF, WATER_BBL, HOURS_ON) VALUES ('WELL00000000020', TO_DATE('2024-12-01','YYYY-MM-DD'), 1639.83, 11460.1, 1097.93, 204.61);
INSERT INTO welldata.FORMATION_TOPS (UWI, FORMATION, TOP_DEPTH_M, BASE_DEPTH_M, LITHOLOGY) VALUES ('WELL00000000020', 'Rajahmundry', 657, 795, 'SANDSTONE');
INSERT INTO welldata.FORMATION_TOPS (UWI, FORMATION, TOP_DEPTH_M, BASE_DEPTH_M, LITHOLOGY) VALUES ('WELL00000000020', 'Bengal', 813, 933, 'LIMESTONE');
INSERT INTO welldata.FORMATION_TOPS (UWI, FORMATION, TOP_DEPTH_M, BASE_DEPTH_M, LITHOLOGY) VALUES ('WELL00000000020', 'Sanchore', 1484, 1714, 'SHALE');
INSERT INTO welldata.FORMATION_TOPS (UWI, FORMATION, TOP_DEPTH_M, BASE_DEPTH_M, LITHOLOGY) VALUES ('WELL00000000020', 'Barmer', 1619, 1838, 'DOLOMITE');
INSERT INTO welldata.CORE_ANALYSIS (UWI, CORE_RUN, TOP_DEPTH_M, BASE_DEPTH_M, GRAIN_DENSITY, BULK_DENSITY, RECOVERY_PCT) VALUES ('WELL00000000020', 1, 1613, 1715, 2.549, 2.1808, 72.17);
INSERT INTO welldata.CORE_ANALYSIS (UWI, CORE_RUN, TOP_DEPTH_M, BASE_DEPTH_M, GRAIN_DENSITY, BULK_DENSITY, RECOVERY_PCT) VALUES ('WELL00000000020', 2, 2051, 2138, 2.7733, 2.3997, 69.94);
INSERT INTO welldata.WELL (UWI, WELL_NAME, OPERATOR, COUNTRY, BASIN, FIELD_NAME, SPUD_DATE, COMPLETION_DATE, WELL_TYPE, WELL_STATUS, SURFACE_LAT, SURFACE_LON, TOTAL_DEPTH_M, KB_ELEVATION_M) VALUES ('WELL00000000021', 'CAIR-RA-021', 'Cairn India', 'India', 'Rajasthan', 'Rajasthan Field 2', TO_DATE('2009-01-18','YYYY-MM-DD'), NULL, 'EXPLORATION', 'ACTIVE', 22.697609, 73.702806, 1955, 74.96);
INSERT INTO welldata.BOREHOLE (UBHI, UWI, BOREHOLE_NAME, BOREHOLE_TYPE, TOP_DEPTH_M, BASE_DEPTH_M) VALUES ('WELL00000000021-BH1', 'WELL00000000021', 'CAIR-RA-021-BH1', 'DIRECTIONAL', 543, 1297);
INSERT INTO welldata.PETROPHYSICS (UBHI, SAMPLE_DEPTH_M, POROSITY, PERMEABILITY, WATER_SAT, FORMATION) VALUES ('WELL00000000021-BH1', 1000, 0.2486, 323.7365, 0.5743, 'Rajahmundry');
INSERT INTO welldata.PETROPHYSICS (UBHI, SAMPLE_DEPTH_M, POROSITY, PERMEABILITY, WATER_SAT, FORMATION) VALUES ('WELL00000000021-BH1', 1020, 0.273, 355.1286, 0.4059, 'Barmer');
INSERT INTO welldata.PETROPHYSICS (UBHI, SAMPLE_DEPTH_M, POROSITY, PERMEABILITY, WATER_SAT, FORMATION) VALUES ('WELL00000000021-BH1', 1040, 0.1798, 216.9786, 0.2557, 'Barmer');
INSERT INTO welldata.PETROPHYSICS (UBHI, SAMPLE_DEPTH_M, POROSITY, PERMEABILITY, WATER_SAT, FORMATION) VALUES ('WELL00000000021-BH1', 1060, 0.0488, 12.2804, 0.6552, 'Rajahmundry');
INSERT INTO welldata.PETROPHYSICS (UBHI, SAMPLE_DEPTH_M, POROSITY, PERMEABILITY, WATER_SAT, FORMATION) VALUES ('WELL00000000021-BH1', 1080, 0.1745, 340.4417, 0.7478, 'Bengal');
INSERT INTO welldata.PETROPHYSICS (UBHI, SAMPLE_DEPTH_M, POROSITY, PERMEABILITY, WATER_SAT, FORMATION) VALUES ('WELL00000000021-BH1', 1100, 0.1682, 434.5693, 0.6757, 'Bengal');
INSERT INTO welldata.PETROPHYSICS (UBHI, SAMPLE_DEPTH_M, POROSITY, PERMEABILITY, WATER_SAT, FORMATION) VALUES ('WELL00000000021-BH1', 1120, 0.1209, 175.0702, 0.1981, 'Barmer');
INSERT INTO welldata.PETROPHYSICS (UBHI, SAMPLE_DEPTH_M, POROSITY, PERMEABILITY, WATER_SAT, FORMATION) VALUES ('WELL00000000021-BH1', 1140, 0.0976, 58.3939, 0.367, 'Bengal');
INSERT INTO welldata.PETROPHYSICS (UBHI, SAMPLE_DEPTH_M, POROSITY, PERMEABILITY, WATER_SAT, FORMATION) VALUES ('WELL00000000021-BH1', 1160, 0.2716, 264.1584, 0.6094, 'Barmer');
INSERT INTO welldata.PETROPHYSICS (UBHI, SAMPLE_DEPTH_M, POROSITY, PERMEABILITY, WATER_SAT, FORMATION) VALUES ('WELL00000000021-BH1', 1180, 0.1919, 349.4821, 0.162, 'Rajahmundry');
INSERT INTO welldata.PETROPHYSICS (UBHI, SAMPLE_DEPTH_M, POROSITY, PERMEABILITY, WATER_SAT, FORMATION) VALUES ('WELL00000000021-BH1', 1200, 0.2051, 360.92, 0.562, 'Bengal');
INSERT INTO welldata.PETROPHYSICS (UBHI, SAMPLE_DEPTH_M, POROSITY, PERMEABILITY, WATER_SAT, FORMATION) VALUES ('WELL00000000021-BH1', 1220, 0.1716, 296.7571, 0.4781, 'Barmer');
INSERT INTO welldata.PETROPHYSICS (UBHI, SAMPLE_DEPTH_M, POROSITY, PERMEABILITY, WATER_SAT, FORMATION) VALUES ('WELL00000000021-BH1', 1240, 0.1791, 397.8619, 0.3529, 'Sanchore');
INSERT INTO welldata.PETROPHYSICS (UBHI, SAMPLE_DEPTH_M, POROSITY, PERMEABILITY, WATER_SAT, FORMATION) VALUES ('WELL00000000021-BH1', 1260, 0.185, 291.0977, 0.3951, 'Sanchore');
INSERT INTO welldata.PETROPHYSICS (UBHI, SAMPLE_DEPTH_M, POROSITY, PERMEABILITY, WATER_SAT, FORMATION) VALUES ('WELL00000000021-BH1', 1280, 0.2259, 354.3942, 0.5637, 'Barmer');
INSERT INTO welldata.PETROPHYSICS (UBHI, SAMPLE_DEPTH_M, POROSITY, PERMEABILITY, WATER_SAT, FORMATION) VALUES ('WELL00000000021-BH1', 1300, 0.192, 407.8782, 0.1729, 'Sanchore');
INSERT INTO welldata.PETROPHYSICS (UBHI, SAMPLE_DEPTH_M, POROSITY, PERMEABILITY, WATER_SAT, FORMATION) VALUES ('WELL00000000021-BH1', 1320, 0.2715, 87.7151, 0.2874, 'Rajahmundry');
INSERT INTO welldata.PETROPHYSICS (UBHI, SAMPLE_DEPTH_M, POROSITY, PERMEABILITY, WATER_SAT, FORMATION) VALUES ('WELL00000000021-BH1', 1340, 0.2004, 155.394, 0.5147, 'Barmer');
INSERT INTO welldata.PETROPHYSICS (UBHI, SAMPLE_DEPTH_M, POROSITY, PERMEABILITY, WATER_SAT, FORMATION) VALUES ('WELL00000000021-BH1', 1360, 0.0941, 15.9354, 0.2791, 'Bengal');
INSERT INTO welldata.PETROPHYSICS (UBHI, SAMPLE_DEPTH_M, POROSITY, PERMEABILITY, WATER_SAT, FORMATION) VALUES ('WELL00000000021-BH1', 1380, 0.2061, 335.3532, 0.3491, 'Barmer');
INSERT INTO welldata.PETROPHYSICS (UBHI, SAMPLE_DEPTH_M, POROSITY, PERMEABILITY, WATER_SAT, FORMATION) VALUES ('WELL00000000021-BH1', 1400, 0.0576, 155.719, 0.597, 'Rajahmundry');
INSERT INTO welldata.PETROPHYSICS (UBHI, SAMPLE_DEPTH_M, POROSITY, PERMEABILITY, WATER_SAT, FORMATION) VALUES ('WELL00000000021-BH1', 1420, 0.0403, 224.5317, 0.385, 'Barmer');
INSERT INTO welldata.PETROPHYSICS (UBHI, SAMPLE_DEPTH_M, POROSITY, PERMEABILITY, WATER_SAT, FORMATION) VALUES ('WELL00000000021-BH1', 1440, 0.2553, 401.3394, 0.7145, 'Bengal');
INSERT INTO welldata.PETROPHYSICS (UBHI, SAMPLE_DEPTH_M, POROSITY, PERMEABILITY, WATER_SAT, FORMATION) VALUES ('WELL00000000021-BH1', 1460, 0.2799, 141.9829, 0.6231, 'Barmer');
INSERT INTO welldata.PETROPHYSICS (UBHI, SAMPLE_DEPTH_M, POROSITY, PERMEABILITY, WATER_SAT, FORMATION) VALUES ('WELL00000000021-BH1', 1480, 0.0663, 191.5219, 0.3696, 'Bengal');
INSERT INTO welldata.PETROPHYSICS (UBHI, SAMPLE_DEPTH_M, POROSITY, PERMEABILITY, WATER_SAT, FORMATION) VALUES ('WELL00000000021-BH1', 1500, 0.217, 118.7905, 0.6739, 'Bengal');
INSERT INTO welldata.PETROPHYSICS (UBHI, SAMPLE_DEPTH_M, POROSITY, PERMEABILITY, WATER_SAT, FORMATION) VALUES ('WELL00000000021-BH1', 1520, 0.1734, 63.9472, 0.6889, 'Sanchore');
INSERT INTO welldata.PETROPHYSICS (UBHI, SAMPLE_DEPTH_M, POROSITY, PERMEABILITY, WATER_SAT, FORMATION) VALUES ('WELL00000000021-BH1', 1540, 0.2056, 106.7847, 0.4344, 'Rajahmundry');
INSERT INTO welldata.PETROPHYSICS (UBHI, SAMPLE_DEPTH_M, POROSITY, PERMEABILITY, WATER_SAT, FORMATION) VALUES ('WELL00000000021-BH1', 1560, 0.2615, 175.169, 0.4052, 'Sanchore');
INSERT INTO welldata.PETROPHYSICS (UBHI, SAMPLE_DEPTH_M, POROSITY, PERMEABILITY, WATER_SAT, FORMATION) VALUES ('WELL00000000021-BH1', 1580, 0.2577, 286.4976, 0.5543, 'Sanchore');
INSERT INTO welldata.PETROPHYSICS (UBHI, SAMPLE_DEPTH_M, POROSITY, PERMEABILITY, WATER_SAT, FORMATION) VALUES ('WELL00000000021-BH1', 1600, 0.1815, 246.0596, 0.2958, 'Bengal');
INSERT INTO welldata.PETROPHYSICS (UBHI, SAMPLE_DEPTH_M, POROSITY, PERMEABILITY, WATER_SAT, FORMATION) VALUES ('WELL00000000021-BH1', 1620, 0.1182, 241.379, 0.2206, 'Rajahmundry');
INSERT INTO welldata.PETROPHYSICS (UBHI, SAMPLE_DEPTH_M, POROSITY, PERMEABILITY, WATER_SAT, FORMATION) VALUES ('WELL00000000021-BH1', 1640, 0.0491, 325.7244, 0.4329, 'Sanchore');
INSERT INTO welldata.PETROPHYSICS (UBHI, SAMPLE_DEPTH_M, POROSITY, PERMEABILITY, WATER_SAT, FORMATION) VALUES ('WELL00000000021-BH1', 1660, 0.1327, 139.0559, 0.6439, 'Bengal');
INSERT INTO welldata.PETROPHYSICS (UBHI, SAMPLE_DEPTH_M, POROSITY, PERMEABILITY, WATER_SAT, FORMATION) VALUES ('WELL00000000021-BH1', 1680, 0.199, 352.4772, 0.4527, 'Bengal');
INSERT INTO welldata.PETROPHYSICS (UBHI, SAMPLE_DEPTH_M, POROSITY, PERMEABILITY, WATER_SAT, FORMATION) VALUES ('WELL00000000021-BH1', 1700, 0.132, 157.2485, 0.6285, 'Barmer');
INSERT INTO welldata.PETROPHYSICS (UBHI, SAMPLE_DEPTH_M, POROSITY, PERMEABILITY, WATER_SAT, FORMATION) VALUES ('WELL00000000021-BH1', 1720, 0.1137, 245.9404, 0.4811, 'Sanchore');
INSERT INTO welldata.PETROPHYSICS (UBHI, SAMPLE_DEPTH_M, POROSITY, PERMEABILITY, WATER_SAT, FORMATION) VALUES ('WELL00000000021-BH1', 1740, 0.1852, 125.2063, 0.3992, 'Bengal');
INSERT INTO welldata.PETROPHYSICS (UBHI, SAMPLE_DEPTH_M, POROSITY, PERMEABILITY, WATER_SAT, FORMATION) VALUES ('WELL00000000021-BH1', 1760, 0.0809, 417.7216, 0.6545, 'Rajahmundry');
INSERT INTO welldata.PETROPHYSICS (UBHI, SAMPLE_DEPTH_M, POROSITY, PERMEABILITY, WATER_SAT, FORMATION) VALUES ('WELL00000000021-BH1', 1780, 0.1103, 239.8817, 0.5724, 'Sanchore');
INSERT INTO welldata.PETROPHYSICS (UBHI, SAMPLE_DEPTH_M, POROSITY, PERMEABILITY, WATER_SAT, FORMATION) VALUES ('WELL00000000021-BH1', 1800, 0.2666, 71.0425, 0.1609, 'Bengal');
INSERT INTO welldata.PETROPHYSICS (UBHI, SAMPLE_DEPTH_M, POROSITY, PERMEABILITY, WATER_SAT, FORMATION) VALUES ('WELL00000000021-BH1', 1820, 0.1858, 328.3772, 0.5089, 'Barmer');
INSERT INTO welldata.PETROPHYSICS (UBHI, SAMPLE_DEPTH_M, POROSITY, PERMEABILITY, WATER_SAT, FORMATION) VALUES ('WELL00000000021-BH1', 1840, 0.2733, 220.6573, 0.6457, 'Bengal');
INSERT INTO welldata.PETROPHYSICS (UBHI, SAMPLE_DEPTH_M, POROSITY, PERMEABILITY, WATER_SAT, FORMATION) VALUES ('WELL00000000021-BH1', 1860, 0.0751, 336.8831, 0.2217, 'Sanchore');
INSERT INTO welldata.PETROPHYSICS (UBHI, SAMPLE_DEPTH_M, POROSITY, PERMEABILITY, WATER_SAT, FORMATION) VALUES ('WELL00000000021-BH1', 1880, 0.2419, 112.4254, 0.1926, 'Sanchore');
INSERT INTO welldata.PETROPHYSICS (UBHI, SAMPLE_DEPTH_M, POROSITY, PERMEABILITY, WATER_SAT, FORMATION) VALUES ('WELL00000000021-BH1', 1900, 0.1682, 153.2107, 0.5193, 'Barmer');
INSERT INTO welldata.PETROPHYSICS (UBHI, SAMPLE_DEPTH_M, POROSITY, PERMEABILITY, WATER_SAT, FORMATION) VALUES ('WELL00000000021-BH1', 1920, 0.2494, 317.5983, 0.233, 'Rajahmundry');
INSERT INTO welldata.PETROPHYSICS (UBHI, SAMPLE_DEPTH_M, POROSITY, PERMEABILITY, WATER_SAT, FORMATION) VALUES ('WELL00000000021-BH1', 1940, 0.0998, 447.6426, 0.1983, 'Barmer');
INSERT INTO welldata.PETROPHYSICS (UBHI, SAMPLE_DEPTH_M, POROSITY, PERMEABILITY, WATER_SAT, FORMATION) VALUES ('WELL00000000021-BH1', 1960, 0.1424, 345.2947, 0.5257, 'Rajahmundry');
INSERT INTO welldata.PETROPHYSICS (UBHI, SAMPLE_DEPTH_M, POROSITY, PERMEABILITY, WATER_SAT, FORMATION) VALUES ('WELL00000000021-BH1', 1980, 0.1795, 445.0184, 0.64, 'Sanchore');
INSERT INTO welldata.PETROPHYSICS (UBHI, SAMPLE_DEPTH_M, POROSITY, PERMEABILITY, WATER_SAT, FORMATION) VALUES ('WELL00000000021-BH1', 2000, 0.2595, 353.0004, 0.6745, 'Bengal');
INSERT INTO welldata.PETROPHYSICS (UBHI, SAMPLE_DEPTH_M, POROSITY, PERMEABILITY, WATER_SAT, FORMATION) VALUES ('WELL00000000021-BH1', 2020, 0.2075, 149.1625, 0.2046, 'Sanchore');
INSERT INTO welldata.PETROPHYSICS (UBHI, SAMPLE_DEPTH_M, POROSITY, PERMEABILITY, WATER_SAT, FORMATION) VALUES ('WELL00000000021-BH1', 2040, 0.2462, 144.32, 0.3091, 'Sanchore');
INSERT INTO welldata.PETROPHYSICS (UBHI, SAMPLE_DEPTH_M, POROSITY, PERMEABILITY, WATER_SAT, FORMATION) VALUES ('WELL00000000021-BH1', 2060, 0.2061, 227.5454, 0.3915, 'Barmer');
INSERT INTO welldata.PETROPHYSICS (UBHI, SAMPLE_DEPTH_M, POROSITY, PERMEABILITY, WATER_SAT, FORMATION) VALUES ('WELL00000000021-BH1', 2080, 0.1472, 421.3056, 0.5821, 'Sanchore');
INSERT INTO welldata.PETROPHYSICS (UBHI, SAMPLE_DEPTH_M, POROSITY, PERMEABILITY, WATER_SAT, FORMATION) VALUES ('WELL00000000021-BH1', 2100, 0.2729, 238.9702, 0.2138, 'Barmer');
INSERT INTO welldata.PETROPHYSICS (UBHI, SAMPLE_DEPTH_M, POROSITY, PERMEABILITY, WATER_SAT, FORMATION) VALUES ('WELL00000000021-BH1', 2120, 0.2027, 26.116, 0.2406, 'Rajahmundry');
INSERT INTO welldata.PETROPHYSICS (UBHI, SAMPLE_DEPTH_M, POROSITY, PERMEABILITY, WATER_SAT, FORMATION) VALUES ('WELL00000000021-BH1', 2140, 0.0669, 329.2821, 0.5448, 'Barmer');
INSERT INTO welldata.PETROPHYSICS (UBHI, SAMPLE_DEPTH_M, POROSITY, PERMEABILITY, WATER_SAT, FORMATION) VALUES ('WELL00000000021-BH1', 2160, 0.1223, 123.0739, 0.1899, 'Bengal');
INSERT INTO welldata.PETROPHYSICS (UBHI, SAMPLE_DEPTH_M, POROSITY, PERMEABILITY, WATER_SAT, FORMATION) VALUES ('WELL00000000021-BH1', 2180, 0.1006, 59.5689, 0.2831, 'Rajahmundry');
INSERT INTO welldata.PETROPHYSICS (UBHI, SAMPLE_DEPTH_M, POROSITY, PERMEABILITY, WATER_SAT, FORMATION) VALUES ('WELL00000000021-BH1', 2200, 0.176, 419.5444, 0.7028, 'Bengal');
INSERT INTO welldata.PETROPHYSICS (UBHI, SAMPLE_DEPTH_M, POROSITY, PERMEABILITY, WATER_SAT, FORMATION) VALUES ('WELL00000000021-BH1', 2220, 0.1235, 310.5795, 0.6234, 'Rajahmundry');
INSERT INTO welldata.PETROPHYSICS (UBHI, SAMPLE_DEPTH_M, POROSITY, PERMEABILITY, WATER_SAT, FORMATION) VALUES ('WELL00000000021-BH1', 2240, 0.154, 414.9435, 0.3587, 'Bengal');
INSERT INTO welldata.PETROPHYSICS (UBHI, SAMPLE_DEPTH_M, POROSITY, PERMEABILITY, WATER_SAT, FORMATION) VALUES ('WELL00000000021-BH1', 2260, 0.0808, 353.8917, 0.5338, 'Barmer');
INSERT INTO welldata.PETROPHYSICS (UBHI, SAMPLE_DEPTH_M, POROSITY, PERMEABILITY, WATER_SAT, FORMATION) VALUES ('WELL00000000021-BH1', 2280, 0.0899, 70.6313, 0.5193, 'Sanchore');
INSERT INTO welldata.PETROPHYSICS (UBHI, SAMPLE_DEPTH_M, POROSITY, PERMEABILITY, WATER_SAT, FORMATION) VALUES ('WELL00000000021-BH1', 2300, 0.2311, 190.4986, 0.3409, 'Sanchore');
INSERT INTO welldata.PETROPHYSICS (UBHI, SAMPLE_DEPTH_M, POROSITY, PERMEABILITY, WATER_SAT, FORMATION) VALUES ('WELL00000000021-BH1', 2320, 0.2738, 218.1863, 0.6835, 'Sanchore');
INSERT INTO welldata.PETROPHYSICS (UBHI, SAMPLE_DEPTH_M, POROSITY, PERMEABILITY, WATER_SAT, FORMATION) VALUES ('WELL00000000021-BH1', 2340, 0.2173, 10.0704, 0.4443, 'Bengal');
INSERT INTO welldata.PETROPHYSICS (UBHI, SAMPLE_DEPTH_M, POROSITY, PERMEABILITY, WATER_SAT, FORMATION) VALUES ('WELL00000000021-BH1', 2360, 0.2655, 37.2827, 0.3791, 'Sanchore');
INSERT INTO welldata.PETROPHYSICS (UBHI, SAMPLE_DEPTH_M, POROSITY, PERMEABILITY, WATER_SAT, FORMATION) VALUES ('WELL00000000021-BH1', 2380, 0.0486, 147.2656, 0.463, 'Rajahmundry');
INSERT INTO welldata.PETROPHYSICS (UBHI, SAMPLE_DEPTH_M, POROSITY, PERMEABILITY, WATER_SAT, FORMATION) VALUES ('WELL00000000021-BH1', 2400, 0.2291, 252.6732, 0.549, 'Barmer');
INSERT INTO welldata.PETROPHYSICS (UBHI, SAMPLE_DEPTH_M, POROSITY, PERMEABILITY, WATER_SAT, FORMATION) VALUES ('WELL00000000021-BH1', 2420, 0.1225, 171.441, 0.3123, 'Barmer');
INSERT INTO welldata.PETROPHYSICS (UBHI, SAMPLE_DEPTH_M, POROSITY, PERMEABILITY, WATER_SAT, FORMATION) VALUES ('WELL00000000021-BH1', 2440, 0.1486, 349.4875, 0.3317, 'Rajahmundry');
INSERT INTO welldata.PETROPHYSICS (UBHI, SAMPLE_DEPTH_M, POROSITY, PERMEABILITY, WATER_SAT, FORMATION) VALUES ('WELL00000000021-BH1', 2460, 0.2051, 124.1437, 0.7116, 'Sanchore');
INSERT INTO welldata.PETROPHYSICS (UBHI, SAMPLE_DEPTH_M, POROSITY, PERMEABILITY, WATER_SAT, FORMATION) VALUES ('WELL00000000021-BH1', 2480, 0.1323, 350.2035, 0.6638, 'Rajahmundry');
INSERT INTO welldata.PETROPHYSICS (UBHI, SAMPLE_DEPTH_M, POROSITY, PERMEABILITY, WATER_SAT, FORMATION) VALUES ('WELL00000000021-BH1', 2500, 0.0466, 7.8345, 0.5681, 'Sanchore');
INSERT INTO welldata.PETROPHYSICS (UBHI, SAMPLE_DEPTH_M, POROSITY, PERMEABILITY, WATER_SAT, FORMATION) VALUES ('WELL00000000021-BH1', 2520, 0.1587, 340.7456, 0.2523, 'Barmer');
INSERT INTO welldata.PETROPHYSICS (UBHI, SAMPLE_DEPTH_M, POROSITY, PERMEABILITY, WATER_SAT, FORMATION) VALUES ('WELL00000000021-BH1', 2540, 0.2156, 445.4743, 0.583, 'Sanchore');
INSERT INTO welldata.PETROPHYSICS (UBHI, SAMPLE_DEPTH_M, POROSITY, PERMEABILITY, WATER_SAT, FORMATION) VALUES ('WELL00000000021-BH1', 2560, 0.2628, 332.2629, 0.3311, 'Bengal');
INSERT INTO welldata.PETROPHYSICS (UBHI, SAMPLE_DEPTH_M, POROSITY, PERMEABILITY, WATER_SAT, FORMATION) VALUES ('WELL00000000021-BH1', 2580, 0.2543, 214.5783, 0.183, 'Sanchore');
INSERT INTO welldata.PETROPHYSICS (UBHI, SAMPLE_DEPTH_M, POROSITY, PERMEABILITY, WATER_SAT, FORMATION) VALUES ('WELL00000000021-BH1', 2600, 0.2274, 293.3345, 0.3441, 'Bengal');
INSERT INTO welldata.PETROPHYSICS (UBHI, SAMPLE_DEPTH_M, POROSITY, PERMEABILITY, WATER_SAT, FORMATION) VALUES ('WELL00000000021-BH1', 2620, 0.1586, 301.6914, 0.5499, 'Barmer');
INSERT INTO welldata.PETROPHYSICS (UBHI, SAMPLE_DEPTH_M, POROSITY, PERMEABILITY, WATER_SAT, FORMATION) VALUES ('WELL00000000021-BH1', 2640, 0.2349, 346.0236, 0.2499, 'Bengal');
INSERT INTO welldata.PETROPHYSICS (UBHI, SAMPLE_DEPTH_M, POROSITY, PERMEABILITY, WATER_SAT, FORMATION) VALUES ('WELL00000000021-BH1', 2660, 0.1992, 42.666, 0.297, 'Sanchore');
INSERT INTO welldata.PETROPHYSICS (UBHI, SAMPLE_DEPTH_M, POROSITY, PERMEABILITY, WATER_SAT, FORMATION) VALUES ('WELL00000000021-BH1', 2680, 0.2444, 25.4655, 0.3399, 'Rajahmundry');
INSERT INTO welldata.PETROPHYSICS (UBHI, SAMPLE_DEPTH_M, POROSITY, PERMEABILITY, WATER_SAT, FORMATION) VALUES ('WELL00000000021-BH1', 2700, 0.1668, 102.7106, 0.1531, 'Bengal');
INSERT INTO welldata.PETROPHYSICS (UBHI, SAMPLE_DEPTH_M, POROSITY, PERMEABILITY, WATER_SAT, FORMATION) VALUES ('WELL00000000021-BH1', 2720, 0.1081, 401.2463, 0.6367, 'Rajahmundry');
INSERT INTO welldata.PETROPHYSICS (UBHI, SAMPLE_DEPTH_M, POROSITY, PERMEABILITY, WATER_SAT, FORMATION) VALUES ('WELL00000000021-BH1', 2740, 0.2509, 95.3025, 0.2035, 'Sanchore');
INSERT INTO welldata.PETROPHYSICS (UBHI, SAMPLE_DEPTH_M, POROSITY, PERMEABILITY, WATER_SAT, FORMATION) VALUES ('WELL00000000021-BH1', 2760, 0.1122, 394.262, 0.288, 'Barmer');
INSERT INTO welldata.PETROPHYSICS (UBHI, SAMPLE_DEPTH_M, POROSITY, PERMEABILITY, WATER_SAT, FORMATION) VALUES ('WELL00000000021-BH1', 2780, 0.1579, 414.2628, 0.3585, 'Sanchore');
INSERT INTO welldata.PETROPHYSICS (UBHI, SAMPLE_DEPTH_M, POROSITY, PERMEABILITY, WATER_SAT, FORMATION) VALUES ('WELL00000000021-BH1', 2800, 0.2601, 101.836, 0.4977, 'Bengal');
INSERT INTO welldata.PETROPHYSICS (UBHI, SAMPLE_DEPTH_M, POROSITY, PERMEABILITY, WATER_SAT, FORMATION) VALUES ('WELL00000000021-BH1', 2820, 0.1725, 173.6151, 0.3481, 'Bengal');
INSERT INTO welldata.PETROPHYSICS (UBHI, SAMPLE_DEPTH_M, POROSITY, PERMEABILITY, WATER_SAT, FORMATION) VALUES ('WELL00000000021-BH1', 2840, 0.1089, 293.4974, 0.7136, 'Bengal');
INSERT INTO welldata.PETROPHYSICS (UBHI, SAMPLE_DEPTH_M, POROSITY, PERMEABILITY, WATER_SAT, FORMATION) VALUES ('WELL00000000021-BH1', 2860, 0.2584, 302.5198, 0.2709, 'Sanchore');
INSERT INTO welldata.PETROPHYSICS (UBHI, SAMPLE_DEPTH_M, POROSITY, PERMEABILITY, WATER_SAT, FORMATION) VALUES ('WELL00000000021-BH1', 2880, 0.0421, 187.9521, 0.1999, 'Barmer');
INSERT INTO welldata.PETROPHYSICS (UBHI, SAMPLE_DEPTH_M, POROSITY, PERMEABILITY, WATER_SAT, FORMATION) VALUES ('WELL00000000021-BH1', 2900, 0.1745, 304.7615, 0.304, 'Barmer');
INSERT INTO welldata.PETROPHYSICS (UBHI, SAMPLE_DEPTH_M, POROSITY, PERMEABILITY, WATER_SAT, FORMATION) VALUES ('WELL00000000021-BH1', 2920, 0.2524, 258.4195, 0.5654, 'Barmer');
INSERT INTO welldata.PETROPHYSICS (UBHI, SAMPLE_DEPTH_M, POROSITY, PERMEABILITY, WATER_SAT, FORMATION) VALUES ('WELL00000000021-BH1', 2940, 0.2347, 366.0247, 0.4054, 'Rajahmundry');
INSERT INTO welldata.PETROPHYSICS (UBHI, SAMPLE_DEPTH_M, POROSITY, PERMEABILITY, WATER_SAT, FORMATION) VALUES ('WELL00000000021-BH1', 2960, 0.2621, 97.2466, 0.5754, 'Rajahmundry');
INSERT INTO welldata.PETROPHYSICS (UBHI, SAMPLE_DEPTH_M, POROSITY, PERMEABILITY, WATER_SAT, FORMATION) VALUES ('WELL00000000021-BH1', 2980, 0.2337, 108.1268, 0.7393, 'Sanchore');
INSERT INTO welldata.PETROPHYSICS (UBHI, SAMPLE_DEPTH_M, POROSITY, PERMEABILITY, WATER_SAT, FORMATION) VALUES ('WELL00000000021-BH1', 3000, 0.135, 143.1177, 0.2721, 'Bengal');
INSERT INTO welldata.BOREHOLE (UBHI, UWI, BOREHOLE_NAME, BOREHOLE_TYPE, TOP_DEPTH_M, BASE_DEPTH_M) VALUES ('WELL00000000021-BH2', 'WELL00000000021', 'CAIR-RA-021-BH2', 'VERTICAL', 604, 1544);
INSERT INTO welldata.PETROPHYSICS (UBHI, SAMPLE_DEPTH_M, POROSITY, PERMEABILITY, WATER_SAT, FORMATION) VALUES ('WELL00000000021-BH2', 1000, 0.1145, 186.8996, 0.1798, 'Sanchore');
INSERT INTO welldata.PETROPHYSICS (UBHI, SAMPLE_DEPTH_M, POROSITY, PERMEABILITY, WATER_SAT, FORMATION) VALUES ('WELL00000000021-BH2', 1020, 0.2625, 15.5007, 0.2768, 'Barmer');
INSERT INTO welldata.PETROPHYSICS (UBHI, SAMPLE_DEPTH_M, POROSITY, PERMEABILITY, WATER_SAT, FORMATION) VALUES ('WELL00000000021-BH2', 1040, 0.0685, 117.7735, 0.691, 'Sanchore');
INSERT INTO welldata.PETROPHYSICS (UBHI, SAMPLE_DEPTH_M, POROSITY, PERMEABILITY, WATER_SAT, FORMATION) VALUES ('WELL00000000021-BH2', 1060, 0.1822, 218.2783, 0.3663, 'Bengal');
INSERT INTO welldata.PETROPHYSICS (UBHI, SAMPLE_DEPTH_M, POROSITY, PERMEABILITY, WATER_SAT, FORMATION) VALUES ('WELL00000000021-BH2', 1080, 0.2167, 294.7249, 0.2369, 'Rajahmundry');
INSERT INTO welldata.PETROPHYSICS (UBHI, SAMPLE_DEPTH_M, POROSITY, PERMEABILITY, WATER_SAT, FORMATION) VALUES ('WELL00000000021-BH2', 1100, 0.1447, 156.1504, 0.7087, 'Rajahmundry');
INSERT INTO welldata.PETROPHYSICS (UBHI, SAMPLE_DEPTH_M, POROSITY, PERMEABILITY, WATER_SAT, FORMATION) VALUES ('WELL00000000021-BH2', 1120, 0.2734, 234.4867, 0.3181, 'Rajahmundry');
INSERT INTO welldata.PETROPHYSICS (UBHI, SAMPLE_DEPTH_M, POROSITY, PERMEABILITY, WATER_SAT, FORMATION) VALUES ('WELL00000000021-BH2', 1140, 0.2576, 394.733, 0.2272, 'Rajahmundry');
INSERT INTO welldata.PETROPHYSICS (UBHI, SAMPLE_DEPTH_M, POROSITY, PERMEABILITY, WATER_SAT, FORMATION) VALUES ('WELL00000000021-BH2', 1160, 0.0517, 345.6951, 0.7429, 'Rajahmundry');
INSERT INTO welldata.PETROPHYSICS (UBHI, SAMPLE_DEPTH_M, POROSITY, PERMEABILITY, WATER_SAT, FORMATION) VALUES ('WELL00000000021-BH2', 1180, 0.1088, 404.6304, 0.3376, 'Rajahmundry');
INSERT INTO welldata.PETROPHYSICS (UBHI, SAMPLE_DEPTH_M, POROSITY, PERMEABILITY, WATER_SAT, FORMATION) VALUES ('WELL00000000021-BH2', 1200, 0.086, 418.4627, 0.7357, 'Barmer');
INSERT INTO welldata.PETROPHYSICS (UBHI, SAMPLE_DEPTH_M, POROSITY, PERMEABILITY, WATER_SAT, FORMATION) VALUES ('WELL00000000021-BH2', 1220, 0.2146, 429.2611, 0.6172, 'Bengal');
INSERT INTO welldata.PETROPHYSICS (UBHI, SAMPLE_DEPTH_M, POROSITY, PERMEABILITY, WATER_SAT, FORMATION) VALUES ('WELL00000000021-BH2', 1240, 0.2167, 435.2352, 0.5615, 'Sanchore');
INSERT INTO welldata.PETROPHYSICS (UBHI, SAMPLE_DEPTH_M, POROSITY, PERMEABILITY, WATER_SAT, FORMATION) VALUES ('WELL00000000021-BH2', 1260, 0.1338, 160.6065, 0.2488, 'Barmer');
INSERT INTO welldata.PETROPHYSICS (UBHI, SAMPLE_DEPTH_M, POROSITY, PERMEABILITY, WATER_SAT, FORMATION) VALUES ('WELL00000000021-BH2', 1280, 0.1828, 407.8065, 0.7117, 'Bengal');
INSERT INTO welldata.PETROPHYSICS (UBHI, SAMPLE_DEPTH_M, POROSITY, PERMEABILITY, WATER_SAT, FORMATION) VALUES ('WELL00000000021-BH2', 1300, 0.1274, 327.5749, 0.2146, 'Barmer');
INSERT INTO welldata.PETROPHYSICS (UBHI, SAMPLE_DEPTH_M, POROSITY, PERMEABILITY, WATER_SAT, FORMATION) VALUES ('WELL00000000021-BH2', 1320, 0.1403, 447.0111, 0.457, 'Barmer');
INSERT INTO welldata.PETROPHYSICS (UBHI, SAMPLE_DEPTH_M, POROSITY, PERMEABILITY, WATER_SAT, FORMATION) VALUES ('WELL00000000021-BH2', 1340, 0.0989, 216.6773, 0.46, 'Barmer');
INSERT INTO welldata.PETROPHYSICS (UBHI, SAMPLE_DEPTH_M, POROSITY, PERMEABILITY, WATER_SAT, FORMATION) VALUES ('WELL00000000021-BH2', 1360, 0.2444, 210.7682, 0.4417, 'Sanchore');
INSERT INTO welldata.PETROPHYSICS (UBHI, SAMPLE_DEPTH_M, POROSITY, PERMEABILITY, WATER_SAT, FORMATION) VALUES ('WELL00000000021-BH2', 1380, 0.075, 44.36, 0.2208, 'Rajahmundry');
INSERT INTO welldata.PETROPHYSICS (UBHI, SAMPLE_DEPTH_M, POROSITY, PERMEABILITY, WATER_SAT, FORMATION) VALUES ('WELL00000000021-BH2', 1400, 0.1723, 255.1735, 0.1633, 'Rajahmundry');
INSERT INTO welldata.PETROPHYSICS (UBHI, SAMPLE_DEPTH_M, POROSITY, PERMEABILITY, WATER_SAT, FORMATION) VALUES ('WELL00000000021-BH2', 1420, 0.1983, 91.9246, 0.4488, 'Barmer');
INSERT INTO welldata.PETROPHYSICS (UBHI, SAMPLE_DEPTH_M, POROSITY, PERMEABILITY, WATER_SAT, FORMATION) VALUES ('WELL00000000021-BH2', 1440, 0.0407, 162.5852, 0.5908, 'Barmer');
INSERT INTO welldata.PETROPHYSICS (UBHI, SAMPLE_DEPTH_M, POROSITY, PERMEABILITY, WATER_SAT, FORMATION) VALUES ('WELL00000000021-BH2', 1460, 0.1966, 438.7229, 0.5775, 'Bengal');
INSERT INTO welldata.PETROPHYSICS (UBHI, SAMPLE_DEPTH_M, POROSITY, PERMEABILITY, WATER_SAT, FORMATION) VALUES ('WELL00000000021-BH2', 1480, 0.0582, 133.5667, 0.7269, 'Sanchore');
INSERT INTO welldata.PETROPHYSICS (UBHI, SAMPLE_DEPTH_M, POROSITY, PERMEABILITY, WATER_SAT, FORMATION) VALUES ('WELL00000000021-BH2', 1500, 0.1314, 396.556, 0.1515, 'Rajahmundry');
INSERT INTO welldata.PETROPHYSICS (UBHI, SAMPLE_DEPTH_M, POROSITY, PERMEABILITY, WATER_SAT, FORMATION) VALUES ('WELL00000000021-BH2', 1520, 0.2053, 218.3523, 0.2431, 'Rajahmundry');
INSERT INTO welldata.PETROPHYSICS (UBHI, SAMPLE_DEPTH_M, POROSITY, PERMEABILITY, WATER_SAT, FORMATION) VALUES ('WELL00000000021-BH2', 1540, 0.1425, 396.3004, 0.6432, 'Rajahmundry');
INSERT INTO welldata.PETROPHYSICS (UBHI, SAMPLE_DEPTH_M, POROSITY, PERMEABILITY, WATER_SAT, FORMATION) VALUES ('WELL00000000021-BH2', 1560, 0.2195, 178.9674, 0.7113, 'Rajahmundry');
INSERT INTO welldata.PETROPHYSICS (UBHI, SAMPLE_DEPTH_M, POROSITY, PERMEABILITY, WATER_SAT, FORMATION) VALUES ('WELL00000000021-BH2', 1580, 0.1829, 123.0316, 0.5143, 'Barmer');
INSERT INTO welldata.PETROPHYSICS (UBHI, SAMPLE_DEPTH_M, POROSITY, PERMEABILITY, WATER_SAT, FORMATION) VALUES ('WELL00000000021-BH2', 1600, 0.2061, 371.6503, 0.5145, 'Bengal');
INSERT INTO welldata.PETROPHYSICS (UBHI, SAMPLE_DEPTH_M, POROSITY, PERMEABILITY, WATER_SAT, FORMATION) VALUES ('WELL00000000021-BH2', 1620, 0.109, 285.7309, 0.2574, 'Sanchore');
INSERT INTO welldata.PETROPHYSICS (UBHI, SAMPLE_DEPTH_M, POROSITY, PERMEABILITY, WATER_SAT, FORMATION) VALUES ('WELL00000000021-BH2', 1640, 0.1082, 65.6172, 0.4496, 'Bengal');
INSERT INTO welldata.PETROPHYSICS (UBHI, SAMPLE_DEPTH_M, POROSITY, PERMEABILITY, WATER_SAT, FORMATION) VALUES ('WELL00000000021-BH2', 1660, 0.0834, 317.1252, 0.4789, 'Barmer');
INSERT INTO welldata.PETROPHYSICS (UBHI, SAMPLE_DEPTH_M, POROSITY, PERMEABILITY, WATER_SAT, FORMATION) VALUES ('WELL00000000021-BH2', 1680, 0.0881, 354.6678, 0.3772, 'Rajahmundry');
INSERT INTO welldata.PETROPHYSICS (UBHI, SAMPLE_DEPTH_M, POROSITY, PERMEABILITY, WATER_SAT, FORMATION) VALUES ('WELL00000000021-BH2', 1700, 0.1826, 245.568, 0.4232, 'Bengal');
INSERT INTO welldata.PETROPHYSICS (UBHI, SAMPLE_DEPTH_M, POROSITY, PERMEABILITY, WATER_SAT, FORMATION) VALUES ('WELL00000000021-BH2', 1720, 0.0971, 389.664, 0.7032, 'Sanchore');
INSERT INTO welldata.PETROPHYSICS (UBHI, SAMPLE_DEPTH_M, POROSITY, PERMEABILITY, WATER_SAT, FORMATION) VALUES ('WELL00000000021-BH2', 1740, 0.2043, 101.1227, 0.471, 'Barmer');
INSERT INTO welldata.PETROPHYSICS (UBHI, SAMPLE_DEPTH_M, POROSITY, PERMEABILITY, WATER_SAT, FORMATION) VALUES ('WELL00000000021-BH2', 1760, 0.0502, 5.5811, 0.2298, 'Barmer');
INSERT INTO welldata.PETROPHYSICS (UBHI, SAMPLE_DEPTH_M, POROSITY, PERMEABILITY, WATER_SAT, FORMATION) VALUES ('WELL00000000021-BH2', 1780, 0.0724, 433.0542, 0.3132, 'Bengal');
INSERT INTO welldata.PETROPHYSICS (UBHI, SAMPLE_DEPTH_M, POROSITY, PERMEABILITY, WATER_SAT, FORMATION) VALUES ('WELL00000000021-BH2', 1800, 0.1847, 156.3489, 0.6268, 'Barmer');
INSERT INTO welldata.PETROPHYSICS (UBHI, SAMPLE_DEPTH_M, POROSITY, PERMEABILITY, WATER_SAT, FORMATION) VALUES ('WELL00000000021-BH2', 1820, 0.0433, 39.9804, 0.1765, 'Sanchore');
INSERT INTO welldata.PETROPHYSICS (UBHI, SAMPLE_DEPTH_M, POROSITY, PERMEABILITY, WATER_SAT, FORMATION) VALUES ('WELL00000000021-BH2', 1840, 0.1151, 54.3829, 0.4212, 'Rajahmundry');
INSERT INTO welldata.PETROPHYSICS (UBHI, SAMPLE_DEPTH_M, POROSITY, PERMEABILITY, WATER_SAT, FORMATION) VALUES ('WELL00000000021-BH2', 1860, 0.24, 199.1756, 0.3402, 'Bengal');
INSERT INTO welldata.PETROPHYSICS (UBHI, SAMPLE_DEPTH_M, POROSITY, PERMEABILITY, WATER_SAT, FORMATION) VALUES ('WELL00000000021-BH2', 1880, 0.201, 121.531, 0.7277, 'Sanchore');
INSERT INTO welldata.PETROPHYSICS (UBHI, SAMPLE_DEPTH_M, POROSITY, PERMEABILITY, WATER_SAT, FORMATION) VALUES ('WELL00000000021-BH2', 1900, 0.2201, 368.217, 0.2304, 'Barmer');
INSERT INTO welldata.PETROPHYSICS (UBHI, SAMPLE_DEPTH_M, POROSITY, PERMEABILITY, WATER_SAT, FORMATION) VALUES ('WELL00000000021-BH2', 1920, 0.2038, 136.3807, 0.5669, 'Sanchore');
INSERT INTO welldata.PETROPHYSICS (UBHI, SAMPLE_DEPTH_M, POROSITY, PERMEABILITY, WATER_SAT, FORMATION) VALUES ('WELL00000000021-BH2', 1940, 0.1456, 296.1119, 0.4824, 'Sanchore');
INSERT INTO welldata.PETROPHYSICS (UBHI, SAMPLE_DEPTH_M, POROSITY, PERMEABILITY, WATER_SAT, FORMATION) VALUES ('WELL00000000021-BH2', 1960, 0.1958, 38.7612, 0.406, 'Sanchore');
INSERT INTO welldata.PETROPHYSICS (UBHI, SAMPLE_DEPTH_M, POROSITY, PERMEABILITY, WATER_SAT, FORMATION) VALUES ('WELL00000000021-BH2', 1980, 0.0892, 369.539, 0.7483, 'Bengal');
INSERT INTO welldata.PETROPHYSICS (UBHI, SAMPLE_DEPTH_M, POROSITY, PERMEABILITY, WATER_SAT, FORMATION) VALUES ('WELL00000000021-BH2', 2000, 0.109, 129.9427, 0.4776, 'Bengal');
INSERT INTO welldata.PETROPHYSICS (UBHI, SAMPLE_DEPTH_M, POROSITY, PERMEABILITY, WATER_SAT, FORMATION) VALUES ('WELL00000000021-BH2', 2020, 0.2049, 111.4791, 0.1584, 'Barmer');
INSERT INTO welldata.PETROPHYSICS (UBHI, SAMPLE_DEPTH_M, POROSITY, PERMEABILITY, WATER_SAT, FORMATION) VALUES ('WELL00000000021-BH2', 2040, 0.0521, 276.3589, 0.4708, 'Sanchore');
INSERT INTO welldata.PETROPHYSICS (UBHI, SAMPLE_DEPTH_M, POROSITY, PERMEABILITY, WATER_SAT, FORMATION) VALUES ('WELL00000000021-BH2', 2060, 0.0626, 187.0207, 0.4363, 'Barmer');
INSERT INTO welldata.PETROPHYSICS (UBHI, SAMPLE_DEPTH_M, POROSITY, PERMEABILITY, WATER_SAT, FORMATION) VALUES ('WELL00000000021-BH2', 2080, 0.1562, 265.0757, 0.6874, 'Sanchore');
INSERT INTO welldata.PETROPHYSICS (UBHI, SAMPLE_DEPTH_M, POROSITY, PERMEABILITY, WATER_SAT, FORMATION) VALUES ('WELL00000000021-BH2', 2100, 0.1483, 347.2752, 0.602, 'Bengal');
INSERT INTO welldata.PETROPHYSICS (UBHI, SAMPLE_DEPTH_M, POROSITY, PERMEABILITY, WATER_SAT, FORMATION) VALUES ('WELL00000000021-BH2', 2120, 0.0637, 202.813, 0.5447, 'Sanchore');
INSERT INTO welldata.PETROPHYSICS (UBHI, SAMPLE_DEPTH_M, POROSITY, PERMEABILITY, WATER_SAT, FORMATION) VALUES ('WELL00000000021-BH2', 2140, 0.1188, 149.1417, 0.3255, 'Rajahmundry');
INSERT INTO welldata.PETROPHYSICS (UBHI, SAMPLE_DEPTH_M, POROSITY, PERMEABILITY, WATER_SAT, FORMATION) VALUES ('WELL00000000021-BH2', 2160, 0.1592, 221.6309, 0.6948, 'Rajahmundry');
INSERT INTO welldata.PETROPHYSICS (UBHI, SAMPLE_DEPTH_M, POROSITY, PERMEABILITY, WATER_SAT, FORMATION) VALUES ('WELL00000000021-BH2', 2180, 0.0465, 410.689, 0.7091, 'Barmer');
INSERT INTO welldata.PETROPHYSICS (UBHI, SAMPLE_DEPTH_M, POROSITY, PERMEABILITY, WATER_SAT, FORMATION) VALUES ('WELL00000000021-BH2', 2200, 0.2431, 177.1001, 0.5893, 'Rajahmundry');
INSERT INTO welldata.PETROPHYSICS (UBHI, SAMPLE_DEPTH_M, POROSITY, PERMEABILITY, WATER_SAT, FORMATION) VALUES ('WELL00000000021-BH2', 2220, 0.2741, 111.9495, 0.2962, 'Sanchore');
INSERT INTO welldata.PETROPHYSICS (UBHI, SAMPLE_DEPTH_M, POROSITY, PERMEABILITY, WATER_SAT, FORMATION) VALUES ('WELL00000000021-BH2', 2240, 0.1625, 354.8362, 0.6381, 'Sanchore');
INSERT INTO welldata.PETROPHYSICS (UBHI, SAMPLE_DEPTH_M, POROSITY, PERMEABILITY, WATER_SAT, FORMATION) VALUES ('WELL00000000021-BH2', 2260, 0.2127, 170.959, 0.4753, 'Rajahmundry');
INSERT INTO welldata.PETROPHYSICS (UBHI, SAMPLE_DEPTH_M, POROSITY, PERMEABILITY, WATER_SAT, FORMATION) VALUES ('WELL00000000021-BH2', 2280, 0.0494, 386.7708, 0.2104, 'Bengal');
INSERT INTO welldata.PETROPHYSICS (UBHI, SAMPLE_DEPTH_M, POROSITY, PERMEABILITY, WATER_SAT, FORMATION) VALUES ('WELL00000000021-BH2', 2300, 0.2644, 259.4344, 0.5416, 'Bengal');
INSERT INTO welldata.PETROPHYSICS (UBHI, SAMPLE_DEPTH_M, POROSITY, PERMEABILITY, WATER_SAT, FORMATION) VALUES ('WELL00000000021-BH2', 2320, 0.2165, 142.7804, 0.6001, 'Sanchore');
INSERT INTO welldata.PETROPHYSICS (UBHI, SAMPLE_DEPTH_M, POROSITY, PERMEABILITY, WATER_SAT, FORMATION) VALUES ('WELL00000000021-BH2', 2340, 0.1107, 417.4701, 0.2202, 'Sanchore');
INSERT INTO welldata.PETROPHYSICS (UBHI, SAMPLE_DEPTH_M, POROSITY, PERMEABILITY, WATER_SAT, FORMATION) VALUES ('WELL00000000021-BH2', 2360, 0.2648, 388.8513, 0.5436, 'Rajahmundry');
INSERT INTO welldata.PETROPHYSICS (UBHI, SAMPLE_DEPTH_M, POROSITY, PERMEABILITY, WATER_SAT, FORMATION) VALUES ('WELL00000000021-BH2', 2380, 0.1789, 390.4052, 0.6978, 'Sanchore');
INSERT INTO welldata.PETROPHYSICS (UBHI, SAMPLE_DEPTH_M, POROSITY, PERMEABILITY, WATER_SAT, FORMATION) VALUES ('WELL00000000021-BH2', 2400, 0.2218, 355.173, 0.6422, 'Bengal');
INSERT INTO welldata.PETROPHYSICS (UBHI, SAMPLE_DEPTH_M, POROSITY, PERMEABILITY, WATER_SAT, FORMATION) VALUES ('WELL00000000021-BH2', 2420, 0.2153, 87.1347, 0.6158, 'Barmer');
INSERT INTO welldata.PETROPHYSICS (UBHI, SAMPLE_DEPTH_M, POROSITY, PERMEABILITY, WATER_SAT, FORMATION) VALUES ('WELL00000000021-BH2', 2440, 0.1237, 73.4874, 0.4369, 'Bengal');
INSERT INTO welldata.PETROPHYSICS (UBHI, SAMPLE_DEPTH_M, POROSITY, PERMEABILITY, WATER_SAT, FORMATION) VALUES ('WELL00000000021-BH2', 2460, 0.2678, 121.9974, 0.5547, 'Sanchore');
INSERT INTO welldata.PETROPHYSICS (UBHI, SAMPLE_DEPTH_M, POROSITY, PERMEABILITY, WATER_SAT, FORMATION) VALUES ('WELL00000000021-BH2', 2480, 0.1391, 269.8962, 0.3431, 'Bengal');
INSERT INTO welldata.PETROPHYSICS (UBHI, SAMPLE_DEPTH_M, POROSITY, PERMEABILITY, WATER_SAT, FORMATION) VALUES ('WELL00000000021-BH2', 2500, 0.0546, 335.6673, 0.5171, 'Barmer');
INSERT INTO welldata.PETROPHYSICS (UBHI, SAMPLE_DEPTH_M, POROSITY, PERMEABILITY, WATER_SAT, FORMATION) VALUES ('WELL00000000021-BH2', 2520, 0.0586, 6.1889, 0.252, 'Bengal');
INSERT INTO welldata.PETROPHYSICS (UBHI, SAMPLE_DEPTH_M, POROSITY, PERMEABILITY, WATER_SAT, FORMATION) VALUES ('WELL00000000021-BH2', 2540, 0.2478, 311.6034, 0.3447, 'Bengal');
INSERT INTO welldata.PETROPHYSICS (UBHI, SAMPLE_DEPTH_M, POROSITY, PERMEABILITY, WATER_SAT, FORMATION) VALUES ('WELL00000000021-BH2', 2560, 0.2438, 282.191, 0.2134, 'Bengal');
INSERT INTO welldata.PETROPHYSICS (UBHI, SAMPLE_DEPTH_M, POROSITY, PERMEABILITY, WATER_SAT, FORMATION) VALUES ('WELL00000000021-BH2', 2580, 0.1539, 15.213, 0.5847, 'Bengal');
INSERT INTO welldata.PETROPHYSICS (UBHI, SAMPLE_DEPTH_M, POROSITY, PERMEABILITY, WATER_SAT, FORMATION) VALUES ('WELL00000000021-BH2', 2600, 0.1773, 40.6329, 0.5237, 'Barmer');
INSERT INTO welldata.PETROPHYSICS (UBHI, SAMPLE_DEPTH_M, POROSITY, PERMEABILITY, WATER_SAT, FORMATION) VALUES ('WELL00000000021-BH2', 2620, 0.1531, 332.8758, 0.2209, 'Barmer');
INSERT INTO welldata.PETROPHYSICS (UBHI, SAMPLE_DEPTH_M, POROSITY, PERMEABILITY, WATER_SAT, FORMATION) VALUES ('WELL00000000021-BH2', 2640, 0.0552, 97.0365, 0.5254, 'Bengal');
INSERT INTO welldata.PETROPHYSICS (UBHI, SAMPLE_DEPTH_M, POROSITY, PERMEABILITY, WATER_SAT, FORMATION) VALUES ('WELL00000000021-BH2', 2660, 0.0914, 364.1042, 0.7146, 'Rajahmundry');
INSERT INTO welldata.PETROPHYSICS (UBHI, SAMPLE_DEPTH_M, POROSITY, PERMEABILITY, WATER_SAT, FORMATION) VALUES ('WELL00000000021-BH2', 2680, 0.2303, 195.3958, 0.3035, 'Rajahmundry');
INSERT INTO welldata.PETROPHYSICS (UBHI, SAMPLE_DEPTH_M, POROSITY, PERMEABILITY, WATER_SAT, FORMATION) VALUES ('WELL00000000021-BH2', 2700, 0.2603, 291.6235, 0.6742, 'Bengal');
INSERT INTO welldata.PETROPHYSICS (UBHI, SAMPLE_DEPTH_M, POROSITY, PERMEABILITY, WATER_SAT, FORMATION) VALUES ('WELL00000000021-BH2', 2720, 0.2225, 147.562, 0.6868, 'Sanchore');
INSERT INTO welldata.PETROPHYSICS (UBHI, SAMPLE_DEPTH_M, POROSITY, PERMEABILITY, WATER_SAT, FORMATION) VALUES ('WELL00000000021-BH2', 2740, 0.1638, 136.2396, 0.3255, 'Sanchore');
INSERT INTO welldata.PETROPHYSICS (UBHI, SAMPLE_DEPTH_M, POROSITY, PERMEABILITY, WATER_SAT, FORMATION) VALUES ('WELL00000000021-BH2', 2760, 0.0461, 153.6956, 0.6574, 'Sanchore');
INSERT INTO welldata.PETROPHYSICS (UBHI, SAMPLE_DEPTH_M, POROSITY, PERMEABILITY, WATER_SAT, FORMATION) VALUES ('WELL00000000021-BH2', 2780, 0.0886, 196.2715, 0.575, 'Sanchore');
INSERT INTO welldata.PETROPHYSICS (UBHI, SAMPLE_DEPTH_M, POROSITY, PERMEABILITY, WATER_SAT, FORMATION) VALUES ('WELL00000000021-BH2', 2800, 0.2354, 313.5503, 0.5651, 'Barmer');
INSERT INTO welldata.PETROPHYSICS (UBHI, SAMPLE_DEPTH_M, POROSITY, PERMEABILITY, WATER_SAT, FORMATION) VALUES ('WELL00000000021-BH2', 2820, 0.2143, 170.0586, 0.6412, 'Sanchore');
INSERT INTO welldata.PETROPHYSICS (UBHI, SAMPLE_DEPTH_M, POROSITY, PERMEABILITY, WATER_SAT, FORMATION) VALUES ('WELL00000000021-BH2', 2840, 0.2587, 249.2167, 0.6544, 'Sanchore');
INSERT INTO welldata.PETROPHYSICS (UBHI, SAMPLE_DEPTH_M, POROSITY, PERMEABILITY, WATER_SAT, FORMATION) VALUES ('WELL00000000021-BH2', 2860, 0.2064, 68.0467, 0.5556, 'Bengal');
INSERT INTO welldata.PETROPHYSICS (UBHI, SAMPLE_DEPTH_M, POROSITY, PERMEABILITY, WATER_SAT, FORMATION) VALUES ('WELL00000000021-BH2', 2880, 0.2777, 255.2963, 0.71, 'Barmer');
INSERT INTO welldata.PETROPHYSICS (UBHI, SAMPLE_DEPTH_M, POROSITY, PERMEABILITY, WATER_SAT, FORMATION) VALUES ('WELL00000000021-BH2', 2900, 0.1251, 73.9583, 0.3156, 'Rajahmundry');
INSERT INTO welldata.PETROPHYSICS (UBHI, SAMPLE_DEPTH_M, POROSITY, PERMEABILITY, WATER_SAT, FORMATION) VALUES ('WELL00000000021-BH2', 2920, 0.1875, 205.2195, 0.5336, 'Barmer');
INSERT INTO welldata.PETROPHYSICS (UBHI, SAMPLE_DEPTH_M, POROSITY, PERMEABILITY, WATER_SAT, FORMATION) VALUES ('WELL00000000021-BH2', 2940, 0.2041, 176.1373, 0.3253, 'Rajahmundry');
INSERT INTO welldata.PETROPHYSICS (UBHI, SAMPLE_DEPTH_M, POROSITY, PERMEABILITY, WATER_SAT, FORMATION) VALUES ('WELL00000000021-BH2', 2960, 0.2592, 228.7467, 0.3221, 'Rajahmundry');
INSERT INTO welldata.PETROPHYSICS (UBHI, SAMPLE_DEPTH_M, POROSITY, PERMEABILITY, WATER_SAT, FORMATION) VALUES ('WELL00000000021-BH2', 2980, 0.0492, 433.1477, 0.3434, 'Rajahmundry');
INSERT INTO welldata.PETROPHYSICS (UBHI, SAMPLE_DEPTH_M, POROSITY, PERMEABILITY, WATER_SAT, FORMATION) VALUES ('WELL00000000021-BH2', 3000, 0.0605, 367.228, 0.6664, 'Sanchore');
INSERT INTO welldata.PRODUCTION (UWI, PROD_DATE, OIL_BBL, GAS_MCF, WATER_BBL, HOURS_ON) VALUES ('WELL00000000021', TO_DATE('2015-01-01','YYYY-MM-DD'), 1505.54, 6597.69, 938.65, 413.22);
INSERT INTO welldata.PRODUCTION (UWI, PROD_DATE, OIL_BBL, GAS_MCF, WATER_BBL, HOURS_ON) VALUES ('WELL00000000021', TO_DATE('2015-02-01','YYYY-MM-DD'), 1356.03, 1516.29, 1089.36, 526.23);
INSERT INTO welldata.PRODUCTION (UWI, PROD_DATE, OIL_BBL, GAS_MCF, WATER_BBL, HOURS_ON) VALUES ('WELL00000000021', TO_DATE('2015-03-01','YYYY-MM-DD'), 2477.46, 3973.85, 1380.13, 275.53);
INSERT INTO welldata.PRODUCTION (UWI, PROD_DATE, OIL_BBL, GAS_MCF, WATER_BBL, HOURS_ON) VALUES ('WELL00000000021', TO_DATE('2015-04-01','YYYY-MM-DD'), 1821.77, 2842.57, 165.71, 212.24);
INSERT INTO welldata.PRODUCTION (UWI, PROD_DATE, OIL_BBL, GAS_MCF, WATER_BBL, HOURS_ON) VALUES ('WELL00000000021', TO_DATE('2015-05-01','YYYY-MM-DD'), 369.43, 5919.49, 188.74, 588.05);
INSERT INTO welldata.PRODUCTION (UWI, PROD_DATE, OIL_BBL, GAS_MCF, WATER_BBL, HOURS_ON) VALUES ('WELL00000000021', TO_DATE('2015-06-01','YYYY-MM-DD'), 1353.31, 1845.07, 1241.33, 635.42);
INSERT INTO welldata.PRODUCTION (UWI, PROD_DATE, OIL_BBL, GAS_MCF, WATER_BBL, HOURS_ON) VALUES ('WELL00000000021', TO_DATE('2015-07-01','YYYY-MM-DD'), 2337.3, 10385.6, 509.72, 132.4);
INSERT INTO welldata.PRODUCTION (UWI, PROD_DATE, OIL_BBL, GAS_MCF, WATER_BBL, HOURS_ON) VALUES ('WELL00000000021', TO_DATE('2015-08-01','YYYY-MM-DD'), 211.19, 14206.17, 456.11, 484.95);
INSERT INTO welldata.PRODUCTION (UWI, PROD_DATE, OIL_BBL, GAS_MCF, WATER_BBL, HOURS_ON) VALUES ('WELL00000000021', TO_DATE('2015-09-01','YYYY-MM-DD'), 160.2, 4562.55, 139.27, 476.55);
INSERT INTO welldata.PRODUCTION (UWI, PROD_DATE, OIL_BBL, GAS_MCF, WATER_BBL, HOURS_ON) VALUES ('WELL00000000021', TO_DATE('2015-10-01','YYYY-MM-DD'), 2293.96, 962.02, 835.73, 189.15);
INSERT INTO welldata.PRODUCTION (UWI, PROD_DATE, OIL_BBL, GAS_MCF, WATER_BBL, HOURS_ON) VALUES ('WELL00000000021', TO_DATE('2015-11-01','YYYY-MM-DD'), 2288.31, 12874.38, 1059.76, 241.2);
INSERT INTO welldata.PRODUCTION (UWI, PROD_DATE, OIL_BBL, GAS_MCF, WATER_BBL, HOURS_ON) VALUES ('WELL00000000021', TO_DATE('2015-12-01','YYYY-MM-DD'), 2902.56, 14385.59, 671.11, 631.27);
INSERT INTO welldata.PRODUCTION (UWI, PROD_DATE, OIL_BBL, GAS_MCF, WATER_BBL, HOURS_ON) VALUES ('WELL00000000021', TO_DATE('2016-01-01','YYYY-MM-DD'), 144.29, 13752.84, 260.92, 382.25);
INSERT INTO welldata.PRODUCTION (UWI, PROD_DATE, OIL_BBL, GAS_MCF, WATER_BBL, HOURS_ON) VALUES ('WELL00000000021', TO_DATE('2016-02-01','YYYY-MM-DD'), 694.7, 5001.69, 1465.34, 330.53);
INSERT INTO welldata.PRODUCTION (UWI, PROD_DATE, OIL_BBL, GAS_MCF, WATER_BBL, HOURS_ON) VALUES ('WELL00000000021', TO_DATE('2016-03-01','YYYY-MM-DD'), 250.36, 1610.27, 635.49, 403.02);
INSERT INTO welldata.PRODUCTION (UWI, PROD_DATE, OIL_BBL, GAS_MCF, WATER_BBL, HOURS_ON) VALUES ('WELL00000000021', TO_DATE('2016-04-01','YYYY-MM-DD'), 1270.52, 7863.24, 1315.48, 382.89);
INSERT INTO welldata.PRODUCTION (UWI, PROD_DATE, OIL_BBL, GAS_MCF, WATER_BBL, HOURS_ON) VALUES ('WELL00000000021', TO_DATE('2016-05-01','YYYY-MM-DD'), 2428.08, 1699.05, 1250.31, 181.06);
INSERT INTO welldata.PRODUCTION (UWI, PROD_DATE, OIL_BBL, GAS_MCF, WATER_BBL, HOURS_ON) VALUES ('WELL00000000021', TO_DATE('2016-06-01','YYYY-MM-DD'), 1414.33, 6516.31, 1046.82, 305.82);
INSERT INTO welldata.PRODUCTION (UWI, PROD_DATE, OIL_BBL, GAS_MCF, WATER_BBL, HOURS_ON) VALUES ('WELL00000000021', TO_DATE('2016-07-01','YYYY-MM-DD'), 1952.57, 12392.97, 1205.78, 569.51);
INSERT INTO welldata.PRODUCTION (UWI, PROD_DATE, OIL_BBL, GAS_MCF, WATER_BBL, HOURS_ON) VALUES ('WELL00000000021', TO_DATE('2016-08-01','YYYY-MM-DD'), 909.82, 5948.13, 310.66, 158.73);
INSERT INTO welldata.PRODUCTION (UWI, PROD_DATE, OIL_BBL, GAS_MCF, WATER_BBL, HOURS_ON) VALUES ('WELL00000000021', TO_DATE('2016-09-01','YYYY-MM-DD'), 208.41, 2829.51, 528.01, 248.45);
INSERT INTO welldata.PRODUCTION (UWI, PROD_DATE, OIL_BBL, GAS_MCF, WATER_BBL, HOURS_ON) VALUES ('WELL00000000021', TO_DATE('2016-10-01','YYYY-MM-DD'), 1954.26, 2857.84, 1361.6, 344.73);
INSERT INTO welldata.PRODUCTION (UWI, PROD_DATE, OIL_BBL, GAS_MCF, WATER_BBL, HOURS_ON) VALUES ('WELL00000000021', TO_DATE('2016-11-01','YYYY-MM-DD'), 1023.76, 1596.71, 1254.95, 312.68);
INSERT INTO welldata.PRODUCTION (UWI, PROD_DATE, OIL_BBL, GAS_MCF, WATER_BBL, HOURS_ON) VALUES ('WELL00000000021', TO_DATE('2016-12-01','YYYY-MM-DD'), 523.13, 6472.35, 308.97, 318.74);
INSERT INTO welldata.PRODUCTION (UWI, PROD_DATE, OIL_BBL, GAS_MCF, WATER_BBL, HOURS_ON) VALUES ('WELL00000000021', TO_DATE('2017-01-01','YYYY-MM-DD'), 1445.37, 4209.56, 341.13, 382.7);
INSERT INTO welldata.PRODUCTION (UWI, PROD_DATE, OIL_BBL, GAS_MCF, WATER_BBL, HOURS_ON) VALUES ('WELL00000000021', TO_DATE('2017-02-01','YYYY-MM-DD'), 2799.19, 2148.0, 733.42, 690.95);
INSERT INTO welldata.PRODUCTION (UWI, PROD_DATE, OIL_BBL, GAS_MCF, WATER_BBL, HOURS_ON) VALUES ('WELL00000000021', TO_DATE('2017-03-01','YYYY-MM-DD'), 2469.56, 10007.11, 894.34, 428.94);
INSERT INTO welldata.PRODUCTION (UWI, PROD_DATE, OIL_BBL, GAS_MCF, WATER_BBL, HOURS_ON) VALUES ('WELL00000000021', TO_DATE('2017-04-01','YYYY-MM-DD'), 2450.0, 7473.04, 1116.39, 367.29);
INSERT INTO welldata.PRODUCTION (UWI, PROD_DATE, OIL_BBL, GAS_MCF, WATER_BBL, HOURS_ON) VALUES ('WELL00000000021', TO_DATE('2017-05-01','YYYY-MM-DD'), 1090.41, 838.51, 96.34, 286.77);
INSERT INTO welldata.PRODUCTION (UWI, PROD_DATE, OIL_BBL, GAS_MCF, WATER_BBL, HOURS_ON) VALUES ('WELL00000000021', TO_DATE('2017-06-01','YYYY-MM-DD'), 2405.38, 2538.91, 520.21, 470.63);
INSERT INTO welldata.PRODUCTION (UWI, PROD_DATE, OIL_BBL, GAS_MCF, WATER_BBL, HOURS_ON) VALUES ('WELL00000000021', TO_DATE('2017-07-01','YYYY-MM-DD'), 962.39, 3936.17, 367.93, 261.54);
INSERT INTO welldata.PRODUCTION (UWI, PROD_DATE, OIL_BBL, GAS_MCF, WATER_BBL, HOURS_ON) VALUES ('WELL00000000021', TO_DATE('2017-08-01','YYYY-MM-DD'), 1506.98, 525.2, 1002.57, 709.44);
INSERT INTO welldata.PRODUCTION (UWI, PROD_DATE, OIL_BBL, GAS_MCF, WATER_BBL, HOURS_ON) VALUES ('WELL00000000021', TO_DATE('2017-09-01','YYYY-MM-DD'), 1023.8, 2167.05, 1430.07, 333.25);
INSERT INTO welldata.PRODUCTION (UWI, PROD_DATE, OIL_BBL, GAS_MCF, WATER_BBL, HOURS_ON) VALUES ('WELL00000000021', TO_DATE('2017-10-01','YYYY-MM-DD'), 1309.23, 146.41, 612.41, 416.47);
INSERT INTO welldata.PRODUCTION (UWI, PROD_DATE, OIL_BBL, GAS_MCF, WATER_BBL, HOURS_ON) VALUES ('WELL00000000021', TO_DATE('2017-11-01','YYYY-MM-DD'), 204.48, 9756.9, 954.5, 393.13);
INSERT INTO welldata.PRODUCTION (UWI, PROD_DATE, OIL_BBL, GAS_MCF, WATER_BBL, HOURS_ON) VALUES ('WELL00000000021', TO_DATE('2017-12-01','YYYY-MM-DD'), 755.61, 4902.21, 211.69, 551.13);
INSERT INTO welldata.PRODUCTION (UWI, PROD_DATE, OIL_BBL, GAS_MCF, WATER_BBL, HOURS_ON) VALUES ('WELL00000000021', TO_DATE('2018-01-01','YYYY-MM-DD'), 1366.44, 12531.47, 865.92, 169.44);
INSERT INTO welldata.PRODUCTION (UWI, PROD_DATE, OIL_BBL, GAS_MCF, WATER_BBL, HOURS_ON) VALUES ('WELL00000000021', TO_DATE('2018-02-01','YYYY-MM-DD'), 976.6, 5423.91, 883.7, 584.83);
INSERT INTO welldata.PRODUCTION (UWI, PROD_DATE, OIL_BBL, GAS_MCF, WATER_BBL, HOURS_ON) VALUES ('WELL00000000021', TO_DATE('2018-03-01','YYYY-MM-DD'), 144.89, 3003.05, 1219.66, 619.31);
INSERT INTO welldata.PRODUCTION (UWI, PROD_DATE, OIL_BBL, GAS_MCF, WATER_BBL, HOURS_ON) VALUES ('WELL00000000021', TO_DATE('2018-04-01','YYYY-MM-DD'), 598.97, 11038.55, 1432.65, 530.03);
INSERT INTO welldata.PRODUCTION (UWI, PROD_DATE, OIL_BBL, GAS_MCF, WATER_BBL, HOURS_ON) VALUES ('WELL00000000021', TO_DATE('2018-05-01','YYYY-MM-DD'), 1321.97, 1952.72, 1067.75, 550.62);
INSERT INTO welldata.PRODUCTION (UWI, PROD_DATE, OIL_BBL, GAS_MCF, WATER_BBL, HOURS_ON) VALUES ('WELL00000000021', TO_DATE('2018-06-01','YYYY-MM-DD'), 2043.9, 13814.66, 911.6, 387.54);
INSERT INTO welldata.PRODUCTION (UWI, PROD_DATE, OIL_BBL, GAS_MCF, WATER_BBL, HOURS_ON) VALUES ('WELL00000000021', TO_DATE('2018-07-01','YYYY-MM-DD'), 2853.29, 7927.15, 1142.1, 251.8);
INSERT INTO welldata.PRODUCTION (UWI, PROD_DATE, OIL_BBL, GAS_MCF, WATER_BBL, HOURS_ON) VALUES ('WELL00000000021', TO_DATE('2018-08-01','YYYY-MM-DD'), 1680.71, 4512.18, 1273.35, 354.89);
INSERT INTO welldata.PRODUCTION (UWI, PROD_DATE, OIL_BBL, GAS_MCF, WATER_BBL, HOURS_ON) VALUES ('WELL00000000021', TO_DATE('2018-09-01','YYYY-MM-DD'), 1437.95, 5013.39, 982.17, 345.82);
INSERT INTO welldata.PRODUCTION (UWI, PROD_DATE, OIL_BBL, GAS_MCF, WATER_BBL, HOURS_ON) VALUES ('WELL00000000021', TO_DATE('2018-10-01','YYYY-MM-DD'), 880.45, 9397.69, 1208.14, 238.53);
INSERT INTO welldata.PRODUCTION (UWI, PROD_DATE, OIL_BBL, GAS_MCF, WATER_BBL, HOURS_ON) VALUES ('WELL00000000021', TO_DATE('2018-11-01','YYYY-MM-DD'), 397.5, 7724.98, 1440.34, 507.23);
INSERT INTO welldata.PRODUCTION (UWI, PROD_DATE, OIL_BBL, GAS_MCF, WATER_BBL, HOURS_ON) VALUES ('WELL00000000021', TO_DATE('2018-12-01','YYYY-MM-DD'), 1877.66, 13900.89, 574.67, 330.8);
INSERT INTO welldata.PRODUCTION (UWI, PROD_DATE, OIL_BBL, GAS_MCF, WATER_BBL, HOURS_ON) VALUES ('WELL00000000021', TO_DATE('2019-01-01','YYYY-MM-DD'), 1874.32, 8323.74, 914.07, 250.35);
INSERT INTO welldata.PRODUCTION (UWI, PROD_DATE, OIL_BBL, GAS_MCF, WATER_BBL, HOURS_ON) VALUES ('WELL00000000021', TO_DATE('2019-02-01','YYYY-MM-DD'), 828.57, 743.64, 999.95, 322.16);
INSERT INTO welldata.PRODUCTION (UWI, PROD_DATE, OIL_BBL, GAS_MCF, WATER_BBL, HOURS_ON) VALUES ('WELL00000000021', TO_DATE('2019-03-01','YYYY-MM-DD'), 480.37, 4694.57, 1394.13, 532.15);
INSERT INTO welldata.PRODUCTION (UWI, PROD_DATE, OIL_BBL, GAS_MCF, WATER_BBL, HOURS_ON) VALUES ('WELL00000000021', TO_DATE('2019-04-01','YYYY-MM-DD'), 1276.14, 2414.67, 543.28, 367.8);
INSERT INTO welldata.PRODUCTION (UWI, PROD_DATE, OIL_BBL, GAS_MCF, WATER_BBL, HOURS_ON) VALUES ('WELL00000000021', TO_DATE('2019-05-01','YYYY-MM-DD'), 123.49, 3833.67, 414.15, 188.7);
INSERT INTO welldata.PRODUCTION (UWI, PROD_DATE, OIL_BBL, GAS_MCF, WATER_BBL, HOURS_ON) VALUES ('WELL00000000021', TO_DATE('2019-06-01','YYYY-MM-DD'), 2088.97, 1685.06, 289.09, 583.36);
INSERT INTO welldata.PRODUCTION (UWI, PROD_DATE, OIL_BBL, GAS_MCF, WATER_BBL, HOURS_ON) VALUES ('WELL00000000021', TO_DATE('2019-07-01','YYYY-MM-DD'), 1976.55, 14713.78, 846.72, 619.27);
INSERT INTO welldata.PRODUCTION (UWI, PROD_DATE, OIL_BBL, GAS_MCF, WATER_BBL, HOURS_ON) VALUES ('WELL00000000021', TO_DATE('2019-08-01','YYYY-MM-DD'), 321.51, 13273.84, 258.12, 511.43);
INSERT INTO welldata.PRODUCTION (UWI, PROD_DATE, OIL_BBL, GAS_MCF, WATER_BBL, HOURS_ON) VALUES ('WELL00000000021', TO_DATE('2019-09-01','YYYY-MM-DD'), 2464.63, 13294.91, 357.2, 592.71);
INSERT INTO welldata.PRODUCTION (UWI, PROD_DATE, OIL_BBL, GAS_MCF, WATER_BBL, HOURS_ON) VALUES ('WELL00000000021', TO_DATE('2019-10-01','YYYY-MM-DD'), 1740.1, 5748.1, 964.42, 552.51);
INSERT INTO welldata.PRODUCTION (UWI, PROD_DATE, OIL_BBL, GAS_MCF, WATER_BBL, HOURS_ON) VALUES ('WELL00000000021', TO_DATE('2019-11-01','YYYY-MM-DD'), 1499.83, 3495.78, 931.87, 206.29);
INSERT INTO welldata.PRODUCTION (UWI, PROD_DATE, OIL_BBL, GAS_MCF, WATER_BBL, HOURS_ON) VALUES ('WELL00000000021', TO_DATE('2019-12-01','YYYY-MM-DD'), 2779.88, 10981.09, 532.5, 329.81);
INSERT INTO welldata.PRODUCTION (UWI, PROD_DATE, OIL_BBL, GAS_MCF, WATER_BBL, HOURS_ON) VALUES ('WELL00000000021', TO_DATE('2020-01-01','YYYY-MM-DD'), 785.83, 4542.71, 96.74, 691.91);
INSERT INTO welldata.PRODUCTION (UWI, PROD_DATE, OIL_BBL, GAS_MCF, WATER_BBL, HOURS_ON) VALUES ('WELL00000000021', TO_DATE('2020-02-01','YYYY-MM-DD'), 1551.11, 7858.0, 201.55, 471.97);
INSERT INTO welldata.PRODUCTION (UWI, PROD_DATE, OIL_BBL, GAS_MCF, WATER_BBL, HOURS_ON) VALUES ('WELL00000000021', TO_DATE('2020-03-01','YYYY-MM-DD'), 913.59, 11080.17, 619.32, 304.41);
INSERT INTO welldata.PRODUCTION (UWI, PROD_DATE, OIL_BBL, GAS_MCF, WATER_BBL, HOURS_ON) VALUES ('WELL00000000021', TO_DATE('2020-04-01','YYYY-MM-DD'), 186.92, 9257.94, 185.12, 302.95);
INSERT INTO welldata.PRODUCTION (UWI, PROD_DATE, OIL_BBL, GAS_MCF, WATER_BBL, HOURS_ON) VALUES ('WELL00000000021', TO_DATE('2020-05-01','YYYY-MM-DD'), 293.84, 351.31, 806.63, 560.99);
INSERT INTO welldata.PRODUCTION (UWI, PROD_DATE, OIL_BBL, GAS_MCF, WATER_BBL, HOURS_ON) VALUES ('WELL00000000021', TO_DATE('2020-06-01','YYYY-MM-DD'), 1954.32, 3175.68, 109.21, 541.99);
INSERT INTO welldata.PRODUCTION (UWI, PROD_DATE, OIL_BBL, GAS_MCF, WATER_BBL, HOURS_ON) VALUES ('WELL00000000021', TO_DATE('2020-07-01','YYYY-MM-DD'), 1630.52, 8721.31, 888.76, 392.42);
INSERT INTO welldata.PRODUCTION (UWI, PROD_DATE, OIL_BBL, GAS_MCF, WATER_BBL, HOURS_ON) VALUES ('WELL00000000021', TO_DATE('2020-08-01','YYYY-MM-DD'), 2150.02, 11288.23, 220.27, 633.54);
INSERT INTO welldata.PRODUCTION (UWI, PROD_DATE, OIL_BBL, GAS_MCF, WATER_BBL, HOURS_ON) VALUES ('WELL00000000021', TO_DATE('2020-09-01','YYYY-MM-DD'), 2632.1, 1323.82, 1241.84, 633.67);
INSERT INTO welldata.PRODUCTION (UWI, PROD_DATE, OIL_BBL, GAS_MCF, WATER_BBL, HOURS_ON) VALUES ('WELL00000000021', TO_DATE('2020-10-01','YYYY-MM-DD'), 2166.68, 12923.42, 174.6, 631.48);
INSERT INTO welldata.PRODUCTION (UWI, PROD_DATE, OIL_BBL, GAS_MCF, WATER_BBL, HOURS_ON) VALUES ('WELL00000000021', TO_DATE('2020-11-01','YYYY-MM-DD'), 2327.95, 9651.71, 893.75, 523.86);
INSERT INTO welldata.PRODUCTION (UWI, PROD_DATE, OIL_BBL, GAS_MCF, WATER_BBL, HOURS_ON) VALUES ('WELL00000000021', TO_DATE('2020-12-01','YYYY-MM-DD'), 2516.21, 110.84, 401.03, 611.69);
INSERT INTO welldata.PRODUCTION (UWI, PROD_DATE, OIL_BBL, GAS_MCF, WATER_BBL, HOURS_ON) VALUES ('WELL00000000021', TO_DATE('2021-01-01','YYYY-MM-DD'), 453.76, 970.62, 129.84, 493.94);
INSERT INTO welldata.PRODUCTION (UWI, PROD_DATE, OIL_BBL, GAS_MCF, WATER_BBL, HOURS_ON) VALUES ('WELL00000000021', TO_DATE('2021-02-01','YYYY-MM-DD'), 1259.04, 11856.37, 80.33, 465.18);
INSERT INTO welldata.PRODUCTION (UWI, PROD_DATE, OIL_BBL, GAS_MCF, WATER_BBL, HOURS_ON) VALUES ('WELL00000000021', TO_DATE('2021-03-01','YYYY-MM-DD'), 2899.31, 11257.65, 379.09, 278.46);
INSERT INTO welldata.PRODUCTION (UWI, PROD_DATE, OIL_BBL, GAS_MCF, WATER_BBL, HOURS_ON) VALUES ('WELL00000000021', TO_DATE('2021-04-01','YYYY-MM-DD'), 1623.27, 1418.03, 1460.3, 417.83);
INSERT INTO welldata.PRODUCTION (UWI, PROD_DATE, OIL_BBL, GAS_MCF, WATER_BBL, HOURS_ON) VALUES ('WELL00000000021', TO_DATE('2021-05-01','YYYY-MM-DD'), 870.34, 3772.99, 742.33, 501.51);
INSERT INTO welldata.PRODUCTION (UWI, PROD_DATE, OIL_BBL, GAS_MCF, WATER_BBL, HOURS_ON) VALUES ('WELL00000000021', TO_DATE('2021-06-01','YYYY-MM-DD'), 664.51, 3251.56, 584.59, 197.82);
INSERT INTO welldata.PRODUCTION (UWI, PROD_DATE, OIL_BBL, GAS_MCF, WATER_BBL, HOURS_ON) VALUES ('WELL00000000021', TO_DATE('2021-07-01','YYYY-MM-DD'), 1266.29, 14401.44, 1100.58, 146.58);
INSERT INTO welldata.PRODUCTION (UWI, PROD_DATE, OIL_BBL, GAS_MCF, WATER_BBL, HOURS_ON) VALUES ('WELL00000000021', TO_DATE('2021-08-01','YYYY-MM-DD'), 2850.39, 103.45, 779.66, 259.99);
INSERT INTO welldata.PRODUCTION (UWI, PROD_DATE, OIL_BBL, GAS_MCF, WATER_BBL, HOURS_ON) VALUES ('WELL00000000021', TO_DATE('2021-09-01','YYYY-MM-DD'), 2645.5, 8168.97, 145.19, 312.63);
INSERT INTO welldata.PRODUCTION (UWI, PROD_DATE, OIL_BBL, GAS_MCF, WATER_BBL, HOURS_ON) VALUES ('WELL00000000021', TO_DATE('2021-10-01','YYYY-MM-DD'), 1104.32, 9620.79, 299.7, 422.88);
INSERT INTO welldata.PRODUCTION (UWI, PROD_DATE, OIL_BBL, GAS_MCF, WATER_BBL, HOURS_ON) VALUES ('WELL00000000021', TO_DATE('2021-11-01','YYYY-MM-DD'), 732.6, 11290.18, 527.11, 595.83);
INSERT INTO welldata.PRODUCTION (UWI, PROD_DATE, OIL_BBL, GAS_MCF, WATER_BBL, HOURS_ON) VALUES ('WELL00000000021', TO_DATE('2021-12-01','YYYY-MM-DD'), 1612.41, 8102.81, 123.73, 436.0);
INSERT INTO welldata.PRODUCTION (UWI, PROD_DATE, OIL_BBL, GAS_MCF, WATER_BBL, HOURS_ON) VALUES ('WELL00000000021', TO_DATE('2022-01-01','YYYY-MM-DD'), 1838.81, 12076.58, 920.41, 262.01);
INSERT INTO welldata.PRODUCTION (UWI, PROD_DATE, OIL_BBL, GAS_MCF, WATER_BBL, HOURS_ON) VALUES ('WELL00000000021', TO_DATE('2022-02-01','YYYY-MM-DD'), 1014.01, 12853.7, 224.94, 679.24);
INSERT INTO welldata.PRODUCTION (UWI, PROD_DATE, OIL_BBL, GAS_MCF, WATER_BBL, HOURS_ON) VALUES ('WELL00000000021', TO_DATE('2022-03-01','YYYY-MM-DD'), 2642.63, 1583.55, 943.17, 633.6);
INSERT INTO welldata.PRODUCTION (UWI, PROD_DATE, OIL_BBL, GAS_MCF, WATER_BBL, HOURS_ON) VALUES ('WELL00000000021', TO_DATE('2022-04-01','YYYY-MM-DD'), 1685.66, 3247.41, 66.37, 354.2);
INSERT INTO welldata.PRODUCTION (UWI, PROD_DATE, OIL_BBL, GAS_MCF, WATER_BBL, HOURS_ON) VALUES ('WELL00000000021', TO_DATE('2022-05-01','YYYY-MM-DD'), 2760.58, 12000.52, 97.85, 687.78);
INSERT INTO welldata.PRODUCTION (UWI, PROD_DATE, OIL_BBL, GAS_MCF, WATER_BBL, HOURS_ON) VALUES ('WELL00000000021', TO_DATE('2022-06-01','YYYY-MM-DD'), 1427.71, 7817.18, 1273.93, 677.82);
INSERT INTO welldata.PRODUCTION (UWI, PROD_DATE, OIL_BBL, GAS_MCF, WATER_BBL, HOURS_ON) VALUES ('WELL00000000021', TO_DATE('2022-07-01','YYYY-MM-DD'), 2420.09, 10855.17, 1076.71, 393.86);
INSERT INTO welldata.PRODUCTION (UWI, PROD_DATE, OIL_BBL, GAS_MCF, WATER_BBL, HOURS_ON) VALUES ('WELL00000000021', TO_DATE('2022-08-01','YYYY-MM-DD'), 334.95, 6503.25, 1114.53, 628.27);
INSERT INTO welldata.PRODUCTION (UWI, PROD_DATE, OIL_BBL, GAS_MCF, WATER_BBL, HOURS_ON) VALUES ('WELL00000000021', TO_DATE('2022-09-01','YYYY-MM-DD'), 1888.45, 7522.57, 1436.64, 438.01);
INSERT INTO welldata.PRODUCTION (UWI, PROD_DATE, OIL_BBL, GAS_MCF, WATER_BBL, HOURS_ON) VALUES ('WELL00000000021', TO_DATE('2022-10-01','YYYY-MM-DD'), 701.41, 12183.63, 1042.42, 149.43);
INSERT INTO welldata.PRODUCTION (UWI, PROD_DATE, OIL_BBL, GAS_MCF, WATER_BBL, HOURS_ON) VALUES ('WELL00000000021', TO_DATE('2022-11-01','YYYY-MM-DD'), 2353.44, 8132.39, 939.79, 289.54);
INSERT INTO welldata.PRODUCTION (UWI, PROD_DATE, OIL_BBL, GAS_MCF, WATER_BBL, HOURS_ON) VALUES ('WELL00000000021', TO_DATE('2022-12-01','YYYY-MM-DD'), 830.72, 951.58, 324.49, 184.06);
INSERT INTO welldata.PRODUCTION (UWI, PROD_DATE, OIL_BBL, GAS_MCF, WATER_BBL, HOURS_ON) VALUES ('WELL00000000021', TO_DATE('2023-01-01','YYYY-MM-DD'), 2489.87, 1664.16, 485.67, 579.89);
INSERT INTO welldata.PRODUCTION (UWI, PROD_DATE, OIL_BBL, GAS_MCF, WATER_BBL, HOURS_ON) VALUES ('WELL00000000021', TO_DATE('2023-02-01','YYYY-MM-DD'), 687.21, 10086.81, 912.63, 365.97);
INSERT INTO welldata.PRODUCTION (UWI, PROD_DATE, OIL_BBL, GAS_MCF, WATER_BBL, HOURS_ON) VALUES ('WELL00000000021', TO_DATE('2023-03-01','YYYY-MM-DD'), 1474.64, 9715.35, 931.69, 374.44);
INSERT INTO welldata.PRODUCTION (UWI, PROD_DATE, OIL_BBL, GAS_MCF, WATER_BBL, HOURS_ON) VALUES ('WELL00000000021', TO_DATE('2023-04-01','YYYY-MM-DD'), 1489.39, 6277.39, 1370.82, 369.25);
INSERT INTO welldata.PRODUCTION (UWI, PROD_DATE, OIL_BBL, GAS_MCF, WATER_BBL, HOURS_ON) VALUES ('WELL00000000021', TO_DATE('2023-05-01','YYYY-MM-DD'), 1676.49, 8153.6, 121.77, 452.19);
INSERT INTO welldata.PRODUCTION (UWI, PROD_DATE, OIL_BBL, GAS_MCF, WATER_BBL, HOURS_ON) VALUES ('WELL00000000021', TO_DATE('2023-06-01','YYYY-MM-DD'), 71.95, 14442.26, 542.4, 212.65);
INSERT INTO welldata.PRODUCTION (UWI, PROD_DATE, OIL_BBL, GAS_MCF, WATER_BBL, HOURS_ON) VALUES ('WELL00000000021', TO_DATE('2023-07-01','YYYY-MM-DD'), 1717.18, 1878.89, 950.35, 566.57);
INSERT INTO welldata.PRODUCTION (UWI, PROD_DATE, OIL_BBL, GAS_MCF, WATER_BBL, HOURS_ON) VALUES ('WELL00000000021', TO_DATE('2023-08-01','YYYY-MM-DD'), 2885.37, 5546.18, 1147.08, 482.9);
INSERT INTO welldata.PRODUCTION (UWI, PROD_DATE, OIL_BBL, GAS_MCF, WATER_BBL, HOURS_ON) VALUES ('WELL00000000021', TO_DATE('2023-09-01','YYYY-MM-DD'), 2922.57, 11556.11, 1383.72, 487.51);
INSERT INTO welldata.PRODUCTION (UWI, PROD_DATE, OIL_BBL, GAS_MCF, WATER_BBL, HOURS_ON) VALUES ('WELL00000000021', TO_DATE('2023-10-01','YYYY-MM-DD'), 1099.99, 11202.67, 462.62, 267.1);
INSERT INTO welldata.PRODUCTION (UWI, PROD_DATE, OIL_BBL, GAS_MCF, WATER_BBL, HOURS_ON) VALUES ('WELL00000000021', TO_DATE('2023-11-01','YYYY-MM-DD'), 2535.22, 9106.59, 1482.12, 229.67);
INSERT INTO welldata.PRODUCTION (UWI, PROD_DATE, OIL_BBL, GAS_MCF, WATER_BBL, HOURS_ON) VALUES ('WELL00000000021', TO_DATE('2023-12-01','YYYY-MM-DD'), 2497.52, 9819.45, 1431.98, 286.59);
INSERT INTO welldata.PRODUCTION (UWI, PROD_DATE, OIL_BBL, GAS_MCF, WATER_BBL, HOURS_ON) VALUES ('WELL00000000021', TO_DATE('2024-01-01','YYYY-MM-DD'), 863.15, 4190.58, 336.89, 312.8);
INSERT INTO welldata.PRODUCTION (UWI, PROD_DATE, OIL_BBL, GAS_MCF, WATER_BBL, HOURS_ON) VALUES ('WELL00000000021', TO_DATE('2024-02-01','YYYY-MM-DD'), 649.6, 2187.03, 729.22, 123.04);
INSERT INTO welldata.PRODUCTION (UWI, PROD_DATE, OIL_BBL, GAS_MCF, WATER_BBL, HOURS_ON) VALUES ('WELL00000000021', TO_DATE('2024-03-01','YYYY-MM-DD'), 2791.55, 14839.72, 316.05, 586.57);
INSERT INTO welldata.PRODUCTION (UWI, PROD_DATE, OIL_BBL, GAS_MCF, WATER_BBL, HOURS_ON) VALUES ('WELL00000000021', TO_DATE('2024-04-01','YYYY-MM-DD'), 1092.03, 8339.78, 154.14, 582.42);
INSERT INTO welldata.PRODUCTION (UWI, PROD_DATE, OIL_BBL, GAS_MCF, WATER_BBL, HOURS_ON) VALUES ('WELL00000000021', TO_DATE('2024-05-01','YYYY-MM-DD'), 1401.37, 5001.12, 1054.67, 591.71);
INSERT INTO welldata.PRODUCTION (UWI, PROD_DATE, OIL_BBL, GAS_MCF, WATER_BBL, HOURS_ON) VALUES ('WELL00000000021', TO_DATE('2024-06-01','YYYY-MM-DD'), 1210.19, 9782.28, 270.52, 492.5);
INSERT INTO welldata.PRODUCTION (UWI, PROD_DATE, OIL_BBL, GAS_MCF, WATER_BBL, HOURS_ON) VALUES ('WELL00000000021', TO_DATE('2024-07-01','YYYY-MM-DD'), 1556.11, 14593.25, 174.03, 436.49);
INSERT INTO welldata.PRODUCTION (UWI, PROD_DATE, OIL_BBL, GAS_MCF, WATER_BBL, HOURS_ON) VALUES ('WELL00000000021', TO_DATE('2024-08-01','YYYY-MM-DD'), 1457.54, 2908.88, 1242.2, 427.69);
INSERT INTO welldata.PRODUCTION (UWI, PROD_DATE, OIL_BBL, GAS_MCF, WATER_BBL, HOURS_ON) VALUES ('WELL00000000021', TO_DATE('2024-09-01','YYYY-MM-DD'), 1227.38, 10001.96, 198.12, 592.45);
INSERT INTO welldata.PRODUCTION (UWI, PROD_DATE, OIL_BBL, GAS_MCF, WATER_BBL, HOURS_ON) VALUES ('WELL00000000021', TO_DATE('2024-10-01','YYYY-MM-DD'), 2134.14, 14683.25, 680.93, 567.26);
INSERT INTO welldata.PRODUCTION (UWI, PROD_DATE, OIL_BBL, GAS_MCF, WATER_BBL, HOURS_ON) VALUES ('WELL00000000021', TO_DATE('2024-11-01','YYYY-MM-DD'), 1768.73, 2211.73, 637.96, 639.38);
INSERT INTO welldata.PRODUCTION (UWI, PROD_DATE, OIL_BBL, GAS_MCF, WATER_BBL, HOURS_ON) VALUES ('WELL00000000021', TO_DATE('2024-12-01','YYYY-MM-DD'), 1443.99, 5119.18, 993.74, 126.22);
INSERT INTO welldata.FORMATION_TOPS (UWI, FORMATION, TOP_DEPTH_M, BASE_DEPTH_M, LITHOLOGY) VALUES ('WELL00000000021', 'Rajahmundry', 546, 616, 'SANDSTONE');
INSERT INTO welldata.FORMATION_TOPS (UWI, FORMATION, TOP_DEPTH_M, BASE_DEPTH_M, LITHOLOGY) VALUES ('WELL00000000021', 'Bengal', 760, 822, 'LIMESTONE');
INSERT INTO welldata.FORMATION_TOPS (UWI, FORMATION, TOP_DEPTH_M, BASE_DEPTH_M, LITHOLOGY) VALUES ('WELL00000000021', 'Sanchore', 1263, 1530, 'SHALE');
INSERT INTO welldata.FORMATION_TOPS (UWI, FORMATION, TOP_DEPTH_M, BASE_DEPTH_M, LITHOLOGY) VALUES ('WELL00000000021', 'Barmer', 1339, 1407, 'DOLOMITE');
INSERT INTO welldata.CORE_ANALYSIS (UWI, CORE_RUN, TOP_DEPTH_M, BASE_DEPTH_M, GRAIN_DENSITY, BULK_DENSITY, RECOVERY_PCT) VALUES ('WELL00000000021', 1, 1416, 1498, 2.7951, 2.238, 60.54);
INSERT INTO welldata.CORE_ANALYSIS (UWI, CORE_RUN, TOP_DEPTH_M, BASE_DEPTH_M, GRAIN_DENSITY, BULK_DENSITY, RECOVERY_PCT) VALUES ('WELL00000000021', 2, 1045, 1150, 2.6567, 2.0099, 89.4);
INSERT INTO welldata.WELL (UWI, WELL_NAME, OPERATOR, COUNTRY, BASIN, FIELD_NAME, SPUD_DATE, COMPLETION_DATE, WELL_TYPE, WELL_STATUS, SURFACE_LAT, SURFACE_LON, TOTAL_DEPTH_M, KB_ELEVATION_M) VALUES ('WELL00000000022', 'ONGC-KR-022', 'ONGC', 'India', 'Krishna-Godavari', 'Krishna Field 3', TO_DATE('2010-12-20','YYYY-MM-DD'), TO_DATE('2013-07-31','YYYY-MM-DD'), 'EXPLORATION', 'SUSPENDED', 20.393224, 72.329501, 2620, 48.16);
INSERT INTO welldata.BOREHOLE (UBHI, UWI, BOREHOLE_NAME, BOREHOLE_TYPE, TOP_DEPTH_M, BASE_DEPTH_M) VALUES ('WELL00000000022-BH1', 'WELL00000000022', 'ONGC-KR-022-BH1', 'VERTICAL', 868, 1584);
INSERT INTO welldata.PETROPHYSICS (UBHI, SAMPLE_DEPTH_M, POROSITY, PERMEABILITY, WATER_SAT, FORMATION) VALUES ('WELL00000000022-BH1', 1000, 0.2759, 163.2446, 0.3984, 'Bengal');
INSERT INTO welldata.PETROPHYSICS (UBHI, SAMPLE_DEPTH_M, POROSITY, PERMEABILITY, WATER_SAT, FORMATION) VALUES ('WELL00000000022-BH1', 1020, 0.2707, 239.3841, 0.3682, 'Barmer');
INSERT INTO welldata.PETROPHYSICS (UBHI, SAMPLE_DEPTH_M, POROSITY, PERMEABILITY, WATER_SAT, FORMATION) VALUES ('WELL00000000022-BH1', 1040, 0.129, 142.9181, 0.3061, 'Sanchore');
INSERT INTO welldata.PETROPHYSICS (UBHI, SAMPLE_DEPTH_M, POROSITY, PERMEABILITY, WATER_SAT, FORMATION) VALUES ('WELL00000000022-BH1', 1060, 0.2546, 311.5195, 0.3806, 'Sanchore');
INSERT INTO welldata.PETROPHYSICS (UBHI, SAMPLE_DEPTH_M, POROSITY, PERMEABILITY, WATER_SAT, FORMATION) VALUES ('WELL00000000022-BH1', 1080, 0.0428, 51.8221, 0.2207, 'Barmer');
INSERT INTO welldata.PETROPHYSICS (UBHI, SAMPLE_DEPTH_M, POROSITY, PERMEABILITY, WATER_SAT, FORMATION) VALUES ('WELL00000000022-BH1', 1100, 0.195, 431.6857, 0.4021, 'Barmer');
INSERT INTO welldata.PETROPHYSICS (UBHI, SAMPLE_DEPTH_M, POROSITY, PERMEABILITY, WATER_SAT, FORMATION) VALUES ('WELL00000000022-BH1', 1120, 0.21, 289.3011, 0.6772, 'Bengal');
INSERT INTO welldata.PETROPHYSICS (UBHI, SAMPLE_DEPTH_M, POROSITY, PERMEABILITY, WATER_SAT, FORMATION) VALUES ('WELL00000000022-BH1', 1140, 0.0477, 301.4274, 0.591, 'Bengal');
INSERT INTO welldata.PETROPHYSICS (UBHI, SAMPLE_DEPTH_M, POROSITY, PERMEABILITY, WATER_SAT, FORMATION) VALUES ('WELL00000000022-BH1', 1160, 0.2782, 404.0779, 0.3064, 'Barmer');
INSERT INTO welldata.PETROPHYSICS (UBHI, SAMPLE_DEPTH_M, POROSITY, PERMEABILITY, WATER_SAT, FORMATION) VALUES ('WELL00000000022-BH1', 1180, 0.1789, 446.172, 0.2811, 'Bengal');
INSERT INTO welldata.PETROPHYSICS (UBHI, SAMPLE_DEPTH_M, POROSITY, PERMEABILITY, WATER_SAT, FORMATION) VALUES ('WELL00000000022-BH1', 1200, 0.1655, 160.4043, 0.4627, 'Bengal');
INSERT INTO welldata.PETROPHYSICS (UBHI, SAMPLE_DEPTH_M, POROSITY, PERMEABILITY, WATER_SAT, FORMATION) VALUES ('WELL00000000022-BH1', 1220, 0.1397, 332.5907, 0.6542, 'Barmer');
INSERT INTO welldata.PETROPHYSICS (UBHI, SAMPLE_DEPTH_M, POROSITY, PERMEABILITY, WATER_SAT, FORMATION) VALUES ('WELL00000000022-BH1', 1240, 0.0402, 277.0502, 0.5389, 'Sanchore');
INSERT INTO welldata.PETROPHYSICS (UBHI, SAMPLE_DEPTH_M, POROSITY, PERMEABILITY, WATER_SAT, FORMATION) VALUES ('WELL00000000022-BH1', 1260, 0.0499, 333.668, 0.219, 'Barmer');
INSERT INTO welldata.PETROPHYSICS (UBHI, SAMPLE_DEPTH_M, POROSITY, PERMEABILITY, WATER_SAT, FORMATION) VALUES ('WELL00000000022-BH1', 1280, 0.166, 264.798, 0.5819, 'Rajahmundry');
INSERT INTO welldata.PETROPHYSICS (UBHI, SAMPLE_DEPTH_M, POROSITY, PERMEABILITY, WATER_SAT, FORMATION) VALUES ('WELL00000000022-BH1', 1300, 0.1558, 76.732, 0.4199, 'Sanchore');
INSERT INTO welldata.PETROPHYSICS (UBHI, SAMPLE_DEPTH_M, POROSITY, PERMEABILITY, WATER_SAT, FORMATION) VALUES ('WELL00000000022-BH1', 1320, 0.1397, 135.3271, 0.5823, 'Sanchore');
INSERT INTO welldata.PETROPHYSICS (UBHI, SAMPLE_DEPTH_M, POROSITY, PERMEABILITY, WATER_SAT, FORMATION) VALUES ('WELL00000000022-BH1', 1340, 0.2593, 355.0423, 0.6892, 'Barmer');
INSERT INTO welldata.PETROPHYSICS (UBHI, SAMPLE_DEPTH_M, POROSITY, PERMEABILITY, WATER_SAT, FORMATION) VALUES ('WELL00000000022-BH1', 1360, 0.2271, 384.5856, 0.2456, 'Barmer');
INSERT INTO welldata.PETROPHYSICS (UBHI, SAMPLE_DEPTH_M, POROSITY, PERMEABILITY, WATER_SAT, FORMATION) VALUES ('WELL00000000022-BH1', 1380, 0.0665, 337.7429, 0.5239, 'Bengal');
INSERT INTO welldata.PETROPHYSICS (UBHI, SAMPLE_DEPTH_M, POROSITY, PERMEABILITY, WATER_SAT, FORMATION) VALUES ('WELL00000000022-BH1', 1400, 0.1415, 206.2308, 0.4076, 'Bengal');
INSERT INTO welldata.PETROPHYSICS (UBHI, SAMPLE_DEPTH_M, POROSITY, PERMEABILITY, WATER_SAT, FORMATION) VALUES ('WELL00000000022-BH1', 1420, 0.1249, 440.9114, 0.3547, 'Bengal');
INSERT INTO welldata.PETROPHYSICS (UBHI, SAMPLE_DEPTH_M, POROSITY, PERMEABILITY, WATER_SAT, FORMATION) VALUES ('WELL00000000022-BH1', 1440, 0.0757, 219.3075, 0.6729, 'Bengal');
INSERT INTO welldata.PETROPHYSICS (UBHI, SAMPLE_DEPTH_M, POROSITY, PERMEABILITY, WATER_SAT, FORMATION) VALUES ('WELL00000000022-BH1', 1460, 0.2164, 179.7241, 0.1556, 'Sanchore');
INSERT INTO welldata.PETROPHYSICS (UBHI, SAMPLE_DEPTH_M, POROSITY, PERMEABILITY, WATER_SAT, FORMATION) VALUES ('WELL00000000022-BH1', 1480, 0.2673, 183.8849, 0.5975, 'Bengal');
INSERT INTO welldata.PETROPHYSICS (UBHI, SAMPLE_DEPTH_M, POROSITY, PERMEABILITY, WATER_SAT, FORMATION) VALUES ('WELL00000000022-BH1', 1500, 0.075, 100.9633, 0.4731, 'Barmer');
INSERT INTO welldata.PETROPHYSICS (UBHI, SAMPLE_DEPTH_M, POROSITY, PERMEABILITY, WATER_SAT, FORMATION) VALUES ('WELL00000000022-BH1', 1520, 0.2604, 321.7952, 0.554, 'Rajahmundry');
INSERT INTO welldata.PETROPHYSICS (UBHI, SAMPLE_DEPTH_M, POROSITY, PERMEABILITY, WATER_SAT, FORMATION) VALUES ('WELL00000000022-BH1', 1540, 0.0608, 336.1801, 0.3271, 'Bengal');
INSERT INTO welldata.PETROPHYSICS (UBHI, SAMPLE_DEPTH_M, POROSITY, PERMEABILITY, WATER_SAT, FORMATION) VALUES ('WELL00000000022-BH1', 1560, 0.1167, 399.0104, 0.5629, 'Barmer');
INSERT INTO welldata.PETROPHYSICS (UBHI, SAMPLE_DEPTH_M, POROSITY, PERMEABILITY, WATER_SAT, FORMATION) VALUES ('WELL00000000022-BH1', 1580, 0.2418, 448.3155, 0.6577, 'Rajahmundry');
INSERT INTO welldata.PETROPHYSICS (UBHI, SAMPLE_DEPTH_M, POROSITY, PERMEABILITY, WATER_SAT, FORMATION) VALUES ('WELL00000000022-BH1', 1600, 0.217, 417.996, 0.4007, 'Bengal');
INSERT INTO welldata.PETROPHYSICS (UBHI, SAMPLE_DEPTH_M, POROSITY, PERMEABILITY, WATER_SAT, FORMATION) VALUES ('WELL00000000022-BH1', 1620, 0.1554, 362.5033, 0.2425, 'Barmer');
INSERT INTO welldata.PETROPHYSICS (UBHI, SAMPLE_DEPTH_M, POROSITY, PERMEABILITY, WATER_SAT, FORMATION) VALUES ('WELL00000000022-BH1', 1640, 0.0844, 71.4277, 0.3351, 'Rajahmundry');
INSERT INTO welldata.PETROPHYSICS (UBHI, SAMPLE_DEPTH_M, POROSITY, PERMEABILITY, WATER_SAT, FORMATION) VALUES ('WELL00000000022-BH1', 1660, 0.178, 12.4632, 0.16, 'Sanchore');
INSERT INTO welldata.PETROPHYSICS (UBHI, SAMPLE_DEPTH_M, POROSITY, PERMEABILITY, WATER_SAT, FORMATION) VALUES ('WELL00000000022-BH1', 1680, 0.1494, 196.8335, 0.7373, 'Barmer');
INSERT INTO welldata.PETROPHYSICS (UBHI, SAMPLE_DEPTH_M, POROSITY, PERMEABILITY, WATER_SAT, FORMATION) VALUES ('WELL00000000022-BH1', 1700, 0.1002, 270.4858, 0.532, 'Barmer');
INSERT INTO welldata.PETROPHYSICS (UBHI, SAMPLE_DEPTH_M, POROSITY, PERMEABILITY, WATER_SAT, FORMATION) VALUES ('WELL00000000022-BH1', 1720, 0.2372, 41.9343, 0.4806, 'Bengal');
INSERT INTO welldata.PETROPHYSICS (UBHI, SAMPLE_DEPTH_M, POROSITY, PERMEABILITY, WATER_SAT, FORMATION) VALUES ('WELL00000000022-BH1', 1740, 0.172, 124.2294, 0.6804, 'Rajahmundry');
INSERT INTO welldata.PETROPHYSICS (UBHI, SAMPLE_DEPTH_M, POROSITY, PERMEABILITY, WATER_SAT, FORMATION) VALUES ('WELL00000000022-BH1', 1760, 0.1664, 15.0023, 0.2271, 'Sanchore');
INSERT INTO welldata.PETROPHYSICS (UBHI, SAMPLE_DEPTH_M, POROSITY, PERMEABILITY, WATER_SAT, FORMATION) VALUES ('WELL00000000022-BH1', 1780, 0.0868, 32.638, 0.4487, 'Barmer');
INSERT INTO welldata.PETROPHYSICS (UBHI, SAMPLE_DEPTH_M, POROSITY, PERMEABILITY, WATER_SAT, FORMATION) VALUES ('WELL00000000022-BH1', 1800, 0.2469, 117.6171, 0.7213, 'Sanchore');
INSERT INTO welldata.PETROPHYSICS (UBHI, SAMPLE_DEPTH_M, POROSITY, PERMEABILITY, WATER_SAT, FORMATION) VALUES ('WELL00000000022-BH1', 1820, 0.1632, 183.1948, 0.325, 'Rajahmundry');
INSERT INTO welldata.PETROPHYSICS (UBHI, SAMPLE_DEPTH_M, POROSITY, PERMEABILITY, WATER_SAT, FORMATION) VALUES ('WELL00000000022-BH1', 1840, 0.0905, 383.6188, 0.394, 'Rajahmundry');
INSERT INTO welldata.PETROPHYSICS (UBHI, SAMPLE_DEPTH_M, POROSITY, PERMEABILITY, WATER_SAT, FORMATION) VALUES ('WELL00000000022-BH1', 1860, 0.0705, 348.0945, 0.7362, 'Rajahmundry');
INSERT INTO welldata.PETROPHYSICS (UBHI, SAMPLE_DEPTH_M, POROSITY, PERMEABILITY, WATER_SAT, FORMATION) VALUES ('WELL00000000022-BH1', 1880, 0.1687, 255.9454, 0.2641, 'Rajahmundry');
INSERT INTO welldata.PETROPHYSICS (UBHI, SAMPLE_DEPTH_M, POROSITY, PERMEABILITY, WATER_SAT, FORMATION) VALUES ('WELL00000000022-BH1', 1900, 0.272, 114.4281, 0.5854, 'Bengal');
INSERT INTO welldata.PETROPHYSICS (UBHI, SAMPLE_DEPTH_M, POROSITY, PERMEABILITY, WATER_SAT, FORMATION) VALUES ('WELL00000000022-BH1', 1920, 0.2003, 316.0385, 0.4984, 'Sanchore');
INSERT INTO welldata.PETROPHYSICS (UBHI, SAMPLE_DEPTH_M, POROSITY, PERMEABILITY, WATER_SAT, FORMATION) VALUES ('WELL00000000022-BH1', 1940, 0.1813, 167.2836, 0.5769, 'Barmer');
INSERT INTO welldata.PETROPHYSICS (UBHI, SAMPLE_DEPTH_M, POROSITY, PERMEABILITY, WATER_SAT, FORMATION) VALUES ('WELL00000000022-BH1', 1960, 0.0487, 157.742, 0.6494, 'Bengal');
INSERT INTO welldata.PETROPHYSICS (UBHI, SAMPLE_DEPTH_M, POROSITY, PERMEABILITY, WATER_SAT, FORMATION) VALUES ('WELL00000000022-BH1', 1980, 0.0991, 177.3209, 0.2875, 'Sanchore');
INSERT INTO welldata.PETROPHYSICS (UBHI, SAMPLE_DEPTH_M, POROSITY, PERMEABILITY, WATER_SAT, FORMATION) VALUES ('WELL00000000022-BH1', 2000, 0.1686, 381.4781, 0.3122, 'Rajahmundry');
INSERT INTO welldata.PETROPHYSICS (UBHI, SAMPLE_DEPTH_M, POROSITY, PERMEABILITY, WATER_SAT, FORMATION) VALUES ('WELL00000000022-BH1', 2020, 0.1291, 90.7213, 0.3475, 'Rajahmundry');
INSERT INTO welldata.PETROPHYSICS (UBHI, SAMPLE_DEPTH_M, POROSITY, PERMEABILITY, WATER_SAT, FORMATION) VALUES ('WELL00000000022-BH1', 2040, 0.157, 161.2251, 0.4726, 'Barmer');
INSERT INTO welldata.PETROPHYSICS (UBHI, SAMPLE_DEPTH_M, POROSITY, PERMEABILITY, WATER_SAT, FORMATION) VALUES ('WELL00000000022-BH1', 2060, 0.0448, 161.7051, 0.2469, 'Bengal');
INSERT INTO welldata.PETROPHYSICS (UBHI, SAMPLE_DEPTH_M, POROSITY, PERMEABILITY, WATER_SAT, FORMATION) VALUES ('WELL00000000022-BH1', 2080, 0.0822, 390.3993, 0.7248, 'Bengal');
INSERT INTO welldata.PETROPHYSICS (UBHI, SAMPLE_DEPTH_M, POROSITY, PERMEABILITY, WATER_SAT, FORMATION) VALUES ('WELL00000000022-BH1', 2100, 0.2493, 307.123, 0.6092, 'Barmer');
INSERT INTO welldata.PETROPHYSICS (UBHI, SAMPLE_DEPTH_M, POROSITY, PERMEABILITY, WATER_SAT, FORMATION) VALUES ('WELL00000000022-BH1', 2120, 0.2392, 316.6902, 0.3027, 'Sanchore');
INSERT INTO welldata.PETROPHYSICS (UBHI, SAMPLE_DEPTH_M, POROSITY, PERMEABILITY, WATER_SAT, FORMATION) VALUES ('WELL00000000022-BH1', 2140, 0.2091, 417.4652, 0.4014, 'Rajahmundry');
INSERT INTO welldata.PETROPHYSICS (UBHI, SAMPLE_DEPTH_M, POROSITY, PERMEABILITY, WATER_SAT, FORMATION) VALUES ('WELL00000000022-BH1', 2160, 0.0822, 173.5838, 0.5966, 'Sanchore');
INSERT INTO welldata.PETROPHYSICS (UBHI, SAMPLE_DEPTH_M, POROSITY, PERMEABILITY, WATER_SAT, FORMATION) VALUES ('WELL00000000022-BH1', 2180, 0.2431, 194.8608, 0.2614, 'Rajahmundry');
INSERT INTO welldata.PETROPHYSICS (UBHI, SAMPLE_DEPTH_M, POROSITY, PERMEABILITY, WATER_SAT, FORMATION) VALUES ('WELL00000000022-BH1', 2200, 0.2444, 2.0289, 0.6554, 'Bengal');
INSERT INTO welldata.PETROPHYSICS (UBHI, SAMPLE_DEPTH_M, POROSITY, PERMEABILITY, WATER_SAT, FORMATION) VALUES ('WELL00000000022-BH1', 2220, 0.139, 184.2619, 0.4519, 'Bengal');
INSERT INTO welldata.PETROPHYSICS (UBHI, SAMPLE_DEPTH_M, POROSITY, PERMEABILITY, WATER_SAT, FORMATION) VALUES ('WELL00000000022-BH1', 2240, 0.1942, 289.2807, 0.5267, 'Sanchore');
INSERT INTO welldata.PETROPHYSICS (UBHI, SAMPLE_DEPTH_M, POROSITY, PERMEABILITY, WATER_SAT, FORMATION) VALUES ('WELL00000000022-BH1', 2260, 0.2768, 302.8262, 0.6625, 'Rajahmundry');
INSERT INTO welldata.PETROPHYSICS (UBHI, SAMPLE_DEPTH_M, POROSITY, PERMEABILITY, WATER_SAT, FORMATION) VALUES ('WELL00000000022-BH1', 2280, 0.1585, 360.0958, 0.561, 'Bengal');
INSERT INTO welldata.PETROPHYSICS (UBHI, SAMPLE_DEPTH_M, POROSITY, PERMEABILITY, WATER_SAT, FORMATION) VALUES ('WELL00000000022-BH1', 2300, 0.186, 226.8256, 0.5082, 'Bengal');
INSERT INTO welldata.PETROPHYSICS (UBHI, SAMPLE_DEPTH_M, POROSITY, PERMEABILITY, WATER_SAT, FORMATION) VALUES ('WELL00000000022-BH1', 2320, 0.2721, 124.3145, 0.1516, 'Sanchore');
INSERT INTO welldata.PETROPHYSICS (UBHI, SAMPLE_DEPTH_M, POROSITY, PERMEABILITY, WATER_SAT, FORMATION) VALUES ('WELL00000000022-BH1', 2340, 0.2552, 319.7141, 0.4868, 'Rajahmundry');
INSERT INTO welldata.PETROPHYSICS (UBHI, SAMPLE_DEPTH_M, POROSITY, PERMEABILITY, WATER_SAT, FORMATION) VALUES ('WELL00000000022-BH1', 2360, 0.1995, 282.0412, 0.6648, 'Bengal');
INSERT INTO welldata.PETROPHYSICS (UBHI, SAMPLE_DEPTH_M, POROSITY, PERMEABILITY, WATER_SAT, FORMATION) VALUES ('WELL00000000022-BH1', 2380, 0.1064, 154.314, 0.4389, 'Rajahmundry');
INSERT INTO welldata.PETROPHYSICS (UBHI, SAMPLE_DEPTH_M, POROSITY, PERMEABILITY, WATER_SAT, FORMATION) VALUES ('WELL00000000022-BH1', 2400, 0.1942, 278.9747, 0.5503, 'Rajahmundry');
INSERT INTO welldata.PETROPHYSICS (UBHI, SAMPLE_DEPTH_M, POROSITY, PERMEABILITY, WATER_SAT, FORMATION) VALUES ('WELL00000000022-BH1', 2420, 0.2127, 221.9862, 0.4226, 'Sanchore');
INSERT INTO welldata.PETROPHYSICS (UBHI, SAMPLE_DEPTH_M, POROSITY, PERMEABILITY, WATER_SAT, FORMATION) VALUES ('WELL00000000022-BH1', 2440, 0.1538, 325.9737, 0.2851, 'Rajahmundry');
INSERT INTO welldata.PETROPHYSICS (UBHI, SAMPLE_DEPTH_M, POROSITY, PERMEABILITY, WATER_SAT, FORMATION) VALUES ('WELL00000000022-BH1', 2460, 0.178, 106.3977, 0.7246, 'Rajahmundry');
INSERT INTO welldata.PETROPHYSICS (UBHI, SAMPLE_DEPTH_M, POROSITY, PERMEABILITY, WATER_SAT, FORMATION) VALUES ('WELL00000000022-BH1', 2480, 0.2677, 268.8641, 0.4337, 'Sanchore');
INSERT INTO welldata.PETROPHYSICS (UBHI, SAMPLE_DEPTH_M, POROSITY, PERMEABILITY, WATER_SAT, FORMATION) VALUES ('WELL00000000022-BH1', 2500, 0.1733, 224.2956, 0.2479, 'Barmer');
INSERT INTO welldata.PETROPHYSICS (UBHI, SAMPLE_DEPTH_M, POROSITY, PERMEABILITY, WATER_SAT, FORMATION) VALUES ('WELL00000000022-BH1', 2520, 0.2507, 353.0118, 0.1866, 'Rajahmundry');
INSERT INTO welldata.PETROPHYSICS (UBHI, SAMPLE_DEPTH_M, POROSITY, PERMEABILITY, WATER_SAT, FORMATION) VALUES ('WELL00000000022-BH1', 2540, 0.1003, 354.4986, 0.5909, 'Barmer');
INSERT INTO welldata.PETROPHYSICS (UBHI, SAMPLE_DEPTH_M, POROSITY, PERMEABILITY, WATER_SAT, FORMATION) VALUES ('WELL00000000022-BH1', 2560, 0.2419, 354.8823, 0.2384, 'Rajahmundry');
INSERT INTO welldata.PETROPHYSICS (UBHI, SAMPLE_DEPTH_M, POROSITY, PERMEABILITY, WATER_SAT, FORMATION) VALUES ('WELL00000000022-BH1', 2580, 0.0783, 194.365, 0.1964, 'Sanchore');
INSERT INTO welldata.PETROPHYSICS (UBHI, SAMPLE_DEPTH_M, POROSITY, PERMEABILITY, WATER_SAT, FORMATION) VALUES ('WELL00000000022-BH1', 2600, 0.0973, 318.952, 0.3796, 'Rajahmundry');
INSERT INTO welldata.PETROPHYSICS (UBHI, SAMPLE_DEPTH_M, POROSITY, PERMEABILITY, WATER_SAT, FORMATION) VALUES ('WELL00000000022-BH1', 2620, 0.0457, 416.0648, 0.4577, 'Barmer');
INSERT INTO welldata.PETROPHYSICS (UBHI, SAMPLE_DEPTH_M, POROSITY, PERMEABILITY, WATER_SAT, FORMATION) VALUES ('WELL00000000022-BH1', 2640, 0.1821, 86.7692, 0.3, 'Barmer');
INSERT INTO welldata.PETROPHYSICS (UBHI, SAMPLE_DEPTH_M, POROSITY, PERMEABILITY, WATER_SAT, FORMATION) VALUES ('WELL00000000022-BH1', 2660, 0.0797, 405.7212, 0.6789, 'Barmer');
INSERT INTO welldata.PETROPHYSICS (UBHI, SAMPLE_DEPTH_M, POROSITY, PERMEABILITY, WATER_SAT, FORMATION) VALUES ('WELL00000000022-BH1', 2680, 0.1897, 57.5299, 0.5454, 'Bengal');
INSERT INTO welldata.PETROPHYSICS (UBHI, SAMPLE_DEPTH_M, POROSITY, PERMEABILITY, WATER_SAT, FORMATION) VALUES ('WELL00000000022-BH1', 2700, 0.1653, 238.1833, 0.3608, 'Bengal');
INSERT INTO welldata.PETROPHYSICS (UBHI, SAMPLE_DEPTH_M, POROSITY, PERMEABILITY, WATER_SAT, FORMATION) VALUES ('WELL00000000022-BH1', 2720, 0.2665, 301.008, 0.4086, 'Barmer');
INSERT INTO welldata.PETROPHYSICS (UBHI, SAMPLE_DEPTH_M, POROSITY, PERMEABILITY, WATER_SAT, FORMATION) VALUES ('WELL00000000022-BH1', 2740, 0.2032, 275.0887, 0.5107, 'Sanchore');
INSERT INTO welldata.PETROPHYSICS (UBHI, SAMPLE_DEPTH_M, POROSITY, PERMEABILITY, WATER_SAT, FORMATION) VALUES ('WELL00000000022-BH1', 2760, 0.118, 393.7608, 0.3511, 'Sanchore');
INSERT INTO welldata.PETROPHYSICS (UBHI, SAMPLE_DEPTH_M, POROSITY, PERMEABILITY, WATER_SAT, FORMATION) VALUES ('WELL00000000022-BH1', 2780, 0.2308, 372.8461, 0.5924, 'Bengal');
INSERT INTO welldata.PETROPHYSICS (UBHI, SAMPLE_DEPTH_M, POROSITY, PERMEABILITY, WATER_SAT, FORMATION) VALUES ('WELL00000000022-BH1', 2800, 0.1085, 100.0418, 0.301, 'Bengal');
INSERT INTO welldata.PETROPHYSICS (UBHI, SAMPLE_DEPTH_M, POROSITY, PERMEABILITY, WATER_SAT, FORMATION) VALUES ('WELL00000000022-BH1', 2820, 0.1469, 373.5662, 0.2337, 'Rajahmundry');
INSERT INTO welldata.PETROPHYSICS (UBHI, SAMPLE_DEPTH_M, POROSITY, PERMEABILITY, WATER_SAT, FORMATION) VALUES ('WELL00000000022-BH1', 2840, 0.0988, 100.3175, 0.3212, 'Sanchore');
INSERT INTO welldata.PETROPHYSICS (UBHI, SAMPLE_DEPTH_M, POROSITY, PERMEABILITY, WATER_SAT, FORMATION) VALUES ('WELL00000000022-BH1', 2860, 0.1441, 444.4393, 0.3393, 'Sanchore');
INSERT INTO welldata.PETROPHYSICS (UBHI, SAMPLE_DEPTH_M, POROSITY, PERMEABILITY, WATER_SAT, FORMATION) VALUES ('WELL00000000022-BH1', 2880, 0.1832, 46.7358, 0.6226, 'Rajahmundry');
INSERT INTO welldata.PETROPHYSICS (UBHI, SAMPLE_DEPTH_M, POROSITY, PERMEABILITY, WATER_SAT, FORMATION) VALUES ('WELL00000000022-BH1', 2900, 0.187, 198.7688, 0.6396, 'Barmer');
INSERT INTO welldata.PETROPHYSICS (UBHI, SAMPLE_DEPTH_M, POROSITY, PERMEABILITY, WATER_SAT, FORMATION) VALUES ('WELL00000000022-BH1', 2920, 0.1486, 415.0381, 0.3012, 'Barmer');
INSERT INTO welldata.PETROPHYSICS (UBHI, SAMPLE_DEPTH_M, POROSITY, PERMEABILITY, WATER_SAT, FORMATION) VALUES ('WELL00000000022-BH1', 2940, 0.2525, 236.6199, 0.4448, 'Rajahmundry');
INSERT INTO welldata.PETROPHYSICS (UBHI, SAMPLE_DEPTH_M, POROSITY, PERMEABILITY, WATER_SAT, FORMATION) VALUES ('WELL00000000022-BH1', 2960, 0.072, 370.6195, 0.4523, 'Barmer');
INSERT INTO welldata.PETROPHYSICS (UBHI, SAMPLE_DEPTH_M, POROSITY, PERMEABILITY, WATER_SAT, FORMATION) VALUES ('WELL00000000022-BH1', 2980, 0.206, 217.9156, 0.6948, 'Rajahmundry');
INSERT INTO welldata.PETROPHYSICS (UBHI, SAMPLE_DEPTH_M, POROSITY, PERMEABILITY, WATER_SAT, FORMATION) VALUES ('WELL00000000022-BH1', 3000, 0.0634, 80.5507, 0.2969, 'Bengal');
INSERT INTO welldata.BOREHOLE (UBHI, UWI, BOREHOLE_NAME, BOREHOLE_TYPE, TOP_DEPTH_M, BASE_DEPTH_M) VALUES ('WELL00000000022-BH2', 'WELL00000000022', 'ONGC-KR-022-BH2', 'VERTICAL', 825, 1869);
INSERT INTO welldata.PETROPHYSICS (UBHI, SAMPLE_DEPTH_M, POROSITY, PERMEABILITY, WATER_SAT, FORMATION) VALUES ('WELL00000000022-BH2', 1000, 0.256, 346.9429, 0.3432, 'Rajahmundry');
INSERT INTO welldata.PETROPHYSICS (UBHI, SAMPLE_DEPTH_M, POROSITY, PERMEABILITY, WATER_SAT, FORMATION) VALUES ('WELL00000000022-BH2', 1020, 0.159, 85.2912, 0.3513, 'Barmer');
INSERT INTO welldata.PETROPHYSICS (UBHI, SAMPLE_DEPTH_M, POROSITY, PERMEABILITY, WATER_SAT, FORMATION) VALUES ('WELL00000000022-BH2', 1040, 0.1482, 62.6168, 0.2795, 'Rajahmundry');
INSERT INTO welldata.PETROPHYSICS (UBHI, SAMPLE_DEPTH_M, POROSITY, PERMEABILITY, WATER_SAT, FORMATION) VALUES ('WELL00000000022-BH2', 1060, 0.2459, 302.3513, 0.4083, 'Barmer');
INSERT INTO welldata.PETROPHYSICS (UBHI, SAMPLE_DEPTH_M, POROSITY, PERMEABILITY, WATER_SAT, FORMATION) VALUES ('WELL00000000022-BH2', 1080, 0.2661, 247.5279, 0.6863, 'Bengal');
INSERT INTO welldata.PETROPHYSICS (UBHI, SAMPLE_DEPTH_M, POROSITY, PERMEABILITY, WATER_SAT, FORMATION) VALUES ('WELL00000000022-BH2', 1100, 0.0868, 174.9555, 0.416, 'Bengal');
INSERT INTO welldata.PETROPHYSICS (UBHI, SAMPLE_DEPTH_M, POROSITY, PERMEABILITY, WATER_SAT, FORMATION) VALUES ('WELL00000000022-BH2', 1120, 0.0944, 240.3553, 0.6701, 'Sanchore');
INSERT INTO welldata.PETROPHYSICS (UBHI, SAMPLE_DEPTH_M, POROSITY, PERMEABILITY, WATER_SAT, FORMATION) VALUES ('WELL00000000022-BH2', 1140, 0.2627, 326.0538, 0.1919, 'Barmer');
INSERT INTO welldata.PETROPHYSICS (UBHI, SAMPLE_DEPTH_M, POROSITY, PERMEABILITY, WATER_SAT, FORMATION) VALUES ('WELL00000000022-BH2', 1160, 0.1429, 342.9075, 0.5596, 'Sanchore');
INSERT INTO welldata.PETROPHYSICS (UBHI, SAMPLE_DEPTH_M, POROSITY, PERMEABILITY, WATER_SAT, FORMATION) VALUES ('WELL00000000022-BH2', 1180, 0.1741, 317.6299, 0.1673, 'Rajahmundry');
INSERT INTO welldata.PETROPHYSICS (UBHI, SAMPLE_DEPTH_M, POROSITY, PERMEABILITY, WATER_SAT, FORMATION) VALUES ('WELL00000000022-BH2', 1200, 0.1117, 72.3427, 0.3007, 'Sanchore');
INSERT INTO welldata.PETROPHYSICS (UBHI, SAMPLE_DEPTH_M, POROSITY, PERMEABILITY, WATER_SAT, FORMATION) VALUES ('WELL00000000022-BH2', 1220, 0.0826, 432.2813, 0.5559, 'Sanchore');
INSERT INTO welldata.PETROPHYSICS (UBHI, SAMPLE_DEPTH_M, POROSITY, PERMEABILITY, WATER_SAT, FORMATION) VALUES ('WELL00000000022-BH2', 1240, 0.2121, 304.2458, 0.4407, 'Barmer');
INSERT INTO welldata.PETROPHYSICS (UBHI, SAMPLE_DEPTH_M, POROSITY, PERMEABILITY, WATER_SAT, FORMATION) VALUES ('WELL00000000022-BH2', 1260, 0.2284, 222.7338, 0.6142, 'Rajahmundry');
INSERT INTO welldata.PETROPHYSICS (UBHI, SAMPLE_DEPTH_M, POROSITY, PERMEABILITY, WATER_SAT, FORMATION) VALUES ('WELL00000000022-BH2', 1280, 0.2382, 51.8345, 0.3221, 'Bengal');
INSERT INTO welldata.PETROPHYSICS (UBHI, SAMPLE_DEPTH_M, POROSITY, PERMEABILITY, WATER_SAT, FORMATION) VALUES ('WELL00000000022-BH2', 1300, 0.214, 101.5709, 0.3593, 'Rajahmundry');
INSERT INTO welldata.PETROPHYSICS (UBHI, SAMPLE_DEPTH_M, POROSITY, PERMEABILITY, WATER_SAT, FORMATION) VALUES ('WELL00000000022-BH2', 1320, 0.0633, 402.0804, 0.5871, 'Barmer');
INSERT INTO welldata.PETROPHYSICS (UBHI, SAMPLE_DEPTH_M, POROSITY, PERMEABILITY, WATER_SAT, FORMATION) VALUES ('WELL00000000022-BH2', 1340, 0.1089, 285.1392, 0.5306, 'Bengal');
INSERT INTO welldata.PETROPHYSICS (UBHI, SAMPLE_DEPTH_M, POROSITY, PERMEABILITY, WATER_SAT, FORMATION) VALUES ('WELL00000000022-BH2', 1360, 0.1754, 244.1848, 0.7049, 'Bengal');
INSERT INTO welldata.PETROPHYSICS (UBHI, SAMPLE_DEPTH_M, POROSITY, PERMEABILITY, WATER_SAT, FORMATION) VALUES ('WELL00000000022-BH2', 1380, 0.2672, 195.7536, 0.3011, 'Sanchore');
INSERT INTO welldata.PETROPHYSICS (UBHI, SAMPLE_DEPTH_M, POROSITY, PERMEABILITY, WATER_SAT, FORMATION) VALUES ('WELL00000000022-BH2', 1400, 0.2057, 429.6886, 0.4515, 'Barmer');
INSERT INTO welldata.PETROPHYSICS (UBHI, SAMPLE_DEPTH_M, POROSITY, PERMEABILITY, WATER_SAT, FORMATION) VALUES ('WELL00000000022-BH2', 1420, 0.0759, 233.0975, 0.6256, 'Bengal');
INSERT INTO welldata.PETROPHYSICS (UBHI, SAMPLE_DEPTH_M, POROSITY, PERMEABILITY, WATER_SAT, FORMATION) VALUES ('WELL00000000022-BH2', 1440, 0.1433, 403.6575, 0.2486, 'Sanchore');
INSERT INTO welldata.PETROPHYSICS (UBHI, SAMPLE_DEPTH_M, POROSITY, PERMEABILITY, WATER_SAT, FORMATION) VALUES ('WELL00000000022-BH2', 1460, 0.2106, 291.5145, 0.248, 'Bengal');
INSERT INTO welldata.PETROPHYSICS (UBHI, SAMPLE_DEPTH_M, POROSITY, PERMEABILITY, WATER_SAT, FORMATION) VALUES ('WELL00000000022-BH2', 1480, 0.1778, 144.4656, 0.2204, 'Sanchore');
INSERT INTO welldata.PETROPHYSICS (UBHI, SAMPLE_DEPTH_M, POROSITY, PERMEABILITY, WATER_SAT, FORMATION) VALUES ('WELL00000000022-BH2', 1500, 0.0948, 98.1965, 0.7493, 'Sanchore');
INSERT INTO welldata.PETROPHYSICS (UBHI, SAMPLE_DEPTH_M, POROSITY, PERMEABILITY, WATER_SAT, FORMATION) VALUES ('WELL00000000022-BH2', 1520, 0.1571, 261.5195, 0.7345, 'Sanchore');
INSERT INTO welldata.PETROPHYSICS (UBHI, SAMPLE_DEPTH_M, POROSITY, PERMEABILITY, WATER_SAT, FORMATION) VALUES ('WELL00000000022-BH2', 1540, 0.2052, 335.4452, 0.4427, 'Rajahmundry');
INSERT INTO welldata.PETROPHYSICS (UBHI, SAMPLE_DEPTH_M, POROSITY, PERMEABILITY, WATER_SAT, FORMATION) VALUES ('WELL00000000022-BH2', 1560, 0.1151, 270.1661, 0.6584, 'Sanchore');
INSERT INTO welldata.PETROPHYSICS (UBHI, SAMPLE_DEPTH_M, POROSITY, PERMEABILITY, WATER_SAT, FORMATION) VALUES ('WELL00000000022-BH2', 1580, 0.2754, 95.6139, 0.2343, 'Barmer');
INSERT INTO welldata.PETROPHYSICS (UBHI, SAMPLE_DEPTH_M, POROSITY, PERMEABILITY, WATER_SAT, FORMATION) VALUES ('WELL00000000022-BH2', 1600, 0.1896, 34.5444, 0.4871, 'Sanchore');
INSERT INTO welldata.PETROPHYSICS (UBHI, SAMPLE_DEPTH_M, POROSITY, PERMEABILITY, WATER_SAT, FORMATION) VALUES ('WELL00000000022-BH2', 1620, 0.0977, 325.1413, 0.7417, 'Rajahmundry');
INSERT INTO welldata.PETROPHYSICS (UBHI, SAMPLE_DEPTH_M, POROSITY, PERMEABILITY, WATER_SAT, FORMATION) VALUES ('WELL00000000022-BH2', 1640, 0.0994, 286.1025, 0.3134, 'Rajahmundry');
INSERT INTO welldata.PETROPHYSICS (UBHI, SAMPLE_DEPTH_M, POROSITY, PERMEABILITY, WATER_SAT, FORMATION) VALUES ('WELL00000000022-BH2', 1660, 0.18, 284.0072, 0.5612, 'Bengal');
INSERT INTO welldata.PETROPHYSICS (UBHI, SAMPLE_DEPTH_M, POROSITY, PERMEABILITY, WATER_SAT, FORMATION) VALUES ('WELL00000000022-BH2', 1680, 0.273, 407.3616, 0.5694, 'Barmer');
INSERT INTO welldata.PETROPHYSICS (UBHI, SAMPLE_DEPTH_M, POROSITY, PERMEABILITY, WATER_SAT, FORMATION) VALUES ('WELL00000000022-BH2', 1700, 0.0405, 38.3076, 0.4838, 'Sanchore');
INSERT INTO welldata.PETROPHYSICS (UBHI, SAMPLE_DEPTH_M, POROSITY, PERMEABILITY, WATER_SAT, FORMATION) VALUES ('WELL00000000022-BH2', 1720, 0.0613, 414.1772, 0.4673, 'Bengal');
INSERT INTO welldata.PETROPHYSICS (UBHI, SAMPLE_DEPTH_M, POROSITY, PERMEABILITY, WATER_SAT, FORMATION) VALUES ('WELL00000000022-BH2', 1740, 0.1581, 323.3511, 0.1708, 'Rajahmundry');
INSERT INTO welldata.PETROPHYSICS (UBHI, SAMPLE_DEPTH_M, POROSITY, PERMEABILITY, WATER_SAT, FORMATION) VALUES ('WELL00000000022-BH2', 1760, 0.0951, 5.1339, 0.1563, 'Bengal');
INSERT INTO welldata.PETROPHYSICS (UBHI, SAMPLE_DEPTH_M, POROSITY, PERMEABILITY, WATER_SAT, FORMATION) VALUES ('WELL00000000022-BH2', 1780, 0.1819, 105.6119, 0.6108, 'Barmer');
INSERT INTO welldata.PETROPHYSICS (UBHI, SAMPLE_DEPTH_M, POROSITY, PERMEABILITY, WATER_SAT, FORMATION) VALUES ('WELL00000000022-BH2', 1800, 0.2767, 280.6207, 0.1627, 'Rajahmundry');
INSERT INTO welldata.PETROPHYSICS (UBHI, SAMPLE_DEPTH_M, POROSITY, PERMEABILITY, WATER_SAT, FORMATION) VALUES ('WELL00000000022-BH2', 1820, 0.1818, 293.0504, 0.4978, 'Barmer');
INSERT INTO welldata.PETROPHYSICS (UBHI, SAMPLE_DEPTH_M, POROSITY, PERMEABILITY, WATER_SAT, FORMATION) VALUES ('WELL00000000022-BH2', 1840, 0.1686, 110.6601, 0.1507, 'Rajahmundry');
INSERT INTO welldata.PETROPHYSICS (UBHI, SAMPLE_DEPTH_M, POROSITY, PERMEABILITY, WATER_SAT, FORMATION) VALUES ('WELL00000000022-BH2', 1860, 0.2468, 15.1848, 0.7199, 'Bengal');
INSERT INTO welldata.PETROPHYSICS (UBHI, SAMPLE_DEPTH_M, POROSITY, PERMEABILITY, WATER_SAT, FORMATION) VALUES ('WELL00000000022-BH2', 1880, 0.081, 350.6872, 0.4441, 'Rajahmundry');
INSERT INTO welldata.PETROPHYSICS (UBHI, SAMPLE_DEPTH_M, POROSITY, PERMEABILITY, WATER_SAT, FORMATION) VALUES ('WELL00000000022-BH2', 1900, 0.2769, 130.7428, 0.168, 'Rajahmundry');
INSERT INTO welldata.PETROPHYSICS (UBHI, SAMPLE_DEPTH_M, POROSITY, PERMEABILITY, WATER_SAT, FORMATION) VALUES ('WELL00000000022-BH2', 1920, 0.0671, 321.6243, 0.2049, 'Rajahmundry');
INSERT INTO welldata.PETROPHYSICS (UBHI, SAMPLE_DEPTH_M, POROSITY, PERMEABILITY, WATER_SAT, FORMATION) VALUES ('WELL00000000022-BH2', 1940, 0.1557, 191.2675, 0.3917, 'Sanchore');
INSERT INTO welldata.PETROPHYSICS (UBHI, SAMPLE_DEPTH_M, POROSITY, PERMEABILITY, WATER_SAT, FORMATION) VALUES ('WELL00000000022-BH2', 1960, 0.2682, 360.0426, 0.6484, 'Sanchore');
INSERT INTO welldata.PETROPHYSICS (UBHI, SAMPLE_DEPTH_M, POROSITY, PERMEABILITY, WATER_SAT, FORMATION) VALUES ('WELL00000000022-BH2', 1980, 0.0551, 408.7736, 0.3446, 'Bengal');
INSERT INTO welldata.PETROPHYSICS (UBHI, SAMPLE_DEPTH_M, POROSITY, PERMEABILITY, WATER_SAT, FORMATION) VALUES ('WELL00000000022-BH2', 2000, 0.051, 0.4217, 0.2385, 'Barmer');
INSERT INTO welldata.PETROPHYSICS (UBHI, SAMPLE_DEPTH_M, POROSITY, PERMEABILITY, WATER_SAT, FORMATION) VALUES ('WELL00000000022-BH2', 2020, 0.1049, 138.0102, 0.3032, 'Barmer');
INSERT INTO welldata.PETROPHYSICS (UBHI, SAMPLE_DEPTH_M, POROSITY, PERMEABILITY, WATER_SAT, FORMATION) VALUES ('WELL00000000022-BH2', 2040, 0.0444, 43.9222, 0.4249, 'Barmer');
INSERT INTO welldata.PETROPHYSICS (UBHI, SAMPLE_DEPTH_M, POROSITY, PERMEABILITY, WATER_SAT, FORMATION) VALUES ('WELL00000000022-BH2', 2060, 0.0735, 86.2849, 0.4354, 'Bengal');
INSERT INTO welldata.PETROPHYSICS (UBHI, SAMPLE_DEPTH_M, POROSITY, PERMEABILITY, WATER_SAT, FORMATION) VALUES ('WELL00000000022-BH2', 2080, 0.0741, 6.1124, 0.2432, 'Rajahmundry');
INSERT INTO welldata.PETROPHYSICS (UBHI, SAMPLE_DEPTH_M, POROSITY, PERMEABILITY, WATER_SAT, FORMATION) VALUES ('WELL00000000022-BH2', 2100, 0.1878, 8.4413, 0.3368, 'Bengal');
INSERT INTO welldata.PETROPHYSICS (UBHI, SAMPLE_DEPTH_M, POROSITY, PERMEABILITY, WATER_SAT, FORMATION) VALUES ('WELL00000000022-BH2', 2120, 0.1947, 397.6672, 0.2435, 'Bengal');
INSERT INTO welldata.PETROPHYSICS (UBHI, SAMPLE_DEPTH_M, POROSITY, PERMEABILITY, WATER_SAT, FORMATION) VALUES ('WELL00000000022-BH2', 2140, 0.2469, 81.7058, 0.189, 'Barmer');
INSERT INTO welldata.PETROPHYSICS (UBHI, SAMPLE_DEPTH_M, POROSITY, PERMEABILITY, WATER_SAT, FORMATION) VALUES ('WELL00000000022-BH2', 2160, 0.0848, 209.7908, 0.2967, 'Bengal');
INSERT INTO welldata.PETROPHYSICS (UBHI, SAMPLE_DEPTH_M, POROSITY, PERMEABILITY, WATER_SAT, FORMATION) VALUES ('WELL00000000022-BH2', 2180, 0.1516, 297.7233, 0.2666, 'Sanchore');
INSERT INTO welldata.PETROPHYSICS (UBHI, SAMPLE_DEPTH_M, POROSITY, PERMEABILITY, WATER_SAT, FORMATION) VALUES ('WELL00000000022-BH2', 2200, 0.1939, 176.7933, 0.247, 'Rajahmundry');
INSERT INTO welldata.PETROPHYSICS (UBHI, SAMPLE_DEPTH_M, POROSITY, PERMEABILITY, WATER_SAT, FORMATION) VALUES ('WELL00000000022-BH2', 2220, 0.2306, 216.6586, 0.4387, 'Sanchore');
INSERT INTO welldata.PETROPHYSICS (UBHI, SAMPLE_DEPTH_M, POROSITY, PERMEABILITY, WATER_SAT, FORMATION) VALUES ('WELL00000000022-BH2', 2240, 0.0833, 348.769, 0.4869, 'Barmer');
INSERT INTO welldata.PETROPHYSICS (UBHI, SAMPLE_DEPTH_M, POROSITY, PERMEABILITY, WATER_SAT, FORMATION) VALUES ('WELL00000000022-BH2', 2260, 0.1833, 237.7962, 0.5578, 'Bengal');
INSERT INTO welldata.PETROPHYSICS (UBHI, SAMPLE_DEPTH_M, POROSITY, PERMEABILITY, WATER_SAT, FORMATION) VALUES ('WELL00000000022-BH2', 2280, 0.1762, 23.6854, 0.1873, 'Sanchore');
INSERT INTO welldata.PETROPHYSICS (UBHI, SAMPLE_DEPTH_M, POROSITY, PERMEABILITY, WATER_SAT, FORMATION) VALUES ('WELL00000000022-BH2', 2300, 0.135, 429.4712, 0.4694, 'Barmer');
INSERT INTO welldata.PETROPHYSICS (UBHI, SAMPLE_DEPTH_M, POROSITY, PERMEABILITY, WATER_SAT, FORMATION) VALUES ('WELL00000000022-BH2', 2320, 0.2312, 291.8165, 0.2774, 'Bengal');
INSERT INTO welldata.PETROPHYSICS (UBHI, SAMPLE_DEPTH_M, POROSITY, PERMEABILITY, WATER_SAT, FORMATION) VALUES ('WELL00000000022-BH2', 2340, 0.1305, 4.1115, 0.5012, 'Bengal');
INSERT INTO welldata.PETROPHYSICS (UBHI, SAMPLE_DEPTH_M, POROSITY, PERMEABILITY, WATER_SAT, FORMATION) VALUES ('WELL00000000022-BH2', 2360, 0.0683, 254.39, 0.5976, 'Barmer');
INSERT INTO welldata.PETROPHYSICS (UBHI, SAMPLE_DEPTH_M, POROSITY, PERMEABILITY, WATER_SAT, FORMATION) VALUES ('WELL00000000022-BH2', 2380, 0.1143, 54.0946, 0.2046, 'Barmer');
INSERT INTO welldata.PETROPHYSICS (UBHI, SAMPLE_DEPTH_M, POROSITY, PERMEABILITY, WATER_SAT, FORMATION) VALUES ('WELL00000000022-BH2', 2400, 0.2103, 19.996, 0.5742, 'Barmer');
INSERT INTO welldata.PETROPHYSICS (UBHI, SAMPLE_DEPTH_M, POROSITY, PERMEABILITY, WATER_SAT, FORMATION) VALUES ('WELL00000000022-BH2', 2420, 0.0418, 435.5267, 0.6068, 'Rajahmundry');
INSERT INTO welldata.PETROPHYSICS (UBHI, SAMPLE_DEPTH_M, POROSITY, PERMEABILITY, WATER_SAT, FORMATION) VALUES ('WELL00000000022-BH2', 2440, 0.2008, 5.194, 0.5226, 'Sanchore');
INSERT INTO welldata.PETROPHYSICS (UBHI, SAMPLE_DEPTH_M, POROSITY, PERMEABILITY, WATER_SAT, FORMATION) VALUES ('WELL00000000022-BH2', 2460, 0.0915, 181.8312, 0.3178, 'Bengal');
INSERT INTO welldata.PETROPHYSICS (UBHI, SAMPLE_DEPTH_M, POROSITY, PERMEABILITY, WATER_SAT, FORMATION) VALUES ('WELL00000000022-BH2', 2480, 0.1536, 64.5574, 0.6291, 'Barmer');
INSERT INTO welldata.PETROPHYSICS (UBHI, SAMPLE_DEPTH_M, POROSITY, PERMEABILITY, WATER_SAT, FORMATION) VALUES ('WELL00000000022-BH2', 2500, 0.2518, 322.4176, 0.5142, 'Bengal');
INSERT INTO welldata.PETROPHYSICS (UBHI, SAMPLE_DEPTH_M, POROSITY, PERMEABILITY, WATER_SAT, FORMATION) VALUES ('WELL00000000022-BH2', 2520, 0.0483, 23.4977, 0.3129, 'Sanchore');
INSERT INTO welldata.PETROPHYSICS (UBHI, SAMPLE_DEPTH_M, POROSITY, PERMEABILITY, WATER_SAT, FORMATION) VALUES ('WELL00000000022-BH2', 2540, 0.0777, 283.3015, 0.7385, 'Sanchore');
INSERT INTO welldata.PETROPHYSICS (UBHI, SAMPLE_DEPTH_M, POROSITY, PERMEABILITY, WATER_SAT, FORMATION) VALUES ('WELL00000000022-BH2', 2560, 0.2786, 223.4423, 0.4875, 'Bengal');
INSERT INTO welldata.PETROPHYSICS (UBHI, SAMPLE_DEPTH_M, POROSITY, PERMEABILITY, WATER_SAT, FORMATION) VALUES ('WELL00000000022-BH2', 2580, 0.2711, 357.9256, 0.4021, 'Rajahmundry');
INSERT INTO welldata.PETROPHYSICS (UBHI, SAMPLE_DEPTH_M, POROSITY, PERMEABILITY, WATER_SAT, FORMATION) VALUES ('WELL00000000022-BH2', 2600, 0.1225, 414.2136, 0.3418, 'Sanchore');
INSERT INTO welldata.PETROPHYSICS (UBHI, SAMPLE_DEPTH_M, POROSITY, PERMEABILITY, WATER_SAT, FORMATION) VALUES ('WELL00000000022-BH2', 2620, 0.1128, 194.0584, 0.6851, 'Bengal');
INSERT INTO welldata.PETROPHYSICS (UBHI, SAMPLE_DEPTH_M, POROSITY, PERMEABILITY, WATER_SAT, FORMATION) VALUES ('WELL00000000022-BH2', 2640, 0.2008, 195.472, 0.7084, 'Rajahmundry');
INSERT INTO welldata.PETROPHYSICS (UBHI, SAMPLE_DEPTH_M, POROSITY, PERMEABILITY, WATER_SAT, FORMATION) VALUES ('WELL00000000022-BH2', 2660, 0.2275, 430.1382, 0.4205, 'Sanchore');
INSERT INTO welldata.PETROPHYSICS (UBHI, SAMPLE_DEPTH_M, POROSITY, PERMEABILITY, WATER_SAT, FORMATION) VALUES ('WELL00000000022-BH2', 2680, 0.262, 49.8164, 0.5636, 'Rajahmundry');
INSERT INTO welldata.PETROPHYSICS (UBHI, SAMPLE_DEPTH_M, POROSITY, PERMEABILITY, WATER_SAT, FORMATION) VALUES ('WELL00000000022-BH2', 2700, 0.2088, 392.5057, 0.519, 'Bengal');
INSERT INTO welldata.PETROPHYSICS (UBHI, SAMPLE_DEPTH_M, POROSITY, PERMEABILITY, WATER_SAT, FORMATION) VALUES ('WELL00000000022-BH2', 2720, 0.2313, 309.43, 0.7308, 'Barmer');
INSERT INTO welldata.PETROPHYSICS (UBHI, SAMPLE_DEPTH_M, POROSITY, PERMEABILITY, WATER_SAT, FORMATION) VALUES ('WELL00000000022-BH2', 2740, 0.243, 286.7738, 0.2591, 'Sanchore');
INSERT INTO welldata.PETROPHYSICS (UBHI, SAMPLE_DEPTH_M, POROSITY, PERMEABILITY, WATER_SAT, FORMATION) VALUES ('WELL00000000022-BH2', 2760, 0.1014, 310.3396, 0.3127, 'Rajahmundry');
INSERT INTO welldata.PETROPHYSICS (UBHI, SAMPLE_DEPTH_M, POROSITY, PERMEABILITY, WATER_SAT, FORMATION) VALUES ('WELL00000000022-BH2', 2780, 0.0936, 115.6096, 0.5543, 'Rajahmundry');
INSERT INTO welldata.PETROPHYSICS (UBHI, SAMPLE_DEPTH_M, POROSITY, PERMEABILITY, WATER_SAT, FORMATION) VALUES ('WELL00000000022-BH2', 2800, 0.2394, 214.0661, 0.2263, 'Bengal');
INSERT INTO welldata.PETROPHYSICS (UBHI, SAMPLE_DEPTH_M, POROSITY, PERMEABILITY, WATER_SAT, FORMATION) VALUES ('WELL00000000022-BH2', 2820, 0.1302, 397.3273, 0.6663, 'Sanchore');
INSERT INTO welldata.PETROPHYSICS (UBHI, SAMPLE_DEPTH_M, POROSITY, PERMEABILITY, WATER_SAT, FORMATION) VALUES ('WELL00000000022-BH2', 2840, 0.2673, 121.2221, 0.6464, 'Bengal');
INSERT INTO welldata.PETROPHYSICS (UBHI, SAMPLE_DEPTH_M, POROSITY, PERMEABILITY, WATER_SAT, FORMATION) VALUES ('WELL00000000022-BH2', 2860, 0.1031, 30.3623, 0.1806, 'Sanchore');
INSERT INTO welldata.PETROPHYSICS (UBHI, SAMPLE_DEPTH_M, POROSITY, PERMEABILITY, WATER_SAT, FORMATION) VALUES ('WELL00000000022-BH2', 2880, 0.13, 317.6733, 0.5722, 'Sanchore');
INSERT INTO welldata.PETROPHYSICS (UBHI, SAMPLE_DEPTH_M, POROSITY, PERMEABILITY, WATER_SAT, FORMATION) VALUES ('WELL00000000022-BH2', 2900, 0.2689, 188.485, 0.5143, 'Bengal');
INSERT INTO welldata.PETROPHYSICS (UBHI, SAMPLE_DEPTH_M, POROSITY, PERMEABILITY, WATER_SAT, FORMATION) VALUES ('WELL00000000022-BH2', 2920, 0.2555, 423.2962, 0.6615, 'Barmer');
INSERT INTO welldata.PETROPHYSICS (UBHI, SAMPLE_DEPTH_M, POROSITY, PERMEABILITY, WATER_SAT, FORMATION) VALUES ('WELL00000000022-BH2', 2940, 0.2392, 104.9731, 0.7498, 'Sanchore');
INSERT INTO welldata.PETROPHYSICS (UBHI, SAMPLE_DEPTH_M, POROSITY, PERMEABILITY, WATER_SAT, FORMATION) VALUES ('WELL00000000022-BH2', 2960, 0.2758, 237.9126, 0.6396, 'Sanchore');
INSERT INTO welldata.PETROPHYSICS (UBHI, SAMPLE_DEPTH_M, POROSITY, PERMEABILITY, WATER_SAT, FORMATION) VALUES ('WELL00000000022-BH2', 2980, 0.18, 377.6549, 0.5745, 'Sanchore');
INSERT INTO welldata.PETROPHYSICS (UBHI, SAMPLE_DEPTH_M, POROSITY, PERMEABILITY, WATER_SAT, FORMATION) VALUES ('WELL00000000022-BH2', 3000, 0.0661, 158.0393, 0.3106, 'Barmer');
INSERT INTO welldata.PRODUCTION (UWI, PROD_DATE, OIL_BBL, GAS_MCF, WATER_BBL, HOURS_ON) VALUES ('WELL00000000022', TO_DATE('2015-01-01','YYYY-MM-DD'), 1288.16, 7651.31, 1047.63, 681.63);
INSERT INTO welldata.PRODUCTION (UWI, PROD_DATE, OIL_BBL, GAS_MCF, WATER_BBL, HOURS_ON) VALUES ('WELL00000000022', TO_DATE('2015-02-01','YYYY-MM-DD'), 755.95, 3913.35, 1343.83, 418.96);
INSERT INTO welldata.PRODUCTION (UWI, PROD_DATE, OIL_BBL, GAS_MCF, WATER_BBL, HOURS_ON) VALUES ('WELL00000000022', TO_DATE('2015-03-01','YYYY-MM-DD'), 2036.97, 12794.2, 1197.49, 476.35);
INSERT INTO welldata.PRODUCTION (UWI, PROD_DATE, OIL_BBL, GAS_MCF, WATER_BBL, HOURS_ON) VALUES ('WELL00000000022', TO_DATE('2015-04-01','YYYY-MM-DD'), 2253.77, 11865.66, 861.54, 452.59);
INSERT INTO welldata.PRODUCTION (UWI, PROD_DATE, OIL_BBL, GAS_MCF, WATER_BBL, HOURS_ON) VALUES ('WELL00000000022', TO_DATE('2015-05-01','YYYY-MM-DD'), 2059.58, 14736.3, 291.13, 434.44);
INSERT INTO welldata.PRODUCTION (UWI, PROD_DATE, OIL_BBL, GAS_MCF, WATER_BBL, HOURS_ON) VALUES ('WELL00000000022', TO_DATE('2015-06-01','YYYY-MM-DD'), 1999.4, 11151.34, 1193.03, 153.81);
INSERT INTO welldata.PRODUCTION (UWI, PROD_DATE, OIL_BBL, GAS_MCF, WATER_BBL, HOURS_ON) VALUES ('WELL00000000022', TO_DATE('2015-07-01','YYYY-MM-DD'), 278.34, 5545.58, 78.48, 524.14);
INSERT INTO welldata.PRODUCTION (UWI, PROD_DATE, OIL_BBL, GAS_MCF, WATER_BBL, HOURS_ON) VALUES ('WELL00000000022', TO_DATE('2015-08-01','YYYY-MM-DD'), 1774.91, 918.56, 1126.35, 301.13);
INSERT INTO welldata.PRODUCTION (UWI, PROD_DATE, OIL_BBL, GAS_MCF, WATER_BBL, HOURS_ON) VALUES ('WELL00000000022', TO_DATE('2015-09-01','YYYY-MM-DD'), 2238.06, 6925.45, 704.35, 571.19);
INSERT INTO welldata.PRODUCTION (UWI, PROD_DATE, OIL_BBL, GAS_MCF, WATER_BBL, HOURS_ON) VALUES ('WELL00000000022', TO_DATE('2015-10-01','YYYY-MM-DD'), 2851.07, 8817.05, 480.01, 714.21);
INSERT INTO welldata.PRODUCTION (UWI, PROD_DATE, OIL_BBL, GAS_MCF, WATER_BBL, HOURS_ON) VALUES ('WELL00000000022', TO_DATE('2015-11-01','YYYY-MM-DD'), 1440.02, 14405.86, 1129.77, 208.79);
INSERT INTO welldata.PRODUCTION (UWI, PROD_DATE, OIL_BBL, GAS_MCF, WATER_BBL, HOURS_ON) VALUES ('WELL00000000022', TO_DATE('2015-12-01','YYYY-MM-DD'), 1748.31, 4645.86, 1255.65, 602.6);
INSERT INTO welldata.PRODUCTION (UWI, PROD_DATE, OIL_BBL, GAS_MCF, WATER_BBL, HOURS_ON) VALUES ('WELL00000000022', TO_DATE('2016-01-01','YYYY-MM-DD'), 1666.74, 4501.61, 1487.12, 603.27);
INSERT INTO welldata.PRODUCTION (UWI, PROD_DATE, OIL_BBL, GAS_MCF, WATER_BBL, HOURS_ON) VALUES ('WELL00000000022', TO_DATE('2016-02-01','YYYY-MM-DD'), 69.33, 9189.98, 1378.5, 666.55);
INSERT INTO welldata.PRODUCTION (UWI, PROD_DATE, OIL_BBL, GAS_MCF, WATER_BBL, HOURS_ON) VALUES ('WELL00000000022', TO_DATE('2016-03-01','YYYY-MM-DD'), 348.88, 1937.15, 395.58, 425.91);
INSERT INTO welldata.PRODUCTION (UWI, PROD_DATE, OIL_BBL, GAS_MCF, WATER_BBL, HOURS_ON) VALUES ('WELL00000000022', TO_DATE('2016-04-01','YYYY-MM-DD'), 2068.64, 9674.81, 1477.13, 219.37);
INSERT INTO welldata.PRODUCTION (UWI, PROD_DATE, OIL_BBL, GAS_MCF, WATER_BBL, HOURS_ON) VALUES ('WELL00000000022', TO_DATE('2016-05-01','YYYY-MM-DD'), 714.68, 4436.94, 1374.79, 283.96);
INSERT INTO welldata.PRODUCTION (UWI, PROD_DATE, OIL_BBL, GAS_MCF, WATER_BBL, HOURS_ON) VALUES ('WELL00000000022', TO_DATE('2016-06-01','YYYY-MM-DD'), 1340.57, 11152.48, 68.8, 212.95);
INSERT INTO welldata.PRODUCTION (UWI, PROD_DATE, OIL_BBL, GAS_MCF, WATER_BBL, HOURS_ON) VALUES ('WELL00000000022', TO_DATE('2016-07-01','YYYY-MM-DD'), 2007.79, 311.55, 1110.98, 616.54);
INSERT INTO welldata.PRODUCTION (UWI, PROD_DATE, OIL_BBL, GAS_MCF, WATER_BBL, HOURS_ON) VALUES ('WELL00000000022', TO_DATE('2016-08-01','YYYY-MM-DD'), 2815.21, 4314.7, 1320.25, 571.76);
INSERT INTO welldata.PRODUCTION (UWI, PROD_DATE, OIL_BBL, GAS_MCF, WATER_BBL, HOURS_ON) VALUES ('WELL00000000022', TO_DATE('2016-09-01','YYYY-MM-DD'), 1212.8, 4142.04, 873.66, 505.19);
INSERT INTO welldata.PRODUCTION (UWI, PROD_DATE, OIL_BBL, GAS_MCF, WATER_BBL, HOURS_ON) VALUES ('WELL00000000022', TO_DATE('2016-10-01','YYYY-MM-DD'), 2816.79, 14914.49, 353.31, 615.92);
INSERT INTO welldata.PRODUCTION (UWI, PROD_DATE, OIL_BBL, GAS_MCF, WATER_BBL, HOURS_ON) VALUES ('WELL00000000022', TO_DATE('2016-11-01','YYYY-MM-DD'), 1676.33, 360.25, 918.76, 679.01);
INSERT INTO welldata.PRODUCTION (UWI, PROD_DATE, OIL_BBL, GAS_MCF, WATER_BBL, HOURS_ON) VALUES ('WELL00000000022', TO_DATE('2016-12-01','YYYY-MM-DD'), 2187.23, 14159.87, 1224.35, 232.57);
INSERT INTO welldata.PRODUCTION (UWI, PROD_DATE, OIL_BBL, GAS_MCF, WATER_BBL, HOURS_ON) VALUES ('WELL00000000022', TO_DATE('2017-01-01','YYYY-MM-DD'), 2114.42, 445.55, 902.72, 133.66);
INSERT INTO welldata.PRODUCTION (UWI, PROD_DATE, OIL_BBL, GAS_MCF, WATER_BBL, HOURS_ON) VALUES ('WELL00000000022', TO_DATE('2017-02-01','YYYY-MM-DD'), 2191.94, 1089.64, 277.14, 468.4);
INSERT INTO welldata.PRODUCTION (UWI, PROD_DATE, OIL_BBL, GAS_MCF, WATER_BBL, HOURS_ON) VALUES ('WELL00000000022', TO_DATE('2017-03-01','YYYY-MM-DD'), 928.01, 3622.51, 339.38, 617.29);
INSERT INTO welldata.PRODUCTION (UWI, PROD_DATE, OIL_BBL, GAS_MCF, WATER_BBL, HOURS_ON) VALUES ('WELL00000000022', TO_DATE('2017-04-01','YYYY-MM-DD'), 925.93, 5433.16, 1451.29, 355.73);
INSERT INTO welldata.PRODUCTION (UWI, PROD_DATE, OIL_BBL, GAS_MCF, WATER_BBL, HOURS_ON) VALUES ('WELL00000000022', TO_DATE('2017-05-01','YYYY-MM-DD'), 1531.17, 11800.11, 1347.97, 454.61);
INSERT INTO welldata.PRODUCTION (UWI, PROD_DATE, OIL_BBL, GAS_MCF, WATER_BBL, HOURS_ON) VALUES ('WELL00000000022', TO_DATE('2017-06-01','YYYY-MM-DD'), 768.17, 4137.09, 185.39, 250.42);
INSERT INTO welldata.PRODUCTION (UWI, PROD_DATE, OIL_BBL, GAS_MCF, WATER_BBL, HOURS_ON) VALUES ('WELL00000000022', TO_DATE('2017-07-01','YYYY-MM-DD'), 978.39, 7383.28, 806.72, 355.08);
INSERT INTO welldata.PRODUCTION (UWI, PROD_DATE, OIL_BBL, GAS_MCF, WATER_BBL, HOURS_ON) VALUES ('WELL00000000022', TO_DATE('2017-08-01','YYYY-MM-DD'), 317.09, 6151.47, 431.78, 237.86);
INSERT INTO welldata.PRODUCTION (UWI, PROD_DATE, OIL_BBL, GAS_MCF, WATER_BBL, HOURS_ON) VALUES ('WELL00000000022', TO_DATE('2017-09-01','YYYY-MM-DD'), 1114.26, 7235.57, 949.39, 553.53);
INSERT INTO welldata.PRODUCTION (UWI, PROD_DATE, OIL_BBL, GAS_MCF, WATER_BBL, HOURS_ON) VALUES ('WELL00000000022', TO_DATE('2017-10-01','YYYY-MM-DD'), 2899.73, 12503.6, 162.76, 673.58);
INSERT INTO welldata.PRODUCTION (UWI, PROD_DATE, OIL_BBL, GAS_MCF, WATER_BBL, HOURS_ON) VALUES ('WELL00000000022', TO_DATE('2017-11-01','YYYY-MM-DD'), 452.95, 10985.21, 813.8, 215.78);
INSERT INTO welldata.PRODUCTION (UWI, PROD_DATE, OIL_BBL, GAS_MCF, WATER_BBL, HOURS_ON) VALUES ('WELL00000000022', TO_DATE('2017-12-01','YYYY-MM-DD'), 1533.91, 3989.37, 621.48, 357.44);
INSERT INTO welldata.PRODUCTION (UWI, PROD_DATE, OIL_BBL, GAS_MCF, WATER_BBL, HOURS_ON) VALUES ('WELL00000000022', TO_DATE('2018-01-01','YYYY-MM-DD'), 2862.02, 619.16, 863.54, 228.97);
INSERT INTO welldata.PRODUCTION (UWI, PROD_DATE, OIL_BBL, GAS_MCF, WATER_BBL, HOURS_ON) VALUES ('WELL00000000022', TO_DATE('2018-02-01','YYYY-MM-DD'), 1524.49, 4891.44, 1211.69, 636.9);
INSERT INTO welldata.PRODUCTION (UWI, PROD_DATE, OIL_BBL, GAS_MCF, WATER_BBL, HOURS_ON) VALUES ('WELL00000000022', TO_DATE('2018-03-01','YYYY-MM-DD'), 1306.8, 2862.24, 302.81, 429.47);
INSERT INTO welldata.PRODUCTION (UWI, PROD_DATE, OIL_BBL, GAS_MCF, WATER_BBL, HOURS_ON) VALUES ('WELL00000000022', TO_DATE('2018-04-01','YYYY-MM-DD'), 741.76, 13575.02, 1302.13, 556.2);
INSERT INTO welldata.PRODUCTION (UWI, PROD_DATE, OIL_BBL, GAS_MCF, WATER_BBL, HOURS_ON) VALUES ('WELL00000000022', TO_DATE('2018-05-01','YYYY-MM-DD'), 1311.43, 3594.31, 51.16, 188.13);
INSERT INTO welldata.PRODUCTION (UWI, PROD_DATE, OIL_BBL, GAS_MCF, WATER_BBL, HOURS_ON) VALUES ('WELL00000000022', TO_DATE('2018-06-01','YYYY-MM-DD'), 2877.31, 12909.03, 852.03, 344.83);
INSERT INTO welldata.PRODUCTION (UWI, PROD_DATE, OIL_BBL, GAS_MCF, WATER_BBL, HOURS_ON) VALUES ('WELL00000000022', TO_DATE('2018-07-01','YYYY-MM-DD'), 1301.03, 10227.09, 314.58, 222.58);
INSERT INTO welldata.PRODUCTION (UWI, PROD_DATE, OIL_BBL, GAS_MCF, WATER_BBL, HOURS_ON) VALUES ('WELL00000000022', TO_DATE('2018-08-01','YYYY-MM-DD'), 2451.63, 13193.55, 771.89, 693.81);
INSERT INTO welldata.PRODUCTION (UWI, PROD_DATE, OIL_BBL, GAS_MCF, WATER_BBL, HOURS_ON) VALUES ('WELL00000000022', TO_DATE('2018-09-01','YYYY-MM-DD'), 967.41, 9305.44, 861.07, 251.86);
INSERT INTO welldata.PRODUCTION (UWI, PROD_DATE, OIL_BBL, GAS_MCF, WATER_BBL, HOURS_ON) VALUES ('WELL00000000022', TO_DATE('2018-10-01','YYYY-MM-DD'), 904.53, 8471.52, 1006.54, 592.21);
INSERT INTO welldata.PRODUCTION (UWI, PROD_DATE, OIL_BBL, GAS_MCF, WATER_BBL, HOURS_ON) VALUES ('WELL00000000022', TO_DATE('2018-11-01','YYYY-MM-DD'), 862.51, 9912.91, 287.46, 210.19);
INSERT INTO welldata.PRODUCTION (UWI, PROD_DATE, OIL_BBL, GAS_MCF, WATER_BBL, HOURS_ON) VALUES ('WELL00000000022', TO_DATE('2018-12-01','YYYY-MM-DD'), 1592.82, 13797.07, 99.93, 155.54);
INSERT INTO welldata.PRODUCTION (UWI, PROD_DATE, OIL_BBL, GAS_MCF, WATER_BBL, HOURS_ON) VALUES ('WELL00000000022', TO_DATE('2019-01-01','YYYY-MM-DD'), 1613.26, 2817.55, 385.31, 298.06);
INSERT INTO welldata.PRODUCTION (UWI, PROD_DATE, OIL_BBL, GAS_MCF, WATER_BBL, HOURS_ON) VALUES ('WELL00000000022', TO_DATE('2019-02-01','YYYY-MM-DD'), 956.01, 9545.88, 711.8, 481.3);
INSERT INTO welldata.PRODUCTION (UWI, PROD_DATE, OIL_BBL, GAS_MCF, WATER_BBL, HOURS_ON) VALUES ('WELL00000000022', TO_DATE('2019-03-01','YYYY-MM-DD'), 2179.37, 5623.24, 1461.83, 316.37);
INSERT INTO welldata.PRODUCTION (UWI, PROD_DATE, OIL_BBL, GAS_MCF, WATER_BBL, HOURS_ON) VALUES ('WELL00000000022', TO_DATE('2019-04-01','YYYY-MM-DD'), 2903.49, 2061.46, 1422.72, 461.12);
INSERT INTO welldata.PRODUCTION (UWI, PROD_DATE, OIL_BBL, GAS_MCF, WATER_BBL, HOURS_ON) VALUES ('WELL00000000022', TO_DATE('2019-05-01','YYYY-MM-DD'), 2100.03, 3246.68, 343.29, 426.91);
INSERT INTO welldata.PRODUCTION (UWI, PROD_DATE, OIL_BBL, GAS_MCF, WATER_BBL, HOURS_ON) VALUES ('WELL00000000022', TO_DATE('2019-06-01','YYYY-MM-DD'), 1967.11, 10302.36, 420.43, 394.58);
INSERT INTO welldata.PRODUCTION (UWI, PROD_DATE, OIL_BBL, GAS_MCF, WATER_BBL, HOURS_ON) VALUES ('WELL00000000022', TO_DATE('2019-07-01','YYYY-MM-DD'), 1035.57, 7397.36, 852.11, 166.76);
INSERT INTO welldata.PRODUCTION (UWI, PROD_DATE, OIL_BBL, GAS_MCF, WATER_BBL, HOURS_ON) VALUES ('WELL00000000022', TO_DATE('2019-08-01','YYYY-MM-DD'), 925.83, 896.37, 26.19, 605.23);
INSERT INTO welldata.PRODUCTION (UWI, PROD_DATE, OIL_BBL, GAS_MCF, WATER_BBL, HOURS_ON) VALUES ('WELL00000000022', TO_DATE('2019-09-01','YYYY-MM-DD'), 1303.83, 7977.51, 818.0, 712.32);
INSERT INTO welldata.PRODUCTION (UWI, PROD_DATE, OIL_BBL, GAS_MCF, WATER_BBL, HOURS_ON) VALUES ('WELL00000000022', TO_DATE('2019-10-01','YYYY-MM-DD'), 856.39, 14309.99, 69.33, 638.49);
INSERT INTO welldata.PRODUCTION (UWI, PROD_DATE, OIL_BBL, GAS_MCF, WATER_BBL, HOURS_ON) VALUES ('WELL00000000022', TO_DATE('2019-11-01','YYYY-MM-DD'), 2250.5, 10297.03, 1491.27, 530.83);
INSERT INTO welldata.PRODUCTION (UWI, PROD_DATE, OIL_BBL, GAS_MCF, WATER_BBL, HOURS_ON) VALUES ('WELL00000000022', TO_DATE('2019-12-01','YYYY-MM-DD'), 1487.77, 14467.77, 613.83, 547.15);
INSERT INTO welldata.PRODUCTION (UWI, PROD_DATE, OIL_BBL, GAS_MCF, WATER_BBL, HOURS_ON) VALUES ('WELL00000000022', TO_DATE('2020-01-01','YYYY-MM-DD'), 1730.03, 11164.4, 932.74, 596.49);
INSERT INTO welldata.PRODUCTION (UWI, PROD_DATE, OIL_BBL, GAS_MCF, WATER_BBL, HOURS_ON) VALUES ('WELL00000000022', TO_DATE('2020-02-01','YYYY-MM-DD'), 2388.96, 11175.19, 799.42, 133.09);
INSERT INTO welldata.PRODUCTION (UWI, PROD_DATE, OIL_BBL, GAS_MCF, WATER_BBL, HOURS_ON) VALUES ('WELL00000000022', TO_DATE('2020-03-01','YYYY-MM-DD'), 480.49, 7402.77, 1116.9, 400.96);
INSERT INTO welldata.PRODUCTION (UWI, PROD_DATE, OIL_BBL, GAS_MCF, WATER_BBL, HOURS_ON) VALUES ('WELL00000000022', TO_DATE('2020-04-01','YYYY-MM-DD'), 846.31, 12098.76, 1245.69, 278.95);
INSERT INTO welldata.PRODUCTION (UWI, PROD_DATE, OIL_BBL, GAS_MCF, WATER_BBL, HOURS_ON) VALUES ('WELL00000000022', TO_DATE('2020-05-01','YYYY-MM-DD'), 2488.34, 8712.68, 1120.16, 304.43);
INSERT INTO welldata.PRODUCTION (UWI, PROD_DATE, OIL_BBL, GAS_MCF, WATER_BBL, HOURS_ON) VALUES ('WELL00000000022', TO_DATE('2020-06-01','YYYY-MM-DD'), 2208.13, 2879.22, 617.61, 160.37);
INSERT INTO welldata.PRODUCTION (UWI, PROD_DATE, OIL_BBL, GAS_MCF, WATER_BBL, HOURS_ON) VALUES ('WELL00000000022', TO_DATE('2020-07-01','YYYY-MM-DD'), 1571.69, 13096.92, 1401.23, 394.4);
INSERT INTO welldata.PRODUCTION (UWI, PROD_DATE, OIL_BBL, GAS_MCF, WATER_BBL, HOURS_ON) VALUES ('WELL00000000022', TO_DATE('2020-08-01','YYYY-MM-DD'), 212.19, 10202.57, 659.59, 698.05);
INSERT INTO welldata.PRODUCTION (UWI, PROD_DATE, OIL_BBL, GAS_MCF, WATER_BBL, HOURS_ON) VALUES ('WELL00000000022', TO_DATE('2020-09-01','YYYY-MM-DD'), 386.81, 12066.04, 1127.9, 449.01);
INSERT INTO welldata.PRODUCTION (UWI, PROD_DATE, OIL_BBL, GAS_MCF, WATER_BBL, HOURS_ON) VALUES ('WELL00000000022', TO_DATE('2020-10-01','YYYY-MM-DD'), 283.72, 11134.91, 1390.69, 339.67);
INSERT INTO welldata.PRODUCTION (UWI, PROD_DATE, OIL_BBL, GAS_MCF, WATER_BBL, HOURS_ON) VALUES ('WELL00000000022', TO_DATE('2020-11-01','YYYY-MM-DD'), 1519.73, 14489.15, 1147.18, 166.67);
INSERT INTO welldata.PRODUCTION (UWI, PROD_DATE, OIL_BBL, GAS_MCF, WATER_BBL, HOURS_ON) VALUES ('WELL00000000022', TO_DATE('2020-12-01','YYYY-MM-DD'), 1220.14, 6429.2, 695.35, 474.5);
INSERT INTO welldata.PRODUCTION (UWI, PROD_DATE, OIL_BBL, GAS_MCF, WATER_BBL, HOURS_ON) VALUES ('WELL00000000022', TO_DATE('2021-01-01','YYYY-MM-DD'), 1995.61, 6961.24, 558.78, 341.06);
INSERT INTO welldata.PRODUCTION (UWI, PROD_DATE, OIL_BBL, GAS_MCF, WATER_BBL, HOURS_ON) VALUES ('WELL00000000022', TO_DATE('2021-02-01','YYYY-MM-DD'), 1931.84, 11032.91, 548.18, 571.21);
INSERT INTO welldata.PRODUCTION (UWI, PROD_DATE, OIL_BBL, GAS_MCF, WATER_BBL, HOURS_ON) VALUES ('WELL00000000022', TO_DATE('2021-03-01','YYYY-MM-DD'), 2074.79, 14142.77, 521.65, 421.63);
INSERT INTO welldata.PRODUCTION (UWI, PROD_DATE, OIL_BBL, GAS_MCF, WATER_BBL, HOURS_ON) VALUES ('WELL00000000022', TO_DATE('2021-04-01','YYYY-MM-DD'), 149.46, 4667.89, 1059.77, 596.95);
INSERT INTO welldata.PRODUCTION (UWI, PROD_DATE, OIL_BBL, GAS_MCF, WATER_BBL, HOURS_ON) VALUES ('WELL00000000022', TO_DATE('2021-05-01','YYYY-MM-DD'), 2689.61, 3897.18, 813.51, 185.45);
INSERT INTO welldata.PRODUCTION (UWI, PROD_DATE, OIL_BBL, GAS_MCF, WATER_BBL, HOURS_ON) VALUES ('WELL00000000022', TO_DATE('2021-06-01','YYYY-MM-DD'), 124.0, 13064.66, 1406.49, 499.2);
INSERT INTO welldata.PRODUCTION (UWI, PROD_DATE, OIL_BBL, GAS_MCF, WATER_BBL, HOURS_ON) VALUES ('WELL00000000022', TO_DATE('2021-07-01','YYYY-MM-DD'), 2031.0, 6453.55, 1392.86, 180.65);
INSERT INTO welldata.PRODUCTION (UWI, PROD_DATE, OIL_BBL, GAS_MCF, WATER_BBL, HOURS_ON) VALUES ('WELL00000000022', TO_DATE('2021-08-01','YYYY-MM-DD'), 1350.56, 3540.15, 21.97, 226.03);
INSERT INTO welldata.PRODUCTION (UWI, PROD_DATE, OIL_BBL, GAS_MCF, WATER_BBL, HOURS_ON) VALUES ('WELL00000000022', TO_DATE('2021-09-01','YYYY-MM-DD'), 1444.93, 13191.86, 1429.96, 173.74);
INSERT INTO welldata.PRODUCTION (UWI, PROD_DATE, OIL_BBL, GAS_MCF, WATER_BBL, HOURS_ON) VALUES ('WELL00000000022', TO_DATE('2021-10-01','YYYY-MM-DD'), 2886.13, 11928.91, 736.7, 252.0);
INSERT INTO welldata.PRODUCTION (UWI, PROD_DATE, OIL_BBL, GAS_MCF, WATER_BBL, HOURS_ON) VALUES ('WELL00000000022', TO_DATE('2021-11-01','YYYY-MM-DD'), 763.0, 10893.3, 795.2, 229.39);
INSERT INTO welldata.PRODUCTION (UWI, PROD_DATE, OIL_BBL, GAS_MCF, WATER_BBL, HOURS_ON) VALUES ('WELL00000000022', TO_DATE('2021-12-01','YYYY-MM-DD'), 891.89, 11639.47, 651.28, 273.73);
INSERT INTO welldata.PRODUCTION (UWI, PROD_DATE, OIL_BBL, GAS_MCF, WATER_BBL, HOURS_ON) VALUES ('WELL00000000022', TO_DATE('2022-01-01','YYYY-MM-DD'), 2069.86, 5737.22, 1007.26, 402.8);
INSERT INTO welldata.PRODUCTION (UWI, PROD_DATE, OIL_BBL, GAS_MCF, WATER_BBL, HOURS_ON) VALUES ('WELL00000000022', TO_DATE('2022-02-01','YYYY-MM-DD'), 592.78, 12157.31, 583.29, 350.51);
INSERT INTO welldata.PRODUCTION (UWI, PROD_DATE, OIL_BBL, GAS_MCF, WATER_BBL, HOURS_ON) VALUES ('WELL00000000022', TO_DATE('2022-03-01','YYYY-MM-DD'), 2208.49, 10516.91, 981.06, 241.78);
INSERT INTO welldata.PRODUCTION (UWI, PROD_DATE, OIL_BBL, GAS_MCF, WATER_BBL, HOURS_ON) VALUES ('WELL00000000022', TO_DATE('2022-04-01','YYYY-MM-DD'), 1714.22, 3159.25, 883.5, 233.39);
INSERT INTO welldata.PRODUCTION (UWI, PROD_DATE, OIL_BBL, GAS_MCF, WATER_BBL, HOURS_ON) VALUES ('WELL00000000022', TO_DATE('2022-05-01','YYYY-MM-DD'), 1582.95, 7547.99, 1366.35, 279.14);
INSERT INTO welldata.PRODUCTION (UWI, PROD_DATE, OIL_BBL, GAS_MCF, WATER_BBL, HOURS_ON) VALUES ('WELL00000000022', TO_DATE('2022-06-01','YYYY-MM-DD'), 895.87, 2049.8, 1347.59, 381.98);
INSERT INTO welldata.PRODUCTION (UWI, PROD_DATE, OIL_BBL, GAS_MCF, WATER_BBL, HOURS_ON) VALUES ('WELL00000000022', TO_DATE('2022-07-01','YYYY-MM-DD'), 1440.11, 13535.88, 764.94, 336.96);
INSERT INTO welldata.PRODUCTION (UWI, PROD_DATE, OIL_BBL, GAS_MCF, WATER_BBL, HOURS_ON) VALUES ('WELL00000000022', TO_DATE('2022-08-01','YYYY-MM-DD'), 1912.45, 13286.53, 1487.91, 150.55);
INSERT INTO welldata.PRODUCTION (UWI, PROD_DATE, OIL_BBL, GAS_MCF, WATER_BBL, HOURS_ON) VALUES ('WELL00000000022', TO_DATE('2022-09-01','YYYY-MM-DD'), 1170.13, 2439.36, 193.63, 608.88);
INSERT INTO welldata.PRODUCTION (UWI, PROD_DATE, OIL_BBL, GAS_MCF, WATER_BBL, HOURS_ON) VALUES ('WELL00000000022', TO_DATE('2022-10-01','YYYY-MM-DD'), 2561.95, 12010.93, 1064.34, 503.1);
INSERT INTO welldata.PRODUCTION (UWI, PROD_DATE, OIL_BBL, GAS_MCF, WATER_BBL, HOURS_ON) VALUES ('WELL00000000022', TO_DATE('2022-11-01','YYYY-MM-DD'), 548.58, 10612.27, 261.87, 120.37);
INSERT INTO welldata.PRODUCTION (UWI, PROD_DATE, OIL_BBL, GAS_MCF, WATER_BBL, HOURS_ON) VALUES ('WELL00000000022', TO_DATE('2022-12-01','YYYY-MM-DD'), 1149.87, 797.96, 959.83, 128.22);
INSERT INTO welldata.PRODUCTION (UWI, PROD_DATE, OIL_BBL, GAS_MCF, WATER_BBL, HOURS_ON) VALUES ('WELL00000000022', TO_DATE('2023-01-01','YYYY-MM-DD'), 1679.35, 14866.56, 303.31, 414.0);
INSERT INTO welldata.PRODUCTION (UWI, PROD_DATE, OIL_BBL, GAS_MCF, WATER_BBL, HOURS_ON) VALUES ('WELL00000000022', TO_DATE('2023-02-01','YYYY-MM-DD'), 1541.04, 2609.61, 945.66, 638.8);
INSERT INTO welldata.PRODUCTION (UWI, PROD_DATE, OIL_BBL, GAS_MCF, WATER_BBL, HOURS_ON) VALUES ('WELL00000000022', TO_DATE('2023-03-01','YYYY-MM-DD'), 1749.85, 4858.34, 973.06, 554.01);
INSERT INTO welldata.PRODUCTION (UWI, PROD_DATE, OIL_BBL, GAS_MCF, WATER_BBL, HOURS_ON) VALUES ('WELL00000000022', TO_DATE('2023-04-01','YYYY-MM-DD'), 2909.86, 11535.04, 188.28, 193.2);
INSERT INTO welldata.PRODUCTION (UWI, PROD_DATE, OIL_BBL, GAS_MCF, WATER_BBL, HOURS_ON) VALUES ('WELL00000000022', TO_DATE('2023-05-01','YYYY-MM-DD'), 174.17, 5825.53, 795.25, 131.98);
INSERT INTO welldata.PRODUCTION (UWI, PROD_DATE, OIL_BBL, GAS_MCF, WATER_BBL, HOURS_ON) VALUES ('WELL00000000022', TO_DATE('2023-06-01','YYYY-MM-DD'), 2932.0, 741.46, 453.47, 162.92);
INSERT INTO welldata.PRODUCTION (UWI, PROD_DATE, OIL_BBL, GAS_MCF, WATER_BBL, HOURS_ON) VALUES ('WELL00000000022', TO_DATE('2023-07-01','YYYY-MM-DD'), 1024.76, 14438.36, 870.98, 596.24);
INSERT INTO welldata.PRODUCTION (UWI, PROD_DATE, OIL_BBL, GAS_MCF, WATER_BBL, HOURS_ON) VALUES ('WELL00000000022', TO_DATE('2023-08-01','YYYY-MM-DD'), 1501.35, 228.86, 953.47, 469.85);
INSERT INTO welldata.PRODUCTION (UWI, PROD_DATE, OIL_BBL, GAS_MCF, WATER_BBL, HOURS_ON) VALUES ('WELL00000000022', TO_DATE('2023-09-01','YYYY-MM-DD'), 2447.79, 14567.21, 647.24, 500.82);
INSERT INTO welldata.PRODUCTION (UWI, PROD_DATE, OIL_BBL, GAS_MCF, WATER_BBL, HOURS_ON) VALUES ('WELL00000000022', TO_DATE('2023-10-01','YYYY-MM-DD'), 1837.47, 3075.74, 422.47, 406.47);
INSERT INTO welldata.PRODUCTION (UWI, PROD_DATE, OIL_BBL, GAS_MCF, WATER_BBL, HOURS_ON) VALUES ('WELL00000000022', TO_DATE('2023-11-01','YYYY-MM-DD'), 2450.08, 2390.94, 1042.39, 664.28);
INSERT INTO welldata.PRODUCTION (UWI, PROD_DATE, OIL_BBL, GAS_MCF, WATER_BBL, HOURS_ON) VALUES ('WELL00000000022', TO_DATE('2023-12-01','YYYY-MM-DD'), 2859.04, 6518.07, 714.04, 503.13);
INSERT INTO welldata.PRODUCTION (UWI, PROD_DATE, OIL_BBL, GAS_MCF, WATER_BBL, HOURS_ON) VALUES ('WELL00000000022', TO_DATE('2024-01-01','YYYY-MM-DD'), 2171.91, 10822.49, 1427.11, 687.89);
INSERT INTO welldata.PRODUCTION (UWI, PROD_DATE, OIL_BBL, GAS_MCF, WATER_BBL, HOURS_ON) VALUES ('WELL00000000022', TO_DATE('2024-02-01','YYYY-MM-DD'), 2599.69, 8407.63, 1420.76, 149.27);
INSERT INTO welldata.PRODUCTION (UWI, PROD_DATE, OIL_BBL, GAS_MCF, WATER_BBL, HOURS_ON) VALUES ('WELL00000000022', TO_DATE('2024-03-01','YYYY-MM-DD'), 1774.86, 7523.89, 1482.33, 584.51);
INSERT INTO welldata.PRODUCTION (UWI, PROD_DATE, OIL_BBL, GAS_MCF, WATER_BBL, HOURS_ON) VALUES ('WELL00000000022', TO_DATE('2024-04-01','YYYY-MM-DD'), 2304.28, 12579.84, 287.43, 356.3);
INSERT INTO welldata.PRODUCTION (UWI, PROD_DATE, OIL_BBL, GAS_MCF, WATER_BBL, HOURS_ON) VALUES ('WELL00000000022', TO_DATE('2024-05-01','YYYY-MM-DD'), 52.41, 11489.76, 887.31, 200.15);
INSERT INTO welldata.PRODUCTION (UWI, PROD_DATE, OIL_BBL, GAS_MCF, WATER_BBL, HOURS_ON) VALUES ('WELL00000000022', TO_DATE('2024-06-01','YYYY-MM-DD'), 2795.37, 11192.05, 194.03, 412.37);
INSERT INTO welldata.PRODUCTION (UWI, PROD_DATE, OIL_BBL, GAS_MCF, WATER_BBL, HOURS_ON) VALUES ('WELL00000000022', TO_DATE('2024-07-01','YYYY-MM-DD'), 2353.6, 1461.57, 531.88, 422.98);
INSERT INTO welldata.PRODUCTION (UWI, PROD_DATE, OIL_BBL, GAS_MCF, WATER_BBL, HOURS_ON) VALUES ('WELL00000000022', TO_DATE('2024-08-01','YYYY-MM-DD'), 950.37, 10518.69, 92.62, 576.71);
INSERT INTO welldata.PRODUCTION (UWI, PROD_DATE, OIL_BBL, GAS_MCF, WATER_BBL, HOURS_ON) VALUES ('WELL00000000022', TO_DATE('2024-09-01','YYYY-MM-DD'), 1887.53, 12424.19, 1430.39, 596.02);
INSERT INTO welldata.PRODUCTION (UWI, PROD_DATE, OIL_BBL, GAS_MCF, WATER_BBL, HOURS_ON) VALUES ('WELL00000000022', TO_DATE('2024-10-01','YYYY-MM-DD'), 574.12, 13574.31, 916.19, 264.11);
INSERT INTO welldata.PRODUCTION (UWI, PROD_DATE, OIL_BBL, GAS_MCF, WATER_BBL, HOURS_ON) VALUES ('WELL00000000022', TO_DATE('2024-11-01','YYYY-MM-DD'), 2138.07, 5969.06, 707.05, 553.86);
INSERT INTO welldata.PRODUCTION (UWI, PROD_DATE, OIL_BBL, GAS_MCF, WATER_BBL, HOURS_ON) VALUES ('WELL00000000022', TO_DATE('2024-12-01','YYYY-MM-DD'), 1834.95, 11982.59, 960.1, 326.5);
INSERT INTO welldata.FORMATION_TOPS (UWI, FORMATION, TOP_DEPTH_M, BASE_DEPTH_M, LITHOLOGY) VALUES ('WELL00000000022', 'Rajahmundry', 680, 1043, 'SANDSTONE');
INSERT INTO welldata.FORMATION_TOPS (UWI, FORMATION, TOP_DEPTH_M, BASE_DEPTH_M, LITHOLOGY) VALUES ('WELL00000000022', 'Bengal', 1176, 1576, 'LIMESTONE');
INSERT INTO welldata.FORMATION_TOPS (UWI, FORMATION, TOP_DEPTH_M, BASE_DEPTH_M, LITHOLOGY) VALUES ('WELL00000000022', 'Sanchore', 1367, 1706, 'SHALE');
INSERT INTO welldata.FORMATION_TOPS (UWI, FORMATION, TOP_DEPTH_M, BASE_DEPTH_M, LITHOLOGY) VALUES ('WELL00000000022', 'Barmer', 1162, 1436, 'DOLOMITE');
INSERT INTO welldata.CORE_ANALYSIS (UWI, CORE_RUN, TOP_DEPTH_M, BASE_DEPTH_M, GRAIN_DENSITY, BULK_DENSITY, RECOVERY_PCT) VALUES ('WELL00000000022', 1, 1143, 1184, 2.6802, 2.238, 95.51);
INSERT INTO welldata.CORE_ANALYSIS (UWI, CORE_RUN, TOP_DEPTH_M, BASE_DEPTH_M, GRAIN_DENSITY, BULK_DENSITY, RECOVERY_PCT) VALUES ('WELL00000000022', 2, 1155, 1203, 2.6125, 2.241, 75.72);
INSERT INTO welldata.WELL (UWI, WELL_NAME, OPERATOR, COUNTRY, BASIN, FIELD_NAME, SPUD_DATE, COMPLETION_DATE, WELL_TYPE, WELL_STATUS, SURFACE_LAT, SURFACE_LON, TOTAL_DEPTH_M, KB_ELEVATION_M) VALUES ('WELL00000000023', 'RELI-CA-023', 'Reliance', 'India', 'Cambay', 'Cambay Field 3', TO_DATE('2011-08-04','YYYY-MM-DD'), NULL, 'DEVELOPMENT', 'ACTIVE', 15.137602, 74.121284, 3397, 42.57);
INSERT INTO welldata.BOREHOLE (UBHI, UWI, BOREHOLE_NAME, BOREHOLE_TYPE, TOP_DEPTH_M, BASE_DEPTH_M) VALUES ('WELL00000000023-BH1', 'WELL00000000023', 'RELI-CA-023-BH1', 'VERTICAL', 507, 1221);
INSERT INTO welldata.PETROPHYSICS (UBHI, SAMPLE_DEPTH_M, POROSITY, PERMEABILITY, WATER_SAT, FORMATION) VALUES ('WELL00000000023-BH1', 1000, 0.0481, 26.9584, 0.3297, 'Rajahmundry');
INSERT INTO welldata.PETROPHYSICS (UBHI, SAMPLE_DEPTH_M, POROSITY, PERMEABILITY, WATER_SAT, FORMATION) VALUES ('WELL00000000023-BH1', 1020, 0.225, 249.3536, 0.1653, 'Rajahmundry');
INSERT INTO welldata.PETROPHYSICS (UBHI, SAMPLE_DEPTH_M, POROSITY, PERMEABILITY, WATER_SAT, FORMATION) VALUES ('WELL00000000023-BH1', 1040, 0.1745, 160.1874, 0.7297, 'Rajahmundry');
INSERT INTO welldata.PETROPHYSICS (UBHI, SAMPLE_DEPTH_M, POROSITY, PERMEABILITY, WATER_SAT, FORMATION) VALUES ('WELL00000000023-BH1', 1060, 0.2146, 130.0644, 0.2049, 'Bengal');
INSERT INTO welldata.PETROPHYSICS (UBHI, SAMPLE_DEPTH_M, POROSITY, PERMEABILITY, WATER_SAT, FORMATION) VALUES ('WELL00000000023-BH1', 1080, 0.177, 172.2452, 0.6937, 'Sanchore');
INSERT INTO welldata.PETROPHYSICS (UBHI, SAMPLE_DEPTH_M, POROSITY, PERMEABILITY, WATER_SAT, FORMATION) VALUES ('WELL00000000023-BH1', 1100, 0.0465, 192.7028, 0.4014, 'Barmer');
INSERT INTO welldata.PETROPHYSICS (UBHI, SAMPLE_DEPTH_M, POROSITY, PERMEABILITY, WATER_SAT, FORMATION) VALUES ('WELL00000000023-BH1', 1120, 0.1548, 134.3633, 0.2094, 'Bengal');
INSERT INTO welldata.PETROPHYSICS (UBHI, SAMPLE_DEPTH_M, POROSITY, PERMEABILITY, WATER_SAT, FORMATION) VALUES ('WELL00000000023-BH1', 1140, 0.0585, 430.9469, 0.3543, 'Rajahmundry');
INSERT INTO welldata.PETROPHYSICS (UBHI, SAMPLE_DEPTH_M, POROSITY, PERMEABILITY, WATER_SAT, FORMATION) VALUES ('WELL00000000023-BH1', 1160, 0.1116, 331.3195, 0.1696, 'Barmer');
INSERT INTO welldata.PETROPHYSICS (UBHI, SAMPLE_DEPTH_M, POROSITY, PERMEABILITY, WATER_SAT, FORMATION) VALUES ('WELL00000000023-BH1', 1180, 0.0735, 162.5941, 0.4555, 'Sanchore');
INSERT INTO welldata.PETROPHYSICS (UBHI, SAMPLE_DEPTH_M, POROSITY, PERMEABILITY, WATER_SAT, FORMATION) VALUES ('WELL00000000023-BH1', 1200, 0.1733, 312.5912, 0.733, 'Barmer');
INSERT INTO welldata.PETROPHYSICS (UBHI, SAMPLE_DEPTH_M, POROSITY, PERMEABILITY, WATER_SAT, FORMATION) VALUES ('WELL00000000023-BH1', 1220, 0.2707, 3.1519, 0.5487, 'Sanchore');
INSERT INTO welldata.PETROPHYSICS (UBHI, SAMPLE_DEPTH_M, POROSITY, PERMEABILITY, WATER_SAT, FORMATION) VALUES ('WELL00000000023-BH1', 1240, 0.1008, 189.8197, 0.6497, 'Sanchore');
INSERT INTO welldata.PETROPHYSICS (UBHI, SAMPLE_DEPTH_M, POROSITY, PERMEABILITY, WATER_SAT, FORMATION) VALUES ('WELL00000000023-BH1', 1260, 0.1042, 247.2435, 0.1554, 'Bengal');
INSERT INTO welldata.PETROPHYSICS (UBHI, SAMPLE_DEPTH_M, POROSITY, PERMEABILITY, WATER_SAT, FORMATION) VALUES ('WELL00000000023-BH1', 1280, 0.1254, 407.3197, 0.6644, 'Barmer');
INSERT INTO welldata.PETROPHYSICS (UBHI, SAMPLE_DEPTH_M, POROSITY, PERMEABILITY, WATER_SAT, FORMATION) VALUES ('WELL00000000023-BH1', 1300, 0.153, 155.5801, 0.645, 'Sanchore');
INSERT INTO welldata.PETROPHYSICS (UBHI, SAMPLE_DEPTH_M, POROSITY, PERMEABILITY, WATER_SAT, FORMATION) VALUES ('WELL00000000023-BH1', 1320, 0.0571, 114.4439, 0.5446, 'Bengal');
INSERT INTO welldata.PETROPHYSICS (UBHI, SAMPLE_DEPTH_M, POROSITY, PERMEABILITY, WATER_SAT, FORMATION) VALUES ('WELL00000000023-BH1', 1340, 0.0879, 421.6284, 0.1964, 'Rajahmundry');
INSERT INTO welldata.PETROPHYSICS (UBHI, SAMPLE_DEPTH_M, POROSITY, PERMEABILITY, WATER_SAT, FORMATION) VALUES ('WELL00000000023-BH1', 1360, 0.1954, 245.9011, 0.5469, 'Sanchore');
INSERT INTO welldata.PETROPHYSICS (UBHI, SAMPLE_DEPTH_M, POROSITY, PERMEABILITY, WATER_SAT, FORMATION) VALUES ('WELL00000000023-BH1', 1380, 0.0457, 191.7949, 0.2983, 'Rajahmundry');
INSERT INTO welldata.PETROPHYSICS (UBHI, SAMPLE_DEPTH_M, POROSITY, PERMEABILITY, WATER_SAT, FORMATION) VALUES ('WELL00000000023-BH1', 1400, 0.2313, 396.7185, 0.6612, 'Bengal');
INSERT INTO welldata.PETROPHYSICS (UBHI, SAMPLE_DEPTH_M, POROSITY, PERMEABILITY, WATER_SAT, FORMATION) VALUES ('WELL00000000023-BH1', 1420, 0.262, 249.7718, 0.2724, 'Rajahmundry');
INSERT INTO welldata.PETROPHYSICS (UBHI, SAMPLE_DEPTH_M, POROSITY, PERMEABILITY, WATER_SAT, FORMATION) VALUES ('WELL00000000023-BH1', 1440, 0.1593, 370.147, 0.6882, 'Barmer');
INSERT INTO welldata.PETROPHYSICS (UBHI, SAMPLE_DEPTH_M, POROSITY, PERMEABILITY, WATER_SAT, FORMATION) VALUES ('WELL00000000023-BH1', 1460, 0.1096, 399.5322, 0.1862, 'Rajahmundry');
INSERT INTO welldata.PETROPHYSICS (UBHI, SAMPLE_DEPTH_M, POROSITY, PERMEABILITY, WATER_SAT, FORMATION) VALUES ('WELL00000000023-BH1', 1480, 0.1583, 239.2126, 0.3283, 'Bengal');
INSERT INTO welldata.PETROPHYSICS (UBHI, SAMPLE_DEPTH_M, POROSITY, PERMEABILITY, WATER_SAT, FORMATION) VALUES ('WELL00000000023-BH1', 1500, 0.0508, 179.7929, 0.7023, 'Sanchore');
INSERT INTO welldata.PETROPHYSICS (UBHI, SAMPLE_DEPTH_M, POROSITY, PERMEABILITY, WATER_SAT, FORMATION) VALUES ('WELL00000000023-BH1', 1520, 0.0629, 264.8133, 0.2465, 'Rajahmundry');
INSERT INTO welldata.PETROPHYSICS (UBHI, SAMPLE_DEPTH_M, POROSITY, PERMEABILITY, WATER_SAT, FORMATION) VALUES ('WELL00000000023-BH1', 1540, 0.0769, 59.4691, 0.2009, 'Sanchore');
INSERT INTO welldata.PETROPHYSICS (UBHI, SAMPLE_DEPTH_M, POROSITY, PERMEABILITY, WATER_SAT, FORMATION) VALUES ('WELL00000000023-BH1', 1560, 0.2061, 208.5249, 0.3725, 'Rajahmundry');
INSERT INTO welldata.PETROPHYSICS (UBHI, SAMPLE_DEPTH_M, POROSITY, PERMEABILITY, WATER_SAT, FORMATION) VALUES ('WELL00000000023-BH1', 1580, 0.2389, 389.5269, 0.3526, 'Sanchore');
INSERT INTO welldata.PETROPHYSICS (UBHI, SAMPLE_DEPTH_M, POROSITY, PERMEABILITY, WATER_SAT, FORMATION) VALUES ('WELL00000000023-BH1', 1600, 0.1429, 70.8283, 0.3652, 'Barmer');
INSERT INTO welldata.PETROPHYSICS (UBHI, SAMPLE_DEPTH_M, POROSITY, PERMEABILITY, WATER_SAT, FORMATION) VALUES ('WELL00000000023-BH1', 1620, 0.1932, 78.2058, 0.6749, 'Bengal');
INSERT INTO welldata.PETROPHYSICS (UBHI, SAMPLE_DEPTH_M, POROSITY, PERMEABILITY, WATER_SAT, FORMATION) VALUES ('WELL00000000023-BH1', 1640, 0.2159, 57.0066, 0.7156, 'Barmer');
INSERT INTO welldata.PETROPHYSICS (UBHI, SAMPLE_DEPTH_M, POROSITY, PERMEABILITY, WATER_SAT, FORMATION) VALUES ('WELL00000000023-BH1', 1660, 0.2238, 192.1358, 0.2574, 'Rajahmundry');
INSERT INTO welldata.PETROPHYSICS (UBHI, SAMPLE_DEPTH_M, POROSITY, PERMEABILITY, WATER_SAT, FORMATION) VALUES ('WELL00000000023-BH1', 1680, 0.1526, 330.2892, 0.3643, 'Rajahmundry');
INSERT INTO welldata.PETROPHYSICS (UBHI, SAMPLE_DEPTH_M, POROSITY, PERMEABILITY, WATER_SAT, FORMATION) VALUES ('WELL00000000023-BH1', 1700, 0.2114, 365.1162, 0.6669, 'Sanchore');
INSERT INTO welldata.PETROPHYSICS (UBHI, SAMPLE_DEPTH_M, POROSITY, PERMEABILITY, WATER_SAT, FORMATION) VALUES ('WELL00000000023-BH1', 1720, 0.11, 113.7582, 0.7211, 'Sanchore');
INSERT INTO welldata.PETROPHYSICS (UBHI, SAMPLE_DEPTH_M, POROSITY, PERMEABILITY, WATER_SAT, FORMATION) VALUES ('WELL00000000023-BH1', 1740, 0.1926, 128.4501, 0.748, 'Rajahmundry');
INSERT INTO welldata.PETROPHYSICS (UBHI, SAMPLE_DEPTH_M, POROSITY, PERMEABILITY, WATER_SAT, FORMATION) VALUES ('WELL00000000023-BH1', 1760, 0.114, 232.4522, 0.738, 'Sanchore');
INSERT INTO welldata.PETROPHYSICS (UBHI, SAMPLE_DEPTH_M, POROSITY, PERMEABILITY, WATER_SAT, FORMATION) VALUES ('WELL00000000023-BH1', 1780, 0.2651, 121.0631, 0.6488, 'Rajahmundry');
INSERT INTO welldata.PETROPHYSICS (UBHI, SAMPLE_DEPTH_M, POROSITY, PERMEABILITY, WATER_SAT, FORMATION) VALUES ('WELL00000000023-BH1', 1800, 0.1593, 69.6628, 0.3954, 'Bengal');
INSERT INTO welldata.PETROPHYSICS (UBHI, SAMPLE_DEPTH_M, POROSITY, PERMEABILITY, WATER_SAT, FORMATION) VALUES ('WELL00000000023-BH1', 1820, 0.2629, 239.0904, 0.7268, 'Bengal');
INSERT INTO welldata.PETROPHYSICS (UBHI, SAMPLE_DEPTH_M, POROSITY, PERMEABILITY, WATER_SAT, FORMATION) VALUES ('WELL00000000023-BH1', 1840, 0.1782, 242.4753, 0.2566, 'Rajahmundry');
INSERT INTO welldata.PETROPHYSICS (UBHI, SAMPLE_DEPTH_M, POROSITY, PERMEABILITY, WATER_SAT, FORMATION) VALUES ('WELL00000000023-BH1', 1860, 0.1362, 330.5705, 0.4721, 'Bengal');
INSERT INTO welldata.PETROPHYSICS (UBHI, SAMPLE_DEPTH_M, POROSITY, PERMEABILITY, WATER_SAT, FORMATION) VALUES ('WELL00000000023-BH1', 1880, 0.0473, 329.3351, 0.5804, 'Barmer');
INSERT INTO welldata.PETROPHYSICS (UBHI, SAMPLE_DEPTH_M, POROSITY, PERMEABILITY, WATER_SAT, FORMATION) VALUES ('WELL00000000023-BH1', 1900, 0.2437, 274.1492, 0.4654, 'Barmer');
INSERT INTO welldata.PETROPHYSICS (UBHI, SAMPLE_DEPTH_M, POROSITY, PERMEABILITY, WATER_SAT, FORMATION) VALUES ('WELL00000000023-BH1', 1920, 0.2508, 110.2064, 0.6093, 'Bengal');
INSERT INTO welldata.PETROPHYSICS (UBHI, SAMPLE_DEPTH_M, POROSITY, PERMEABILITY, WATER_SAT, FORMATION) VALUES ('WELL00000000023-BH1', 1940, 0.1404, 385.1317, 0.4763, 'Bengal');
INSERT INTO welldata.PETROPHYSICS (UBHI, SAMPLE_DEPTH_M, POROSITY, PERMEABILITY, WATER_SAT, FORMATION) VALUES ('WELL00000000023-BH1', 1960, 0.2157, 299.3961, 0.5805, 'Rajahmundry');
INSERT INTO welldata.PETROPHYSICS (UBHI, SAMPLE_DEPTH_M, POROSITY, PERMEABILITY, WATER_SAT, FORMATION) VALUES ('WELL00000000023-BH1', 1980, 0.1723, 267.3985, 0.6248, 'Sanchore');
INSERT INTO welldata.PETROPHYSICS (UBHI, SAMPLE_DEPTH_M, POROSITY, PERMEABILITY, WATER_SAT, FORMATION) VALUES ('WELL00000000023-BH1', 2000, 0.1831, 400.8703, 0.2647, 'Sanchore');
INSERT INTO welldata.PETROPHYSICS (UBHI, SAMPLE_DEPTH_M, POROSITY, PERMEABILITY, WATER_SAT, FORMATION) VALUES ('WELL00000000023-BH1', 2020, 0.1561, 412.4171, 0.6469, 'Rajahmundry');
INSERT INTO welldata.PETROPHYSICS (UBHI, SAMPLE_DEPTH_M, POROSITY, PERMEABILITY, WATER_SAT, FORMATION) VALUES ('WELL00000000023-BH1', 2040, 0.2692, 288.3186, 0.1599, 'Rajahmundry');
INSERT INTO welldata.PETROPHYSICS (UBHI, SAMPLE_DEPTH_M, POROSITY, PERMEABILITY, WATER_SAT, FORMATION) VALUES ('WELL00000000023-BH1', 2060, 0.0494, 257.5384, 0.3839, 'Sanchore');
INSERT INTO welldata.PETROPHYSICS (UBHI, SAMPLE_DEPTH_M, POROSITY, PERMEABILITY, WATER_SAT, FORMATION) VALUES ('WELL00000000023-BH1', 2080, 0.0567, 137.9327, 0.313, 'Bengal');
INSERT INTO welldata.PETROPHYSICS (UBHI, SAMPLE_DEPTH_M, POROSITY, PERMEABILITY, WATER_SAT, FORMATION) VALUES ('WELL00000000023-BH1', 2100, 0.2089, 133.8695, 0.3719, 'Barmer');
INSERT INTO welldata.PETROPHYSICS (UBHI, SAMPLE_DEPTH_M, POROSITY, PERMEABILITY, WATER_SAT, FORMATION) VALUES ('WELL00000000023-BH1', 2120, 0.0586, 266.6576, 0.3816, 'Rajahmundry');
INSERT INTO welldata.PETROPHYSICS (UBHI, SAMPLE_DEPTH_M, POROSITY, PERMEABILITY, WATER_SAT, FORMATION) VALUES ('WELL00000000023-BH1', 2140, 0.1682, 329.309, 0.3979, 'Bengal');
INSERT INTO welldata.PETROPHYSICS (UBHI, SAMPLE_DEPTH_M, POROSITY, PERMEABILITY, WATER_SAT, FORMATION) VALUES ('WELL00000000023-BH1', 2160, 0.1103, 333.7327, 0.7411, 'Bengal');
INSERT INTO welldata.PETROPHYSICS (UBHI, SAMPLE_DEPTH_M, POROSITY, PERMEABILITY, WATER_SAT, FORMATION) VALUES ('WELL00000000023-BH1', 2180, 0.2179, 344.5524, 0.3481, 'Sanchore');
INSERT INTO welldata.PETROPHYSICS (UBHI, SAMPLE_DEPTH_M, POROSITY, PERMEABILITY, WATER_SAT, FORMATION) VALUES ('WELL00000000023-BH1', 2200, 0.0887, 190.8242, 0.2692, 'Barmer');
INSERT INTO welldata.PETROPHYSICS (UBHI, SAMPLE_DEPTH_M, POROSITY, PERMEABILITY, WATER_SAT, FORMATION) VALUES ('WELL00000000023-BH1', 2220, 0.0577, 292.6122, 0.1674, 'Rajahmundry');
INSERT INTO welldata.PETROPHYSICS (UBHI, SAMPLE_DEPTH_M, POROSITY, PERMEABILITY, WATER_SAT, FORMATION) VALUES ('WELL00000000023-BH1', 2240, 0.1111, 237.6107, 0.1829, 'Sanchore');
INSERT INTO welldata.PETROPHYSICS (UBHI, SAMPLE_DEPTH_M, POROSITY, PERMEABILITY, WATER_SAT, FORMATION) VALUES ('WELL00000000023-BH1', 2260, 0.2382, 164.8522, 0.2632, 'Barmer');
INSERT INTO welldata.PETROPHYSICS (UBHI, SAMPLE_DEPTH_M, POROSITY, PERMEABILITY, WATER_SAT, FORMATION) VALUES ('WELL00000000023-BH1', 2280, 0.2006, 149.2838, 0.6239, 'Bengal');
INSERT INTO welldata.PETROPHYSICS (UBHI, SAMPLE_DEPTH_M, POROSITY, PERMEABILITY, WATER_SAT, FORMATION) VALUES ('WELL00000000023-BH1', 2300, 0.1298, 200.9168, 0.5409, 'Rajahmundry');
INSERT INTO welldata.PETROPHYSICS (UBHI, SAMPLE_DEPTH_M, POROSITY, PERMEABILITY, WATER_SAT, FORMATION) VALUES ('WELL00000000023-BH1', 2320, 0.1135, 82.761, 0.5905, 'Sanchore');
INSERT INTO welldata.PETROPHYSICS (UBHI, SAMPLE_DEPTH_M, POROSITY, PERMEABILITY, WATER_SAT, FORMATION) VALUES ('WELL00000000023-BH1', 2340, 0.1632, 25.2999, 0.1743, 'Sanchore');
INSERT INTO welldata.PETROPHYSICS (UBHI, SAMPLE_DEPTH_M, POROSITY, PERMEABILITY, WATER_SAT, FORMATION) VALUES ('WELL00000000023-BH1', 2360, 0.1331, 235.0355, 0.4776, 'Barmer');
INSERT INTO welldata.PETROPHYSICS (UBHI, SAMPLE_DEPTH_M, POROSITY, PERMEABILITY, WATER_SAT, FORMATION) VALUES ('WELL00000000023-BH1', 2380, 0.2172, 401.5069, 0.2931, 'Barmer');
INSERT INTO welldata.PETROPHYSICS (UBHI, SAMPLE_DEPTH_M, POROSITY, PERMEABILITY, WATER_SAT, FORMATION) VALUES ('WELL00000000023-BH1', 2400, 0.2374, 223.7663, 0.6859, 'Rajahmundry');
INSERT INTO welldata.PETROPHYSICS (UBHI, SAMPLE_DEPTH_M, POROSITY, PERMEABILITY, WATER_SAT, FORMATION) VALUES ('WELL00000000023-BH1', 2420, 0.2334, 161.7152, 0.6804, 'Barmer');
INSERT INTO welldata.PETROPHYSICS (UBHI, SAMPLE_DEPTH_M, POROSITY, PERMEABILITY, WATER_SAT, FORMATION) VALUES ('WELL00000000023-BH1', 2440, 0.2142, 248.9906, 0.3072, 'Barmer');
INSERT INTO welldata.PETROPHYSICS (UBHI, SAMPLE_DEPTH_M, POROSITY, PERMEABILITY, WATER_SAT, FORMATION) VALUES ('WELL00000000023-BH1', 2460, 0.2398, 267.3828, 0.4147, 'Rajahmundry');
INSERT INTO welldata.PETROPHYSICS (UBHI, SAMPLE_DEPTH_M, POROSITY, PERMEABILITY, WATER_SAT, FORMATION) VALUES ('WELL00000000023-BH1', 2480, 0.2315, 87.8686, 0.5436, 'Sanchore');
INSERT INTO welldata.PETROPHYSICS (UBHI, SAMPLE_DEPTH_M, POROSITY, PERMEABILITY, WATER_SAT, FORMATION) VALUES ('WELL00000000023-BH1', 2500, 0.0913, 179.9411, 0.3158, 'Bengal');
INSERT INTO welldata.PETROPHYSICS (UBHI, SAMPLE_DEPTH_M, POROSITY, PERMEABILITY, WATER_SAT, FORMATION) VALUES ('WELL00000000023-BH1', 2520, 0.2759, 260.9933, 0.7394, 'Bengal');
INSERT INTO welldata.PETROPHYSICS (UBHI, SAMPLE_DEPTH_M, POROSITY, PERMEABILITY, WATER_SAT, FORMATION) VALUES ('WELL00000000023-BH1', 2540, 0.1507, 358.4852, 0.227, 'Barmer');
INSERT INTO welldata.PETROPHYSICS (UBHI, SAMPLE_DEPTH_M, POROSITY, PERMEABILITY, WATER_SAT, FORMATION) VALUES ('WELL00000000023-BH1', 2560, 0.1773, 416.586, 0.4897, 'Bengal');
INSERT INTO welldata.PETROPHYSICS (UBHI, SAMPLE_DEPTH_M, POROSITY, PERMEABILITY, WATER_SAT, FORMATION) VALUES ('WELL00000000023-BH1', 2580, 0.2797, 187.5273, 0.6439, 'Rajahmundry');
INSERT INTO welldata.PETROPHYSICS (UBHI, SAMPLE_DEPTH_M, POROSITY, PERMEABILITY, WATER_SAT, FORMATION) VALUES ('WELL00000000023-BH1', 2600, 0.2666, 264.2862, 0.7009, 'Barmer');
INSERT INTO welldata.PETROPHYSICS (UBHI, SAMPLE_DEPTH_M, POROSITY, PERMEABILITY, WATER_SAT, FORMATION) VALUES ('WELL00000000023-BH1', 2620, 0.1542, 379.6958, 0.3217, 'Barmer');
INSERT INTO welldata.PETROPHYSICS (UBHI, SAMPLE_DEPTH_M, POROSITY, PERMEABILITY, WATER_SAT, FORMATION) VALUES ('WELL00000000023-BH1', 2640, 0.1442, 119.4594, 0.3069, 'Barmer');
INSERT INTO welldata.PETROPHYSICS (UBHI, SAMPLE_DEPTH_M, POROSITY, PERMEABILITY, WATER_SAT, FORMATION) VALUES ('WELL00000000023-BH1', 2660, 0.2586, 146.6506, 0.6314, 'Sanchore');
INSERT INTO welldata.PETROPHYSICS (UBHI, SAMPLE_DEPTH_M, POROSITY, PERMEABILITY, WATER_SAT, FORMATION) VALUES ('WELL00000000023-BH1', 2680, 0.0551, 337.7496, 0.2086, 'Barmer');
INSERT INTO welldata.PETROPHYSICS (UBHI, SAMPLE_DEPTH_M, POROSITY, PERMEABILITY, WATER_SAT, FORMATION) VALUES ('WELL00000000023-BH1', 2700, 0.1765, 150.4189, 0.1554, 'Bengal');
INSERT INTO welldata.PETROPHYSICS (UBHI, SAMPLE_DEPTH_M, POROSITY, PERMEABILITY, WATER_SAT, FORMATION) VALUES ('WELL00000000023-BH1', 2720, 0.2607, 387.2167, 0.5884, 'Rajahmundry');
INSERT INTO welldata.PETROPHYSICS (UBHI, SAMPLE_DEPTH_M, POROSITY, PERMEABILITY, WATER_SAT, FORMATION) VALUES ('WELL00000000023-BH1', 2740, 0.0622, 435.6717, 0.5225, 'Barmer');
INSERT INTO welldata.PETROPHYSICS (UBHI, SAMPLE_DEPTH_M, POROSITY, PERMEABILITY, WATER_SAT, FORMATION) VALUES ('WELL00000000023-BH1', 2760, 0.1376, 23.6242, 0.3402, 'Barmer');
INSERT INTO welldata.PETROPHYSICS (UBHI, SAMPLE_DEPTH_M, POROSITY, PERMEABILITY, WATER_SAT, FORMATION) VALUES ('WELL00000000023-BH1', 2780, 0.2475, 181.0868, 0.5585, 'Rajahmundry');
INSERT INTO welldata.PETROPHYSICS (UBHI, SAMPLE_DEPTH_M, POROSITY, PERMEABILITY, WATER_SAT, FORMATION) VALUES ('WELL00000000023-BH1', 2800, 0.2422, 67.2348, 0.6772, 'Rajahmundry');
INSERT INTO welldata.PETROPHYSICS (UBHI, SAMPLE_DEPTH_M, POROSITY, PERMEABILITY, WATER_SAT, FORMATION) VALUES ('WELL00000000023-BH1', 2820, 0.235, 292.1699, 0.4281, 'Sanchore');
INSERT INTO welldata.PETROPHYSICS (UBHI, SAMPLE_DEPTH_M, POROSITY, PERMEABILITY, WATER_SAT, FORMATION) VALUES ('WELL00000000023-BH1', 2840, 0.0556, 58.4304, 0.3788, 'Bengal');
INSERT INTO welldata.PETROPHYSICS (UBHI, SAMPLE_DEPTH_M, POROSITY, PERMEABILITY, WATER_SAT, FORMATION) VALUES ('WELL00000000023-BH1', 2860, 0.2775, 384.5246, 0.3572, 'Barmer');
INSERT INTO welldata.PETROPHYSICS (UBHI, SAMPLE_DEPTH_M, POROSITY, PERMEABILITY, WATER_SAT, FORMATION) VALUES ('WELL00000000023-BH1', 2880, 0.0506, 181.0541, 0.4491, 'Sanchore');
INSERT INTO welldata.PETROPHYSICS (UBHI, SAMPLE_DEPTH_M, POROSITY, PERMEABILITY, WATER_SAT, FORMATION) VALUES ('WELL00000000023-BH1', 2900, 0.0537, 322.7832, 0.2755, 'Barmer');
INSERT INTO welldata.PETROPHYSICS (UBHI, SAMPLE_DEPTH_M, POROSITY, PERMEABILITY, WATER_SAT, FORMATION) VALUES ('WELL00000000023-BH1', 2920, 0.1208, 385.6928, 0.5796, 'Bengal');
INSERT INTO welldata.PETROPHYSICS (UBHI, SAMPLE_DEPTH_M, POROSITY, PERMEABILITY, WATER_SAT, FORMATION) VALUES ('WELL00000000023-BH1', 2940, 0.2694, 374.282, 0.2204, 'Rajahmundry');
INSERT INTO welldata.PETROPHYSICS (UBHI, SAMPLE_DEPTH_M, POROSITY, PERMEABILITY, WATER_SAT, FORMATION) VALUES ('WELL00000000023-BH1', 2960, 0.2137, 144.0011, 0.5546, 'Bengal');
INSERT INTO welldata.PETROPHYSICS (UBHI, SAMPLE_DEPTH_M, POROSITY, PERMEABILITY, WATER_SAT, FORMATION) VALUES ('WELL00000000023-BH1', 2980, 0.056, 430.9538, 0.267, 'Barmer');
INSERT INTO welldata.PETROPHYSICS (UBHI, SAMPLE_DEPTH_M, POROSITY, PERMEABILITY, WATER_SAT, FORMATION) VALUES ('WELL00000000023-BH1', 3000, 0.1468, 342.1221, 0.6413, 'Bengal');
INSERT INTO welldata.BOREHOLE (UBHI, UWI, BOREHOLE_NAME, BOREHOLE_TYPE, TOP_DEPTH_M, BASE_DEPTH_M) VALUES ('WELL00000000023-BH2', 'WELL00000000023', 'RELI-CA-023-BH2', 'DIRECTIONAL', 845, 1823);
INSERT INTO welldata.PETROPHYSICS (UBHI, SAMPLE_DEPTH_M, POROSITY, PERMEABILITY, WATER_SAT, FORMATION) VALUES ('WELL00000000023-BH2', 1000, 0.1269, 312.7009, 0.1593, 'Sanchore');
INSERT INTO welldata.PETROPHYSICS (UBHI, SAMPLE_DEPTH_M, POROSITY, PERMEABILITY, WATER_SAT, FORMATION) VALUES ('WELL00000000023-BH2', 1020, 0.117, 214.7719, 0.3552, 'Bengal');
INSERT INTO welldata.PETROPHYSICS (UBHI, SAMPLE_DEPTH_M, POROSITY, PERMEABILITY, WATER_SAT, FORMATION) VALUES ('WELL00000000023-BH2', 1040, 0.0527, 218.0456, 0.5972, 'Sanchore');
INSERT INTO welldata.PETROPHYSICS (UBHI, SAMPLE_DEPTH_M, POROSITY, PERMEABILITY, WATER_SAT, FORMATION) VALUES ('WELL00000000023-BH2', 1060, 0.1461, 55.803, 0.3266, 'Sanchore');
INSERT INTO welldata.PETROPHYSICS (UBHI, SAMPLE_DEPTH_M, POROSITY, PERMEABILITY, WATER_SAT, FORMATION) VALUES ('WELL00000000023-BH2', 1080, 0.1455, 229.6498, 0.4071, 'Sanchore');
INSERT INTO welldata.PETROPHYSICS (UBHI, SAMPLE_DEPTH_M, POROSITY, PERMEABILITY, WATER_SAT, FORMATION) VALUES ('WELL00000000023-BH2', 1100, 0.1597, 31.8731, 0.219, 'Barmer');
INSERT INTO welldata.PETROPHYSICS (UBHI, SAMPLE_DEPTH_M, POROSITY, PERMEABILITY, WATER_SAT, FORMATION) VALUES ('WELL00000000023-BH2', 1120, 0.2708, 69.2982, 0.7447, 'Bengal');
INSERT INTO welldata.PETROPHYSICS (UBHI, SAMPLE_DEPTH_M, POROSITY, PERMEABILITY, WATER_SAT, FORMATION) VALUES ('WELL00000000023-BH2', 1140, 0.1071, 112.673, 0.6317, 'Barmer');
INSERT INTO welldata.PETROPHYSICS (UBHI, SAMPLE_DEPTH_M, POROSITY, PERMEABILITY, WATER_SAT, FORMATION) VALUES ('WELL00000000023-BH2', 1160, 0.139, 299.8681, 0.4876, 'Bengal');
INSERT INTO welldata.PETROPHYSICS (UBHI, SAMPLE_DEPTH_M, POROSITY, PERMEABILITY, WATER_SAT, FORMATION) VALUES ('WELL00000000023-BH2', 1180, 0.1258, 32.5632, 0.6898, 'Rajahmundry');
INSERT INTO welldata.PETROPHYSICS (UBHI, SAMPLE_DEPTH_M, POROSITY, PERMEABILITY, WATER_SAT, FORMATION) VALUES ('WELL00000000023-BH2', 1200, 0.1372, 130.3427, 0.6023, 'Barmer');
INSERT INTO welldata.PETROPHYSICS (UBHI, SAMPLE_DEPTH_M, POROSITY, PERMEABILITY, WATER_SAT, FORMATION) VALUES ('WELL00000000023-BH2', 1220, 0.2271, 124.1347, 0.5165, 'Sanchore');
INSERT INTO welldata.PETROPHYSICS (UBHI, SAMPLE_DEPTH_M, POROSITY, PERMEABILITY, WATER_SAT, FORMATION) VALUES ('WELL00000000023-BH2', 1240, 0.1612, 102.2179, 0.6161, 'Barmer');
INSERT INTO welldata.PETROPHYSICS (UBHI, SAMPLE_DEPTH_M, POROSITY, PERMEABILITY, WATER_SAT, FORMATION) VALUES ('WELL00000000023-BH2', 1260, 0.1072, 413.1058, 0.5646, 'Rajahmundry');
INSERT INTO welldata.PETROPHYSICS (UBHI, SAMPLE_DEPTH_M, POROSITY, PERMEABILITY, WATER_SAT, FORMATION) VALUES ('WELL00000000023-BH2', 1280, 0.1165, 445.3734, 0.4357, 'Rajahmundry');
INSERT INTO welldata.PETROPHYSICS (UBHI, SAMPLE_DEPTH_M, POROSITY, PERMEABILITY, WATER_SAT, FORMATION) VALUES ('WELL00000000023-BH2', 1300, 0.1122, 372.0547, 0.6126, 'Sanchore');
INSERT INTO welldata.PETROPHYSICS (UBHI, SAMPLE_DEPTH_M, POROSITY, PERMEABILITY, WATER_SAT, FORMATION) VALUES ('WELL00000000023-BH2', 1320, 0.2272, 317.3844, 0.526, 'Bengal');
INSERT INTO welldata.PETROPHYSICS (UBHI, SAMPLE_DEPTH_M, POROSITY, PERMEABILITY, WATER_SAT, FORMATION) VALUES ('WELL00000000023-BH2', 1340, 0.1575, 109.8857, 0.2606, 'Bengal');
INSERT INTO welldata.PETROPHYSICS (UBHI, SAMPLE_DEPTH_M, POROSITY, PERMEABILITY, WATER_SAT, FORMATION) VALUES ('WELL00000000023-BH2', 1360, 0.0975, 337.5435, 0.4658, 'Bengal');
INSERT INTO welldata.PETROPHYSICS (UBHI, SAMPLE_DEPTH_M, POROSITY, PERMEABILITY, WATER_SAT, FORMATION) VALUES ('WELL00000000023-BH2', 1380, 0.1926, 419.5503, 0.1943, 'Sanchore');
INSERT INTO welldata.PETROPHYSICS (UBHI, SAMPLE_DEPTH_M, POROSITY, PERMEABILITY, WATER_SAT, FORMATION) VALUES ('WELL00000000023-BH2', 1400, 0.1337, 315.3562, 0.5127, 'Bengal');
INSERT INTO welldata.PETROPHYSICS (UBHI, SAMPLE_DEPTH_M, POROSITY, PERMEABILITY, WATER_SAT, FORMATION) VALUES ('WELL00000000023-BH2', 1420, 0.2432, 61.2661, 0.5317, 'Barmer');
INSERT INTO welldata.PETROPHYSICS (UBHI, SAMPLE_DEPTH_M, POROSITY, PERMEABILITY, WATER_SAT, FORMATION) VALUES ('WELL00000000023-BH2', 1440, 0.2509, 348.8195, 0.3521, 'Barmer');
INSERT INTO welldata.PETROPHYSICS (UBHI, SAMPLE_DEPTH_M, POROSITY, PERMEABILITY, WATER_SAT, FORMATION) VALUES ('WELL00000000023-BH2', 1460, 0.2082, 52.9857, 0.598, 'Rajahmundry');
INSERT INTO welldata.PETROPHYSICS (UBHI, SAMPLE_DEPTH_M, POROSITY, PERMEABILITY, WATER_SAT, FORMATION) VALUES ('WELL00000000023-BH2', 1480, 0.2162, 329.9151, 0.4962, 'Sanchore');
INSERT INTO welldata.PETROPHYSICS (UBHI, SAMPLE_DEPTH_M, POROSITY, PERMEABILITY, WATER_SAT, FORMATION) VALUES ('WELL00000000023-BH2', 1500, 0.1352, 25.612, 0.5688, 'Sanchore');
INSERT INTO welldata.PETROPHYSICS (UBHI, SAMPLE_DEPTH_M, POROSITY, PERMEABILITY, WATER_SAT, FORMATION) VALUES ('WELL00000000023-BH2', 1520, 0.1067, 385.3799, 0.1828, 'Bengal');
INSERT INTO welldata.PETROPHYSICS (UBHI, SAMPLE_DEPTH_M, POROSITY, PERMEABILITY, WATER_SAT, FORMATION) VALUES ('WELL00000000023-BH2', 1540, 0.08, 225.5142, 0.3227, 'Rajahmundry');
INSERT INTO welldata.PETROPHYSICS (UBHI, SAMPLE_DEPTH_M, POROSITY, PERMEABILITY, WATER_SAT, FORMATION) VALUES ('WELL00000000023-BH2', 1560, 0.21, 403.1196, 0.291, 'Rajahmundry');
INSERT INTO welldata.PETROPHYSICS (UBHI, SAMPLE_DEPTH_M, POROSITY, PERMEABILITY, WATER_SAT, FORMATION) VALUES ('WELL00000000023-BH2', 1580, 0.0491, 207.8542, 0.4795, 'Bengal');
INSERT INTO welldata.PETROPHYSICS (UBHI, SAMPLE_DEPTH_M, POROSITY, PERMEABILITY, WATER_SAT, FORMATION) VALUES ('WELL00000000023-BH2', 1600, 0.0874, 448.5098, 0.6093, 'Barmer');
INSERT INTO welldata.PETROPHYSICS (UBHI, SAMPLE_DEPTH_M, POROSITY, PERMEABILITY, WATER_SAT, FORMATION) VALUES ('WELL00000000023-BH2', 1620, 0.0629, 5.2819, 0.1935, 'Rajahmundry');
INSERT INTO welldata.PETROPHYSICS (UBHI, SAMPLE_DEPTH_M, POROSITY, PERMEABILITY, WATER_SAT, FORMATION) VALUES ('WELL00000000023-BH2', 1640, 0.1966, 384.8417, 0.508, 'Sanchore');
INSERT INTO welldata.PETROPHYSICS (UBHI, SAMPLE_DEPTH_M, POROSITY, PERMEABILITY, WATER_SAT, FORMATION) VALUES ('WELL00000000023-BH2', 1660, 0.2139, 436.22, 0.3215, 'Bengal');
INSERT INTO welldata.PETROPHYSICS (UBHI, SAMPLE_DEPTH_M, POROSITY, PERMEABILITY, WATER_SAT, FORMATION) VALUES ('WELL00000000023-BH2', 1680, 0.1793, 388.0999, 0.5881, 'Rajahmundry');
INSERT INTO welldata.PETROPHYSICS (UBHI, SAMPLE_DEPTH_M, POROSITY, PERMEABILITY, WATER_SAT, FORMATION) VALUES ('WELL00000000023-BH2', 1700, 0.211, 78.4661, 0.4988, 'Rajahmundry');
INSERT INTO welldata.PETROPHYSICS (UBHI, SAMPLE_DEPTH_M, POROSITY, PERMEABILITY, WATER_SAT, FORMATION) VALUES ('WELL00000000023-BH2', 1720, 0.2652, 119.4999, 0.4062, 'Barmer');
INSERT INTO welldata.PETROPHYSICS (UBHI, SAMPLE_DEPTH_M, POROSITY, PERMEABILITY, WATER_SAT, FORMATION) VALUES ('WELL00000000023-BH2', 1740, 0.0961, 386.0953, 0.6567, 'Rajahmundry');
INSERT INTO welldata.PETROPHYSICS (UBHI, SAMPLE_DEPTH_M, POROSITY, PERMEABILITY, WATER_SAT, FORMATION) VALUES ('WELL00000000023-BH2', 1760, 0.0666, 352.1668, 0.7226, 'Bengal');
INSERT INTO welldata.PETROPHYSICS (UBHI, SAMPLE_DEPTH_M, POROSITY, PERMEABILITY, WATER_SAT, FORMATION) VALUES ('WELL00000000023-BH2', 1780, 0.0541, 262.58, 0.3111, 'Sanchore');
INSERT INTO welldata.PETROPHYSICS (UBHI, SAMPLE_DEPTH_M, POROSITY, PERMEABILITY, WATER_SAT, FORMATION) VALUES ('WELL00000000023-BH2', 1800, 0.1987, 371.4319, 0.5893, 'Barmer');
INSERT INTO welldata.PETROPHYSICS (UBHI, SAMPLE_DEPTH_M, POROSITY, PERMEABILITY, WATER_SAT, FORMATION) VALUES ('WELL00000000023-BH2', 1820, 0.0648, 431.1391, 0.5898, 'Rajahmundry');
INSERT INTO welldata.PETROPHYSICS (UBHI, SAMPLE_DEPTH_M, POROSITY, PERMEABILITY, WATER_SAT, FORMATION) VALUES ('WELL00000000023-BH2', 1840, 0.2323, 89.2083, 0.6663, 'Rajahmundry');
INSERT INTO welldata.PETROPHYSICS (UBHI, SAMPLE_DEPTH_M, POROSITY, PERMEABILITY, WATER_SAT, FORMATION) VALUES ('WELL00000000023-BH2', 1860, 0.2072, 349.6369, 0.5016, 'Bengal');
INSERT INTO welldata.PETROPHYSICS (UBHI, SAMPLE_DEPTH_M, POROSITY, PERMEABILITY, WATER_SAT, FORMATION) VALUES ('WELL00000000023-BH2', 1880, 0.131, 288.6267, 0.7407, 'Barmer');
INSERT INTO welldata.PETROPHYSICS (UBHI, SAMPLE_DEPTH_M, POROSITY, PERMEABILITY, WATER_SAT, FORMATION) VALUES ('WELL00000000023-BH2', 1900, 0.184, 248.0854, 0.6906, 'Bengal');
INSERT INTO welldata.PETROPHYSICS (UBHI, SAMPLE_DEPTH_M, POROSITY, PERMEABILITY, WATER_SAT, FORMATION) VALUES ('WELL00000000023-BH2', 1920, 0.108, 360.6758, 0.5513, 'Bengal');
INSERT INTO welldata.PETROPHYSICS (UBHI, SAMPLE_DEPTH_M, POROSITY, PERMEABILITY, WATER_SAT, FORMATION) VALUES ('WELL00000000023-BH2', 1940, 0.0701, 227.9942, 0.593, 'Bengal');
INSERT INTO welldata.PETROPHYSICS (UBHI, SAMPLE_DEPTH_M, POROSITY, PERMEABILITY, WATER_SAT, FORMATION) VALUES ('WELL00000000023-BH2', 1960, 0.1449, 161.8911, 0.2855, 'Rajahmundry');
INSERT INTO welldata.PETROPHYSICS (UBHI, SAMPLE_DEPTH_M, POROSITY, PERMEABILITY, WATER_SAT, FORMATION) VALUES ('WELL00000000023-BH2', 1980, 0.1611, 264.8529, 0.2475, 'Bengal');
INSERT INTO welldata.PETROPHYSICS (UBHI, SAMPLE_DEPTH_M, POROSITY, PERMEABILITY, WATER_SAT, FORMATION) VALUES ('WELL00000000023-BH2', 2000, 0.1329, 144.167, 0.2722, 'Barmer');
INSERT INTO welldata.PETROPHYSICS (UBHI, SAMPLE_DEPTH_M, POROSITY, PERMEABILITY, WATER_SAT, FORMATION) VALUES ('WELL00000000023-BH2', 2020, 0.1323, 143.9568, 0.2928, 'Sanchore');
INSERT INTO welldata.PETROPHYSICS (UBHI, SAMPLE_DEPTH_M, POROSITY, PERMEABILITY, WATER_SAT, FORMATION) VALUES ('WELL00000000023-BH2', 2040, 0.2592, 273.5337, 0.2076, 'Rajahmundry');
INSERT INTO welldata.PETROPHYSICS (UBHI, SAMPLE_DEPTH_M, POROSITY, PERMEABILITY, WATER_SAT, FORMATION) VALUES ('WELL00000000023-BH2', 2060, 0.2296, 62.0375, 0.7148, 'Barmer');
INSERT INTO welldata.PETROPHYSICS (UBHI, SAMPLE_DEPTH_M, POROSITY, PERMEABILITY, WATER_SAT, FORMATION) VALUES ('WELL00000000023-BH2', 2080, 0.1386, 359.2413, 0.3628, 'Bengal');
INSERT INTO welldata.PETROPHYSICS (UBHI, SAMPLE_DEPTH_M, POROSITY, PERMEABILITY, WATER_SAT, FORMATION) VALUES ('WELL00000000023-BH2', 2100, 0.049, 172.5398, 0.356, 'Bengal');
INSERT INTO welldata.PETROPHYSICS (UBHI, SAMPLE_DEPTH_M, POROSITY, PERMEABILITY, WATER_SAT, FORMATION) VALUES ('WELL00000000023-BH2', 2120, 0.2522, 302.4937, 0.4052, 'Rajahmundry');
INSERT INTO welldata.PETROPHYSICS (UBHI, SAMPLE_DEPTH_M, POROSITY, PERMEABILITY, WATER_SAT, FORMATION) VALUES ('WELL00000000023-BH2', 2140, 0.2487, 45.7645, 0.3771, 'Rajahmundry');
INSERT INTO welldata.PETROPHYSICS (UBHI, SAMPLE_DEPTH_M, POROSITY, PERMEABILITY, WATER_SAT, FORMATION) VALUES ('WELL00000000023-BH2', 2160, 0.1763, 22.9139, 0.4927, 'Barmer');
INSERT INTO welldata.PETROPHYSICS (UBHI, SAMPLE_DEPTH_M, POROSITY, PERMEABILITY, WATER_SAT, FORMATION) VALUES ('WELL00000000023-BH2', 2180, 0.2471, 366.9301, 0.2722, 'Barmer');
INSERT INTO welldata.PETROPHYSICS (UBHI, SAMPLE_DEPTH_M, POROSITY, PERMEABILITY, WATER_SAT, FORMATION) VALUES ('WELL00000000023-BH2', 2200, 0.1764, 158.2053, 0.4522, 'Barmer');
INSERT INTO welldata.PETROPHYSICS (UBHI, SAMPLE_DEPTH_M, POROSITY, PERMEABILITY, WATER_SAT, FORMATION) VALUES ('WELL00000000023-BH2', 2220, 0.177, 372.0688, 0.2931, 'Barmer');
INSERT INTO welldata.PETROPHYSICS (UBHI, SAMPLE_DEPTH_M, POROSITY, PERMEABILITY, WATER_SAT, FORMATION) VALUES ('WELL00000000023-BH2', 2240, 0.1385, 60.8146, 0.2624, 'Barmer');
INSERT INTO welldata.PETROPHYSICS (UBHI, SAMPLE_DEPTH_M, POROSITY, PERMEABILITY, WATER_SAT, FORMATION) VALUES ('WELL00000000023-BH2', 2260, 0.0967, 383.2255, 0.3939, 'Bengal');
INSERT INTO welldata.PETROPHYSICS (UBHI, SAMPLE_DEPTH_M, POROSITY, PERMEABILITY, WATER_SAT, FORMATION) VALUES ('WELL00000000023-BH2', 2280, 0.058, 329.6521, 0.4134, 'Barmer');
INSERT INTO welldata.PETROPHYSICS (UBHI, SAMPLE_DEPTH_M, POROSITY, PERMEABILITY, WATER_SAT, FORMATION) VALUES ('WELL00000000023-BH2', 2300, 0.1295, 268.8442, 0.3965, 'Rajahmundry');
INSERT INTO welldata.PETROPHYSICS (UBHI, SAMPLE_DEPTH_M, POROSITY, PERMEABILITY, WATER_SAT, FORMATION) VALUES ('WELL00000000023-BH2', 2320, 0.0767, 143.8014, 0.2267, 'Rajahmundry');
INSERT INTO welldata.PETROPHYSICS (UBHI, SAMPLE_DEPTH_M, POROSITY, PERMEABILITY, WATER_SAT, FORMATION) VALUES ('WELL00000000023-BH2', 2340, 0.1402, 421.0039, 0.4331, 'Bengal');
INSERT INTO welldata.PETROPHYSICS (UBHI, SAMPLE_DEPTH_M, POROSITY, PERMEABILITY, WATER_SAT, FORMATION) VALUES ('WELL00000000023-BH2', 2360, 0.1068, 449.4036, 0.3423, 'Bengal');
INSERT INTO welldata.PETROPHYSICS (UBHI, SAMPLE_DEPTH_M, POROSITY, PERMEABILITY, WATER_SAT, FORMATION) VALUES ('WELL00000000023-BH2', 2380, 0.1049, 36.3556, 0.2999, 'Bengal');
INSERT INTO welldata.PETROPHYSICS (UBHI, SAMPLE_DEPTH_M, POROSITY, PERMEABILITY, WATER_SAT, FORMATION) VALUES ('WELL00000000023-BH2', 2400, 0.2088, 117.5636, 0.5673, 'Barmer');
INSERT INTO welldata.PETROPHYSICS (UBHI, SAMPLE_DEPTH_M, POROSITY, PERMEABILITY, WATER_SAT, FORMATION) VALUES ('WELL00000000023-BH2', 2420, 0.2319, 304.5844, 0.4244, 'Sanchore');
INSERT INTO welldata.PETROPHYSICS (UBHI, SAMPLE_DEPTH_M, POROSITY, PERMEABILITY, WATER_SAT, FORMATION) VALUES ('WELL00000000023-BH2', 2440, 0.2247, 348.7459, 0.6285, 'Rajahmundry');
INSERT INTO welldata.PETROPHYSICS (UBHI, SAMPLE_DEPTH_M, POROSITY, PERMEABILITY, WATER_SAT, FORMATION) VALUES ('WELL00000000023-BH2', 2460, 0.169, 166.6747, 0.7001, 'Rajahmundry');
INSERT INTO welldata.PETROPHYSICS (UBHI, SAMPLE_DEPTH_M, POROSITY, PERMEABILITY, WATER_SAT, FORMATION) VALUES ('WELL00000000023-BH2', 2480, 0.1126, 194.211, 0.5902, 'Bengal');
INSERT INTO welldata.PETROPHYSICS (UBHI, SAMPLE_DEPTH_M, POROSITY, PERMEABILITY, WATER_SAT, FORMATION) VALUES ('WELL00000000023-BH2', 2500, 0.0876, 40.6083, 0.1629, 'Bengal');
INSERT INTO welldata.PETROPHYSICS (UBHI, SAMPLE_DEPTH_M, POROSITY, PERMEABILITY, WATER_SAT, FORMATION) VALUES ('WELL00000000023-BH2', 2520, 0.0494, 88.7134, 0.3424, 'Barmer');
INSERT INTO welldata.PETROPHYSICS (UBHI, SAMPLE_DEPTH_M, POROSITY, PERMEABILITY, WATER_SAT, FORMATION) VALUES ('WELL00000000023-BH2', 2540, 0.2702, 29.5294, 0.4576, 'Sanchore');
INSERT INTO welldata.PETROPHYSICS (UBHI, SAMPLE_DEPTH_M, POROSITY, PERMEABILITY, WATER_SAT, FORMATION) VALUES ('WELL00000000023-BH2', 2560, 0.2009, 124.1273, 0.5813, 'Rajahmundry');
INSERT INTO welldata.PETROPHYSICS (UBHI, SAMPLE_DEPTH_M, POROSITY, PERMEABILITY, WATER_SAT, FORMATION) VALUES ('WELL00000000023-BH2', 2580, 0.0743, 319.7186, 0.4371, 'Bengal');
INSERT INTO welldata.PETROPHYSICS (UBHI, SAMPLE_DEPTH_M, POROSITY, PERMEABILITY, WATER_SAT, FORMATION) VALUES ('WELL00000000023-BH2', 2600, 0.2317, 424.073, 0.5676, 'Rajahmundry');
INSERT INTO welldata.PETROPHYSICS (UBHI, SAMPLE_DEPTH_M, POROSITY, PERMEABILITY, WATER_SAT, FORMATION) VALUES ('WELL00000000023-BH2', 2620, 0.1326, 167.9656, 0.3321, 'Barmer');
INSERT INTO welldata.PETROPHYSICS (UBHI, SAMPLE_DEPTH_M, POROSITY, PERMEABILITY, WATER_SAT, FORMATION) VALUES ('WELL00000000023-BH2', 2640, 0.2138, 345.1021, 0.1844, 'Bengal');
INSERT INTO welldata.PETROPHYSICS (UBHI, SAMPLE_DEPTH_M, POROSITY, PERMEABILITY, WATER_SAT, FORMATION) VALUES ('WELL00000000023-BH2', 2660, 0.0756, 31.6685, 0.3125, 'Sanchore');
INSERT INTO welldata.PETROPHYSICS (UBHI, SAMPLE_DEPTH_M, POROSITY, PERMEABILITY, WATER_SAT, FORMATION) VALUES ('WELL00000000023-BH2', 2680, 0.134, 51.7701, 0.1829, 'Rajahmundry');
INSERT INTO welldata.PETROPHYSICS (UBHI, SAMPLE_DEPTH_M, POROSITY, PERMEABILITY, WATER_SAT, FORMATION) VALUES ('WELL00000000023-BH2', 2700, 0.2221, 90.7086, 0.5058, 'Bengal');
INSERT INTO welldata.PETROPHYSICS (UBHI, SAMPLE_DEPTH_M, POROSITY, PERMEABILITY, WATER_SAT, FORMATION) VALUES ('WELL00000000023-BH2', 2720, 0.0932, 157.0054, 0.6887, 'Sanchore');
INSERT INTO welldata.PETROPHYSICS (UBHI, SAMPLE_DEPTH_M, POROSITY, PERMEABILITY, WATER_SAT, FORMATION) VALUES ('WELL00000000023-BH2', 2740, 0.1619, 252.7346, 0.468, 'Bengal');
INSERT INTO welldata.PETROPHYSICS (UBHI, SAMPLE_DEPTH_M, POROSITY, PERMEABILITY, WATER_SAT, FORMATION) VALUES ('WELL00000000023-BH2', 2760, 0.1533, 225.817, 0.6108, 'Sanchore');
INSERT INTO welldata.PETROPHYSICS (UBHI, SAMPLE_DEPTH_M, POROSITY, PERMEABILITY, WATER_SAT, FORMATION) VALUES ('WELL00000000023-BH2', 2780, 0.0803, 127.4704, 0.4723, 'Bengal');
INSERT INTO welldata.PETROPHYSICS (UBHI, SAMPLE_DEPTH_M, POROSITY, PERMEABILITY, WATER_SAT, FORMATION) VALUES ('WELL00000000023-BH2', 2800, 0.1129, 399.7369, 0.4791, 'Bengal');
INSERT INTO welldata.PETROPHYSICS (UBHI, SAMPLE_DEPTH_M, POROSITY, PERMEABILITY, WATER_SAT, FORMATION) VALUES ('WELL00000000023-BH2', 2820, 0.1723, 277.8565, 0.5459, 'Rajahmundry');
INSERT INTO welldata.PETROPHYSICS (UBHI, SAMPLE_DEPTH_M, POROSITY, PERMEABILITY, WATER_SAT, FORMATION) VALUES ('WELL00000000023-BH2', 2840, 0.0617, 85.8188, 0.4723, 'Rajahmundry');
INSERT INTO welldata.PETROPHYSICS (UBHI, SAMPLE_DEPTH_M, POROSITY, PERMEABILITY, WATER_SAT, FORMATION) VALUES ('WELL00000000023-BH2', 2860, 0.2663, 393.1887, 0.2744, 'Rajahmundry');
INSERT INTO welldata.PETROPHYSICS (UBHI, SAMPLE_DEPTH_M, POROSITY, PERMEABILITY, WATER_SAT, FORMATION) VALUES ('WELL00000000023-BH2', 2880, 0.1372, 281.5432, 0.4029, 'Bengal');
INSERT INTO welldata.PETROPHYSICS (UBHI, SAMPLE_DEPTH_M, POROSITY, PERMEABILITY, WATER_SAT, FORMATION) VALUES ('WELL00000000023-BH2', 2900, 0.044, 276.2634, 0.17, 'Barmer');
INSERT INTO welldata.PETROPHYSICS (UBHI, SAMPLE_DEPTH_M, POROSITY, PERMEABILITY, WATER_SAT, FORMATION) VALUES ('WELL00000000023-BH2', 2920, 0.0627, 25.932, 0.1962, 'Bengal');
INSERT INTO welldata.PETROPHYSICS (UBHI, SAMPLE_DEPTH_M, POROSITY, PERMEABILITY, WATER_SAT, FORMATION) VALUES ('WELL00000000023-BH2', 2940, 0.1745, 382.1574, 0.513, 'Barmer');
INSERT INTO welldata.PETROPHYSICS (UBHI, SAMPLE_DEPTH_M, POROSITY, PERMEABILITY, WATER_SAT, FORMATION) VALUES ('WELL00000000023-BH2', 2960, 0.2048, 220.0604, 0.2994, 'Rajahmundry');
INSERT INTO welldata.PETROPHYSICS (UBHI, SAMPLE_DEPTH_M, POROSITY, PERMEABILITY, WATER_SAT, FORMATION) VALUES ('WELL00000000023-BH2', 2980, 0.1102, 261.7514, 0.6707, 'Sanchore');
INSERT INTO welldata.PETROPHYSICS (UBHI, SAMPLE_DEPTH_M, POROSITY, PERMEABILITY, WATER_SAT, FORMATION) VALUES ('WELL00000000023-BH2', 3000, 0.0655, 413.8905, 0.7299, 'Bengal');
INSERT INTO welldata.PRODUCTION (UWI, PROD_DATE, OIL_BBL, GAS_MCF, WATER_BBL, HOURS_ON) VALUES ('WELL00000000023', TO_DATE('2015-01-01','YYYY-MM-DD'), 1002.63, 488.9, 590.68, 514.03);
INSERT INTO welldata.PRODUCTION (UWI, PROD_DATE, OIL_BBL, GAS_MCF, WATER_BBL, HOURS_ON) VALUES ('WELL00000000023', TO_DATE('2015-02-01','YYYY-MM-DD'), 2816.16, 14657.57, 441.44, 601.19);
INSERT INTO welldata.PRODUCTION (UWI, PROD_DATE, OIL_BBL, GAS_MCF, WATER_BBL, HOURS_ON) VALUES ('WELL00000000023', TO_DATE('2015-03-01','YYYY-MM-DD'), 1330.22, 10299.8, 837.99, 353.1);
INSERT INTO welldata.PRODUCTION (UWI, PROD_DATE, OIL_BBL, GAS_MCF, WATER_BBL, HOURS_ON) VALUES ('WELL00000000023', TO_DATE('2015-04-01','YYYY-MM-DD'), 1360.57, 2891.39, 327.7, 411.84);
INSERT INTO welldata.PRODUCTION (UWI, PROD_DATE, OIL_BBL, GAS_MCF, WATER_BBL, HOURS_ON) VALUES ('WELL00000000023', TO_DATE('2015-05-01','YYYY-MM-DD'), 1143.32, 11710.37, 1065.35, 190.62);
INSERT INTO welldata.PRODUCTION (UWI, PROD_DATE, OIL_BBL, GAS_MCF, WATER_BBL, HOURS_ON) VALUES ('WELL00000000023', TO_DATE('2015-06-01','YYYY-MM-DD'), 334.97, 9164.27, 213.73, 125.81);
INSERT INTO welldata.PRODUCTION (UWI, PROD_DATE, OIL_BBL, GAS_MCF, WATER_BBL, HOURS_ON) VALUES ('WELL00000000023', TO_DATE('2015-07-01','YYYY-MM-DD'), 2062.1, 13267.29, 763.99, 505.31);
INSERT INTO welldata.PRODUCTION (UWI, PROD_DATE, OIL_BBL, GAS_MCF, WATER_BBL, HOURS_ON) VALUES ('WELL00000000023', TO_DATE('2015-08-01','YYYY-MM-DD'), 2930.93, 3739.45, 876.46, 572.11);
INSERT INTO welldata.PRODUCTION (UWI, PROD_DATE, OIL_BBL, GAS_MCF, WATER_BBL, HOURS_ON) VALUES ('WELL00000000023', TO_DATE('2015-09-01','YYYY-MM-DD'), 179.89, 7389.19, 1252.54, 308.16);
INSERT INTO welldata.PRODUCTION (UWI, PROD_DATE, OIL_BBL, GAS_MCF, WATER_BBL, HOURS_ON) VALUES ('WELL00000000023', TO_DATE('2015-10-01','YYYY-MM-DD'), 2964.21, 14254.04, 1014.85, 473.74);
INSERT INTO welldata.PRODUCTION (UWI, PROD_DATE, OIL_BBL, GAS_MCF, WATER_BBL, HOURS_ON) VALUES ('WELL00000000023', TO_DATE('2015-11-01','YYYY-MM-DD'), 1604.09, 10238.9, 539.85, 514.25);
INSERT INTO welldata.PRODUCTION (UWI, PROD_DATE, OIL_BBL, GAS_MCF, WATER_BBL, HOURS_ON) VALUES ('WELL00000000023', TO_DATE('2015-12-01','YYYY-MM-DD'), 2348.64, 12282.56, 661.65, 180.88);
INSERT INTO welldata.PRODUCTION (UWI, PROD_DATE, OIL_BBL, GAS_MCF, WATER_BBL, HOURS_ON) VALUES ('WELL00000000023', TO_DATE('2016-01-01','YYYY-MM-DD'), 195.42, 3399.47, 472.35, 203.99);
INSERT INTO welldata.PRODUCTION (UWI, PROD_DATE, OIL_BBL, GAS_MCF, WATER_BBL, HOURS_ON) VALUES ('WELL00000000023', TO_DATE('2016-02-01','YYYY-MM-DD'), 2721.74, 409.66, 840.26, 146.67);
INSERT INTO welldata.PRODUCTION (UWI, PROD_DATE, OIL_BBL, GAS_MCF, WATER_BBL, HOURS_ON) VALUES ('WELL00000000023', TO_DATE('2016-03-01','YYYY-MM-DD'), 2506.63, 4625.87, 1242.84, 687.52);
INSERT INTO welldata.PRODUCTION (UWI, PROD_DATE, OIL_BBL, GAS_MCF, WATER_BBL, HOURS_ON) VALUES ('WELL00000000023', TO_DATE('2016-04-01','YYYY-MM-DD'), 809.09, 10318.84, 1047.24, 289.1);
INSERT INTO welldata.PRODUCTION (UWI, PROD_DATE, OIL_BBL, GAS_MCF, WATER_BBL, HOURS_ON) VALUES ('WELL00000000023', TO_DATE('2016-05-01','YYYY-MM-DD'), 461.24, 1884.25, 559.33, 597.79);
INSERT INTO welldata.PRODUCTION (UWI, PROD_DATE, OIL_BBL, GAS_MCF, WATER_BBL, HOURS_ON) VALUES ('WELL00000000023', TO_DATE('2016-06-01','YYYY-MM-DD'), 2754.56, 1919.5, 84.69, 625.11);
INSERT INTO welldata.PRODUCTION (UWI, PROD_DATE, OIL_BBL, GAS_MCF, WATER_BBL, HOURS_ON) VALUES ('WELL00000000023', TO_DATE('2016-07-01','YYYY-MM-DD'), 1816.99, 9101.03, 421.29, 532.07);
INSERT INTO welldata.PRODUCTION (UWI, PROD_DATE, OIL_BBL, GAS_MCF, WATER_BBL, HOURS_ON) VALUES ('WELL00000000023', TO_DATE('2016-08-01','YYYY-MM-DD'), 262.68, 7649.72, 187.38, 650.11);
INSERT INTO welldata.PRODUCTION (UWI, PROD_DATE, OIL_BBL, GAS_MCF, WATER_BBL, HOURS_ON) VALUES ('WELL00000000023', TO_DATE('2016-09-01','YYYY-MM-DD'), 2436.54, 14880.72, 1022.38, 554.24);
INSERT INTO welldata.PRODUCTION (UWI, PROD_DATE, OIL_BBL, GAS_MCF, WATER_BBL, HOURS_ON) VALUES ('WELL00000000023', TO_DATE('2016-10-01','YYYY-MM-DD'), 2618.14, 12537.03, 292.89, 483.94);
INSERT INTO welldata.PRODUCTION (UWI, PROD_DATE, OIL_BBL, GAS_MCF, WATER_BBL, HOURS_ON) VALUES ('WELL00000000023', TO_DATE('2016-11-01','YYYY-MM-DD'), 1220.81, 7742.77, 26.18, 365.36);
INSERT INTO welldata.PRODUCTION (UWI, PROD_DATE, OIL_BBL, GAS_MCF, WATER_BBL, HOURS_ON) VALUES ('WELL00000000023', TO_DATE('2016-12-01','YYYY-MM-DD'), 2419.96, 4896.47, 390.24, 312.95);
INSERT INTO welldata.PRODUCTION (UWI, PROD_DATE, OIL_BBL, GAS_MCF, WATER_BBL, HOURS_ON) VALUES ('WELL00000000023', TO_DATE('2017-01-01','YYYY-MM-DD'), 253.65, 14181.98, 253.27, 558.64);
INSERT INTO welldata.PRODUCTION (UWI, PROD_DATE, OIL_BBL, GAS_MCF, WATER_BBL, HOURS_ON) VALUES ('WELL00000000023', TO_DATE('2017-02-01','YYYY-MM-DD'), 1532.83, 4940.35, 1015.9, 713.75);
INSERT INTO welldata.PRODUCTION (UWI, PROD_DATE, OIL_BBL, GAS_MCF, WATER_BBL, HOURS_ON) VALUES ('WELL00000000023', TO_DATE('2017-03-01','YYYY-MM-DD'), 852.94, 11123.66, 728.37, 716.58);
INSERT INTO welldata.PRODUCTION (UWI, PROD_DATE, OIL_BBL, GAS_MCF, WATER_BBL, HOURS_ON) VALUES ('WELL00000000023', TO_DATE('2017-04-01','YYYY-MM-DD'), 1113.63, 3050.54, 699.65, 428.83);
INSERT INTO welldata.PRODUCTION (UWI, PROD_DATE, OIL_BBL, GAS_MCF, WATER_BBL, HOURS_ON) VALUES ('WELL00000000023', TO_DATE('2017-05-01','YYYY-MM-DD'), 2001.21, 5194.82, 326.55, 645.87);
INSERT INTO welldata.PRODUCTION (UWI, PROD_DATE, OIL_BBL, GAS_MCF, WATER_BBL, HOURS_ON) VALUES ('WELL00000000023', TO_DATE('2017-06-01','YYYY-MM-DD'), 1545.77, 10495.1, 314.58, 332.51);
INSERT INTO welldata.PRODUCTION (UWI, PROD_DATE, OIL_BBL, GAS_MCF, WATER_BBL, HOURS_ON) VALUES ('WELL00000000023', TO_DATE('2017-07-01','YYYY-MM-DD'), 931.27, 9443.11, 1078.44, 269.86);
INSERT INTO welldata.PRODUCTION (UWI, PROD_DATE, OIL_BBL, GAS_MCF, WATER_BBL, HOURS_ON) VALUES ('WELL00000000023', TO_DATE('2017-08-01','YYYY-MM-DD'), 1339.35, 11250.14, 1434.03, 339.08);
INSERT INTO welldata.PRODUCTION (UWI, PROD_DATE, OIL_BBL, GAS_MCF, WATER_BBL, HOURS_ON) VALUES ('WELL00000000023', TO_DATE('2017-09-01','YYYY-MM-DD'), 138.19, 8392.48, 886.41, 713.87);
INSERT INTO welldata.PRODUCTION (UWI, PROD_DATE, OIL_BBL, GAS_MCF, WATER_BBL, HOURS_ON) VALUES ('WELL00000000023', TO_DATE('2017-10-01','YYYY-MM-DD'), 2516.39, 14117.1, 175.42, 466.69);
INSERT INTO welldata.PRODUCTION (UWI, PROD_DATE, OIL_BBL, GAS_MCF, WATER_BBL, HOURS_ON) VALUES ('WELL00000000023', TO_DATE('2017-11-01','YYYY-MM-DD'), 2932.89, 10060.26, 275.34, 462.42);
INSERT INTO welldata.PRODUCTION (UWI, PROD_DATE, OIL_BBL, GAS_MCF, WATER_BBL, HOURS_ON) VALUES ('WELL00000000023', TO_DATE('2017-12-01','YYYY-MM-DD'), 415.82, 14418.33, 1398.48, 374.27);
INSERT INTO welldata.PRODUCTION (UWI, PROD_DATE, OIL_BBL, GAS_MCF, WATER_BBL, HOURS_ON) VALUES ('WELL00000000023', TO_DATE('2018-01-01','YYYY-MM-DD'), 1664.52, 4527.36, 269.67, 324.68);
INSERT INTO welldata.PRODUCTION (UWI, PROD_DATE, OIL_BBL, GAS_MCF, WATER_BBL, HOURS_ON) VALUES ('WELL00000000023', TO_DATE('2018-02-01','YYYY-MM-DD'), 839.53, 14501.69, 44.92, 156.81);
INSERT INTO welldata.PRODUCTION (UWI, PROD_DATE, OIL_BBL, GAS_MCF, WATER_BBL, HOURS_ON) VALUES ('WELL00000000023', TO_DATE('2018-03-01','YYYY-MM-DD'), 2386.93, 4509.25, 784.74, 357.22);
INSERT INTO welldata.PRODUCTION (UWI, PROD_DATE, OIL_BBL, GAS_MCF, WATER_BBL, HOURS_ON) VALUES ('WELL00000000023', TO_DATE('2018-04-01','YYYY-MM-DD'), 2366.1, 5999.36, 1110.79, 375.57);
INSERT INTO welldata.PRODUCTION (UWI, PROD_DATE, OIL_BBL, GAS_MCF, WATER_BBL, HOURS_ON) VALUES ('WELL00000000023', TO_DATE('2018-05-01','YYYY-MM-DD'), 730.42, 14439.3, 136.96, 449.29);
INSERT INTO welldata.PRODUCTION (UWI, PROD_DATE, OIL_BBL, GAS_MCF, WATER_BBL, HOURS_ON) VALUES ('WELL00000000023', TO_DATE('2018-06-01','YYYY-MM-DD'), 2607.46, 7227.97, 1424.81, 584.15);
INSERT INTO welldata.PRODUCTION (UWI, PROD_DATE, OIL_BBL, GAS_MCF, WATER_BBL, HOURS_ON) VALUES ('WELL00000000023', TO_DATE('2018-07-01','YYYY-MM-DD'), 759.28, 9088.33, 542.36, 632.0);
INSERT INTO welldata.PRODUCTION (UWI, PROD_DATE, OIL_BBL, GAS_MCF, WATER_BBL, HOURS_ON) VALUES ('WELL00000000023', TO_DATE('2018-08-01','YYYY-MM-DD'), 270.81, 13626.64, 354.53, 207.7);
INSERT INTO welldata.PRODUCTION (UWI, PROD_DATE, OIL_BBL, GAS_MCF, WATER_BBL, HOURS_ON) VALUES ('WELL00000000023', TO_DATE('2018-09-01','YYYY-MM-DD'), 1624.82, 3609.19, 128.78, 715.22);
INSERT INTO welldata.PRODUCTION (UWI, PROD_DATE, OIL_BBL, GAS_MCF, WATER_BBL, HOURS_ON) VALUES ('WELL00000000023', TO_DATE('2018-10-01','YYYY-MM-DD'), 1866.86, 2328.88, 1414.93, 637.03);
INSERT INTO welldata.PRODUCTION (UWI, PROD_DATE, OIL_BBL, GAS_MCF, WATER_BBL, HOURS_ON) VALUES ('WELL00000000023', TO_DATE('2018-11-01','YYYY-MM-DD'), 1684.56, 14966.74, 1292.44, 140.03);
INSERT INTO welldata.PRODUCTION (UWI, PROD_DATE, OIL_BBL, GAS_MCF, WATER_BBL, HOURS_ON) VALUES ('WELL00000000023', TO_DATE('2018-12-01','YYYY-MM-DD'), 1284.97, 4077.74, 135.34, 296.03);
INSERT INTO welldata.PRODUCTION (UWI, PROD_DATE, OIL_BBL, GAS_MCF, WATER_BBL, HOURS_ON) VALUES ('WELL00000000023', TO_DATE('2019-01-01','YYYY-MM-DD'), 792.93, 5846.07, 569.44, 517.16);
INSERT INTO welldata.PRODUCTION (UWI, PROD_DATE, OIL_BBL, GAS_MCF, WATER_BBL, HOURS_ON) VALUES ('WELL00000000023', TO_DATE('2019-02-01','YYYY-MM-DD'), 416.49, 3717.87, 661.08, 126.55);
INSERT INTO welldata.PRODUCTION (UWI, PROD_DATE, OIL_BBL, GAS_MCF, WATER_BBL, HOURS_ON) VALUES ('WELL00000000023', TO_DATE('2019-03-01','YYYY-MM-DD'), 2017.44, 13797.87, 1217.82, 247.19);
INSERT INTO welldata.PRODUCTION (UWI, PROD_DATE, OIL_BBL, GAS_MCF, WATER_BBL, HOURS_ON) VALUES ('WELL00000000023', TO_DATE('2019-04-01','YYYY-MM-DD'), 772.57, 4906.13, 184.8, 314.57);
INSERT INTO welldata.PRODUCTION (UWI, PROD_DATE, OIL_BBL, GAS_MCF, WATER_BBL, HOURS_ON) VALUES ('WELL00000000023', TO_DATE('2019-05-01','YYYY-MM-DD'), 974.98, 3140.5, 584.46, 629.42);
INSERT INTO welldata.PRODUCTION (UWI, PROD_DATE, OIL_BBL, GAS_MCF, WATER_BBL, HOURS_ON) VALUES ('WELL00000000023', TO_DATE('2019-06-01','YYYY-MM-DD'), 1120.32, 2010.35, 882.94, 292.54);
INSERT INTO welldata.PRODUCTION (UWI, PROD_DATE, OIL_BBL, GAS_MCF, WATER_BBL, HOURS_ON) VALUES ('WELL00000000023', TO_DATE('2019-07-01','YYYY-MM-DD'), 532.16, 3729.87, 35.25, 163.94);
INSERT INTO welldata.PRODUCTION (UWI, PROD_DATE, OIL_BBL, GAS_MCF, WATER_BBL, HOURS_ON) VALUES ('WELL00000000023', TO_DATE('2019-08-01','YYYY-MM-DD'), 2376.06, 159.52, 535.99, 425.83);
INSERT INTO welldata.PRODUCTION (UWI, PROD_DATE, OIL_BBL, GAS_MCF, WATER_BBL, HOURS_ON) VALUES ('WELL00000000023', TO_DATE('2019-09-01','YYYY-MM-DD'), 2263.04, 14538.87, 381.22, 445.41);
INSERT INTO welldata.PRODUCTION (UWI, PROD_DATE, OIL_BBL, GAS_MCF, WATER_BBL, HOURS_ON) VALUES ('WELL00000000023', TO_DATE('2019-10-01','YYYY-MM-DD'), 2511.35, 2823.27, 1103.86, 537.89);
INSERT INTO welldata.PRODUCTION (UWI, PROD_DATE, OIL_BBL, GAS_MCF, WATER_BBL, HOURS_ON) VALUES ('WELL00000000023', TO_DATE('2019-11-01','YYYY-MM-DD'), 2861.31, 12853.43, 1064.36, 613.16);
INSERT INTO welldata.PRODUCTION (UWI, PROD_DATE, OIL_BBL, GAS_MCF, WATER_BBL, HOURS_ON) VALUES ('WELL00000000023', TO_DATE('2019-12-01','YYYY-MM-DD'), 944.66, 12119.94, 1349.02, 315.69);
INSERT INTO welldata.PRODUCTION (UWI, PROD_DATE, OIL_BBL, GAS_MCF, WATER_BBL, HOURS_ON) VALUES ('WELL00000000023', TO_DATE('2020-01-01','YYYY-MM-DD'), 2020.29, 5153.35, 942.08, 626.15);
INSERT INTO welldata.PRODUCTION (UWI, PROD_DATE, OIL_BBL, GAS_MCF, WATER_BBL, HOURS_ON) VALUES ('WELL00000000023', TO_DATE('2020-02-01','YYYY-MM-DD'), 1870.83, 4665.99, 970.39, 411.0);
INSERT INTO welldata.PRODUCTION (UWI, PROD_DATE, OIL_BBL, GAS_MCF, WATER_BBL, HOURS_ON) VALUES ('WELL00000000023', TO_DATE('2020-03-01','YYYY-MM-DD'), 965.04, 6992.69, 235.65, 662.39);
INSERT INTO welldata.PRODUCTION (UWI, PROD_DATE, OIL_BBL, GAS_MCF, WATER_BBL, HOURS_ON) VALUES ('WELL00000000023', TO_DATE('2020-04-01','YYYY-MM-DD'), 1997.0, 2371.42, 683.44, 481.78);
INSERT INTO welldata.PRODUCTION (UWI, PROD_DATE, OIL_BBL, GAS_MCF, WATER_BBL, HOURS_ON) VALUES ('WELL00000000023', TO_DATE('2020-05-01','YYYY-MM-DD'), 366.29, 310.2, 1228.89, 574.34);
INSERT INTO welldata.PRODUCTION (UWI, PROD_DATE, OIL_BBL, GAS_MCF, WATER_BBL, HOURS_ON) VALUES ('WELL00000000023', TO_DATE('2020-06-01','YYYY-MM-DD'), 197.5, 2891.16, 737.41, 172.96);
INSERT INTO welldata.PRODUCTION (UWI, PROD_DATE, OIL_BBL, GAS_MCF, WATER_BBL, HOURS_ON) VALUES ('WELL00000000023', TO_DATE('2020-07-01','YYYY-MM-DD'), 1633.98, 7774.69, 91.74, 495.56);
INSERT INTO welldata.PRODUCTION (UWI, PROD_DATE, OIL_BBL, GAS_MCF, WATER_BBL, HOURS_ON) VALUES ('WELL00000000023', TO_DATE('2020-08-01','YYYY-MM-DD'), 543.98, 3286.2, 1349.96, 195.83);
INSERT INTO welldata.PRODUCTION (UWI, PROD_DATE, OIL_BBL, GAS_MCF, WATER_BBL, HOURS_ON) VALUES ('WELL00000000023', TO_DATE('2020-09-01','YYYY-MM-DD'), 645.28, 4617.38, 1055.37, 343.17);
INSERT INTO welldata.PRODUCTION (UWI, PROD_DATE, OIL_BBL, GAS_MCF, WATER_BBL, HOURS_ON) VALUES ('WELL00000000023', TO_DATE('2020-10-01','YYYY-MM-DD'), 776.11, 1557.09, 156.5, 444.7);
INSERT INTO welldata.PRODUCTION (UWI, PROD_DATE, OIL_BBL, GAS_MCF, WATER_BBL, HOURS_ON) VALUES ('WELL00000000023', TO_DATE('2020-11-01','YYYY-MM-DD'), 1848.49, 2525.7, 218.33, 555.54);
INSERT INTO welldata.PRODUCTION (UWI, PROD_DATE, OIL_BBL, GAS_MCF, WATER_BBL, HOURS_ON) VALUES ('WELL00000000023', TO_DATE('2020-12-01','YYYY-MM-DD'), 431.94, 8593.52, 1317.63, 350.72);
INSERT INTO welldata.PRODUCTION (UWI, PROD_DATE, OIL_BBL, GAS_MCF, WATER_BBL, HOURS_ON) VALUES ('WELL00000000023', TO_DATE('2021-01-01','YYYY-MM-DD'), 1166.4, 14669.64, 313.27, 443.8);
INSERT INTO welldata.PRODUCTION (UWI, PROD_DATE, OIL_BBL, GAS_MCF, WATER_BBL, HOURS_ON) VALUES ('WELL00000000023', TO_DATE('2021-02-01','YYYY-MM-DD'), 53.28, 12550.02, 1046.2, 365.79);
INSERT INTO welldata.PRODUCTION (UWI, PROD_DATE, OIL_BBL, GAS_MCF, WATER_BBL, HOURS_ON) VALUES ('WELL00000000023', TO_DATE('2021-03-01','YYYY-MM-DD'), 1305.89, 12911.02, 1174.14, 162.75);
INSERT INTO welldata.PRODUCTION (UWI, PROD_DATE, OIL_BBL, GAS_MCF, WATER_BBL, HOURS_ON) VALUES ('WELL00000000023', TO_DATE('2021-04-01','YYYY-MM-DD'), 1962.6, 5186.12, 600.75, 427.42);
INSERT INTO welldata.PRODUCTION (UWI, PROD_DATE, OIL_BBL, GAS_MCF, WATER_BBL, HOURS_ON) VALUES ('WELL00000000023', TO_DATE('2021-05-01','YYYY-MM-DD'), 489.47, 7542.64, 160.31, 484.67);
INSERT INTO welldata.PRODUCTION (UWI, PROD_DATE, OIL_BBL, GAS_MCF, WATER_BBL, HOURS_ON) VALUES ('WELL00000000023', TO_DATE('2021-06-01','YYYY-MM-DD'), 1245.16, 14470.11, 147.97, 581.44);
INSERT INTO welldata.PRODUCTION (UWI, PROD_DATE, OIL_BBL, GAS_MCF, WATER_BBL, HOURS_ON) VALUES ('WELL00000000023', TO_DATE('2021-07-01','YYYY-MM-DD'), 760.21, 8012.59, 1417.03, 273.02);
INSERT INTO welldata.PRODUCTION (UWI, PROD_DATE, OIL_BBL, GAS_MCF, WATER_BBL, HOURS_ON) VALUES ('WELL00000000023', TO_DATE('2021-08-01','YYYY-MM-DD'), 375.76, 7207.1, 1352.76, 447.02);
INSERT INTO welldata.PRODUCTION (UWI, PROD_DATE, OIL_BBL, GAS_MCF, WATER_BBL, HOURS_ON) VALUES ('WELL00000000023', TO_DATE('2021-09-01','YYYY-MM-DD'), 2777.31, 1570.98, 326.82, 646.46);
INSERT INTO welldata.PRODUCTION (UWI, PROD_DATE, OIL_BBL, GAS_MCF, WATER_BBL, HOURS_ON) VALUES ('WELL00000000023', TO_DATE('2021-10-01','YYYY-MM-DD'), 1166.25, 7130.18, 767.61, 367.05);
INSERT INTO welldata.PRODUCTION (UWI, PROD_DATE, OIL_BBL, GAS_MCF, WATER_BBL, HOURS_ON) VALUES ('WELL00000000023', TO_DATE('2021-11-01','YYYY-MM-DD'), 1913.5, 2946.52, 249.38, 646.13);
INSERT INTO welldata.PRODUCTION (UWI, PROD_DATE, OIL_BBL, GAS_MCF, WATER_BBL, HOURS_ON) VALUES ('WELL00000000023', TO_DATE('2021-12-01','YYYY-MM-DD'), 714.83, 11709.36, 696.27, 447.17);
INSERT INTO welldata.PRODUCTION (UWI, PROD_DATE, OIL_BBL, GAS_MCF, WATER_BBL, HOURS_ON) VALUES ('WELL00000000023', TO_DATE('2022-01-01','YYYY-MM-DD'), 2258.07, 10777.91, 185.61, 718.41);
INSERT INTO welldata.PRODUCTION (UWI, PROD_DATE, OIL_BBL, GAS_MCF, WATER_BBL, HOURS_ON) VALUES ('WELL00000000023', TO_DATE('2022-02-01','YYYY-MM-DD'), 454.97, 11996.52, 849.87, 609.72);
INSERT INTO welldata.PRODUCTION (UWI, PROD_DATE, OIL_BBL, GAS_MCF, WATER_BBL, HOURS_ON) VALUES ('WELL00000000023', TO_DATE('2022-03-01','YYYY-MM-DD'), 1013.05, 11129.43, 524.92, 473.58);
INSERT INTO welldata.PRODUCTION (UWI, PROD_DATE, OIL_BBL, GAS_MCF, WATER_BBL, HOURS_ON) VALUES ('WELL00000000023', TO_DATE('2022-04-01','YYYY-MM-DD'), 1514.53, 3615.95, 765.35, 177.68);
INSERT INTO welldata.PRODUCTION (UWI, PROD_DATE, OIL_BBL, GAS_MCF, WATER_BBL, HOURS_ON) VALUES ('WELL00000000023', TO_DATE('2022-05-01','YYYY-MM-DD'), 761.33, 14297.96, 93.55, 393.08);
INSERT INTO welldata.PRODUCTION (UWI, PROD_DATE, OIL_BBL, GAS_MCF, WATER_BBL, HOURS_ON) VALUES ('WELL00000000023', TO_DATE('2022-06-01','YYYY-MM-DD'), 2929.07, 13916.16, 226.01, 463.09);
INSERT INTO welldata.PRODUCTION (UWI, PROD_DATE, OIL_BBL, GAS_MCF, WATER_BBL, HOURS_ON) VALUES ('WELL00000000023', TO_DATE('2022-07-01','YYYY-MM-DD'), 1296.92, 7787.23, 1267.87, 129.21);
INSERT INTO welldata.PRODUCTION (UWI, PROD_DATE, OIL_BBL, GAS_MCF, WATER_BBL, HOURS_ON) VALUES ('WELL00000000023', TO_DATE('2022-08-01','YYYY-MM-DD'), 681.27, 5972.99, 1213.44, 676.9);
INSERT INTO welldata.PRODUCTION (UWI, PROD_DATE, OIL_BBL, GAS_MCF, WATER_BBL, HOURS_ON) VALUES ('WELL00000000023', TO_DATE('2022-09-01','YYYY-MM-DD'), 2758.13, 1804.1, 1085.3, 374.58);
INSERT INTO welldata.PRODUCTION (UWI, PROD_DATE, OIL_BBL, GAS_MCF, WATER_BBL, HOURS_ON) VALUES ('WELL00000000023', TO_DATE('2022-10-01','YYYY-MM-DD'), 1046.1, 5532.08, 875.13, 403.59);
INSERT INTO welldata.PRODUCTION (UWI, PROD_DATE, OIL_BBL, GAS_MCF, WATER_BBL, HOURS_ON) VALUES ('WELL00000000023', TO_DATE('2022-11-01','YYYY-MM-DD'), 639.25, 4984.49, 760.21, 359.2);
INSERT INTO welldata.PRODUCTION (UWI, PROD_DATE, OIL_BBL, GAS_MCF, WATER_BBL, HOURS_ON) VALUES ('WELL00000000023', TO_DATE('2022-12-01','YYYY-MM-DD'), 2839.65, 5083.09, 653.62, 398.83);
INSERT INTO welldata.PRODUCTION (UWI, PROD_DATE, OIL_BBL, GAS_MCF, WATER_BBL, HOURS_ON) VALUES ('WELL00000000023', TO_DATE('2023-01-01','YYYY-MM-DD'), 175.2, 4936.79, 1182.5, 527.95);
INSERT INTO welldata.PRODUCTION (UWI, PROD_DATE, OIL_BBL, GAS_MCF, WATER_BBL, HOURS_ON) VALUES ('WELL00000000023', TO_DATE('2023-02-01','YYYY-MM-DD'), 560.25, 8644.53, 1116.35, 441.64);
INSERT INTO welldata.PRODUCTION (UWI, PROD_DATE, OIL_BBL, GAS_MCF, WATER_BBL, HOURS_ON) VALUES ('WELL00000000023', TO_DATE('2023-03-01','YYYY-MM-DD'), 202.46, 13632.49, 1181.64, 540.33);
INSERT INTO welldata.PRODUCTION (UWI, PROD_DATE, OIL_BBL, GAS_MCF, WATER_BBL, HOURS_ON) VALUES ('WELL00000000023', TO_DATE('2023-04-01','YYYY-MM-DD'), 2801.61, 13344.6, 844.94, 317.3);
INSERT INTO welldata.PRODUCTION (UWI, PROD_DATE, OIL_BBL, GAS_MCF, WATER_BBL, HOURS_ON) VALUES ('WELL00000000023', TO_DATE('2023-05-01','YYYY-MM-DD'), 2307.09, 6399.47, 749.89, 243.89);
INSERT INTO welldata.PRODUCTION (UWI, PROD_DATE, OIL_BBL, GAS_MCF, WATER_BBL, HOURS_ON) VALUES ('WELL00000000023', TO_DATE('2023-06-01','YYYY-MM-DD'), 1939.79, 2064.88, 1335.03, 242.58);
INSERT INTO welldata.PRODUCTION (UWI, PROD_DATE, OIL_BBL, GAS_MCF, WATER_BBL, HOURS_ON) VALUES ('WELL00000000023', TO_DATE('2023-07-01','YYYY-MM-DD'), 2557.55, 6340.07, 559.43, 178.38);
INSERT INTO welldata.PRODUCTION (UWI, PROD_DATE, OIL_BBL, GAS_MCF, WATER_BBL, HOURS_ON) VALUES ('WELL00000000023', TO_DATE('2023-08-01','YYYY-MM-DD'), 2538.66, 5916.89, 834.93, 184.61);
INSERT INTO welldata.PRODUCTION (UWI, PROD_DATE, OIL_BBL, GAS_MCF, WATER_BBL, HOURS_ON) VALUES ('WELL00000000023', TO_DATE('2023-09-01','YYYY-MM-DD'), 2845.27, 5324.43, 196.65, 527.47);
INSERT INTO welldata.PRODUCTION (UWI, PROD_DATE, OIL_BBL, GAS_MCF, WATER_BBL, HOURS_ON) VALUES ('WELL00000000023', TO_DATE('2023-10-01','YYYY-MM-DD'), 811.56, 2191.81, 200.67, 566.33);
INSERT INTO welldata.PRODUCTION (UWI, PROD_DATE, OIL_BBL, GAS_MCF, WATER_BBL, HOURS_ON) VALUES ('WELL00000000023', TO_DATE('2023-11-01','YYYY-MM-DD'), 976.04, 12536.91, 596.74, 187.7);
INSERT INTO welldata.PRODUCTION (UWI, PROD_DATE, OIL_BBL, GAS_MCF, WATER_BBL, HOURS_ON) VALUES ('WELL00000000023', TO_DATE('2023-12-01','YYYY-MM-DD'), 833.65, 4250.96, 177.11, 281.67);
INSERT INTO welldata.PRODUCTION (UWI, PROD_DATE, OIL_BBL, GAS_MCF, WATER_BBL, HOURS_ON) VALUES ('WELL00000000023', TO_DATE('2024-01-01','YYYY-MM-DD'), 2808.64, 9200.2, 627.1, 249.4);
INSERT INTO welldata.PRODUCTION (UWI, PROD_DATE, OIL_BBL, GAS_MCF, WATER_BBL, HOURS_ON) VALUES ('WELL00000000023', TO_DATE('2024-02-01','YYYY-MM-DD'), 165.36, 4692.04, 1158.9, 315.64);
INSERT INTO welldata.PRODUCTION (UWI, PROD_DATE, OIL_BBL, GAS_MCF, WATER_BBL, HOURS_ON) VALUES ('WELL00000000023', TO_DATE('2024-03-01','YYYY-MM-DD'), 2858.75, 4131.76, 499.2, 147.79);
INSERT INTO welldata.PRODUCTION (UWI, PROD_DATE, OIL_BBL, GAS_MCF, WATER_BBL, HOURS_ON) VALUES ('WELL00000000023', TO_DATE('2024-04-01','YYYY-MM-DD'), 2146.6, 10037.37, 313.39, 378.61);
INSERT INTO welldata.PRODUCTION (UWI, PROD_DATE, OIL_BBL, GAS_MCF, WATER_BBL, HOURS_ON) VALUES ('WELL00000000023', TO_DATE('2024-05-01','YYYY-MM-DD'), 261.67, 8852.68, 1325.77, 515.31);
INSERT INTO welldata.PRODUCTION (UWI, PROD_DATE, OIL_BBL, GAS_MCF, WATER_BBL, HOURS_ON) VALUES ('WELL00000000023', TO_DATE('2024-06-01','YYYY-MM-DD'), 631.7, 5676.37, 132.17, 710.15);
INSERT INTO welldata.PRODUCTION (UWI, PROD_DATE, OIL_BBL, GAS_MCF, WATER_BBL, HOURS_ON) VALUES ('WELL00000000023', TO_DATE('2024-07-01','YYYY-MM-DD'), 2714.37, 14162.62, 713.04, 158.41);
INSERT INTO welldata.PRODUCTION (UWI, PROD_DATE, OIL_BBL, GAS_MCF, WATER_BBL, HOURS_ON) VALUES ('WELL00000000023', TO_DATE('2024-08-01','YYYY-MM-DD'), 2170.93, 5243.53, 1159.96, 162.98);
INSERT INTO welldata.PRODUCTION (UWI, PROD_DATE, OIL_BBL, GAS_MCF, WATER_BBL, HOURS_ON) VALUES ('WELL00000000023', TO_DATE('2024-09-01','YYYY-MM-DD'), 323.71, 3315.09, 764.87, 492.76);
INSERT INTO welldata.PRODUCTION (UWI, PROD_DATE, OIL_BBL, GAS_MCF, WATER_BBL, HOURS_ON) VALUES ('WELL00000000023', TO_DATE('2024-10-01','YYYY-MM-DD'), 2973.24, 6086.43, 457.32, 597.42);
INSERT INTO welldata.PRODUCTION (UWI, PROD_DATE, OIL_BBL, GAS_MCF, WATER_BBL, HOURS_ON) VALUES ('WELL00000000023', TO_DATE('2024-11-01','YYYY-MM-DD'), 2761.49, 4535.47, 307.86, 293.34);
INSERT INTO welldata.PRODUCTION (UWI, PROD_DATE, OIL_BBL, GAS_MCF, WATER_BBL, HOURS_ON) VALUES ('WELL00000000023', TO_DATE('2024-12-01','YYYY-MM-DD'), 1143.98, 7087.17, 1386.48, 460.06);
INSERT INTO welldata.FORMATION_TOPS (UWI, FORMATION, TOP_DEPTH_M, BASE_DEPTH_M, LITHOLOGY) VALUES ('WELL00000000023', 'Rajahmundry', 527, 915, 'SANDSTONE');
INSERT INTO welldata.FORMATION_TOPS (UWI, FORMATION, TOP_DEPTH_M, BASE_DEPTH_M, LITHOLOGY) VALUES ('WELL00000000023', 'Bengal', 1077, 1317, 'LIMESTONE');
INSERT INTO welldata.FORMATION_TOPS (UWI, FORMATION, TOP_DEPTH_M, BASE_DEPTH_M, LITHOLOGY) VALUES ('WELL00000000023', 'Sanchore', 1390, 1571, 'SHALE');
INSERT INTO welldata.FORMATION_TOPS (UWI, FORMATION, TOP_DEPTH_M, BASE_DEPTH_M, LITHOLOGY) VALUES ('WELL00000000023', 'Barmer', 1115, 1179, 'DOLOMITE');
INSERT INTO welldata.CORE_ANALYSIS (UWI, CORE_RUN, TOP_DEPTH_M, BASE_DEPTH_M, GRAIN_DENSITY, BULK_DENSITY, RECOVERY_PCT) VALUES ('WELL00000000023', 1, 1449, 1504, 2.5827, 1.9178, 78.95);
INSERT INTO welldata.CORE_ANALYSIS (UWI, CORE_RUN, TOP_DEPTH_M, BASE_DEPTH_M, GRAIN_DENSITY, BULK_DENSITY, RECOVERY_PCT) VALUES ('WELL00000000023', 2, 1059, 1108, 2.7328, 2.1263, 79.61);
INSERT INTO welldata.WELL (UWI, WELL_NAME, OPERATOR, COUNTRY, BASIN, FIELD_NAME, SPUD_DATE, COMPLETION_DATE, WELL_TYPE, WELL_STATUS, SURFACE_LAT, SURFACE_LON, TOTAL_DEPTH_M, KB_ELEVATION_M) VALUES ('WELL00000000024', 'CAIR-RA-024', 'Cairn India', 'India', 'Rajasthan', 'Rajasthan Field 3', TO_DATE('2017-05-01','YYYY-MM-DD'), TO_DATE('2019-08-30','YYYY-MM-DD'), 'DEVELOPMENT', 'ABANDONED', 16.704238, 74.744551, 4107, 96.1);
INSERT INTO welldata.BOREHOLE (UBHI, UWI, BOREHOLE_NAME, BOREHOLE_TYPE, TOP_DEPTH_M, BASE_DEPTH_M) VALUES ('WELL00000000024-BH1', 'WELL00000000024', 'CAIR-RA-024-BH1', 'VERTICAL', 851, 1667);
INSERT INTO welldata.PETROPHYSICS (UBHI, SAMPLE_DEPTH_M, POROSITY, PERMEABILITY, WATER_SAT, FORMATION) VALUES ('WELL00000000024-BH1', 1000, 0.1073, 448.9093, 0.7321, 'Barmer');
INSERT INTO welldata.PETROPHYSICS (UBHI, SAMPLE_DEPTH_M, POROSITY, PERMEABILITY, WATER_SAT, FORMATION) VALUES ('WELL00000000024-BH1', 1020, 0.0699, 356.491, 0.4723, 'Rajahmundry');
INSERT INTO welldata.PETROPHYSICS (UBHI, SAMPLE_DEPTH_M, POROSITY, PERMEABILITY, WATER_SAT, FORMATION) VALUES ('WELL00000000024-BH1', 1040, 0.2728, 135.8309, 0.6628, 'Sanchore');
INSERT INTO welldata.PETROPHYSICS (UBHI, SAMPLE_DEPTH_M, POROSITY, PERMEABILITY, WATER_SAT, FORMATION) VALUES ('WELL00000000024-BH1', 1060, 0.1924, 127.5066, 0.3687, 'Bengal');
INSERT INTO welldata.PETROPHYSICS (UBHI, SAMPLE_DEPTH_M, POROSITY, PERMEABILITY, WATER_SAT, FORMATION) VALUES ('WELL00000000024-BH1', 1080, 0.1164, 162.0848, 0.353, 'Sanchore');
INSERT INTO welldata.PETROPHYSICS (UBHI, SAMPLE_DEPTH_M, POROSITY, PERMEABILITY, WATER_SAT, FORMATION) VALUES ('WELL00000000024-BH1', 1100, 0.1935, 225.668, 0.5999, 'Rajahmundry');
INSERT INTO welldata.PETROPHYSICS (UBHI, SAMPLE_DEPTH_M, POROSITY, PERMEABILITY, WATER_SAT, FORMATION) VALUES ('WELL00000000024-BH1', 1120, 0.1407, 384.0914, 0.5528, 'Bengal');
INSERT INTO welldata.PETROPHYSICS (UBHI, SAMPLE_DEPTH_M, POROSITY, PERMEABILITY, WATER_SAT, FORMATION) VALUES ('WELL00000000024-BH1', 1140, 0.2484, 146.781, 0.6808, 'Bengal');
INSERT INTO welldata.PETROPHYSICS (UBHI, SAMPLE_DEPTH_M, POROSITY, PERMEABILITY, WATER_SAT, FORMATION) VALUES ('WELL00000000024-BH1', 1160, 0.1456, 76.6517, 0.2742, 'Rajahmundry');
INSERT INTO welldata.PETROPHYSICS (UBHI, SAMPLE_DEPTH_M, POROSITY, PERMEABILITY, WATER_SAT, FORMATION) VALUES ('WELL00000000024-BH1', 1180, 0.2614, 410.2665, 0.6626, 'Rajahmundry');
INSERT INTO welldata.PETROPHYSICS (UBHI, SAMPLE_DEPTH_M, POROSITY, PERMEABILITY, WATER_SAT, FORMATION) VALUES ('WELL00000000024-BH1', 1200, 0.2528, 1.2069, 0.5036, 'Rajahmundry');
INSERT INTO welldata.PETROPHYSICS (UBHI, SAMPLE_DEPTH_M, POROSITY, PERMEABILITY, WATER_SAT, FORMATION) VALUES ('WELL00000000024-BH1', 1220, 0.105, 86.7715, 0.6204, 'Barmer');
INSERT INTO welldata.PETROPHYSICS (UBHI, SAMPLE_DEPTH_M, POROSITY, PERMEABILITY, WATER_SAT, FORMATION) VALUES ('WELL00000000024-BH1', 1240, 0.048, 42.9111, 0.3238, 'Rajahmundry');
INSERT INTO welldata.PETROPHYSICS (UBHI, SAMPLE_DEPTH_M, POROSITY, PERMEABILITY, WATER_SAT, FORMATION) VALUES ('WELL00000000024-BH1', 1260, 0.162, 360.297, 0.5907, 'Barmer');
INSERT INTO welldata.PETROPHYSICS (UBHI, SAMPLE_DEPTH_M, POROSITY, PERMEABILITY, WATER_SAT, FORMATION) VALUES ('WELL00000000024-BH1', 1280, 0.0798, 182.4841, 0.553, 'Bengal');
INSERT INTO welldata.PETROPHYSICS (UBHI, SAMPLE_DEPTH_M, POROSITY, PERMEABILITY, WATER_SAT, FORMATION) VALUES ('WELL00000000024-BH1', 1300, 0.2712, 34.8945, 0.332, 'Sanchore');
INSERT INTO welldata.PETROPHYSICS (UBHI, SAMPLE_DEPTH_M, POROSITY, PERMEABILITY, WATER_SAT, FORMATION) VALUES ('WELL00000000024-BH1', 1320, 0.2456, 313.3518, 0.3639, 'Bengal');
INSERT INTO welldata.PETROPHYSICS (UBHI, SAMPLE_DEPTH_M, POROSITY, PERMEABILITY, WATER_SAT, FORMATION) VALUES ('WELL00000000024-BH1', 1340, 0.1935, 0.4727, 0.6968, 'Sanchore');
INSERT INTO welldata.PETROPHYSICS (UBHI, SAMPLE_DEPTH_M, POROSITY, PERMEABILITY, WATER_SAT, FORMATION) VALUES ('WELL00000000024-BH1', 1360, 0.1232, 346.1948, 0.1697, 'Rajahmundry');
INSERT INTO welldata.PETROPHYSICS (UBHI, SAMPLE_DEPTH_M, POROSITY, PERMEABILITY, WATER_SAT, FORMATION) VALUES ('WELL00000000024-BH1', 1380, 0.0671, 94.1763, 0.3082, 'Barmer');
INSERT INTO welldata.PETROPHYSICS (UBHI, SAMPLE_DEPTH_M, POROSITY, PERMEABILITY, WATER_SAT, FORMATION) VALUES ('WELL00000000024-BH1', 1400, 0.2616, 123.8854, 0.5029, 'Sanchore');
INSERT INTO welldata.PETROPHYSICS (UBHI, SAMPLE_DEPTH_M, POROSITY, PERMEABILITY, WATER_SAT, FORMATION) VALUES ('WELL00000000024-BH1', 1420, 0.0719, 284.6325, 0.4195, 'Barmer');
INSERT INTO welldata.PETROPHYSICS (UBHI, SAMPLE_DEPTH_M, POROSITY, PERMEABILITY, WATER_SAT, FORMATION) VALUES ('WELL00000000024-BH1', 1440, 0.0805, 237.5942, 0.6799, 'Sanchore');
INSERT INTO welldata.PETROPHYSICS (UBHI, SAMPLE_DEPTH_M, POROSITY, PERMEABILITY, WATER_SAT, FORMATION) VALUES ('WELL00000000024-BH1', 1460, 0.0413, 32.0426, 0.6871, 'Bengal');
INSERT INTO welldata.PETROPHYSICS (UBHI, SAMPLE_DEPTH_M, POROSITY, PERMEABILITY, WATER_SAT, FORMATION) VALUES ('WELL00000000024-BH1', 1480, 0.2172, 66.4676, 0.5868, 'Barmer');
INSERT INTO welldata.PETROPHYSICS (UBHI, SAMPLE_DEPTH_M, POROSITY, PERMEABILITY, WATER_SAT, FORMATION) VALUES ('WELL00000000024-BH1', 1500, 0.1845, 126.3818, 0.7423, 'Rajahmundry');
INSERT INTO welldata.PETROPHYSICS (UBHI, SAMPLE_DEPTH_M, POROSITY, PERMEABILITY, WATER_SAT, FORMATION) VALUES ('WELL00000000024-BH1', 1520, 0.0648, 138.7198, 0.4863, 'Barmer');
INSERT INTO welldata.PETROPHYSICS (UBHI, SAMPLE_DEPTH_M, POROSITY, PERMEABILITY, WATER_SAT, FORMATION) VALUES ('WELL00000000024-BH1', 1540, 0.0956, 122.817, 0.6702, 'Rajahmundry');
INSERT INTO welldata.PETROPHYSICS (UBHI, SAMPLE_DEPTH_M, POROSITY, PERMEABILITY, WATER_SAT, FORMATION) VALUES ('WELL00000000024-BH1', 1560, 0.2157, 230.968, 0.5257, 'Bengal');
INSERT INTO welldata.PETROPHYSICS (UBHI, SAMPLE_DEPTH_M, POROSITY, PERMEABILITY, WATER_SAT, FORMATION) VALUES ('WELL00000000024-BH1', 1580, 0.2714, 190.9293, 0.4298, 'Bengal');
INSERT INTO welldata.PETROPHYSICS (UBHI, SAMPLE_DEPTH_M, POROSITY, PERMEABILITY, WATER_SAT, FORMATION) VALUES ('WELL00000000024-BH1', 1600, 0.0423, 136.9693, 0.2483, 'Bengal');
INSERT INTO welldata.PETROPHYSICS (UBHI, SAMPLE_DEPTH_M, POROSITY, PERMEABILITY, WATER_SAT, FORMATION) VALUES ('WELL00000000024-BH1', 1620, 0.0751, 411.837, 0.4843, 'Sanchore');
INSERT INTO welldata.PETROPHYSICS (UBHI, SAMPLE_DEPTH_M, POROSITY, PERMEABILITY, WATER_SAT, FORMATION) VALUES ('WELL00000000024-BH1', 1640, 0.1439, 433.8359, 0.459, 'Sanchore');
INSERT INTO welldata.PETROPHYSICS (UBHI, SAMPLE_DEPTH_M, POROSITY, PERMEABILITY, WATER_SAT, FORMATION) VALUES ('WELL00000000024-BH1', 1660, 0.064, 142.1728, 0.7288, 'Sanchore');
INSERT INTO welldata.PETROPHYSICS (UBHI, SAMPLE_DEPTH_M, POROSITY, PERMEABILITY, WATER_SAT, FORMATION) VALUES ('WELL00000000024-BH1', 1680, 0.1515, 94.8634, 0.2669, 'Rajahmundry');
INSERT INTO welldata.PETROPHYSICS (UBHI, SAMPLE_DEPTH_M, POROSITY, PERMEABILITY, WATER_SAT, FORMATION) VALUES ('WELL00000000024-BH1', 1700, 0.1874, 326.4215, 0.1722, 'Barmer');
INSERT INTO welldata.PETROPHYSICS (UBHI, SAMPLE_DEPTH_M, POROSITY, PERMEABILITY, WATER_SAT, FORMATION) VALUES ('WELL00000000024-BH1', 1720, 0.1897, 305.0349, 0.2069, 'Rajahmundry');
INSERT INTO welldata.PETROPHYSICS (UBHI, SAMPLE_DEPTH_M, POROSITY, PERMEABILITY, WATER_SAT, FORMATION) VALUES ('WELL00000000024-BH1', 1740, 0.206, 184.1435, 0.3289, 'Sanchore');
INSERT INTO welldata.PETROPHYSICS (UBHI, SAMPLE_DEPTH_M, POROSITY, PERMEABILITY, WATER_SAT, FORMATION) VALUES ('WELL00000000024-BH1', 1760, 0.2056, 104.2215, 0.2291, 'Barmer');
INSERT INTO welldata.PETROPHYSICS (UBHI, SAMPLE_DEPTH_M, POROSITY, PERMEABILITY, WATER_SAT, FORMATION) VALUES ('WELL00000000024-BH1', 1780, 0.0806, 268.3227, 0.5118, 'Rajahmundry');
INSERT INTO welldata.PETROPHYSICS (UBHI, SAMPLE_DEPTH_M, POROSITY, PERMEABILITY, WATER_SAT, FORMATION) VALUES ('WELL00000000024-BH1', 1800, 0.0868, 292.3838, 0.7314, 'Bengal');
INSERT INTO welldata.PETROPHYSICS (UBHI, SAMPLE_DEPTH_M, POROSITY, PERMEABILITY, WATER_SAT, FORMATION) VALUES ('WELL00000000024-BH1', 1820, 0.1951, 276.8879, 0.2091, 'Sanchore');
INSERT INTO welldata.PETROPHYSICS (UBHI, SAMPLE_DEPTH_M, POROSITY, PERMEABILITY, WATER_SAT, FORMATION) VALUES ('WELL00000000024-BH1', 1840, 0.27, 287.6391, 0.7136, 'Bengal');
INSERT INTO welldata.PETROPHYSICS (UBHI, SAMPLE_DEPTH_M, POROSITY, PERMEABILITY, WATER_SAT, FORMATION) VALUES ('WELL00000000024-BH1', 1860, 0.0991, 54.1008, 0.3488, 'Sanchore');
INSERT INTO welldata.PETROPHYSICS (UBHI, SAMPLE_DEPTH_M, POROSITY, PERMEABILITY, WATER_SAT, FORMATION) VALUES ('WELL00000000024-BH1', 1880, 0.0561, 388.5558, 0.3471, 'Sanchore');
INSERT INTO welldata.PETROPHYSICS (UBHI, SAMPLE_DEPTH_M, POROSITY, PERMEABILITY, WATER_SAT, FORMATION) VALUES ('WELL00000000024-BH1', 1900, 0.1914, 407.9352, 0.6874, 'Rajahmundry');
INSERT INTO welldata.PETROPHYSICS (UBHI, SAMPLE_DEPTH_M, POROSITY, PERMEABILITY, WATER_SAT, FORMATION) VALUES ('WELL00000000024-BH1', 1920, 0.1825, 137.4483, 0.2693, 'Barmer');
INSERT INTO welldata.PETROPHYSICS (UBHI, SAMPLE_DEPTH_M, POROSITY, PERMEABILITY, WATER_SAT, FORMATION) VALUES ('WELL00000000024-BH1', 1940, 0.2555, 242.9821, 0.6422, 'Bengal');
INSERT INTO welldata.PETROPHYSICS (UBHI, SAMPLE_DEPTH_M, POROSITY, PERMEABILITY, WATER_SAT, FORMATION) VALUES ('WELL00000000024-BH1', 1960, 0.0798, 417.1093, 0.5528, 'Sanchore');
INSERT INTO welldata.PETROPHYSICS (UBHI, SAMPLE_DEPTH_M, POROSITY, PERMEABILITY, WATER_SAT, FORMATION) VALUES ('WELL00000000024-BH1', 1980, 0.1342, 386.2568, 0.326, 'Sanchore');
INSERT INTO welldata.PETROPHYSICS (UBHI, SAMPLE_DEPTH_M, POROSITY, PERMEABILITY, WATER_SAT, FORMATION) VALUES ('WELL00000000024-BH1', 2000, 0.234, 173.4043, 0.3156, 'Barmer');
INSERT INTO welldata.PETROPHYSICS (UBHI, SAMPLE_DEPTH_M, POROSITY, PERMEABILITY, WATER_SAT, FORMATION) VALUES ('WELL00000000024-BH1', 2020, 0.1442, 39.9675, 0.7272, 'Bengal');
INSERT INTO welldata.PETROPHYSICS (UBHI, SAMPLE_DEPTH_M, POROSITY, PERMEABILITY, WATER_SAT, FORMATION) VALUES ('WELL00000000024-BH1', 2040, 0.0421, 449.3451, 0.5383, 'Bengal');
INSERT INTO welldata.PETROPHYSICS (UBHI, SAMPLE_DEPTH_M, POROSITY, PERMEABILITY, WATER_SAT, FORMATION) VALUES ('WELL00000000024-BH1', 2060, 0.0536, 363.1821, 0.4694, 'Sanchore');
INSERT INTO welldata.PETROPHYSICS (UBHI, SAMPLE_DEPTH_M, POROSITY, PERMEABILITY, WATER_SAT, FORMATION) VALUES ('WELL00000000024-BH1', 2080, 0.0977, 112.3564, 0.6239, 'Barmer');
INSERT INTO welldata.PETROPHYSICS (UBHI, SAMPLE_DEPTH_M, POROSITY, PERMEABILITY, WATER_SAT, FORMATION) VALUES ('WELL00000000024-BH1', 2100, 0.1208, 366.7534, 0.2571, 'Barmer');
INSERT INTO welldata.PETROPHYSICS (UBHI, SAMPLE_DEPTH_M, POROSITY, PERMEABILITY, WATER_SAT, FORMATION) VALUES ('WELL00000000024-BH1', 2120, 0.0733, 429.4403, 0.6124, 'Rajahmundry');
INSERT INTO welldata.PETROPHYSICS (UBHI, SAMPLE_DEPTH_M, POROSITY, PERMEABILITY, WATER_SAT, FORMATION) VALUES ('WELL00000000024-BH1', 2140, 0.2532, 277.8227, 0.6797, 'Bengal');
INSERT INTO welldata.PETROPHYSICS (UBHI, SAMPLE_DEPTH_M, POROSITY, PERMEABILITY, WATER_SAT, FORMATION) VALUES ('WELL00000000024-BH1', 2160, 0.1964, 49.5191, 0.4313, 'Sanchore');
INSERT INTO welldata.PETROPHYSICS (UBHI, SAMPLE_DEPTH_M, POROSITY, PERMEABILITY, WATER_SAT, FORMATION) VALUES ('WELL00000000024-BH1', 2180, 0.2274, 208.7506, 0.3926, 'Barmer');
INSERT INTO welldata.PETROPHYSICS (UBHI, SAMPLE_DEPTH_M, POROSITY, PERMEABILITY, WATER_SAT, FORMATION) VALUES ('WELL00000000024-BH1', 2200, 0.095, 194.5102, 0.6656, 'Sanchore');
INSERT INTO welldata.PETROPHYSICS (UBHI, SAMPLE_DEPTH_M, POROSITY, PERMEABILITY, WATER_SAT, FORMATION) VALUES ('WELL00000000024-BH1', 2220, 0.228, 405.0004, 0.6955, 'Barmer');
INSERT INTO welldata.PETROPHYSICS (UBHI, SAMPLE_DEPTH_M, POROSITY, PERMEABILITY, WATER_SAT, FORMATION) VALUES ('WELL00000000024-BH1', 2240, 0.2672, 127.9974, 0.6568, 'Barmer');
INSERT INTO welldata.PETROPHYSICS (UBHI, SAMPLE_DEPTH_M, POROSITY, PERMEABILITY, WATER_SAT, FORMATION) VALUES ('WELL00000000024-BH1', 2260, 0.1287, 391.5827, 0.4691, 'Barmer');
INSERT INTO welldata.PETROPHYSICS (UBHI, SAMPLE_DEPTH_M, POROSITY, PERMEABILITY, WATER_SAT, FORMATION) VALUES ('WELL00000000024-BH1', 2280, 0.096, 81.9757, 0.3465, 'Rajahmundry');
INSERT INTO welldata.PETROPHYSICS (UBHI, SAMPLE_DEPTH_M, POROSITY, PERMEABILITY, WATER_SAT, FORMATION) VALUES ('WELL00000000024-BH1', 2300, 0.2781, 253.6479, 0.4289, 'Rajahmundry');
INSERT INTO welldata.PETROPHYSICS (UBHI, SAMPLE_DEPTH_M, POROSITY, PERMEABILITY, WATER_SAT, FORMATION) VALUES ('WELL00000000024-BH1', 2320, 0.0736, 189.8665, 0.5405, 'Barmer');
INSERT INTO welldata.PETROPHYSICS (UBHI, SAMPLE_DEPTH_M, POROSITY, PERMEABILITY, WATER_SAT, FORMATION) VALUES ('WELL00000000024-BH1', 2340, 0.1165, 97.4695, 0.6384, 'Bengal');
INSERT INTO welldata.PETROPHYSICS (UBHI, SAMPLE_DEPTH_M, POROSITY, PERMEABILITY, WATER_SAT, FORMATION) VALUES ('WELL00000000024-BH1', 2360, 0.1384, 373.006, 0.5915, 'Sanchore');
INSERT INTO welldata.PETROPHYSICS (UBHI, SAMPLE_DEPTH_M, POROSITY, PERMEABILITY, WATER_SAT, FORMATION) VALUES ('WELL00000000024-BH1', 2380, 0.2695, 34.1085, 0.7458, 'Barmer');
INSERT INTO welldata.PETROPHYSICS (UBHI, SAMPLE_DEPTH_M, POROSITY, PERMEABILITY, WATER_SAT, FORMATION) VALUES ('WELL00000000024-BH1', 2400, 0.2069, 15.3864, 0.2361, 'Rajahmundry');
INSERT INTO welldata.PETROPHYSICS (UBHI, SAMPLE_DEPTH_M, POROSITY, PERMEABILITY, WATER_SAT, FORMATION) VALUES ('WELL00000000024-BH1', 2420, 0.1393, 279.6073, 0.7201, 'Bengal');
INSERT INTO welldata.PETROPHYSICS (UBHI, SAMPLE_DEPTH_M, POROSITY, PERMEABILITY, WATER_SAT, FORMATION) VALUES ('WELL00000000024-BH1', 2440, 0.1852, 22.6461, 0.6765, 'Rajahmundry');
INSERT INTO welldata.PETROPHYSICS (UBHI, SAMPLE_DEPTH_M, POROSITY, PERMEABILITY, WATER_SAT, FORMATION) VALUES ('WELL00000000024-BH1', 2460, 0.2481, 179.6982, 0.2852, 'Barmer');
INSERT INTO welldata.PETROPHYSICS (UBHI, SAMPLE_DEPTH_M, POROSITY, PERMEABILITY, WATER_SAT, FORMATION) VALUES ('WELL00000000024-BH1', 2480, 0.1302, 10.6627, 0.2145, 'Sanchore');
INSERT INTO welldata.PETROPHYSICS (UBHI, SAMPLE_DEPTH_M, POROSITY, PERMEABILITY, WATER_SAT, FORMATION) VALUES ('WELL00000000024-BH1', 2500, 0.1386, 383.2503, 0.484, 'Bengal');
INSERT INTO welldata.PETROPHYSICS (UBHI, SAMPLE_DEPTH_M, POROSITY, PERMEABILITY, WATER_SAT, FORMATION) VALUES ('WELL00000000024-BH1', 2520, 0.2013, 183.0907, 0.3861, 'Rajahmundry');
INSERT INTO welldata.PETROPHYSICS (UBHI, SAMPLE_DEPTH_M, POROSITY, PERMEABILITY, WATER_SAT, FORMATION) VALUES ('WELL00000000024-BH1', 2540, 0.1111, 40.7701, 0.5245, 'Barmer');
INSERT INTO welldata.PETROPHYSICS (UBHI, SAMPLE_DEPTH_M, POROSITY, PERMEABILITY, WATER_SAT, FORMATION) VALUES ('WELL00000000024-BH1', 2560, 0.1697, 211.3435, 0.4353, 'Bengal');
INSERT INTO welldata.PETROPHYSICS (UBHI, SAMPLE_DEPTH_M, POROSITY, PERMEABILITY, WATER_SAT, FORMATION) VALUES ('WELL00000000024-BH1', 2580, 0.1964, 309.0132, 0.286, 'Sanchore');
INSERT INTO welldata.PETROPHYSICS (UBHI, SAMPLE_DEPTH_M, POROSITY, PERMEABILITY, WATER_SAT, FORMATION) VALUES ('WELL00000000024-BH1', 2600, 0.0436, 145.6573, 0.7133, 'Barmer');
INSERT INTO welldata.PETROPHYSICS (UBHI, SAMPLE_DEPTH_M, POROSITY, PERMEABILITY, WATER_SAT, FORMATION) VALUES ('WELL00000000024-BH1', 2620, 0.2786, 151.1784, 0.427, 'Sanchore');
INSERT INTO welldata.PETROPHYSICS (UBHI, SAMPLE_DEPTH_M, POROSITY, PERMEABILITY, WATER_SAT, FORMATION) VALUES ('WELL00000000024-BH1', 2640, 0.2254, 231.2794, 0.5133, 'Rajahmundry');
INSERT INTO welldata.PETROPHYSICS (UBHI, SAMPLE_DEPTH_M, POROSITY, PERMEABILITY, WATER_SAT, FORMATION) VALUES ('WELL00000000024-BH1', 2660, 0.1233, 120.2547, 0.7241, 'Barmer');
INSERT INTO welldata.PETROPHYSICS (UBHI, SAMPLE_DEPTH_M, POROSITY, PERMEABILITY, WATER_SAT, FORMATION) VALUES ('WELL00000000024-BH1', 2680, 0.218, 440.8999, 0.5731, 'Rajahmundry');
INSERT INTO welldata.PETROPHYSICS (UBHI, SAMPLE_DEPTH_M, POROSITY, PERMEABILITY, WATER_SAT, FORMATION) VALUES ('WELL00000000024-BH1', 2700, 0.1278, 80.7808, 0.6142, 'Sanchore');
INSERT INTO welldata.PETROPHYSICS (UBHI, SAMPLE_DEPTH_M, POROSITY, PERMEABILITY, WATER_SAT, FORMATION) VALUES ('WELL00000000024-BH1', 2720, 0.1132, 376.1231, 0.4087, 'Bengal');
INSERT INTO welldata.PETROPHYSICS (UBHI, SAMPLE_DEPTH_M, POROSITY, PERMEABILITY, WATER_SAT, FORMATION) VALUES ('WELL00000000024-BH1', 2740, 0.2161, 421.9853, 0.5041, 'Barmer');
INSERT INTO welldata.PETROPHYSICS (UBHI, SAMPLE_DEPTH_M, POROSITY, PERMEABILITY, WATER_SAT, FORMATION) VALUES ('WELL00000000024-BH1', 2760, 0.2085, 30.8498, 0.5496, 'Sanchore');
INSERT INTO welldata.PETROPHYSICS (UBHI, SAMPLE_DEPTH_M, POROSITY, PERMEABILITY, WATER_SAT, FORMATION) VALUES ('WELL00000000024-BH1', 2780, 0.1134, 6.8076, 0.5566, 'Rajahmundry');
INSERT INTO welldata.PETROPHYSICS (UBHI, SAMPLE_DEPTH_M, POROSITY, PERMEABILITY, WATER_SAT, FORMATION) VALUES ('WELL00000000024-BH1', 2800, 0.1922, 427.9152, 0.6451, 'Bengal');
INSERT INTO welldata.PETROPHYSICS (UBHI, SAMPLE_DEPTH_M, POROSITY, PERMEABILITY, WATER_SAT, FORMATION) VALUES ('WELL00000000024-BH1', 2820, 0.0716, 433.9108, 0.5686, 'Barmer');
INSERT INTO welldata.PETROPHYSICS (UBHI, SAMPLE_DEPTH_M, POROSITY, PERMEABILITY, WATER_SAT, FORMATION) VALUES ('WELL00000000024-BH1', 2840, 0.1941, 100.9832, 0.3898, 'Sanchore');
INSERT INTO welldata.PETROPHYSICS (UBHI, SAMPLE_DEPTH_M, POROSITY, PERMEABILITY, WATER_SAT, FORMATION) VALUES ('WELL00000000024-BH1', 2860, 0.0884, 421.4151, 0.3697, 'Barmer');
INSERT INTO welldata.PETROPHYSICS (UBHI, SAMPLE_DEPTH_M, POROSITY, PERMEABILITY, WATER_SAT, FORMATION) VALUES ('WELL00000000024-BH1', 2880, 0.2563, 262.1923, 0.5057, 'Barmer');
INSERT INTO welldata.PETROPHYSICS (UBHI, SAMPLE_DEPTH_M, POROSITY, PERMEABILITY, WATER_SAT, FORMATION) VALUES ('WELL00000000024-BH1', 2900, 0.114, 427.5162, 0.5539, 'Rajahmundry');
INSERT INTO welldata.PETROPHYSICS (UBHI, SAMPLE_DEPTH_M, POROSITY, PERMEABILITY, WATER_SAT, FORMATION) VALUES ('WELL00000000024-BH1', 2920, 0.1884, 250.8882, 0.4274, 'Barmer');
INSERT INTO welldata.PETROPHYSICS (UBHI, SAMPLE_DEPTH_M, POROSITY, PERMEABILITY, WATER_SAT, FORMATION) VALUES ('WELL00000000024-BH1', 2940, 0.2112, 372.5212, 0.7303, 'Rajahmundry');
INSERT INTO welldata.PETROPHYSICS (UBHI, SAMPLE_DEPTH_M, POROSITY, PERMEABILITY, WATER_SAT, FORMATION) VALUES ('WELL00000000024-BH1', 2960, 0.1874, 213.028, 0.6835, 'Barmer');
INSERT INTO welldata.PETROPHYSICS (UBHI, SAMPLE_DEPTH_M, POROSITY, PERMEABILITY, WATER_SAT, FORMATION) VALUES ('WELL00000000024-BH1', 2980, 0.2092, 184.2098, 0.1934, 'Barmer');
INSERT INTO welldata.PETROPHYSICS (UBHI, SAMPLE_DEPTH_M, POROSITY, PERMEABILITY, WATER_SAT, FORMATION) VALUES ('WELL00000000024-BH1', 3000, 0.2204, 363.5737, 0.7089, 'Bengal');
INSERT INTO welldata.BOREHOLE (UBHI, UWI, BOREHOLE_NAME, BOREHOLE_TYPE, TOP_DEPTH_M, BASE_DEPTH_M) VALUES ('WELL00000000024-BH2', 'WELL00000000024', 'CAIR-RA-024-BH2', 'VERTICAL', 662, 1330);
INSERT INTO welldata.PETROPHYSICS (UBHI, SAMPLE_DEPTH_M, POROSITY, PERMEABILITY, WATER_SAT, FORMATION) VALUES ('WELL00000000024-BH2', 1000, 0.1435, 105.1327, 0.4504, 'Barmer');
INSERT INTO welldata.PETROPHYSICS (UBHI, SAMPLE_DEPTH_M, POROSITY, PERMEABILITY, WATER_SAT, FORMATION) VALUES ('WELL00000000024-BH2', 1020, 0.171, 223.5497, 0.4956, 'Barmer');
INSERT INTO welldata.PETROPHYSICS (UBHI, SAMPLE_DEPTH_M, POROSITY, PERMEABILITY, WATER_SAT, FORMATION) VALUES ('WELL00000000024-BH2', 1040, 0.0756, 165.7282, 0.6008, 'Barmer');
INSERT INTO welldata.PETROPHYSICS (UBHI, SAMPLE_DEPTH_M, POROSITY, PERMEABILITY, WATER_SAT, FORMATION) VALUES ('WELL00000000024-BH2', 1060, 0.0614, 34.7439, 0.7065, 'Bengal');
INSERT INTO welldata.PETROPHYSICS (UBHI, SAMPLE_DEPTH_M, POROSITY, PERMEABILITY, WATER_SAT, FORMATION) VALUES ('WELL00000000024-BH2', 1080, 0.1228, 251.7272, 0.153, 'Bengal');
INSERT INTO welldata.PETROPHYSICS (UBHI, SAMPLE_DEPTH_M, POROSITY, PERMEABILITY, WATER_SAT, FORMATION) VALUES ('WELL00000000024-BH2', 1100, 0.0753, 434.7447, 0.336, 'Bengal');
INSERT INTO welldata.PETROPHYSICS (UBHI, SAMPLE_DEPTH_M, POROSITY, PERMEABILITY, WATER_SAT, FORMATION) VALUES ('WELL00000000024-BH2', 1120, 0.073, 60.0989, 0.1979, 'Sanchore');
INSERT INTO welldata.PETROPHYSICS (UBHI, SAMPLE_DEPTH_M, POROSITY, PERMEABILITY, WATER_SAT, FORMATION) VALUES ('WELL00000000024-BH2', 1140, 0.158, 32.5976, 0.3975, 'Rajahmundry');
INSERT INTO welldata.PETROPHYSICS (UBHI, SAMPLE_DEPTH_M, POROSITY, PERMEABILITY, WATER_SAT, FORMATION) VALUES ('WELL00000000024-BH2', 1160, 0.2337, 243.8222, 0.6415, 'Bengal');
INSERT INTO welldata.PETROPHYSICS (UBHI, SAMPLE_DEPTH_M, POROSITY, PERMEABILITY, WATER_SAT, FORMATION) VALUES ('WELL00000000024-BH2', 1180, 0.0417, 92.5184, 0.2036, 'Bengal');
INSERT INTO welldata.PETROPHYSICS (UBHI, SAMPLE_DEPTH_M, POROSITY, PERMEABILITY, WATER_SAT, FORMATION) VALUES ('WELL00000000024-BH2', 1200, 0.1265, 137.5328, 0.5838, 'Barmer');
INSERT INTO welldata.PETROPHYSICS (UBHI, SAMPLE_DEPTH_M, POROSITY, PERMEABILITY, WATER_SAT, FORMATION) VALUES ('WELL00000000024-BH2', 1220, 0.0595, 64.9884, 0.6279, 'Bengal');
INSERT INTO welldata.PETROPHYSICS (UBHI, SAMPLE_DEPTH_M, POROSITY, PERMEABILITY, WATER_SAT, FORMATION) VALUES ('WELL00000000024-BH2', 1240, 0.1612, 3.4405, 0.151, 'Barmer');
INSERT INTO welldata.PETROPHYSICS (UBHI, SAMPLE_DEPTH_M, POROSITY, PERMEABILITY, WATER_SAT, FORMATION) VALUES ('WELL00000000024-BH2', 1260, 0.2743, 214.3875, 0.5361, 'Bengal');
INSERT INTO welldata.PETROPHYSICS (UBHI, SAMPLE_DEPTH_M, POROSITY, PERMEABILITY, WATER_SAT, FORMATION) VALUES ('WELL00000000024-BH2', 1280, 0.0765, 371.0047, 0.2545, 'Bengal');
INSERT INTO welldata.PETROPHYSICS (UBHI, SAMPLE_DEPTH_M, POROSITY, PERMEABILITY, WATER_SAT, FORMATION) VALUES ('WELL00000000024-BH2', 1300, 0.2295, 215.4676, 0.5789, 'Sanchore');
INSERT INTO welldata.PETROPHYSICS (UBHI, SAMPLE_DEPTH_M, POROSITY, PERMEABILITY, WATER_SAT, FORMATION) VALUES ('WELL00000000024-BH2', 1320, 0.0473, 85.8125, 0.6569, 'Sanchore');
INSERT INTO welldata.PETROPHYSICS (UBHI, SAMPLE_DEPTH_M, POROSITY, PERMEABILITY, WATER_SAT, FORMATION) VALUES ('WELL00000000024-BH2', 1340, 0.25, 305.6508, 0.6549, 'Rajahmundry');
INSERT INTO welldata.PETROPHYSICS (UBHI, SAMPLE_DEPTH_M, POROSITY, PERMEABILITY, WATER_SAT, FORMATION) VALUES ('WELL00000000024-BH2', 1360, 0.2638, 310.6386, 0.4498, 'Rajahmundry');
INSERT INTO welldata.PETROPHYSICS (UBHI, SAMPLE_DEPTH_M, POROSITY, PERMEABILITY, WATER_SAT, FORMATION) VALUES ('WELL00000000024-BH2', 1380, 0.2013, 445.1465, 0.6756, 'Bengal');
INSERT INTO welldata.PETROPHYSICS (UBHI, SAMPLE_DEPTH_M, POROSITY, PERMEABILITY, WATER_SAT, FORMATION) VALUES ('WELL00000000024-BH2', 1400, 0.101, 434.5307, 0.5772, 'Bengal');
INSERT INTO welldata.PETROPHYSICS (UBHI, SAMPLE_DEPTH_M, POROSITY, PERMEABILITY, WATER_SAT, FORMATION) VALUES ('WELL00000000024-BH2', 1420, 0.2239, 171.8141, 0.5798, 'Barmer');
INSERT INTO welldata.PETROPHYSICS (UBHI, SAMPLE_DEPTH_M, POROSITY, PERMEABILITY, WATER_SAT, FORMATION) VALUES ('WELL00000000024-BH2', 1440, 0.0639, 352.7294, 0.6594, 'Sanchore');
INSERT INTO welldata.PETROPHYSICS (UBHI, SAMPLE_DEPTH_M, POROSITY, PERMEABILITY, WATER_SAT, FORMATION) VALUES ('WELL00000000024-BH2', 1460, 0.2799, 202.4398, 0.6784, 'Rajahmundry');
INSERT INTO welldata.PETROPHYSICS (UBHI, SAMPLE_DEPTH_M, POROSITY, PERMEABILITY, WATER_SAT, FORMATION) VALUES ('WELL00000000024-BH2', 1480, 0.114, 79.3947, 0.3977, 'Barmer');
INSERT INTO welldata.PETROPHYSICS (UBHI, SAMPLE_DEPTH_M, POROSITY, PERMEABILITY, WATER_SAT, FORMATION) VALUES ('WELL00000000024-BH2', 1500, 0.0573, 408.8761, 0.5036, 'Sanchore');
INSERT INTO welldata.PETROPHYSICS (UBHI, SAMPLE_DEPTH_M, POROSITY, PERMEABILITY, WATER_SAT, FORMATION) VALUES ('WELL00000000024-BH2', 1520, 0.1809, 170.1748, 0.4383, 'Sanchore');
INSERT INTO welldata.PETROPHYSICS (UBHI, SAMPLE_DEPTH_M, POROSITY, PERMEABILITY, WATER_SAT, FORMATION) VALUES ('WELL00000000024-BH2', 1540, 0.0976, 380.4282, 0.6549, 'Barmer');
INSERT INTO welldata.PETROPHYSICS (UBHI, SAMPLE_DEPTH_M, POROSITY, PERMEABILITY, WATER_SAT, FORMATION) VALUES ('WELL00000000024-BH2', 1560, 0.1777, 147.9526, 0.7014, 'Sanchore');
INSERT INTO welldata.PETROPHYSICS (UBHI, SAMPLE_DEPTH_M, POROSITY, PERMEABILITY, WATER_SAT, FORMATION) VALUES ('WELL00000000024-BH2', 1580, 0.1657, 264.8317, 0.2517, 'Rajahmundry');
INSERT INTO welldata.PETROPHYSICS (UBHI, SAMPLE_DEPTH_M, POROSITY, PERMEABILITY, WATER_SAT, FORMATION) VALUES ('WELL00000000024-BH2', 1600, 0.1627, 291.958, 0.2745, 'Rajahmundry');
INSERT INTO welldata.PETROPHYSICS (UBHI, SAMPLE_DEPTH_M, POROSITY, PERMEABILITY, WATER_SAT, FORMATION) VALUES ('WELL00000000024-BH2', 1620, 0.0404, 205.1301, 0.6061, 'Rajahmundry');
INSERT INTO welldata.PETROPHYSICS (UBHI, SAMPLE_DEPTH_M, POROSITY, PERMEABILITY, WATER_SAT, FORMATION) VALUES ('WELL00000000024-BH2', 1640, 0.0984, 47.5649, 0.5393, 'Sanchore');
INSERT INTO welldata.PETROPHYSICS (UBHI, SAMPLE_DEPTH_M, POROSITY, PERMEABILITY, WATER_SAT, FORMATION) VALUES ('WELL00000000024-BH2', 1660, 0.1959, 314.6885, 0.6948, 'Rajahmundry');
INSERT INTO welldata.PETROPHYSICS (UBHI, SAMPLE_DEPTH_M, POROSITY, PERMEABILITY, WATER_SAT, FORMATION) VALUES ('WELL00000000024-BH2', 1680, 0.0997, 179.7646, 0.1717, 'Bengal');
INSERT INTO welldata.PETROPHYSICS (UBHI, SAMPLE_DEPTH_M, POROSITY, PERMEABILITY, WATER_SAT, FORMATION) VALUES ('WELL00000000024-BH2', 1700, 0.17, 283.0917, 0.2018, 'Barmer');
INSERT INTO welldata.PETROPHYSICS (UBHI, SAMPLE_DEPTH_M, POROSITY, PERMEABILITY, WATER_SAT, FORMATION) VALUES ('WELL00000000024-BH2', 1720, 0.2465, 363.3896, 0.2281, 'Sanchore');
INSERT INTO welldata.PETROPHYSICS (UBHI, SAMPLE_DEPTH_M, POROSITY, PERMEABILITY, WATER_SAT, FORMATION) VALUES ('WELL00000000024-BH2', 1740, 0.2584, 328.1325, 0.3753, 'Sanchore');
INSERT INTO welldata.PETROPHYSICS (UBHI, SAMPLE_DEPTH_M, POROSITY, PERMEABILITY, WATER_SAT, FORMATION) VALUES ('WELL00000000024-BH2', 1760, 0.0475, 421.5567, 0.555, 'Sanchore');
INSERT INTO welldata.PETROPHYSICS (UBHI, SAMPLE_DEPTH_M, POROSITY, PERMEABILITY, WATER_SAT, FORMATION) VALUES ('WELL00000000024-BH2', 1780, 0.1372, 265.5901, 0.4398, 'Barmer');
INSERT INTO welldata.PETROPHYSICS (UBHI, SAMPLE_DEPTH_M, POROSITY, PERMEABILITY, WATER_SAT, FORMATION) VALUES ('WELL00000000024-BH2', 1800, 0.2382, 436.9288, 0.5912, 'Rajahmundry');
INSERT INTO welldata.PETROPHYSICS (UBHI, SAMPLE_DEPTH_M, POROSITY, PERMEABILITY, WATER_SAT, FORMATION) VALUES ('WELL00000000024-BH2', 1820, 0.1071, 124.7751, 0.3791, 'Bengal');
INSERT INTO welldata.PETROPHYSICS (UBHI, SAMPLE_DEPTH_M, POROSITY, PERMEABILITY, WATER_SAT, FORMATION) VALUES ('WELL00000000024-BH2', 1840, 0.2455, 13.5136, 0.4908, 'Bengal');
INSERT INTO welldata.PETROPHYSICS (UBHI, SAMPLE_DEPTH_M, POROSITY, PERMEABILITY, WATER_SAT, FORMATION) VALUES ('WELL00000000024-BH2', 1860, 0.097, 177.2189, 0.7333, 'Sanchore');
INSERT INTO welldata.PETROPHYSICS (UBHI, SAMPLE_DEPTH_M, POROSITY, PERMEABILITY, WATER_SAT, FORMATION) VALUES ('WELL00000000024-BH2', 1880, 0.139, 192.0761, 0.5676, 'Sanchore');
INSERT INTO welldata.PETROPHYSICS (UBHI, SAMPLE_DEPTH_M, POROSITY, PERMEABILITY, WATER_SAT, FORMATION) VALUES ('WELL00000000024-BH2', 1900, 0.1439, 337.7355, 0.5854, 'Barmer');
INSERT INTO welldata.PETROPHYSICS (UBHI, SAMPLE_DEPTH_M, POROSITY, PERMEABILITY, WATER_SAT, FORMATION) VALUES ('WELL00000000024-BH2', 1920, 0.2155, 48.3454, 0.1695, 'Bengal');
INSERT INTO welldata.PETROPHYSICS (UBHI, SAMPLE_DEPTH_M, POROSITY, PERMEABILITY, WATER_SAT, FORMATION) VALUES ('WELL00000000024-BH2', 1940, 0.1559, 14.7336, 0.2192, 'Sanchore');
INSERT INTO welldata.PETROPHYSICS (UBHI, SAMPLE_DEPTH_M, POROSITY, PERMEABILITY, WATER_SAT, FORMATION) VALUES ('WELL00000000024-BH2', 1960, 0.208, 204.0927, 0.1555, 'Sanchore');
INSERT INTO welldata.PETROPHYSICS (UBHI, SAMPLE_DEPTH_M, POROSITY, PERMEABILITY, WATER_SAT, FORMATION) VALUES ('WELL00000000024-BH2', 1980, 0.088, 91.9674, 0.2144, 'Bengal');
INSERT INTO welldata.PETROPHYSICS (UBHI, SAMPLE_DEPTH_M, POROSITY, PERMEABILITY, WATER_SAT, FORMATION) VALUES ('WELL00000000024-BH2', 2000, 0.0868, 392.6119, 0.2232, 'Bengal');
INSERT INTO welldata.PETROPHYSICS (UBHI, SAMPLE_DEPTH_M, POROSITY, PERMEABILITY, WATER_SAT, FORMATION) VALUES ('WELL00000000024-BH2', 2020, 0.2308, 324.4748, 0.1568, 'Barmer');
INSERT INTO welldata.PETROPHYSICS (UBHI, SAMPLE_DEPTH_M, POROSITY, PERMEABILITY, WATER_SAT, FORMATION) VALUES ('WELL00000000024-BH2', 2040, 0.0723, 211.2128, 0.2108, 'Bengal');
INSERT INTO welldata.PETROPHYSICS (UBHI, SAMPLE_DEPTH_M, POROSITY, PERMEABILITY, WATER_SAT, FORMATION) VALUES ('WELL00000000024-BH2', 2060, 0.2612, 442.4435, 0.1871, 'Rajahmundry');
INSERT INTO welldata.PETROPHYSICS (UBHI, SAMPLE_DEPTH_M, POROSITY, PERMEABILITY, WATER_SAT, FORMATION) VALUES ('WELL00000000024-BH2', 2080, 0.0816, 215.4079, 0.6826, 'Bengal');
INSERT INTO welldata.PETROPHYSICS (UBHI, SAMPLE_DEPTH_M, POROSITY, PERMEABILITY, WATER_SAT, FORMATION) VALUES ('WELL00000000024-BH2', 2100, 0.2718, 43.5206, 0.3575, 'Bengal');
INSERT INTO welldata.PETROPHYSICS (UBHI, SAMPLE_DEPTH_M, POROSITY, PERMEABILITY, WATER_SAT, FORMATION) VALUES ('WELL00000000024-BH2', 2120, 0.0683, 228.682, 0.2555, 'Sanchore');
INSERT INTO welldata.PETROPHYSICS (UBHI, SAMPLE_DEPTH_M, POROSITY, PERMEABILITY, WATER_SAT, FORMATION) VALUES ('WELL00000000024-BH2', 2140, 0.2305, 63.0575, 0.7136, 'Sanchore');
INSERT INTO welldata.PETROPHYSICS (UBHI, SAMPLE_DEPTH_M, POROSITY, PERMEABILITY, WATER_SAT, FORMATION) VALUES ('WELL00000000024-BH2', 2160, 0.0961, 243.6407, 0.3148, 'Barmer');
INSERT INTO welldata.PETROPHYSICS (UBHI, SAMPLE_DEPTH_M, POROSITY, PERMEABILITY, WATER_SAT, FORMATION) VALUES ('WELL00000000024-BH2', 2180, 0.1701, 90.8139, 0.603, 'Bengal');
INSERT INTO welldata.PETROPHYSICS (UBHI, SAMPLE_DEPTH_M, POROSITY, PERMEABILITY, WATER_SAT, FORMATION) VALUES ('WELL00000000024-BH2', 2200, 0.1555, 273.1222, 0.5355, 'Bengal');
INSERT INTO welldata.PETROPHYSICS (UBHI, SAMPLE_DEPTH_M, POROSITY, PERMEABILITY, WATER_SAT, FORMATION) VALUES ('WELL00000000024-BH2', 2220, 0.2104, 235.1254, 0.6915, 'Barmer');
INSERT INTO welldata.PETROPHYSICS (UBHI, SAMPLE_DEPTH_M, POROSITY, PERMEABILITY, WATER_SAT, FORMATION) VALUES ('WELL00000000024-BH2', 2240, 0.0789, 38.0146, 0.1981, 'Sanchore');
INSERT INTO welldata.PETROPHYSICS (UBHI, SAMPLE_DEPTH_M, POROSITY, PERMEABILITY, WATER_SAT, FORMATION) VALUES ('WELL00000000024-BH2', 2260, 0.1576, 169.3042, 0.6617, 'Bengal');
INSERT INTO welldata.PETROPHYSICS (UBHI, SAMPLE_DEPTH_M, POROSITY, PERMEABILITY, WATER_SAT, FORMATION) VALUES ('WELL00000000024-BH2', 2280, 0.2305, 41.5414, 0.226, 'Sanchore');
INSERT INTO welldata.PETROPHYSICS (UBHI, SAMPLE_DEPTH_M, POROSITY, PERMEABILITY, WATER_SAT, FORMATION) VALUES ('WELL00000000024-BH2', 2300, 0.1226, 62.3558, 0.6249, 'Sanchore');
INSERT INTO welldata.PETROPHYSICS (UBHI, SAMPLE_DEPTH_M, POROSITY, PERMEABILITY, WATER_SAT, FORMATION) VALUES ('WELL00000000024-BH2', 2320, 0.1272, 296.4708, 0.2953, 'Sanchore');
INSERT INTO welldata.PETROPHYSICS (UBHI, SAMPLE_DEPTH_M, POROSITY, PERMEABILITY, WATER_SAT, FORMATION) VALUES ('WELL00000000024-BH2', 2340, 0.0477, 163.1387, 0.1768, 'Barmer');
INSERT INTO welldata.PETROPHYSICS (UBHI, SAMPLE_DEPTH_M, POROSITY, PERMEABILITY, WATER_SAT, FORMATION) VALUES ('WELL00000000024-BH2', 2360, 0.0825, 352.3021, 0.7148, 'Rajahmundry');
INSERT INTO welldata.PETROPHYSICS (UBHI, SAMPLE_DEPTH_M, POROSITY, PERMEABILITY, WATER_SAT, FORMATION) VALUES ('WELL00000000024-BH2', 2380, 0.0493, 344.815, 0.5808, 'Sanchore');
INSERT INTO welldata.PETROPHYSICS (UBHI, SAMPLE_DEPTH_M, POROSITY, PERMEABILITY, WATER_SAT, FORMATION) VALUES ('WELL00000000024-BH2', 2400, 0.2093, 269.6531, 0.6399, 'Rajahmundry');
INSERT INTO welldata.PETROPHYSICS (UBHI, SAMPLE_DEPTH_M, POROSITY, PERMEABILITY, WATER_SAT, FORMATION) VALUES ('WELL00000000024-BH2', 2420, 0.2676, 297.3456, 0.5222, 'Sanchore');
INSERT INTO welldata.PETROPHYSICS (UBHI, SAMPLE_DEPTH_M, POROSITY, PERMEABILITY, WATER_SAT, FORMATION) VALUES ('WELL00000000024-BH2', 2440, 0.2108, 378.4605, 0.4619, 'Barmer');
INSERT INTO welldata.PETROPHYSICS (UBHI, SAMPLE_DEPTH_M, POROSITY, PERMEABILITY, WATER_SAT, FORMATION) VALUES ('WELL00000000024-BH2', 2460, 0.2099, 61.1703, 0.5396, 'Bengal');
INSERT INTO welldata.PETROPHYSICS (UBHI, SAMPLE_DEPTH_M, POROSITY, PERMEABILITY, WATER_SAT, FORMATION) VALUES ('WELL00000000024-BH2', 2480, 0.2071, 236.353, 0.4233, 'Sanchore');
INSERT INTO welldata.PETROPHYSICS (UBHI, SAMPLE_DEPTH_M, POROSITY, PERMEABILITY, WATER_SAT, FORMATION) VALUES ('WELL00000000024-BH2', 2500, 0.1235, 142.9237, 0.5674, 'Bengal');
INSERT INTO welldata.PETROPHYSICS (UBHI, SAMPLE_DEPTH_M, POROSITY, PERMEABILITY, WATER_SAT, FORMATION) VALUES ('WELL00000000024-BH2', 2520, 0.0638, 127.7555, 0.6916, 'Bengal');
INSERT INTO welldata.PETROPHYSICS (UBHI, SAMPLE_DEPTH_M, POROSITY, PERMEABILITY, WATER_SAT, FORMATION) VALUES ('WELL00000000024-BH2', 2540, 0.2099, 350.0959, 0.6334, 'Sanchore');
INSERT INTO welldata.PETROPHYSICS (UBHI, SAMPLE_DEPTH_M, POROSITY, PERMEABILITY, WATER_SAT, FORMATION) VALUES ('WELL00000000024-BH2', 2560, 0.0795, 360.0293, 0.5317, 'Sanchore');
INSERT INTO welldata.PETROPHYSICS (UBHI, SAMPLE_DEPTH_M, POROSITY, PERMEABILITY, WATER_SAT, FORMATION) VALUES ('WELL00000000024-BH2', 2580, 0.1341, 328.642, 0.3913, 'Barmer');
INSERT INTO welldata.PETROPHYSICS (UBHI, SAMPLE_DEPTH_M, POROSITY, PERMEABILITY, WATER_SAT, FORMATION) VALUES ('WELL00000000024-BH2', 2600, 0.1794, 44.2107, 0.2798, 'Rajahmundry');
INSERT INTO welldata.PETROPHYSICS (UBHI, SAMPLE_DEPTH_M, POROSITY, PERMEABILITY, WATER_SAT, FORMATION) VALUES ('WELL00000000024-BH2', 2620, 0.147, 6.7934, 0.258, 'Bengal');
INSERT INTO welldata.PETROPHYSICS (UBHI, SAMPLE_DEPTH_M, POROSITY, PERMEABILITY, WATER_SAT, FORMATION) VALUES ('WELL00000000024-BH2', 2640, 0.271, 447.2414, 0.2109, 'Bengal');
INSERT INTO welldata.PETROPHYSICS (UBHI, SAMPLE_DEPTH_M, POROSITY, PERMEABILITY, WATER_SAT, FORMATION) VALUES ('WELL00000000024-BH2', 2660, 0.1758, 47.3185, 0.5695, 'Sanchore');
INSERT INTO welldata.PETROPHYSICS (UBHI, SAMPLE_DEPTH_M, POROSITY, PERMEABILITY, WATER_SAT, FORMATION) VALUES ('WELL00000000024-BH2', 2680, 0.0906, 40.2338, 0.1969, 'Bengal');
INSERT INTO welldata.PETROPHYSICS (UBHI, SAMPLE_DEPTH_M, POROSITY, PERMEABILITY, WATER_SAT, FORMATION) VALUES ('WELL00000000024-BH2', 2700, 0.2018, 438.0149, 0.4823, 'Rajahmundry');
INSERT INTO welldata.PETROPHYSICS (UBHI, SAMPLE_DEPTH_M, POROSITY, PERMEABILITY, WATER_SAT, FORMATION) VALUES ('WELL00000000024-BH2', 2720, 0.1532, 61.3524, 0.4025, 'Barmer');
INSERT INTO welldata.PETROPHYSICS (UBHI, SAMPLE_DEPTH_M, POROSITY, PERMEABILITY, WATER_SAT, FORMATION) VALUES ('WELL00000000024-BH2', 2740, 0.0425, 435.45, 0.6104, 'Rajahmundry');
INSERT INTO welldata.PETROPHYSICS (UBHI, SAMPLE_DEPTH_M, POROSITY, PERMEABILITY, WATER_SAT, FORMATION) VALUES ('WELL00000000024-BH2', 2760, 0.1478, 208.2415, 0.4316, 'Bengal');
INSERT INTO welldata.PETROPHYSICS (UBHI, SAMPLE_DEPTH_M, POROSITY, PERMEABILITY, WATER_SAT, FORMATION) VALUES ('WELL00000000024-BH2', 2780, 0.0591, 447.3353, 0.5169, 'Rajahmundry');
INSERT INTO welldata.PETROPHYSICS (UBHI, SAMPLE_DEPTH_M, POROSITY, PERMEABILITY, WATER_SAT, FORMATION) VALUES ('WELL00000000024-BH2', 2800, 0.1054, 121.2831, 0.1699, 'Bengal');
INSERT INTO welldata.PETROPHYSICS (UBHI, SAMPLE_DEPTH_M, POROSITY, PERMEABILITY, WATER_SAT, FORMATION) VALUES ('WELL00000000024-BH2', 2820, 0.1397, 73.9169, 0.5604, 'Barmer');
INSERT INTO welldata.PETROPHYSICS (UBHI, SAMPLE_DEPTH_M, POROSITY, PERMEABILITY, WATER_SAT, FORMATION) VALUES ('WELL00000000024-BH2', 2840, 0.2659, 123.1434, 0.3535, 'Sanchore');
INSERT INTO welldata.PETROPHYSICS (UBHI, SAMPLE_DEPTH_M, POROSITY, PERMEABILITY, WATER_SAT, FORMATION) VALUES ('WELL00000000024-BH2', 2860, 0.1077, 189.4804, 0.2566, 'Barmer');
INSERT INTO welldata.PETROPHYSICS (UBHI, SAMPLE_DEPTH_M, POROSITY, PERMEABILITY, WATER_SAT, FORMATION) VALUES ('WELL00000000024-BH2', 2880, 0.0448, 359.5498, 0.3895, 'Barmer');
INSERT INTO welldata.PETROPHYSICS (UBHI, SAMPLE_DEPTH_M, POROSITY, PERMEABILITY, WATER_SAT, FORMATION) VALUES ('WELL00000000024-BH2', 2900, 0.0416, 211.6431, 0.1975, 'Rajahmundry');
INSERT INTO welldata.PETROPHYSICS (UBHI, SAMPLE_DEPTH_M, POROSITY, PERMEABILITY, WATER_SAT, FORMATION) VALUES ('WELL00000000024-BH2', 2920, 0.2232, 307.5308, 0.1881, 'Rajahmundry');
INSERT INTO welldata.PETROPHYSICS (UBHI, SAMPLE_DEPTH_M, POROSITY, PERMEABILITY, WATER_SAT, FORMATION) VALUES ('WELL00000000024-BH2', 2940, 0.2741, 374.5643, 0.2521, 'Sanchore');
INSERT INTO welldata.PETROPHYSICS (UBHI, SAMPLE_DEPTH_M, POROSITY, PERMEABILITY, WATER_SAT, FORMATION) VALUES ('WELL00000000024-BH2', 2960, 0.1538, 177.0409, 0.6676, 'Sanchore');
INSERT INTO welldata.PETROPHYSICS (UBHI, SAMPLE_DEPTH_M, POROSITY, PERMEABILITY, WATER_SAT, FORMATION) VALUES ('WELL00000000024-BH2', 2980, 0.1981, 101.3871, 0.4284, 'Sanchore');
INSERT INTO welldata.PETROPHYSICS (UBHI, SAMPLE_DEPTH_M, POROSITY, PERMEABILITY, WATER_SAT, FORMATION) VALUES ('WELL00000000024-BH2', 3000, 0.0588, 107.673, 0.556, 'Rajahmundry');
INSERT INTO welldata.PRODUCTION (UWI, PROD_DATE, OIL_BBL, GAS_MCF, WATER_BBL, HOURS_ON) VALUES ('WELL00000000024', TO_DATE('2015-01-01','YYYY-MM-DD'), 777.96, 8151.37, 959.86, 407.23);
INSERT INTO welldata.PRODUCTION (UWI, PROD_DATE, OIL_BBL, GAS_MCF, WATER_BBL, HOURS_ON) VALUES ('WELL00000000024', TO_DATE('2015-02-01','YYYY-MM-DD'), 357.34, 11346.18, 689.72, 171.31);
INSERT INTO welldata.PRODUCTION (UWI, PROD_DATE, OIL_BBL, GAS_MCF, WATER_BBL, HOURS_ON) VALUES ('WELL00000000024', TO_DATE('2015-03-01','YYYY-MM-DD'), 940.1, 7941.32, 735.68, 620.94);
INSERT INTO welldata.PRODUCTION (UWI, PROD_DATE, OIL_BBL, GAS_MCF, WATER_BBL, HOURS_ON) VALUES ('WELL00000000024', TO_DATE('2015-04-01','YYYY-MM-DD'), 2928.59, 13713.0, 529.38, 157.23);
INSERT INTO welldata.PRODUCTION (UWI, PROD_DATE, OIL_BBL, GAS_MCF, WATER_BBL, HOURS_ON) VALUES ('WELL00000000024', TO_DATE('2015-05-01','YYYY-MM-DD'), 234.62, 2879.52, 880.7, 520.87);
INSERT INTO welldata.PRODUCTION (UWI, PROD_DATE, OIL_BBL, GAS_MCF, WATER_BBL, HOURS_ON) VALUES ('WELL00000000024', TO_DATE('2015-06-01','YYYY-MM-DD'), 1022.96, 1616.32, 109.66, 309.46);
INSERT INTO welldata.PRODUCTION (UWI, PROD_DATE, OIL_BBL, GAS_MCF, WATER_BBL, HOURS_ON) VALUES ('WELL00000000024', TO_DATE('2015-07-01','YYYY-MM-DD'), 2425.51, 2488.13, 1236.69, 503.93);
INSERT INTO welldata.PRODUCTION (UWI, PROD_DATE, OIL_BBL, GAS_MCF, WATER_BBL, HOURS_ON) VALUES ('WELL00000000024', TO_DATE('2015-08-01','YYYY-MM-DD'), 2309.3, 3485.61, 1304.01, 337.05);
INSERT INTO welldata.PRODUCTION (UWI, PROD_DATE, OIL_BBL, GAS_MCF, WATER_BBL, HOURS_ON) VALUES ('WELL00000000024', TO_DATE('2015-09-01','YYYY-MM-DD'), 2684.47, 2426.86, 256.32, 637.93);
INSERT INTO welldata.PRODUCTION (UWI, PROD_DATE, OIL_BBL, GAS_MCF, WATER_BBL, HOURS_ON) VALUES ('WELL00000000024', TO_DATE('2015-10-01','YYYY-MM-DD'), 2828.54, 7623.38, 828.93, 239.32);
INSERT INTO welldata.PRODUCTION (UWI, PROD_DATE, OIL_BBL, GAS_MCF, WATER_BBL, HOURS_ON) VALUES ('WELL00000000024', TO_DATE('2015-11-01','YYYY-MM-DD'), 505.84, 10105.43, 808.9, 573.2);
INSERT INTO welldata.PRODUCTION (UWI, PROD_DATE, OIL_BBL, GAS_MCF, WATER_BBL, HOURS_ON) VALUES ('WELL00000000024', TO_DATE('2015-12-01','YYYY-MM-DD'), 2786.44, 12274.24, 247.4, 588.95);
INSERT INTO welldata.PRODUCTION (UWI, PROD_DATE, OIL_BBL, GAS_MCF, WATER_BBL, HOURS_ON) VALUES ('WELL00000000024', TO_DATE('2016-01-01','YYYY-MM-DD'), 1660.5, 11187.65, 684.54, 219.38);
INSERT INTO welldata.PRODUCTION (UWI, PROD_DATE, OIL_BBL, GAS_MCF, WATER_BBL, HOURS_ON) VALUES ('WELL00000000024', TO_DATE('2016-02-01','YYYY-MM-DD'), 2851.48, 866.68, 728.62, 525.51);
INSERT INTO welldata.PRODUCTION (UWI, PROD_DATE, OIL_BBL, GAS_MCF, WATER_BBL, HOURS_ON) VALUES ('WELL00000000024', TO_DATE('2016-03-01','YYYY-MM-DD'), 2544.33, 12865.65, 1478.69, 479.55);
INSERT INTO welldata.PRODUCTION (UWI, PROD_DATE, OIL_BBL, GAS_MCF, WATER_BBL, HOURS_ON) VALUES ('WELL00000000024', TO_DATE('2016-04-01','YYYY-MM-DD'), 840.76, 13438.25, 21.43, 327.85);
INSERT INTO welldata.PRODUCTION (UWI, PROD_DATE, OIL_BBL, GAS_MCF, WATER_BBL, HOURS_ON) VALUES ('WELL00000000024', TO_DATE('2016-05-01','YYYY-MM-DD'), 634.62, 4814.31, 35.44, 438.7);
INSERT INTO welldata.PRODUCTION (UWI, PROD_DATE, OIL_BBL, GAS_MCF, WATER_BBL, HOURS_ON) VALUES ('WELL00000000024', TO_DATE('2016-06-01','YYYY-MM-DD'), 317.93, 9164.48, 1234.55, 329.18);
INSERT INTO welldata.PRODUCTION (UWI, PROD_DATE, OIL_BBL, GAS_MCF, WATER_BBL, HOURS_ON) VALUES ('WELL00000000024', TO_DATE('2016-07-01','YYYY-MM-DD'), 1313.42, 5605.29, 260.71, 462.02);
INSERT INTO welldata.PRODUCTION (UWI, PROD_DATE, OIL_BBL, GAS_MCF, WATER_BBL, HOURS_ON) VALUES ('WELL00000000024', TO_DATE('2016-08-01','YYYY-MM-DD'), 198.41, 8554.09, 1141.94, 150.35);
INSERT INTO welldata.PRODUCTION (UWI, PROD_DATE, OIL_BBL, GAS_MCF, WATER_BBL, HOURS_ON) VALUES ('WELL00000000024', TO_DATE('2016-09-01','YYYY-MM-DD'), 1663.7, 5795.61, 858.6, 684.19);
INSERT INTO welldata.PRODUCTION (UWI, PROD_DATE, OIL_BBL, GAS_MCF, WATER_BBL, HOURS_ON) VALUES ('WELL00000000024', TO_DATE('2016-10-01','YYYY-MM-DD'), 2347.08, 8849.98, 1146.19, 503.97);
INSERT INTO welldata.PRODUCTION (UWI, PROD_DATE, OIL_BBL, GAS_MCF, WATER_BBL, HOURS_ON) VALUES ('WELL00000000024', TO_DATE('2016-11-01','YYYY-MM-DD'), 1258.94, 8136.84, 1299.58, 381.72);
INSERT INTO welldata.PRODUCTION (UWI, PROD_DATE, OIL_BBL, GAS_MCF, WATER_BBL, HOURS_ON) VALUES ('WELL00000000024', TO_DATE('2016-12-01','YYYY-MM-DD'), 1331.57, 3169.75, 1142.4, 450.42);
INSERT INTO welldata.PRODUCTION (UWI, PROD_DATE, OIL_BBL, GAS_MCF, WATER_BBL, HOURS_ON) VALUES ('WELL00000000024', TO_DATE('2017-01-01','YYYY-MM-DD'), 1615.48, 11407.18, 1235.92, 289.59);
INSERT INTO welldata.PRODUCTION (UWI, PROD_DATE, OIL_BBL, GAS_MCF, WATER_BBL, HOURS_ON) VALUES ('WELL00000000024', TO_DATE('2017-02-01','YYYY-MM-DD'), 208.14, 10443.15, 1468.39, 332.02);
INSERT INTO welldata.PRODUCTION (UWI, PROD_DATE, OIL_BBL, GAS_MCF, WATER_BBL, HOURS_ON) VALUES ('WELL00000000024', TO_DATE('2017-03-01','YYYY-MM-DD'), 2457.74, 4970.45, 384.21, 122.83);
INSERT INTO welldata.PRODUCTION (UWI, PROD_DATE, OIL_BBL, GAS_MCF, WATER_BBL, HOURS_ON) VALUES ('WELL00000000024', TO_DATE('2017-04-01','YYYY-MM-DD'), 1175.06, 9003.2, 740.97, 359.85);
INSERT INTO welldata.PRODUCTION (UWI, PROD_DATE, OIL_BBL, GAS_MCF, WATER_BBL, HOURS_ON) VALUES ('WELL00000000024', TO_DATE('2017-05-01','YYYY-MM-DD'), 2466.12, 2077.46, 1103.93, 483.64);
INSERT INTO welldata.PRODUCTION (UWI, PROD_DATE, OIL_BBL, GAS_MCF, WATER_BBL, HOURS_ON) VALUES ('WELL00000000024', TO_DATE('2017-06-01','YYYY-MM-DD'), 2028.67, 735.01, 341.08, 170.13);
INSERT INTO welldata.PRODUCTION (UWI, PROD_DATE, OIL_BBL, GAS_MCF, WATER_BBL, HOURS_ON) VALUES ('WELL00000000024', TO_DATE('2017-07-01','YYYY-MM-DD'), 1084.91, 9252.95, 611.51, 372.15);
INSERT INTO welldata.PRODUCTION (UWI, PROD_DATE, OIL_BBL, GAS_MCF, WATER_BBL, HOURS_ON) VALUES ('WELL00000000024', TO_DATE('2017-08-01','YYYY-MM-DD'), 1743.01, 2199.66, 939.39, 607.34);
INSERT INTO welldata.PRODUCTION (UWI, PROD_DATE, OIL_BBL, GAS_MCF, WATER_BBL, HOURS_ON) VALUES ('WELL00000000024', TO_DATE('2017-09-01','YYYY-MM-DD'), 1918.69, 6113.11, 66.38, 565.73);
INSERT INTO welldata.PRODUCTION (UWI, PROD_DATE, OIL_BBL, GAS_MCF, WATER_BBL, HOURS_ON) VALUES ('WELL00000000024', TO_DATE('2017-10-01','YYYY-MM-DD'), 1198.99, 601.27, 1175.83, 527.01);
INSERT INTO welldata.PRODUCTION (UWI, PROD_DATE, OIL_BBL, GAS_MCF, WATER_BBL, HOURS_ON) VALUES ('WELL00000000024', TO_DATE('2017-11-01','YYYY-MM-DD'), 1012.71, 4565.11, 157.03, 286.98);
INSERT INTO welldata.PRODUCTION (UWI, PROD_DATE, OIL_BBL, GAS_MCF, WATER_BBL, HOURS_ON) VALUES ('WELL00000000024', TO_DATE('2017-12-01','YYYY-MM-DD'), 980.79, 10079.84, 225.48, 313.36);
INSERT INTO welldata.PRODUCTION (UWI, PROD_DATE, OIL_BBL, GAS_MCF, WATER_BBL, HOURS_ON) VALUES ('WELL00000000024', TO_DATE('2018-01-01','YYYY-MM-DD'), 412.56, 13915.29, 1159.75, 167.42);
INSERT INTO welldata.PRODUCTION (UWI, PROD_DATE, OIL_BBL, GAS_MCF, WATER_BBL, HOURS_ON) VALUES ('WELL00000000024', TO_DATE('2018-02-01','YYYY-MM-DD'), 2736.8, 6048.11, 837.21, 406.57);
INSERT INTO welldata.PRODUCTION (UWI, PROD_DATE, OIL_BBL, GAS_MCF, WATER_BBL, HOURS_ON) VALUES ('WELL00000000024', TO_DATE('2018-03-01','YYYY-MM-DD'), 2031.64, 13307.86, 788.51, 703.92);
INSERT INTO welldata.PRODUCTION (UWI, PROD_DATE, OIL_BBL, GAS_MCF, WATER_BBL, HOURS_ON) VALUES ('WELL00000000024', TO_DATE('2018-04-01','YYYY-MM-DD'), 2316.52, 1919.77, 410.64, 550.47);
INSERT INTO welldata.PRODUCTION (UWI, PROD_DATE, OIL_BBL, GAS_MCF, WATER_BBL, HOURS_ON) VALUES ('WELL00000000024', TO_DATE('2018-05-01','YYYY-MM-DD'), 2690.55, 216.76, 659.25, 371.96);
INSERT INTO welldata.PRODUCTION (UWI, PROD_DATE, OIL_BBL, GAS_MCF, WATER_BBL, HOURS_ON) VALUES ('WELL00000000024', TO_DATE('2018-06-01','YYYY-MM-DD'), 1445.36, 5270.86, 59.35, 310.87);
INSERT INTO welldata.PRODUCTION (UWI, PROD_DATE, OIL_BBL, GAS_MCF, WATER_BBL, HOURS_ON) VALUES ('WELL00000000024', TO_DATE('2018-07-01','YYYY-MM-DD'), 1226.29, 2883.38, 467.8, 473.43);
INSERT INTO welldata.PRODUCTION (UWI, PROD_DATE, OIL_BBL, GAS_MCF, WATER_BBL, HOURS_ON) VALUES ('WELL00000000024', TO_DATE('2018-08-01','YYYY-MM-DD'), 2674.68, 1753.95, 1370.11, 377.52);
INSERT INTO welldata.PRODUCTION (UWI, PROD_DATE, OIL_BBL, GAS_MCF, WATER_BBL, HOURS_ON) VALUES ('WELL00000000024', TO_DATE('2018-09-01','YYYY-MM-DD'), 2148.75, 1044.94, 1207.88, 588.83);
INSERT INTO welldata.PRODUCTION (UWI, PROD_DATE, OIL_BBL, GAS_MCF, WATER_BBL, HOURS_ON) VALUES ('WELL00000000024', TO_DATE('2018-10-01','YYYY-MM-DD'), 725.2, 3703.14, 508.7, 531.2);
INSERT INTO welldata.PRODUCTION (UWI, PROD_DATE, OIL_BBL, GAS_MCF, WATER_BBL, HOURS_ON) VALUES ('WELL00000000024', TO_DATE('2018-11-01','YYYY-MM-DD'), 204.93, 12982.48, 896.66, 309.97);
INSERT INTO welldata.PRODUCTION (UWI, PROD_DATE, OIL_BBL, GAS_MCF, WATER_BBL, HOURS_ON) VALUES ('WELL00000000024', TO_DATE('2018-12-01','YYYY-MM-DD'), 2071.63, 5773.18, 300.32, 597.93);
INSERT INTO welldata.PRODUCTION (UWI, PROD_DATE, OIL_BBL, GAS_MCF, WATER_BBL, HOURS_ON) VALUES ('WELL00000000024', TO_DATE('2019-01-01','YYYY-MM-DD'), 1202.83, 3873.98, 274.37, 245.61);
INSERT INTO welldata.PRODUCTION (UWI, PROD_DATE, OIL_BBL, GAS_MCF, WATER_BBL, HOURS_ON) VALUES ('WELL00000000024', TO_DATE('2019-02-01','YYYY-MM-DD'), 1403.01, 13471.55, 459.01, 159.12);
INSERT INTO welldata.PRODUCTION (UWI, PROD_DATE, OIL_BBL, GAS_MCF, WATER_BBL, HOURS_ON) VALUES ('WELL00000000024', TO_DATE('2019-03-01','YYYY-MM-DD'), 197.27, 1349.92, 1102.5, 361.21);
INSERT INTO welldata.PRODUCTION (UWI, PROD_DATE, OIL_BBL, GAS_MCF, WATER_BBL, HOURS_ON) VALUES ('WELL00000000024', TO_DATE('2019-04-01','YYYY-MM-DD'), 2942.55, 12891.81, 967.83, 528.47);
INSERT INTO welldata.PRODUCTION (UWI, PROD_DATE, OIL_BBL, GAS_MCF, WATER_BBL, HOURS_ON) VALUES ('WELL00000000024', TO_DATE('2019-05-01','YYYY-MM-DD'), 922.45, 9115.22, 660.42, 647.73);
INSERT INTO welldata.PRODUCTION (UWI, PROD_DATE, OIL_BBL, GAS_MCF, WATER_BBL, HOURS_ON) VALUES ('WELL00000000024', TO_DATE('2019-06-01','YYYY-MM-DD'), 2527.62, 9840.65, 1253.89, 428.11);
INSERT INTO welldata.PRODUCTION (UWI, PROD_DATE, OIL_BBL, GAS_MCF, WATER_BBL, HOURS_ON) VALUES ('WELL00000000024', TO_DATE('2019-07-01','YYYY-MM-DD'), 102.52, 11982.59, 646.06, 301.62);
INSERT INTO welldata.PRODUCTION (UWI, PROD_DATE, OIL_BBL, GAS_MCF, WATER_BBL, HOURS_ON) VALUES ('WELL00000000024', TO_DATE('2019-08-01','YYYY-MM-DD'), 333.84, 8661.96, 1193.46, 707.84);
INSERT INTO welldata.PRODUCTION (UWI, PROD_DATE, OIL_BBL, GAS_MCF, WATER_BBL, HOURS_ON) VALUES ('WELL00000000024', TO_DATE('2019-09-01','YYYY-MM-DD'), 2865.62, 4736.49, 1091.97, 280.21);
INSERT INTO welldata.PRODUCTION (UWI, PROD_DATE, OIL_BBL, GAS_MCF, WATER_BBL, HOURS_ON) VALUES ('WELL00000000024', TO_DATE('2019-10-01','YYYY-MM-DD'), 1091.48, 3115.64, 1129.28, 324.3);
INSERT INTO welldata.PRODUCTION (UWI, PROD_DATE, OIL_BBL, GAS_MCF, WATER_BBL, HOURS_ON) VALUES ('WELL00000000024', TO_DATE('2019-11-01','YYYY-MM-DD'), 2573.2, 6837.48, 346.08, 134.65);
INSERT INTO welldata.PRODUCTION (UWI, PROD_DATE, OIL_BBL, GAS_MCF, WATER_BBL, HOURS_ON) VALUES ('WELL00000000024', TO_DATE('2019-12-01','YYYY-MM-DD'), 820.71, 13513.16, 479.47, 292.64);
INSERT INTO welldata.PRODUCTION (UWI, PROD_DATE, OIL_BBL, GAS_MCF, WATER_BBL, HOURS_ON) VALUES ('WELL00000000024', TO_DATE('2020-01-01','YYYY-MM-DD'), 2378.54, 11880.97, 407.06, 167.8);
INSERT INTO welldata.PRODUCTION (UWI, PROD_DATE, OIL_BBL, GAS_MCF, WATER_BBL, HOURS_ON) VALUES ('WELL00000000024', TO_DATE('2020-02-01','YYYY-MM-DD'), 864.05, 12939.63, 1301.97, 597.37);
INSERT INTO welldata.PRODUCTION (UWI, PROD_DATE, OIL_BBL, GAS_MCF, WATER_BBL, HOURS_ON) VALUES ('WELL00000000024', TO_DATE('2020-03-01','YYYY-MM-DD'), 2146.04, 7968.15, 268.39, 315.88);
INSERT INTO welldata.PRODUCTION (UWI, PROD_DATE, OIL_BBL, GAS_MCF, WATER_BBL, HOURS_ON) VALUES ('WELL00000000024', TO_DATE('2020-04-01','YYYY-MM-DD'), 1323.24, 10802.67, 674.69, 581.79);
INSERT INTO welldata.PRODUCTION (UWI, PROD_DATE, OIL_BBL, GAS_MCF, WATER_BBL, HOURS_ON) VALUES ('WELL00000000024', TO_DATE('2020-05-01','YYYY-MM-DD'), 652.03, 9995.24, 618.89, 442.55);
INSERT INTO welldata.PRODUCTION (UWI, PROD_DATE, OIL_BBL, GAS_MCF, WATER_BBL, HOURS_ON) VALUES ('WELL00000000024', TO_DATE('2020-06-01','YYYY-MM-DD'), 1760.22, 8185.82, 1322.32, 536.0);
INSERT INTO welldata.PRODUCTION (UWI, PROD_DATE, OIL_BBL, GAS_MCF, WATER_BBL, HOURS_ON) VALUES ('WELL00000000024', TO_DATE('2020-07-01','YYYY-MM-DD'), 1818.33, 6417.69, 364.15, 239.52);
INSERT INTO welldata.PRODUCTION (UWI, PROD_DATE, OIL_BBL, GAS_MCF, WATER_BBL, HOURS_ON) VALUES ('WELL00000000024', TO_DATE('2020-08-01','YYYY-MM-DD'), 1254.61, 11024.39, 402.8, 312.35);
INSERT INTO welldata.PRODUCTION (UWI, PROD_DATE, OIL_BBL, GAS_MCF, WATER_BBL, HOURS_ON) VALUES ('WELL00000000024', TO_DATE('2020-09-01','YYYY-MM-DD'), 1809.31, 2551.81, 346.77, 419.56);
INSERT INTO welldata.PRODUCTION (UWI, PROD_DATE, OIL_BBL, GAS_MCF, WATER_BBL, HOURS_ON) VALUES ('WELL00000000024', TO_DATE('2020-10-01','YYYY-MM-DD'), 914.84, 995.93, 63.83, 150.23);
INSERT INTO welldata.PRODUCTION (UWI, PROD_DATE, OIL_BBL, GAS_MCF, WATER_BBL, HOURS_ON) VALUES ('WELL00000000024', TO_DATE('2020-11-01','YYYY-MM-DD'), 924.53, 8525.04, 539.58, 371.64);
INSERT INTO welldata.PRODUCTION (UWI, PROD_DATE, OIL_BBL, GAS_MCF, WATER_BBL, HOURS_ON) VALUES ('WELL00000000024', TO_DATE('2020-12-01','YYYY-MM-DD'), 1414.87, 12851.19, 568.93, 688.86);
INSERT INTO welldata.PRODUCTION (UWI, PROD_DATE, OIL_BBL, GAS_MCF, WATER_BBL, HOURS_ON) VALUES ('WELL00000000024', TO_DATE('2021-01-01','YYYY-MM-DD'), 950.44, 9619.42, 670.55, 682.24);
INSERT INTO welldata.PRODUCTION (UWI, PROD_DATE, OIL_BBL, GAS_MCF, WATER_BBL, HOURS_ON) VALUES ('WELL00000000024', TO_DATE('2021-02-01','YYYY-MM-DD'), 280.7, 11180.94, 508.54, 648.48);
INSERT INTO welldata.PRODUCTION (UWI, PROD_DATE, OIL_BBL, GAS_MCF, WATER_BBL, HOURS_ON) VALUES ('WELL00000000024', TO_DATE('2021-03-01','YYYY-MM-DD'), 1113.79, 13659.65, 1393.26, 153.95);
INSERT INTO welldata.PRODUCTION (UWI, PROD_DATE, OIL_BBL, GAS_MCF, WATER_BBL, HOURS_ON) VALUES ('WELL00000000024', TO_DATE('2021-04-01','YYYY-MM-DD'), 1791.19, 2782.93, 1295.58, 303.27);
INSERT INTO welldata.PRODUCTION (UWI, PROD_DATE, OIL_BBL, GAS_MCF, WATER_BBL, HOURS_ON) VALUES ('WELL00000000024', TO_DATE('2021-05-01','YYYY-MM-DD'), 2769.58, 11895.57, 36.11, 425.59);
INSERT INTO welldata.PRODUCTION (UWI, PROD_DATE, OIL_BBL, GAS_MCF, WATER_BBL, HOURS_ON) VALUES ('WELL00000000024', TO_DATE('2021-06-01','YYYY-MM-DD'), 360.96, 13879.73, 1025.01, 577.0);
INSERT INTO welldata.PRODUCTION (UWI, PROD_DATE, OIL_BBL, GAS_MCF, WATER_BBL, HOURS_ON) VALUES ('WELL00000000024', TO_DATE('2021-07-01','YYYY-MM-DD'), 2409.85, 7868.24, 889.0, 497.82);
INSERT INTO welldata.PRODUCTION (UWI, PROD_DATE, OIL_BBL, GAS_MCF, WATER_BBL, HOURS_ON) VALUES ('WELL00000000024', TO_DATE('2021-08-01','YYYY-MM-DD'), 2070.93, 14884.33, 882.06, 307.39);
INSERT INTO welldata.PRODUCTION (UWI, PROD_DATE, OIL_BBL, GAS_MCF, WATER_BBL, HOURS_ON) VALUES ('WELL00000000024', TO_DATE('2021-09-01','YYYY-MM-DD'), 443.97, 7546.94, 222.65, 586.47);
INSERT INTO welldata.PRODUCTION (UWI, PROD_DATE, OIL_BBL, GAS_MCF, WATER_BBL, HOURS_ON) VALUES ('WELL00000000024', TO_DATE('2021-10-01','YYYY-MM-DD'), 598.41, 10701.28, 353.4, 330.76);
INSERT INTO welldata.PRODUCTION (UWI, PROD_DATE, OIL_BBL, GAS_MCF, WATER_BBL, HOURS_ON) VALUES ('WELL00000000024', TO_DATE('2021-11-01','YYYY-MM-DD'), 2603.56, 12528.35, 1262.5, 629.91);
INSERT INTO welldata.PRODUCTION (UWI, PROD_DATE, OIL_BBL, GAS_MCF, WATER_BBL, HOURS_ON) VALUES ('WELL00000000024', TO_DATE('2021-12-01','YYYY-MM-DD'), 1200.98, 13919.1, 407.45, 149.58);
INSERT INTO welldata.PRODUCTION (UWI, PROD_DATE, OIL_BBL, GAS_MCF, WATER_BBL, HOURS_ON) VALUES ('WELL00000000024', TO_DATE('2022-01-01','YYYY-MM-DD'), 1693.22, 5105.36, 477.0, 171.35);
INSERT INTO welldata.PRODUCTION (UWI, PROD_DATE, OIL_BBL, GAS_MCF, WATER_BBL, HOURS_ON) VALUES ('WELL00000000024', TO_DATE('2022-02-01','YYYY-MM-DD'), 239.24, 3472.68, 457.82, 668.4);
INSERT INTO welldata.PRODUCTION (UWI, PROD_DATE, OIL_BBL, GAS_MCF, WATER_BBL, HOURS_ON) VALUES ('WELL00000000024', TO_DATE('2022-03-01','YYYY-MM-DD'), 215.78, 11667.01, 537.68, 215.57);
INSERT INTO welldata.PRODUCTION (UWI, PROD_DATE, OIL_BBL, GAS_MCF, WATER_BBL, HOURS_ON) VALUES ('WELL00000000024', TO_DATE('2022-04-01','YYYY-MM-DD'), 2176.12, 9035.9, 254.2, 644.96);
INSERT INTO welldata.PRODUCTION (UWI, PROD_DATE, OIL_BBL, GAS_MCF, WATER_BBL, HOURS_ON) VALUES ('WELL00000000024', TO_DATE('2022-05-01','YYYY-MM-DD'), 2574.55, 14153.16, 113.76, 175.42);
INSERT INTO welldata.PRODUCTION (UWI, PROD_DATE, OIL_BBL, GAS_MCF, WATER_BBL, HOURS_ON) VALUES ('WELL00000000024', TO_DATE('2022-06-01','YYYY-MM-DD'), 2882.07, 5464.03, 454.12, 336.05);
INSERT INTO welldata.PRODUCTION (UWI, PROD_DATE, OIL_BBL, GAS_MCF, WATER_BBL, HOURS_ON) VALUES ('WELL00000000024', TO_DATE('2022-07-01','YYYY-MM-DD'), 1126.94, 2015.25, 662.13, 515.89);
INSERT INTO welldata.PRODUCTION (UWI, PROD_DATE, OIL_BBL, GAS_MCF, WATER_BBL, HOURS_ON) VALUES ('WELL00000000024', TO_DATE('2022-08-01','YYYY-MM-DD'), 904.45, 9181.74, 424.95, 632.57);
INSERT INTO welldata.PRODUCTION (UWI, PROD_DATE, OIL_BBL, GAS_MCF, WATER_BBL, HOURS_ON) VALUES ('WELL00000000024', TO_DATE('2022-09-01','YYYY-MM-DD'), 1295.01, 2918.15, 315.58, 719.5);
INSERT INTO welldata.PRODUCTION (UWI, PROD_DATE, OIL_BBL, GAS_MCF, WATER_BBL, HOURS_ON) VALUES ('WELL00000000024', TO_DATE('2022-10-01','YYYY-MM-DD'), 2869.61, 5543.81, 166.04, 256.93);
INSERT INTO welldata.PRODUCTION (UWI, PROD_DATE, OIL_BBL, GAS_MCF, WATER_BBL, HOURS_ON) VALUES ('WELL00000000024', TO_DATE('2022-11-01','YYYY-MM-DD'), 375.18, 1475.58, 644.44, 178.61);
INSERT INTO welldata.PRODUCTION (UWI, PROD_DATE, OIL_BBL, GAS_MCF, WATER_BBL, HOURS_ON) VALUES ('WELL00000000024', TO_DATE('2022-12-01','YYYY-MM-DD'), 1996.94, 14202.5, 781.94, 296.14);
INSERT INTO welldata.PRODUCTION (UWI, PROD_DATE, OIL_BBL, GAS_MCF, WATER_BBL, HOURS_ON) VALUES ('WELL00000000024', TO_DATE('2023-01-01','YYYY-MM-DD'), 109.7, 12342.72, 780.47, 243.62);
INSERT INTO welldata.PRODUCTION (UWI, PROD_DATE, OIL_BBL, GAS_MCF, WATER_BBL, HOURS_ON) VALUES ('WELL00000000024', TO_DATE('2023-02-01','YYYY-MM-DD'), 2442.2, 7094.62, 149.26, 707.7);
INSERT INTO welldata.PRODUCTION (UWI, PROD_DATE, OIL_BBL, GAS_MCF, WATER_BBL, HOURS_ON) VALUES ('WELL00000000024', TO_DATE('2023-03-01','YYYY-MM-DD'), 555.78, 10001.62, 1480.26, 320.37);
INSERT INTO welldata.PRODUCTION (UWI, PROD_DATE, OIL_BBL, GAS_MCF, WATER_BBL, HOURS_ON) VALUES ('WELL00000000024', TO_DATE('2023-04-01','YYYY-MM-DD'), 2304.48, 12691.31, 94.87, 376.02);
INSERT INTO welldata.PRODUCTION (UWI, PROD_DATE, OIL_BBL, GAS_MCF, WATER_BBL, HOURS_ON) VALUES ('WELL00000000024', TO_DATE('2023-05-01','YYYY-MM-DD'), 1987.76, 11204.42, 561.86, 595.34);
INSERT INTO welldata.PRODUCTION (UWI, PROD_DATE, OIL_BBL, GAS_MCF, WATER_BBL, HOURS_ON) VALUES ('WELL00000000024', TO_DATE('2023-06-01','YYYY-MM-DD'), 1583.69, 14346.5, 1127.38, 622.43);
INSERT INTO welldata.PRODUCTION (UWI, PROD_DATE, OIL_BBL, GAS_MCF, WATER_BBL, HOURS_ON) VALUES ('WELL00000000024', TO_DATE('2023-07-01','YYYY-MM-DD'), 1050.03, 4901.31, 815.24, 289.4);
INSERT INTO welldata.PRODUCTION (UWI, PROD_DATE, OIL_BBL, GAS_MCF, WATER_BBL, HOURS_ON) VALUES ('WELL00000000024', TO_DATE('2023-08-01','YYYY-MM-DD'), 1892.93, 13356.93, 603.99, 169.04);
INSERT INTO welldata.PRODUCTION (UWI, PROD_DATE, OIL_BBL, GAS_MCF, WATER_BBL, HOURS_ON) VALUES ('WELL00000000024', TO_DATE('2023-09-01','YYYY-MM-DD'), 755.4, 11620.74, 1029.31, 231.08);
INSERT INTO welldata.PRODUCTION (UWI, PROD_DATE, OIL_BBL, GAS_MCF, WATER_BBL, HOURS_ON) VALUES ('WELL00000000024', TO_DATE('2023-10-01','YYYY-MM-DD'), 583.03, 13503.35, 972.14, 229.35);
INSERT INTO welldata.PRODUCTION (UWI, PROD_DATE, OIL_BBL, GAS_MCF, WATER_BBL, HOURS_ON) VALUES ('WELL00000000024', TO_DATE('2023-11-01','YYYY-MM-DD'), 234.38, 1283.68, 1027.61, 444.63);
INSERT INTO welldata.PRODUCTION (UWI, PROD_DATE, OIL_BBL, GAS_MCF, WATER_BBL, HOURS_ON) VALUES ('WELL00000000024', TO_DATE('2023-12-01','YYYY-MM-DD'), 1724.54, 14064.93, 1418.27, 359.11);
INSERT INTO welldata.PRODUCTION (UWI, PROD_DATE, OIL_BBL, GAS_MCF, WATER_BBL, HOURS_ON) VALUES ('WELL00000000024', TO_DATE('2024-01-01','YYYY-MM-DD'), 629.1, 1421.92, 1410.18, 170.9);
INSERT INTO welldata.PRODUCTION (UWI, PROD_DATE, OIL_BBL, GAS_MCF, WATER_BBL, HOURS_ON) VALUES ('WELL00000000024', TO_DATE('2024-02-01','YYYY-MM-DD'), 2082.78, 14854.39, 1284.73, 535.82);
INSERT INTO welldata.PRODUCTION (UWI, PROD_DATE, OIL_BBL, GAS_MCF, WATER_BBL, HOURS_ON) VALUES ('WELL00000000024', TO_DATE('2024-03-01','YYYY-MM-DD'), 655.31, 7277.33, 473.24, 648.91);
INSERT INTO welldata.PRODUCTION (UWI, PROD_DATE, OIL_BBL, GAS_MCF, WATER_BBL, HOURS_ON) VALUES ('WELL00000000024', TO_DATE('2024-04-01','YYYY-MM-DD'), 2897.34, 4585.87, 61.34, 298.06);
INSERT INTO welldata.PRODUCTION (UWI, PROD_DATE, OIL_BBL, GAS_MCF, WATER_BBL, HOURS_ON) VALUES ('WELL00000000024', TO_DATE('2024-05-01','YYYY-MM-DD'), 571.59, 4328.07, 612.04, 558.07);
INSERT INTO welldata.PRODUCTION (UWI, PROD_DATE, OIL_BBL, GAS_MCF, WATER_BBL, HOURS_ON) VALUES ('WELL00000000024', TO_DATE('2024-06-01','YYYY-MM-DD'), 224.06, 7685.92, 705.99, 159.35);
INSERT INTO welldata.PRODUCTION (UWI, PROD_DATE, OIL_BBL, GAS_MCF, WATER_BBL, HOURS_ON) VALUES ('WELL00000000024', TO_DATE('2024-07-01','YYYY-MM-DD'), 607.57, 14617.71, 222.21, 213.92);
INSERT INTO welldata.PRODUCTION (UWI, PROD_DATE, OIL_BBL, GAS_MCF, WATER_BBL, HOURS_ON) VALUES ('WELL00000000024', TO_DATE('2024-08-01','YYYY-MM-DD'), 428.03, 13144.69, 720.85, 403.76);
INSERT INTO welldata.PRODUCTION (UWI, PROD_DATE, OIL_BBL, GAS_MCF, WATER_BBL, HOURS_ON) VALUES ('WELL00000000024', TO_DATE('2024-09-01','YYYY-MM-DD'), 2294.32, 11961.27, 597.13, 166.18);
INSERT INTO welldata.PRODUCTION (UWI, PROD_DATE, OIL_BBL, GAS_MCF, WATER_BBL, HOURS_ON) VALUES ('WELL00000000024', TO_DATE('2024-10-01','YYYY-MM-DD'), 775.69, 6805.49, 1418.74, 666.58);
INSERT INTO welldata.PRODUCTION (UWI, PROD_DATE, OIL_BBL, GAS_MCF, WATER_BBL, HOURS_ON) VALUES ('WELL00000000024', TO_DATE('2024-11-01','YYYY-MM-DD'), 1844.95, 14913.26, 521.58, 229.68);
INSERT INTO welldata.PRODUCTION (UWI, PROD_DATE, OIL_BBL, GAS_MCF, WATER_BBL, HOURS_ON) VALUES ('WELL00000000024', TO_DATE('2024-12-01','YYYY-MM-DD'), 889.48, 7255.67, 1410.23, 277.8);
INSERT INTO welldata.FORMATION_TOPS (UWI, FORMATION, TOP_DEPTH_M, BASE_DEPTH_M, LITHOLOGY) VALUES ('WELL00000000024', 'Rajahmundry', 799, 867, 'SANDSTONE');
INSERT INTO welldata.FORMATION_TOPS (UWI, FORMATION, TOP_DEPTH_M, BASE_DEPTH_M, LITHOLOGY) VALUES ('WELL00000000024', 'Bengal', 985, 1353, 'LIMESTONE');
INSERT INTO welldata.FORMATION_TOPS (UWI, FORMATION, TOP_DEPTH_M, BASE_DEPTH_M, LITHOLOGY) VALUES ('WELL00000000024', 'Sanchore', 1145, 1295, 'SHALE');
INSERT INTO welldata.FORMATION_TOPS (UWI, FORMATION, TOP_DEPTH_M, BASE_DEPTH_M, LITHOLOGY) VALUES ('WELL00000000024', 'Barmer', 1123, 1213, 'DOLOMITE');
INSERT INTO welldata.CORE_ANALYSIS (UWI, CORE_RUN, TOP_DEPTH_M, BASE_DEPTH_M, GRAIN_DENSITY, BULK_DENSITY, RECOVERY_PCT) VALUES ('WELL00000000024', 1, 834, 914, 2.7447, 2.1759, 69.93);
INSERT INTO welldata.CORE_ANALYSIS (UWI, CORE_RUN, TOP_DEPTH_M, BASE_DEPTH_M, GRAIN_DENSITY, BULK_DENSITY, RECOVERY_PCT) VALUES ('WELL00000000024', 2, 1370, 1470, 2.6273, 2.1493, 58.89);
INSERT INTO welldata.WELL (UWI, WELL_NAME, OPERATOR, COUNTRY, BASIN, FIELD_NAME, SPUD_DATE, COMPLETION_DATE, WELL_TYPE, WELL_STATUS, SURFACE_LAT, SURFACE_LON, TOTAL_DEPTH_M, KB_ELEVATION_M) VALUES ('WELL00000000025', 'ONGC-KR-025', 'ONGC', 'India', 'Krishna-Godavari', 'Krishna Field 4', TO_DATE('2017-09-12','YYYY-MM-DD'), NULL, 'APPRAISAL', 'ACTIVE', 16.877123, 75.254652, 3988, 63.29);
INSERT INTO welldata.BOREHOLE (UBHI, UWI, BOREHOLE_NAME, BOREHOLE_TYPE, TOP_DEPTH_M, BASE_DEPTH_M) VALUES ('WELL00000000025-BH1', 'WELL00000000025', 'ONGC-KR-025-BH1', 'VERTICAL', 820, 1321);
INSERT INTO welldata.PETROPHYSICS (UBHI, SAMPLE_DEPTH_M, POROSITY, PERMEABILITY, WATER_SAT, FORMATION) VALUES ('WELL00000000025-BH1', 1000, 0.2786, 349.4935, 0.2256, 'Barmer');
INSERT INTO welldata.PETROPHYSICS (UBHI, SAMPLE_DEPTH_M, POROSITY, PERMEABILITY, WATER_SAT, FORMATION) VALUES ('WELL00000000025-BH1', 1020, 0.2548, 360.6392, 0.2818, 'Sanchore');
INSERT INTO welldata.PETROPHYSICS (UBHI, SAMPLE_DEPTH_M, POROSITY, PERMEABILITY, WATER_SAT, FORMATION) VALUES ('WELL00000000025-BH1', 1040, 0.1478, 41.4718, 0.332, 'Bengal');
INSERT INTO welldata.PETROPHYSICS (UBHI, SAMPLE_DEPTH_M, POROSITY, PERMEABILITY, WATER_SAT, FORMATION) VALUES ('WELL00000000025-BH1', 1060, 0.1194, 105.7882, 0.5403, 'Bengal');
INSERT INTO welldata.PETROPHYSICS (UBHI, SAMPLE_DEPTH_M, POROSITY, PERMEABILITY, WATER_SAT, FORMATION) VALUES ('WELL00000000025-BH1', 1080, 0.0681, 308.1044, 0.4181, 'Rajahmundry');
INSERT INTO welldata.PETROPHYSICS (UBHI, SAMPLE_DEPTH_M, POROSITY, PERMEABILITY, WATER_SAT, FORMATION) VALUES ('WELL00000000025-BH1', 1100, 0.2735, 222.9849, 0.615, 'Barmer');
INSERT INTO welldata.PETROPHYSICS (UBHI, SAMPLE_DEPTH_M, POROSITY, PERMEABILITY, WATER_SAT, FORMATION) VALUES ('WELL00000000025-BH1', 1120, 0.1552, 361.3102, 0.6719, 'Sanchore');
INSERT INTO welldata.PETROPHYSICS (UBHI, SAMPLE_DEPTH_M, POROSITY, PERMEABILITY, WATER_SAT, FORMATION) VALUES ('WELL00000000025-BH1', 1140, 0.2093, 32.3018, 0.5882, 'Rajahmundry');
INSERT INTO welldata.PETROPHYSICS (UBHI, SAMPLE_DEPTH_M, POROSITY, PERMEABILITY, WATER_SAT, FORMATION) VALUES ('WELL00000000025-BH1', 1160, 0.175, 62.136, 0.5441, 'Sanchore');
INSERT INTO welldata.PETROPHYSICS (UBHI, SAMPLE_DEPTH_M, POROSITY, PERMEABILITY, WATER_SAT, FORMATION) VALUES ('WELL00000000025-BH1', 1180, 0.2098, 88.2947, 0.5918, 'Sanchore');
INSERT INTO welldata.PETROPHYSICS (UBHI, SAMPLE_DEPTH_M, POROSITY, PERMEABILITY, WATER_SAT, FORMATION) VALUES ('WELL00000000025-BH1', 1200, 0.2645, 296.0773, 0.1672, 'Barmer');
INSERT INTO welldata.PETROPHYSICS (UBHI, SAMPLE_DEPTH_M, POROSITY, PERMEABILITY, WATER_SAT, FORMATION) VALUES ('WELL00000000025-BH1', 1220, 0.0528, 362.4287, 0.75, 'Rajahmundry');
INSERT INTO welldata.PETROPHYSICS (UBHI, SAMPLE_DEPTH_M, POROSITY, PERMEABILITY, WATER_SAT, FORMATION) VALUES ('WELL00000000025-BH1', 1240, 0.2611, 419.8945, 0.1737, 'Barmer');
INSERT INTO welldata.PETROPHYSICS (UBHI, SAMPLE_DEPTH_M, POROSITY, PERMEABILITY, WATER_SAT, FORMATION) VALUES ('WELL00000000025-BH1', 1260, 0.2704, 187.3426, 0.7352, 'Barmer');
INSERT INTO welldata.PETROPHYSICS (UBHI, SAMPLE_DEPTH_M, POROSITY, PERMEABILITY, WATER_SAT, FORMATION) VALUES ('WELL00000000025-BH1', 1280, 0.1437, 435.9022, 0.2575, 'Bengal');
INSERT INTO welldata.PETROPHYSICS (UBHI, SAMPLE_DEPTH_M, POROSITY, PERMEABILITY, WATER_SAT, FORMATION) VALUES ('WELL00000000025-BH1', 1300, 0.2516, 142.6883, 0.2415, 'Barmer');
INSERT INTO welldata.PETROPHYSICS (UBHI, SAMPLE_DEPTH_M, POROSITY, PERMEABILITY, WATER_SAT, FORMATION) VALUES ('WELL00000000025-BH1', 1320, 0.0684, 134.629, 0.3918, 'Rajahmundry');
INSERT INTO welldata.PETROPHYSICS (UBHI, SAMPLE_DEPTH_M, POROSITY, PERMEABILITY, WATER_SAT, FORMATION) VALUES ('WELL00000000025-BH1', 1340, 0.1075, 34.3579, 0.5125, 'Sanchore');
INSERT INTO welldata.PETROPHYSICS (UBHI, SAMPLE_DEPTH_M, POROSITY, PERMEABILITY, WATER_SAT, FORMATION) VALUES ('WELL00000000025-BH1', 1360, 0.2173, 217.8783, 0.262, 'Sanchore');
INSERT INTO welldata.PETROPHYSICS (UBHI, SAMPLE_DEPTH_M, POROSITY, PERMEABILITY, WATER_SAT, FORMATION) VALUES ('WELL00000000025-BH1', 1380, 0.0929, 348.4847, 0.1922, 'Sanchore');
INSERT INTO welldata.PETROPHYSICS (UBHI, SAMPLE_DEPTH_M, POROSITY, PERMEABILITY, WATER_SAT, FORMATION) VALUES ('WELL00000000025-BH1', 1400, 0.1528, 177.5985, 0.3364, 'Sanchore');
INSERT INTO welldata.PETROPHYSICS (UBHI, SAMPLE_DEPTH_M, POROSITY, PERMEABILITY, WATER_SAT, FORMATION) VALUES ('WELL00000000025-BH1', 1420, 0.1767, 251.7241, 0.3465, 'Barmer');
INSERT INTO welldata.PETROPHYSICS (UBHI, SAMPLE_DEPTH_M, POROSITY, PERMEABILITY, WATER_SAT, FORMATION) VALUES ('WELL00000000025-BH1', 1440, 0.0415, 156.8908, 0.6463, 'Rajahmundry');
INSERT INTO welldata.PETROPHYSICS (UBHI, SAMPLE_DEPTH_M, POROSITY, PERMEABILITY, WATER_SAT, FORMATION) VALUES ('WELL00000000025-BH1', 1460, 0.1916, 190.7739, 0.4569, 'Sanchore');
INSERT INTO welldata.PETROPHYSICS (UBHI, SAMPLE_DEPTH_M, POROSITY, PERMEABILITY, WATER_SAT, FORMATION) VALUES ('WELL00000000025-BH1', 1480, 0.1019, 202.2133, 0.7045, 'Bengal');
INSERT INTO welldata.PETROPHYSICS (UBHI, SAMPLE_DEPTH_M, POROSITY, PERMEABILITY, WATER_SAT, FORMATION) VALUES ('WELL00000000025-BH1', 1500, 0.2163, 195.4342, 0.3203, 'Bengal');
INSERT INTO welldata.PETROPHYSICS (UBHI, SAMPLE_DEPTH_M, POROSITY, PERMEABILITY, WATER_SAT, FORMATION) VALUES ('WELL00000000025-BH1', 1520, 0.2629, 325.9112, 0.2681, 'Sanchore');
INSERT INTO welldata.PETROPHYSICS (UBHI, SAMPLE_DEPTH_M, POROSITY, PERMEABILITY, WATER_SAT, FORMATION) VALUES ('WELL00000000025-BH1', 1540, 0.2436, 429.9952, 0.4617, 'Rajahmundry');
INSERT INTO welldata.PETROPHYSICS (UBHI, SAMPLE_DEPTH_M, POROSITY, PERMEABILITY, WATER_SAT, FORMATION) VALUES ('WELL00000000025-BH1', 1560, 0.1054, 315.5165, 0.379, 'Rajahmundry');
INSERT INTO welldata.PETROPHYSICS (UBHI, SAMPLE_DEPTH_M, POROSITY, PERMEABILITY, WATER_SAT, FORMATION) VALUES ('WELL00000000025-BH1', 1580, 0.1339, 243.1035, 0.343, 'Bengal');
INSERT INTO welldata.PETROPHYSICS (UBHI, SAMPLE_DEPTH_M, POROSITY, PERMEABILITY, WATER_SAT, FORMATION) VALUES ('WELL00000000025-BH1', 1600, 0.2196, 264.4478, 0.7482, 'Rajahmundry');
INSERT INTO welldata.PETROPHYSICS (UBHI, SAMPLE_DEPTH_M, POROSITY, PERMEABILITY, WATER_SAT, FORMATION) VALUES ('WELL00000000025-BH1', 1620, 0.1514, 440.5107, 0.302, 'Barmer');
INSERT INTO welldata.PETROPHYSICS (UBHI, SAMPLE_DEPTH_M, POROSITY, PERMEABILITY, WATER_SAT, FORMATION) VALUES ('WELL00000000025-BH1', 1640, 0.0781, 358.5101, 0.4312, 'Rajahmundry');
INSERT INTO welldata.PETROPHYSICS (UBHI, SAMPLE_DEPTH_M, POROSITY, PERMEABILITY, WATER_SAT, FORMATION) VALUES ('WELL00000000025-BH1', 1660, 0.2017, 97.9828, 0.3649, 'Rajahmundry');
INSERT INTO welldata.PETROPHYSICS (UBHI, SAMPLE_DEPTH_M, POROSITY, PERMEABILITY, WATER_SAT, FORMATION) VALUES ('WELL00000000025-BH1', 1680, 0.2489, 422.4695, 0.7267, 'Bengal');
INSERT INTO welldata.PETROPHYSICS (UBHI, SAMPLE_DEPTH_M, POROSITY, PERMEABILITY, WATER_SAT, FORMATION) VALUES ('WELL00000000025-BH1', 1700, 0.1298, 213.9801, 0.576, 'Rajahmundry');
INSERT INTO welldata.PETROPHYSICS (UBHI, SAMPLE_DEPTH_M, POROSITY, PERMEABILITY, WATER_SAT, FORMATION) VALUES ('WELL00000000025-BH1', 1720, 0.1772, 126.7205, 0.4903, 'Sanchore');
INSERT INTO welldata.PETROPHYSICS (UBHI, SAMPLE_DEPTH_M, POROSITY, PERMEABILITY, WATER_SAT, FORMATION) VALUES ('WELL00000000025-BH1', 1740, 0.1694, 104.1838, 0.1615, 'Barmer');
INSERT INTO welldata.PETROPHYSICS (UBHI, SAMPLE_DEPTH_M, POROSITY, PERMEABILITY, WATER_SAT, FORMATION) VALUES ('WELL00000000025-BH1', 1760, 0.2001, 177.0607, 0.644, 'Barmer');
INSERT INTO welldata.PETROPHYSICS (UBHI, SAMPLE_DEPTH_M, POROSITY, PERMEABILITY, WATER_SAT, FORMATION) VALUES ('WELL00000000025-BH1', 1780, 0.2559, 421.7626, 0.1531, 'Bengal');
INSERT INTO welldata.PETROPHYSICS (UBHI, SAMPLE_DEPTH_M, POROSITY, PERMEABILITY, WATER_SAT, FORMATION) VALUES ('WELL00000000025-BH1', 1800, 0.1367, 307.9787, 0.6861, 'Sanchore');
INSERT INTO welldata.PETROPHYSICS (UBHI, SAMPLE_DEPTH_M, POROSITY, PERMEABILITY, WATER_SAT, FORMATION) VALUES ('WELL00000000025-BH1', 1820, 0.1967, 245.82, 0.6218, 'Bengal');
INSERT INTO welldata.PETROPHYSICS (UBHI, SAMPLE_DEPTH_M, POROSITY, PERMEABILITY, WATER_SAT, FORMATION) VALUES ('WELL00000000025-BH1', 1840, 0.1282, 351.0783, 0.4488, 'Bengal');
INSERT INTO welldata.PETROPHYSICS (UBHI, SAMPLE_DEPTH_M, POROSITY, PERMEABILITY, WATER_SAT, FORMATION) VALUES ('WELL00000000025-BH1', 1860, 0.0637, 129.7566, 0.5925, 'Rajahmundry');
INSERT INTO welldata.PETROPHYSICS (UBHI, SAMPLE_DEPTH_M, POROSITY, PERMEABILITY, WATER_SAT, FORMATION) VALUES ('WELL00000000025-BH1', 1880, 0.0729, 167.3242, 0.2291, 'Barmer');
INSERT INTO welldata.PETROPHYSICS (UBHI, SAMPLE_DEPTH_M, POROSITY, PERMEABILITY, WATER_SAT, FORMATION) VALUES ('WELL00000000025-BH1', 1900, 0.0712, 112.5669, 0.1754, 'Bengal');
INSERT INTO welldata.PETROPHYSICS (UBHI, SAMPLE_DEPTH_M, POROSITY, PERMEABILITY, WATER_SAT, FORMATION) VALUES ('WELL00000000025-BH1', 1920, 0.2385, 139.5747, 0.5263, 'Bengal');
INSERT INTO welldata.PETROPHYSICS (UBHI, SAMPLE_DEPTH_M, POROSITY, PERMEABILITY, WATER_SAT, FORMATION) VALUES ('WELL00000000025-BH1', 1940, 0.1529, 193.3316, 0.2813, 'Rajahmundry');
INSERT INTO welldata.PETROPHYSICS (UBHI, SAMPLE_DEPTH_M, POROSITY, PERMEABILITY, WATER_SAT, FORMATION) VALUES ('WELL00000000025-BH1', 1960, 0.2344, 151.3201, 0.6589, 'Rajahmundry');
INSERT INTO welldata.PETROPHYSICS (UBHI, SAMPLE_DEPTH_M, POROSITY, PERMEABILITY, WATER_SAT, FORMATION) VALUES ('WELL00000000025-BH1', 1980, 0.1956, 83.0742, 0.6802, 'Bengal');
INSERT INTO welldata.PETROPHYSICS (UBHI, SAMPLE_DEPTH_M, POROSITY, PERMEABILITY, WATER_SAT, FORMATION) VALUES ('WELL00000000025-BH1', 2000, 0.2418, 366.3487, 0.4003, 'Rajahmundry');
INSERT INTO welldata.PETROPHYSICS (UBHI, SAMPLE_DEPTH_M, POROSITY, PERMEABILITY, WATER_SAT, FORMATION) VALUES ('WELL00000000025-BH1', 2020, 0.1865, 388.4527, 0.3554, 'Barmer');
INSERT INTO welldata.PETROPHYSICS (UBHI, SAMPLE_DEPTH_M, POROSITY, PERMEABILITY, WATER_SAT, FORMATION) VALUES ('WELL00000000025-BH1', 2040, 0.249, 398.3579, 0.6485, 'Sanchore');
INSERT INTO welldata.PETROPHYSICS (UBHI, SAMPLE_DEPTH_M, POROSITY, PERMEABILITY, WATER_SAT, FORMATION) VALUES ('WELL00000000025-BH1', 2060, 0.2115, 197.3766, 0.4477, 'Rajahmundry');
INSERT INTO welldata.PETROPHYSICS (UBHI, SAMPLE_DEPTH_M, POROSITY, PERMEABILITY, WATER_SAT, FORMATION) VALUES ('WELL00000000025-BH1', 2080, 0.0642, 18.8894, 0.2927, 'Barmer');
INSERT INTO welldata.PETROPHYSICS (UBHI, SAMPLE_DEPTH_M, POROSITY, PERMEABILITY, WATER_SAT, FORMATION) VALUES ('WELL00000000025-BH1', 2100, 0.0712, 66.9884, 0.6567, 'Barmer');
INSERT INTO welldata.PETROPHYSICS (UBHI, SAMPLE_DEPTH_M, POROSITY, PERMEABILITY, WATER_SAT, FORMATION) VALUES ('WELL00000000025-BH1', 2120, 0.1721, 278.6211, 0.6462, 'Sanchore');
INSERT INTO welldata.PETROPHYSICS (UBHI, SAMPLE_DEPTH_M, POROSITY, PERMEABILITY, WATER_SAT, FORMATION) VALUES ('WELL00000000025-BH1', 2140, 0.2455, 426.2543, 0.2231, 'Rajahmundry');
INSERT INTO welldata.PETROPHYSICS (UBHI, SAMPLE_DEPTH_M, POROSITY, PERMEABILITY, WATER_SAT, FORMATION) VALUES ('WELL00000000025-BH1', 2160, 0.2297, 70.8216, 0.5103, 'Bengal');
INSERT INTO welldata.PETROPHYSICS (UBHI, SAMPLE_DEPTH_M, POROSITY, PERMEABILITY, WATER_SAT, FORMATION) VALUES ('WELL00000000025-BH1', 2180, 0.0776, 253.0466, 0.1766, 'Rajahmundry');
INSERT INTO welldata.PETROPHYSICS (UBHI, SAMPLE_DEPTH_M, POROSITY, PERMEABILITY, WATER_SAT, FORMATION) VALUES ('WELL00000000025-BH1', 2200, 0.2124, 205.7217, 0.2875, 'Barmer');
INSERT INTO welldata.PETROPHYSICS (UBHI, SAMPLE_DEPTH_M, POROSITY, PERMEABILITY, WATER_SAT, FORMATION) VALUES ('WELL00000000025-BH1', 2220, 0.0982, 387.851, 0.5243, 'Barmer');
INSERT INTO welldata.PETROPHYSICS (UBHI, SAMPLE_DEPTH_M, POROSITY, PERMEABILITY, WATER_SAT, FORMATION) VALUES ('WELL00000000025-BH1', 2240, 0.0998, 359.2457, 0.5947, 'Barmer');
INSERT INTO welldata.PETROPHYSICS (UBHI, SAMPLE_DEPTH_M, POROSITY, PERMEABILITY, WATER_SAT, FORMATION) VALUES ('WELL00000000025-BH1', 2260, 0.0659, 345.6802, 0.6343, 'Rajahmundry');
INSERT INTO welldata.PETROPHYSICS (UBHI, SAMPLE_DEPTH_M, POROSITY, PERMEABILITY, WATER_SAT, FORMATION) VALUES ('WELL00000000025-BH1', 2280, 0.1274, 175.405, 0.6205, 'Barmer');
INSERT INTO welldata.PETROPHYSICS (UBHI, SAMPLE_DEPTH_M, POROSITY, PERMEABILITY, WATER_SAT, FORMATION) VALUES ('WELL00000000025-BH1', 2300, 0.1078, 429.7519, 0.2121, 'Rajahmundry');
INSERT INTO welldata.PETROPHYSICS (UBHI, SAMPLE_DEPTH_M, POROSITY, PERMEABILITY, WATER_SAT, FORMATION) VALUES ('WELL00000000025-BH1', 2320, 0.2627, 379.4092, 0.3776, 'Barmer');
INSERT INTO welldata.PETROPHYSICS (UBHI, SAMPLE_DEPTH_M, POROSITY, PERMEABILITY, WATER_SAT, FORMATION) VALUES ('WELL00000000025-BH1', 2340, 0.2688, 393.3472, 0.2724, 'Barmer');
INSERT INTO welldata.PETROPHYSICS (UBHI, SAMPLE_DEPTH_M, POROSITY, PERMEABILITY, WATER_SAT, FORMATION) VALUES ('WELL00000000025-BH1', 2360, 0.1392, 27.2462, 0.6053, 'Barmer');
INSERT INTO welldata.PETROPHYSICS (UBHI, SAMPLE_DEPTH_M, POROSITY, PERMEABILITY, WATER_SAT, FORMATION) VALUES ('WELL00000000025-BH1', 2380, 0.167, 267.5276, 0.6466, 'Sanchore');
INSERT INTO welldata.PETROPHYSICS (UBHI, SAMPLE_DEPTH_M, POROSITY, PERMEABILITY, WATER_SAT, FORMATION) VALUES ('WELL00000000025-BH1', 2400, 0.0829, 110.4118, 0.5529, 'Sanchore');
INSERT INTO welldata.PETROPHYSICS (UBHI, SAMPLE_DEPTH_M, POROSITY, PERMEABILITY, WATER_SAT, FORMATION) VALUES ('WELL00000000025-BH1', 2420, 0.1941, 81.5121, 0.5449, 'Sanchore');
INSERT INTO welldata.PETROPHYSICS (UBHI, SAMPLE_DEPTH_M, POROSITY, PERMEABILITY, WATER_SAT, FORMATION) VALUES ('WELL00000000025-BH1', 2440, 0.1102, 358.1245, 0.2257, 'Barmer');
INSERT INTO welldata.PETROPHYSICS (UBHI, SAMPLE_DEPTH_M, POROSITY, PERMEABILITY, WATER_SAT, FORMATION) VALUES ('WELL00000000025-BH1', 2460, 0.1776, 8.1215, 0.1629, 'Bengal');
INSERT INTO welldata.PETROPHYSICS (UBHI, SAMPLE_DEPTH_M, POROSITY, PERMEABILITY, WATER_SAT, FORMATION) VALUES ('WELL00000000025-BH1', 2480, 0.1391, 340.6911, 0.4897, 'Rajahmundry');
INSERT INTO welldata.PETROPHYSICS (UBHI, SAMPLE_DEPTH_M, POROSITY, PERMEABILITY, WATER_SAT, FORMATION) VALUES ('WELL00000000025-BH1', 2500, 0.0824, 432.4027, 0.6205, 'Barmer');
INSERT INTO welldata.PETROPHYSICS (UBHI, SAMPLE_DEPTH_M, POROSITY, PERMEABILITY, WATER_SAT, FORMATION) VALUES ('WELL00000000025-BH1', 2520, 0.2494, 263.7355, 0.2081, 'Bengal');
INSERT INTO welldata.PETROPHYSICS (UBHI, SAMPLE_DEPTH_M, POROSITY, PERMEABILITY, WATER_SAT, FORMATION) VALUES ('WELL00000000025-BH1', 2540, 0.1757, 149.0588, 0.47, 'Sanchore');
INSERT INTO welldata.PETROPHYSICS (UBHI, SAMPLE_DEPTH_M, POROSITY, PERMEABILITY, WATER_SAT, FORMATION) VALUES ('WELL00000000025-BH1', 2560, 0.2743, 166.519, 0.5022, 'Barmer');
INSERT INTO welldata.PETROPHYSICS (UBHI, SAMPLE_DEPTH_M, POROSITY, PERMEABILITY, WATER_SAT, FORMATION) VALUES ('WELL00000000025-BH1', 2580, 0.1432, 59.0647, 0.2531, 'Sanchore');
INSERT INTO welldata.PETROPHYSICS (UBHI, SAMPLE_DEPTH_M, POROSITY, PERMEABILITY, WATER_SAT, FORMATION) VALUES ('WELL00000000025-BH1', 2600, 0.1116, 447.7332, 0.3247, 'Barmer');
INSERT INTO welldata.PETROPHYSICS (UBHI, SAMPLE_DEPTH_M, POROSITY, PERMEABILITY, WATER_SAT, FORMATION) VALUES ('WELL00000000025-BH1', 2620, 0.1803, 320.5255, 0.2991, 'Barmer');
INSERT INTO welldata.PETROPHYSICS (UBHI, SAMPLE_DEPTH_M, POROSITY, PERMEABILITY, WATER_SAT, FORMATION) VALUES ('WELL00000000025-BH1', 2640, 0.1149, 71.9009, 0.3498, 'Rajahmundry');
INSERT INTO welldata.PETROPHYSICS (UBHI, SAMPLE_DEPTH_M, POROSITY, PERMEABILITY, WATER_SAT, FORMATION) VALUES ('WELL00000000025-BH1', 2660, 0.1858, 358.8841, 0.7391, 'Barmer');
INSERT INTO welldata.PETROPHYSICS (UBHI, SAMPLE_DEPTH_M, POROSITY, PERMEABILITY, WATER_SAT, FORMATION) VALUES ('WELL00000000025-BH1', 2680, 0.2411, 413.6953, 0.1612, 'Sanchore');
INSERT INTO welldata.PETROPHYSICS (UBHI, SAMPLE_DEPTH_M, POROSITY, PERMEABILITY, WATER_SAT, FORMATION) VALUES ('WELL00000000025-BH1', 2700, 0.2758, 143.0101, 0.5788, 'Rajahmundry');
INSERT INTO welldata.PETROPHYSICS (UBHI, SAMPLE_DEPTH_M, POROSITY, PERMEABILITY, WATER_SAT, FORMATION) VALUES ('WELL00000000025-BH1', 2720, 0.0792, 4.6162, 0.6282, 'Sanchore');
INSERT INTO welldata.PETROPHYSICS (UBHI, SAMPLE_DEPTH_M, POROSITY, PERMEABILITY, WATER_SAT, FORMATION) VALUES ('WELL00000000025-BH1', 2740, 0.0864, 329.7481, 0.2256, 'Sanchore');
INSERT INTO welldata.PETROPHYSICS (UBHI, SAMPLE_DEPTH_M, POROSITY, PERMEABILITY, WATER_SAT, FORMATION) VALUES ('WELL00000000025-BH1', 2760, 0.1749, 390.245, 0.596, 'Barmer');
INSERT INTO welldata.PETROPHYSICS (UBHI, SAMPLE_DEPTH_M, POROSITY, PERMEABILITY, WATER_SAT, FORMATION) VALUES ('WELL00000000025-BH1', 2780, 0.1122, 438.1591, 0.261, 'Barmer');
INSERT INTO welldata.PETROPHYSICS (UBHI, SAMPLE_DEPTH_M, POROSITY, PERMEABILITY, WATER_SAT, FORMATION) VALUES ('WELL00000000025-BH1', 2800, 0.1552, 127.1361, 0.6326, 'Barmer');
INSERT INTO welldata.PETROPHYSICS (UBHI, SAMPLE_DEPTH_M, POROSITY, PERMEABILITY, WATER_SAT, FORMATION) VALUES ('WELL00000000025-BH1', 2820, 0.0765, 160.3401, 0.5127, 'Bengal');
INSERT INTO welldata.PETROPHYSICS (UBHI, SAMPLE_DEPTH_M, POROSITY, PERMEABILITY, WATER_SAT, FORMATION) VALUES ('WELL00000000025-BH1', 2840, 0.1063, 249.3465, 0.171, 'Bengal');
INSERT INTO welldata.PETROPHYSICS (UBHI, SAMPLE_DEPTH_M, POROSITY, PERMEABILITY, WATER_SAT, FORMATION) VALUES ('WELL00000000025-BH1', 2860, 0.1128, 254.848, 0.5474, 'Sanchore');
INSERT INTO welldata.PETROPHYSICS (UBHI, SAMPLE_DEPTH_M, POROSITY, PERMEABILITY, WATER_SAT, FORMATION) VALUES ('WELL00000000025-BH1', 2880, 0.1803, 348.4539, 0.7078, 'Barmer');
INSERT INTO welldata.PETROPHYSICS (UBHI, SAMPLE_DEPTH_M, POROSITY, PERMEABILITY, WATER_SAT, FORMATION) VALUES ('WELL00000000025-BH1', 2900, 0.045, 140.0787, 0.7167, 'Bengal');
INSERT INTO welldata.PETROPHYSICS (UBHI, SAMPLE_DEPTH_M, POROSITY, PERMEABILITY, WATER_SAT, FORMATION) VALUES ('WELL00000000025-BH1', 2920, 0.1591, 179.6116, 0.2233, 'Bengal');
INSERT INTO welldata.PETROPHYSICS (UBHI, SAMPLE_DEPTH_M, POROSITY, PERMEABILITY, WATER_SAT, FORMATION) VALUES ('WELL00000000025-BH1', 2940, 0.1372, 212.1735, 0.5832, 'Bengal');
INSERT INTO welldata.PETROPHYSICS (UBHI, SAMPLE_DEPTH_M, POROSITY, PERMEABILITY, WATER_SAT, FORMATION) VALUES ('WELL00000000025-BH1', 2960, 0.1774, 314.663, 0.1869, 'Sanchore');
INSERT INTO welldata.PETROPHYSICS (UBHI, SAMPLE_DEPTH_M, POROSITY, PERMEABILITY, WATER_SAT, FORMATION) VALUES ('WELL00000000025-BH1', 2980, 0.1467, 175.2507, 0.6536, 'Bengal');
INSERT INTO welldata.PETROPHYSICS (UBHI, SAMPLE_DEPTH_M, POROSITY, PERMEABILITY, WATER_SAT, FORMATION) VALUES ('WELL00000000025-BH1', 3000, 0.0424, 219.6477, 0.2951, 'Sanchore');
INSERT INTO welldata.BOREHOLE (UBHI, UWI, BOREHOLE_NAME, BOREHOLE_TYPE, TOP_DEPTH_M, BASE_DEPTH_M) VALUES ('WELL00000000025-BH2', 'WELL00000000025', 'ONGC-KR-025-BH2', 'VERTICAL', 690, 1201);
INSERT INTO welldata.PETROPHYSICS (UBHI, SAMPLE_DEPTH_M, POROSITY, PERMEABILITY, WATER_SAT, FORMATION) VALUES ('WELL00000000025-BH2', 1000, 0.1596, 43.9317, 0.554, 'Sanchore');
INSERT INTO welldata.PETROPHYSICS (UBHI, SAMPLE_DEPTH_M, POROSITY, PERMEABILITY, WATER_SAT, FORMATION) VALUES ('WELL00000000025-BH2', 1020, 0.0992, 252.8654, 0.2205, 'Rajahmundry');
INSERT INTO welldata.PETROPHYSICS (UBHI, SAMPLE_DEPTH_M, POROSITY, PERMEABILITY, WATER_SAT, FORMATION) VALUES ('WELL00000000025-BH2', 1040, 0.1042, 16.4301, 0.289, 'Bengal');
INSERT INTO welldata.PETROPHYSICS (UBHI, SAMPLE_DEPTH_M, POROSITY, PERMEABILITY, WATER_SAT, FORMATION) VALUES ('WELL00000000025-BH2', 1060, 0.0919, 83.1146, 0.4943, 'Bengal');
INSERT INTO welldata.PETROPHYSICS (UBHI, SAMPLE_DEPTH_M, POROSITY, PERMEABILITY, WATER_SAT, FORMATION) VALUES ('WELL00000000025-BH2', 1080, 0.0461, 45.5253, 0.1742, 'Barmer');
INSERT INTO welldata.PETROPHYSICS (UBHI, SAMPLE_DEPTH_M, POROSITY, PERMEABILITY, WATER_SAT, FORMATION) VALUES ('WELL00000000025-BH2', 1100, 0.28, 46.0793, 0.4666, 'Sanchore');
INSERT INTO welldata.PETROPHYSICS (UBHI, SAMPLE_DEPTH_M, POROSITY, PERMEABILITY, WATER_SAT, FORMATION) VALUES ('WELL00000000025-BH2', 1120, 0.2259, 101.2684, 0.7019, 'Barmer');
INSERT INTO welldata.PETROPHYSICS (UBHI, SAMPLE_DEPTH_M, POROSITY, PERMEABILITY, WATER_SAT, FORMATION) VALUES ('WELL00000000025-BH2', 1140, 0.1988, 378.1197, 0.1959, 'Bengal');
INSERT INTO welldata.PETROPHYSICS (UBHI, SAMPLE_DEPTH_M, POROSITY, PERMEABILITY, WATER_SAT, FORMATION) VALUES ('WELL00000000025-BH2', 1160, 0.1928, 360.3744, 0.4005, 'Rajahmundry');
INSERT INTO welldata.PETROPHYSICS (UBHI, SAMPLE_DEPTH_M, POROSITY, PERMEABILITY, WATER_SAT, FORMATION) VALUES ('WELL00000000025-BH2', 1180, 0.0635, 103.1545, 0.1587, 'Rajahmundry');
INSERT INTO welldata.PETROPHYSICS (UBHI, SAMPLE_DEPTH_M, POROSITY, PERMEABILITY, WATER_SAT, FORMATION) VALUES ('WELL00000000025-BH2', 1200, 0.1618, 19.9656, 0.2444, 'Rajahmundry');
INSERT INTO welldata.PETROPHYSICS (UBHI, SAMPLE_DEPTH_M, POROSITY, PERMEABILITY, WATER_SAT, FORMATION) VALUES ('WELL00000000025-BH2', 1220, 0.2172, 46.3664, 0.2702, 'Sanchore');
INSERT INTO welldata.PETROPHYSICS (UBHI, SAMPLE_DEPTH_M, POROSITY, PERMEABILITY, WATER_SAT, FORMATION) VALUES ('WELL00000000025-BH2', 1240, 0.1572, 198.6137, 0.4016, 'Bengal');
INSERT INTO welldata.PETROPHYSICS (UBHI, SAMPLE_DEPTH_M, POROSITY, PERMEABILITY, WATER_SAT, FORMATION) VALUES ('WELL00000000025-BH2', 1260, 0.2, 210.4751, 0.5343, 'Bengal');
INSERT INTO welldata.PETROPHYSICS (UBHI, SAMPLE_DEPTH_M, POROSITY, PERMEABILITY, WATER_SAT, FORMATION) VALUES ('WELL00000000025-BH2', 1280, 0.2568, 15.5515, 0.5183, 'Sanchore');
INSERT INTO welldata.PETROPHYSICS (UBHI, SAMPLE_DEPTH_M, POROSITY, PERMEABILITY, WATER_SAT, FORMATION) VALUES ('WELL00000000025-BH2', 1300, 0.0612, 197.3859, 0.6172, 'Bengal');
INSERT INTO welldata.PETROPHYSICS (UBHI, SAMPLE_DEPTH_M, POROSITY, PERMEABILITY, WATER_SAT, FORMATION) VALUES ('WELL00000000025-BH2', 1320, 0.104, 236.3532, 0.5504, 'Sanchore');
INSERT INTO welldata.PETROPHYSICS (UBHI, SAMPLE_DEPTH_M, POROSITY, PERMEABILITY, WATER_SAT, FORMATION) VALUES ('WELL00000000025-BH2', 1340, 0.112, 170.6722, 0.2239, 'Rajahmundry');
INSERT INTO welldata.PETROPHYSICS (UBHI, SAMPLE_DEPTH_M, POROSITY, PERMEABILITY, WATER_SAT, FORMATION) VALUES ('WELL00000000025-BH2', 1360, 0.1092, 445.4274, 0.1874, 'Barmer');
INSERT INTO welldata.PETROPHYSICS (UBHI, SAMPLE_DEPTH_M, POROSITY, PERMEABILITY, WATER_SAT, FORMATION) VALUES ('WELL00000000025-BH2', 1380, 0.1758, 205.5734, 0.6315, 'Sanchore');
INSERT INTO welldata.PETROPHYSICS (UBHI, SAMPLE_DEPTH_M, POROSITY, PERMEABILITY, WATER_SAT, FORMATION) VALUES ('WELL00000000025-BH2', 1400, 0.1794, 291.2223, 0.5894, 'Barmer');
INSERT INTO welldata.PETROPHYSICS (UBHI, SAMPLE_DEPTH_M, POROSITY, PERMEABILITY, WATER_SAT, FORMATION) VALUES ('WELL00000000025-BH2', 1420, 0.0774, 55.729, 0.1676, 'Bengal');
INSERT INTO welldata.PETROPHYSICS (UBHI, SAMPLE_DEPTH_M, POROSITY, PERMEABILITY, WATER_SAT, FORMATION) VALUES ('WELL00000000025-BH2', 1440, 0.1981, 116.9354, 0.3346, 'Rajahmundry');
INSERT INTO welldata.PETROPHYSICS (UBHI, SAMPLE_DEPTH_M, POROSITY, PERMEABILITY, WATER_SAT, FORMATION) VALUES ('WELL00000000025-BH2', 1460, 0.1336, 100.8994, 0.2629, 'Barmer');
INSERT INTO welldata.PETROPHYSICS (UBHI, SAMPLE_DEPTH_M, POROSITY, PERMEABILITY, WATER_SAT, FORMATION) VALUES ('WELL00000000025-BH2', 1480, 0.26, 335.3173, 0.2694, 'Rajahmundry');
INSERT INTO welldata.PETROPHYSICS (UBHI, SAMPLE_DEPTH_M, POROSITY, PERMEABILITY, WATER_SAT, FORMATION) VALUES ('WELL00000000025-BH2', 1500, 0.1911, 149.1697, 0.6241, 'Rajahmundry');
INSERT INTO welldata.PETROPHYSICS (UBHI, SAMPLE_DEPTH_M, POROSITY, PERMEABILITY, WATER_SAT, FORMATION) VALUES ('WELL00000000025-BH2', 1520, 0.2239, 256.9585, 0.4041, 'Barmer');
INSERT INTO welldata.PETROPHYSICS (UBHI, SAMPLE_DEPTH_M, POROSITY, PERMEABILITY, WATER_SAT, FORMATION) VALUES ('WELL00000000025-BH2', 1540, 0.0926, 232.7262, 0.5191, 'Bengal');
INSERT INTO welldata.PETROPHYSICS (UBHI, SAMPLE_DEPTH_M, POROSITY, PERMEABILITY, WATER_SAT, FORMATION) VALUES ('WELL00000000025-BH2', 1560, 0.2564, 222.8738, 0.4955, 'Rajahmundry');
INSERT INTO welldata.PETROPHYSICS (UBHI, SAMPLE_DEPTH_M, POROSITY, PERMEABILITY, WATER_SAT, FORMATION) VALUES ('WELL00000000025-BH2', 1580, 0.2717, 250.82, 0.2559, 'Barmer');
INSERT INTO welldata.PETROPHYSICS (UBHI, SAMPLE_DEPTH_M, POROSITY, PERMEABILITY, WATER_SAT, FORMATION) VALUES ('WELL00000000025-BH2', 1600, 0.1355, 183.183, 0.2095, 'Bengal');
INSERT INTO welldata.PETROPHYSICS (UBHI, SAMPLE_DEPTH_M, POROSITY, PERMEABILITY, WATER_SAT, FORMATION) VALUES ('WELL00000000025-BH2', 1620, 0.1349, 177.0398, 0.7028, 'Barmer');
INSERT INTO welldata.PETROPHYSICS (UBHI, SAMPLE_DEPTH_M, POROSITY, PERMEABILITY, WATER_SAT, FORMATION) VALUES ('WELL00000000025-BH2', 1640, 0.2218, 428.971, 0.4304, 'Bengal');
INSERT INTO welldata.PETROPHYSICS (UBHI, SAMPLE_DEPTH_M, POROSITY, PERMEABILITY, WATER_SAT, FORMATION) VALUES ('WELL00000000025-BH2', 1660, 0.0765, 448.7732, 0.5472, 'Rajahmundry');
INSERT INTO welldata.PETROPHYSICS (UBHI, SAMPLE_DEPTH_M, POROSITY, PERMEABILITY, WATER_SAT, FORMATION) VALUES ('WELL00000000025-BH2', 1680, 0.2593, 404.985, 0.5166, 'Bengal');
INSERT INTO welldata.PETROPHYSICS (UBHI, SAMPLE_DEPTH_M, POROSITY, PERMEABILITY, WATER_SAT, FORMATION) VALUES ('WELL00000000025-BH2', 1700, 0.065, 71.1573, 0.4281, 'Bengal');
INSERT INTO welldata.PETROPHYSICS (UBHI, SAMPLE_DEPTH_M, POROSITY, PERMEABILITY, WATER_SAT, FORMATION) VALUES ('WELL00000000025-BH2', 1720, 0.2165, 183.7382, 0.4015, 'Sanchore');
INSERT INTO welldata.PETROPHYSICS (UBHI, SAMPLE_DEPTH_M, POROSITY, PERMEABILITY, WATER_SAT, FORMATION) VALUES ('WELL00000000025-BH2', 1740, 0.1847, 358.8789, 0.6239, 'Barmer');
INSERT INTO welldata.PETROPHYSICS (UBHI, SAMPLE_DEPTH_M, POROSITY, PERMEABILITY, WATER_SAT, FORMATION) VALUES ('WELL00000000025-BH2', 1760, 0.2481, 42.7896, 0.335, 'Bengal');
INSERT INTO welldata.PETROPHYSICS (UBHI, SAMPLE_DEPTH_M, POROSITY, PERMEABILITY, WATER_SAT, FORMATION) VALUES ('WELL00000000025-BH2', 1780, 0.267, 219.5302, 0.3021, 'Rajahmundry');
INSERT INTO welldata.PETROPHYSICS (UBHI, SAMPLE_DEPTH_M, POROSITY, PERMEABILITY, WATER_SAT, FORMATION) VALUES ('WELL00000000025-BH2', 1800, 0.1219, 226.8913, 0.7373, 'Sanchore');
INSERT INTO welldata.PETROPHYSICS (UBHI, SAMPLE_DEPTH_M, POROSITY, PERMEABILITY, WATER_SAT, FORMATION) VALUES ('WELL00000000025-BH2', 1820, 0.1455, 203.4896, 0.6259, 'Sanchore');
INSERT INTO welldata.PETROPHYSICS (UBHI, SAMPLE_DEPTH_M, POROSITY, PERMEABILITY, WATER_SAT, FORMATION) VALUES ('WELL00000000025-BH2', 1840, 0.089, 350.3691, 0.4325, 'Rajahmundry');
INSERT INTO welldata.PETROPHYSICS (UBHI, SAMPLE_DEPTH_M, POROSITY, PERMEABILITY, WATER_SAT, FORMATION) VALUES ('WELL00000000025-BH2', 1860, 0.198, 396.6277, 0.1969, 'Barmer');
INSERT INTO welldata.PETROPHYSICS (UBHI, SAMPLE_DEPTH_M, POROSITY, PERMEABILITY, WATER_SAT, FORMATION) VALUES ('WELL00000000025-BH2', 1880, 0.0867, 209.1864, 0.5815, 'Barmer');
INSERT INTO welldata.PETROPHYSICS (UBHI, SAMPLE_DEPTH_M, POROSITY, PERMEABILITY, WATER_SAT, FORMATION) VALUES ('WELL00000000025-BH2', 1900, 0.0841, 308.3831, 0.3676, 'Sanchore');
INSERT INTO welldata.PETROPHYSICS (UBHI, SAMPLE_DEPTH_M, POROSITY, PERMEABILITY, WATER_SAT, FORMATION) VALUES ('WELL00000000025-BH2', 1920, 0.0832, 283.0021, 0.2586, 'Barmer');
INSERT INTO welldata.PETROPHYSICS (UBHI, SAMPLE_DEPTH_M, POROSITY, PERMEABILITY, WATER_SAT, FORMATION) VALUES ('WELL00000000025-BH2', 1940, 0.1244, 69.497, 0.5044, 'Bengal');
INSERT INTO welldata.PETROPHYSICS (UBHI, SAMPLE_DEPTH_M, POROSITY, PERMEABILITY, WATER_SAT, FORMATION) VALUES ('WELL00000000025-BH2', 1960, 0.1655, 46.4608, 0.3549, 'Bengal');
INSERT INTO welldata.PETROPHYSICS (UBHI, SAMPLE_DEPTH_M, POROSITY, PERMEABILITY, WATER_SAT, FORMATION) VALUES ('WELL00000000025-BH2', 1980, 0.216, 223.2872, 0.4586, 'Barmer');
INSERT INTO welldata.PETROPHYSICS (UBHI, SAMPLE_DEPTH_M, POROSITY, PERMEABILITY, WATER_SAT, FORMATION) VALUES ('WELL00000000025-BH2', 2000, 0.0468, 410.0834, 0.7481, 'Sanchore');
INSERT INTO welldata.PETROPHYSICS (UBHI, SAMPLE_DEPTH_M, POROSITY, PERMEABILITY, WATER_SAT, FORMATION) VALUES ('WELL00000000025-BH2', 2020, 0.1461, 424.4528, 0.2134, 'Rajahmundry');
INSERT INTO welldata.PETROPHYSICS (UBHI, SAMPLE_DEPTH_M, POROSITY, PERMEABILITY, WATER_SAT, FORMATION) VALUES ('WELL00000000025-BH2', 2040, 0.2096, 139.2403, 0.4336, 'Bengal');
INSERT INTO welldata.PETROPHYSICS (UBHI, SAMPLE_DEPTH_M, POROSITY, PERMEABILITY, WATER_SAT, FORMATION) VALUES ('WELL00000000025-BH2', 2060, 0.0767, 159.9977, 0.3958, 'Bengal');
INSERT INTO welldata.PETROPHYSICS (UBHI, SAMPLE_DEPTH_M, POROSITY, PERMEABILITY, WATER_SAT, FORMATION) VALUES ('WELL00000000025-BH2', 2080, 0.2738, 397.1833, 0.1782, 'Barmer');
INSERT INTO welldata.PETROPHYSICS (UBHI, SAMPLE_DEPTH_M, POROSITY, PERMEABILITY, WATER_SAT, FORMATION) VALUES ('WELL00000000025-BH2', 2100, 0.0645, 448.9793, 0.3014, 'Barmer');
INSERT INTO welldata.PETROPHYSICS (UBHI, SAMPLE_DEPTH_M, POROSITY, PERMEABILITY, WATER_SAT, FORMATION) VALUES ('WELL00000000025-BH2', 2120, 0.064, 267.834, 0.4634, 'Bengal');
INSERT INTO welldata.PETROPHYSICS (UBHI, SAMPLE_DEPTH_M, POROSITY, PERMEABILITY, WATER_SAT, FORMATION) VALUES ('WELL00000000025-BH2', 2140, 0.176, 186.2602, 0.6162, 'Bengal');
INSERT INTO welldata.PETROPHYSICS (UBHI, SAMPLE_DEPTH_M, POROSITY, PERMEABILITY, WATER_SAT, FORMATION) VALUES ('WELL00000000025-BH2', 2160, 0.1834, 45.1676, 0.3685, 'Barmer');
INSERT INTO welldata.PETROPHYSICS (UBHI, SAMPLE_DEPTH_M, POROSITY, PERMEABILITY, WATER_SAT, FORMATION) VALUES ('WELL00000000025-BH2', 2180, 0.1943, 331.2445, 0.6463, 'Sanchore');
INSERT INTO welldata.PETROPHYSICS (UBHI, SAMPLE_DEPTH_M, POROSITY, PERMEABILITY, WATER_SAT, FORMATION) VALUES ('WELL00000000025-BH2', 2200, 0.1064, 441.3182, 0.7103, 'Bengal');
INSERT INTO welldata.PETROPHYSICS (UBHI, SAMPLE_DEPTH_M, POROSITY, PERMEABILITY, WATER_SAT, FORMATION) VALUES ('WELL00000000025-BH2', 2220, 0.0666, 255.7676, 0.5936, 'Bengal');
INSERT INTO welldata.PETROPHYSICS (UBHI, SAMPLE_DEPTH_M, POROSITY, PERMEABILITY, WATER_SAT, FORMATION) VALUES ('WELL00000000025-BH2', 2240, 0.1144, 122.384, 0.3067, 'Bengal');
INSERT INTO welldata.PETROPHYSICS (UBHI, SAMPLE_DEPTH_M, POROSITY, PERMEABILITY, WATER_SAT, FORMATION) VALUES ('WELL00000000025-BH2', 2260, 0.0908, 331.8174, 0.6133, 'Bengal');
INSERT INTO welldata.PETROPHYSICS (UBHI, SAMPLE_DEPTH_M, POROSITY, PERMEABILITY, WATER_SAT, FORMATION) VALUES ('WELL00000000025-BH2', 2280, 0.2242, 422.1008, 0.3168, 'Bengal');
INSERT INTO welldata.PETROPHYSICS (UBHI, SAMPLE_DEPTH_M, POROSITY, PERMEABILITY, WATER_SAT, FORMATION) VALUES ('WELL00000000025-BH2', 2300, 0.2327, 168.2371, 0.5866, 'Rajahmundry');
INSERT INTO welldata.PETROPHYSICS (UBHI, SAMPLE_DEPTH_M, POROSITY, PERMEABILITY, WATER_SAT, FORMATION) VALUES ('WELL00000000025-BH2', 2320, 0.2593, 182.0005, 0.3502, 'Barmer');
INSERT INTO welldata.PETROPHYSICS (UBHI, SAMPLE_DEPTH_M, POROSITY, PERMEABILITY, WATER_SAT, FORMATION) VALUES ('WELL00000000025-BH2', 2340, 0.1065, 417.7559, 0.2025, 'Rajahmundry');
INSERT INTO welldata.PETROPHYSICS (UBHI, SAMPLE_DEPTH_M, POROSITY, PERMEABILITY, WATER_SAT, FORMATION) VALUES ('WELL00000000025-BH2', 2360, 0.1294, 157.9076, 0.6013, 'Rajahmundry');
INSERT INTO welldata.PETROPHYSICS (UBHI, SAMPLE_DEPTH_M, POROSITY, PERMEABILITY, WATER_SAT, FORMATION) VALUES ('WELL00000000025-BH2', 2380, 0.1658, 321.9827, 0.3285, 'Bengal');
INSERT INTO welldata.PETROPHYSICS (UBHI, SAMPLE_DEPTH_M, POROSITY, PERMEABILITY, WATER_SAT, FORMATION) VALUES ('WELL00000000025-BH2', 2400, 0.0862, 162.7534, 0.3995, 'Rajahmundry');
INSERT INTO welldata.PETROPHYSICS (UBHI, SAMPLE_DEPTH_M, POROSITY, PERMEABILITY, WATER_SAT, FORMATION) VALUES ('WELL00000000025-BH2', 2420, 0.084, 128.9362, 0.3771, 'Barmer');
INSERT INTO welldata.PETROPHYSICS (UBHI, SAMPLE_DEPTH_M, POROSITY, PERMEABILITY, WATER_SAT, FORMATION) VALUES ('WELL00000000025-BH2', 2440, 0.1167, 328.3533, 0.4753, 'Bengal');
INSERT INTO welldata.PETROPHYSICS (UBHI, SAMPLE_DEPTH_M, POROSITY, PERMEABILITY, WATER_SAT, FORMATION) VALUES ('WELL00000000025-BH2', 2460, 0.2022, 148.8742, 0.5077, 'Rajahmundry');
INSERT INTO welldata.PETROPHYSICS (UBHI, SAMPLE_DEPTH_M, POROSITY, PERMEABILITY, WATER_SAT, FORMATION) VALUES ('WELL00000000025-BH2', 2480, 0.2196, 40.2699, 0.3969, 'Bengal');
INSERT INTO welldata.PETROPHYSICS (UBHI, SAMPLE_DEPTH_M, POROSITY, PERMEABILITY, WATER_SAT, FORMATION) VALUES ('WELL00000000025-BH2', 2500, 0.0526, 278.2387, 0.3687, 'Rajahmundry');
INSERT INTO welldata.PETROPHYSICS (UBHI, SAMPLE_DEPTH_M, POROSITY, PERMEABILITY, WATER_SAT, FORMATION) VALUES ('WELL00000000025-BH2', 2520, 0.1414, 293.193, 0.5208, 'Barmer');
INSERT INTO welldata.PETROPHYSICS (UBHI, SAMPLE_DEPTH_M, POROSITY, PERMEABILITY, WATER_SAT, FORMATION) VALUES ('WELL00000000025-BH2', 2540, 0.1687, 219.091, 0.5892, 'Barmer');
INSERT INTO welldata.PETROPHYSICS (UBHI, SAMPLE_DEPTH_M, POROSITY, PERMEABILITY, WATER_SAT, FORMATION) VALUES ('WELL00000000025-BH2', 2560, 0.2737, 190.4176, 0.3281, 'Bengal');
INSERT INTO welldata.PETROPHYSICS (UBHI, SAMPLE_DEPTH_M, POROSITY, PERMEABILITY, WATER_SAT, FORMATION) VALUES ('WELL00000000025-BH2', 2580, 0.1641, 157.6176, 0.3922, 'Barmer');
INSERT INTO welldata.PETROPHYSICS (UBHI, SAMPLE_DEPTH_M, POROSITY, PERMEABILITY, WATER_SAT, FORMATION) VALUES ('WELL00000000025-BH2', 2600, 0.1328, 348.8773, 0.4813, 'Barmer');
INSERT INTO welldata.PETROPHYSICS (UBHI, SAMPLE_DEPTH_M, POROSITY, PERMEABILITY, WATER_SAT, FORMATION) VALUES ('WELL00000000025-BH2', 2620, 0.1595, 143.5078, 0.1735, 'Bengal');
INSERT INTO welldata.PETROPHYSICS (UBHI, SAMPLE_DEPTH_M, POROSITY, PERMEABILITY, WATER_SAT, FORMATION) VALUES ('WELL00000000025-BH2', 2640, 0.2114, 425.655, 0.2232, 'Barmer');
INSERT INTO welldata.PETROPHYSICS (UBHI, SAMPLE_DEPTH_M, POROSITY, PERMEABILITY, WATER_SAT, FORMATION) VALUES ('WELL00000000025-BH2', 2660, 0.0919, 14.235, 0.4298, 'Barmer');
INSERT INTO welldata.PETROPHYSICS (UBHI, SAMPLE_DEPTH_M, POROSITY, PERMEABILITY, WATER_SAT, FORMATION) VALUES ('WELL00000000025-BH2', 2680, 0.2796, 96.25, 0.6791, 'Barmer');
INSERT INTO welldata.PETROPHYSICS (UBHI, SAMPLE_DEPTH_M, POROSITY, PERMEABILITY, WATER_SAT, FORMATION) VALUES ('WELL00000000025-BH2', 2700, 0.2341, 371.2722, 0.687, 'Barmer');
INSERT INTO welldata.PETROPHYSICS (UBHI, SAMPLE_DEPTH_M, POROSITY, PERMEABILITY, WATER_SAT, FORMATION) VALUES ('WELL00000000025-BH2', 2720, 0.066, 398.6932, 0.6942, 'Barmer');
INSERT INTO welldata.PETROPHYSICS (UBHI, SAMPLE_DEPTH_M, POROSITY, PERMEABILITY, WATER_SAT, FORMATION) VALUES ('WELL00000000025-BH2', 2740, 0.1179, 16.0374, 0.7439, 'Rajahmundry');
INSERT INTO welldata.PETROPHYSICS (UBHI, SAMPLE_DEPTH_M, POROSITY, PERMEABILITY, WATER_SAT, FORMATION) VALUES ('WELL00000000025-BH2', 2760, 0.2788, 350.5333, 0.4941, 'Rajahmundry');
INSERT INTO welldata.PETROPHYSICS (UBHI, SAMPLE_DEPTH_M, POROSITY, PERMEABILITY, WATER_SAT, FORMATION) VALUES ('WELL00000000025-BH2', 2780, 0.2414, 257.1409, 0.5699, 'Barmer');
INSERT INTO welldata.PETROPHYSICS (UBHI, SAMPLE_DEPTH_M, POROSITY, PERMEABILITY, WATER_SAT, FORMATION) VALUES ('WELL00000000025-BH2', 2800, 0.16, 137.1363, 0.2139, 'Sanchore');
INSERT INTO welldata.PETROPHYSICS (UBHI, SAMPLE_DEPTH_M, POROSITY, PERMEABILITY, WATER_SAT, FORMATION) VALUES ('WELL00000000025-BH2', 2820, 0.1235, 326.4383, 0.6756, 'Rajahmundry');
INSERT INTO welldata.PETROPHYSICS (UBHI, SAMPLE_DEPTH_M, POROSITY, PERMEABILITY, WATER_SAT, FORMATION) VALUES ('WELL00000000025-BH2', 2840, 0.221, 188.3987, 0.6864, 'Sanchore');
INSERT INTO welldata.PETROPHYSICS (UBHI, SAMPLE_DEPTH_M, POROSITY, PERMEABILITY, WATER_SAT, FORMATION) VALUES ('WELL00000000025-BH2', 2860, 0.1116, 31.891, 0.6349, 'Sanchore');
INSERT INTO welldata.PETROPHYSICS (UBHI, SAMPLE_DEPTH_M, POROSITY, PERMEABILITY, WATER_SAT, FORMATION) VALUES ('WELL00000000025-BH2', 2880, 0.2264, 266.6842, 0.2692, 'Sanchore');
INSERT INTO welldata.PETROPHYSICS (UBHI, SAMPLE_DEPTH_M, POROSITY, PERMEABILITY, WATER_SAT, FORMATION) VALUES ('WELL00000000025-BH2', 2900, 0.256, 397.3016, 0.2019, 'Rajahmundry');
INSERT INTO welldata.PETROPHYSICS (UBHI, SAMPLE_DEPTH_M, POROSITY, PERMEABILITY, WATER_SAT, FORMATION) VALUES ('WELL00000000025-BH2', 2920, 0.1402, 38.7927, 0.5011, 'Rajahmundry');
INSERT INTO welldata.PETROPHYSICS (UBHI, SAMPLE_DEPTH_M, POROSITY, PERMEABILITY, WATER_SAT, FORMATION) VALUES ('WELL00000000025-BH2', 2940, 0.214, 10.3228, 0.6304, 'Bengal');
INSERT INTO welldata.PETROPHYSICS (UBHI, SAMPLE_DEPTH_M, POROSITY, PERMEABILITY, WATER_SAT, FORMATION) VALUES ('WELL00000000025-BH2', 2960, 0.0677, 432.2811, 0.2678, 'Rajahmundry');
INSERT INTO welldata.PETROPHYSICS (UBHI, SAMPLE_DEPTH_M, POROSITY, PERMEABILITY, WATER_SAT, FORMATION) VALUES ('WELL00000000025-BH2', 2980, 0.1452, 101.7542, 0.7158, 'Sanchore');
INSERT INTO welldata.PETROPHYSICS (UBHI, SAMPLE_DEPTH_M, POROSITY, PERMEABILITY, WATER_SAT, FORMATION) VALUES ('WELL00000000025-BH2', 3000, 0.15, 332.1367, 0.3497, 'Rajahmundry');
INSERT INTO welldata.PRODUCTION (UWI, PROD_DATE, OIL_BBL, GAS_MCF, WATER_BBL, HOURS_ON) VALUES ('WELL00000000025', TO_DATE('2015-01-01','YYYY-MM-DD'), 563.26, 9922.35, 384.94, 338.6);
INSERT INTO welldata.PRODUCTION (UWI, PROD_DATE, OIL_BBL, GAS_MCF, WATER_BBL, HOURS_ON) VALUES ('WELL00000000025', TO_DATE('2015-02-01','YYYY-MM-DD'), 105.09, 4285.8, 205.31, 317.8);
INSERT INTO welldata.PRODUCTION (UWI, PROD_DATE, OIL_BBL, GAS_MCF, WATER_BBL, HOURS_ON) VALUES ('WELL00000000025', TO_DATE('2015-03-01','YYYY-MM-DD'), 1754.47, 1583.57, 1445.66, 211.61);
INSERT INTO welldata.PRODUCTION (UWI, PROD_DATE, OIL_BBL, GAS_MCF, WATER_BBL, HOURS_ON) VALUES ('WELL00000000025', TO_DATE('2015-04-01','YYYY-MM-DD'), 701.59, 8748.11, 665.8, 696.69);
INSERT INTO welldata.PRODUCTION (UWI, PROD_DATE, OIL_BBL, GAS_MCF, WATER_BBL, HOURS_ON) VALUES ('WELL00000000025', TO_DATE('2015-05-01','YYYY-MM-DD'), 1430.54, 14480.48, 883.69, 165.39);
INSERT INTO welldata.PRODUCTION (UWI, PROD_DATE, OIL_BBL, GAS_MCF, WATER_BBL, HOURS_ON) VALUES ('WELL00000000025', TO_DATE('2015-06-01','YYYY-MM-DD'), 360.8, 7954.58, 626.36, 555.6);
INSERT INTO welldata.PRODUCTION (UWI, PROD_DATE, OIL_BBL, GAS_MCF, WATER_BBL, HOURS_ON) VALUES ('WELL00000000025', TO_DATE('2015-07-01','YYYY-MM-DD'), 187.73, 10196.88, 781.41, 221.04);
INSERT INTO welldata.PRODUCTION (UWI, PROD_DATE, OIL_BBL, GAS_MCF, WATER_BBL, HOURS_ON) VALUES ('WELL00000000025', TO_DATE('2015-08-01','YYYY-MM-DD'), 224.03, 10519.57, 402.86, 308.24);
INSERT INTO welldata.PRODUCTION (UWI, PROD_DATE, OIL_BBL, GAS_MCF, WATER_BBL, HOURS_ON) VALUES ('WELL00000000025', TO_DATE('2015-09-01','YYYY-MM-DD'), 2146.63, 5615.5, 1420.6, 519.3);
INSERT INTO welldata.PRODUCTION (UWI, PROD_DATE, OIL_BBL, GAS_MCF, WATER_BBL, HOURS_ON) VALUES ('WELL00000000025', TO_DATE('2015-10-01','YYYY-MM-DD'), 2658.7, 11970.79, 198.46, 467.05);
INSERT INTO welldata.PRODUCTION (UWI, PROD_DATE, OIL_BBL, GAS_MCF, WATER_BBL, HOURS_ON) VALUES ('WELL00000000025', TO_DATE('2015-11-01','YYYY-MM-DD'), 872.98, 3351.53, 1407.73, 693.23);
INSERT INTO welldata.PRODUCTION (UWI, PROD_DATE, OIL_BBL, GAS_MCF, WATER_BBL, HOURS_ON) VALUES ('WELL00000000025', TO_DATE('2015-12-01','YYYY-MM-DD'), 2409.47, 907.51, 1265.93, 684.02);
INSERT INTO welldata.PRODUCTION (UWI, PROD_DATE, OIL_BBL, GAS_MCF, WATER_BBL, HOURS_ON) VALUES ('WELL00000000025', TO_DATE('2016-01-01','YYYY-MM-DD'), 712.53, 9620.86, 1105.89, 305.49);
INSERT INTO welldata.PRODUCTION (UWI, PROD_DATE, OIL_BBL, GAS_MCF, WATER_BBL, HOURS_ON) VALUES ('WELL00000000025', TO_DATE('2016-02-01','YYYY-MM-DD'), 1942.29, 2544.89, 1461.54, 339.13);
INSERT INTO welldata.PRODUCTION (UWI, PROD_DATE, OIL_BBL, GAS_MCF, WATER_BBL, HOURS_ON) VALUES ('WELL00000000025', TO_DATE('2016-03-01','YYYY-MM-DD'), 2208.54, 8859.9, 816.57, 507.04);
INSERT INTO welldata.PRODUCTION (UWI, PROD_DATE, OIL_BBL, GAS_MCF, WATER_BBL, HOURS_ON) VALUES ('WELL00000000025', TO_DATE('2016-04-01','YYYY-MM-DD'), 729.75, 12603.88, 1481.97, 315.6);
INSERT INTO welldata.PRODUCTION (UWI, PROD_DATE, OIL_BBL, GAS_MCF, WATER_BBL, HOURS_ON) VALUES ('WELL00000000025', TO_DATE('2016-05-01','YYYY-MM-DD'), 809.91, 8233.27, 1160.42, 259.07);
INSERT INTO welldata.PRODUCTION (UWI, PROD_DATE, OIL_BBL, GAS_MCF, WATER_BBL, HOURS_ON) VALUES ('WELL00000000025', TO_DATE('2016-06-01','YYYY-MM-DD'), 2332.73, 12658.79, 1124.52, 186.87);
INSERT INTO welldata.PRODUCTION (UWI, PROD_DATE, OIL_BBL, GAS_MCF, WATER_BBL, HOURS_ON) VALUES ('WELL00000000025', TO_DATE('2016-07-01','YYYY-MM-DD'), 1767.96, 12594.72, 1460.91, 358.27);
INSERT INTO welldata.PRODUCTION (UWI, PROD_DATE, OIL_BBL, GAS_MCF, WATER_BBL, HOURS_ON) VALUES ('WELL00000000025', TO_DATE('2016-08-01','YYYY-MM-DD'), 1916.8, 11715.72, 659.87, 541.89);
INSERT INTO welldata.PRODUCTION (UWI, PROD_DATE, OIL_BBL, GAS_MCF, WATER_BBL, HOURS_ON) VALUES ('WELL00000000025', TO_DATE('2016-09-01','YYYY-MM-DD'), 1687.76, 1184.73, 378.35, 706.38);
INSERT INTO welldata.PRODUCTION (UWI, PROD_DATE, OIL_BBL, GAS_MCF, WATER_BBL, HOURS_ON) VALUES ('WELL00000000025', TO_DATE('2016-10-01','YYYY-MM-DD'), 2271.35, 2838.14, 144.14, 570.35);
INSERT INTO welldata.PRODUCTION (UWI, PROD_DATE, OIL_BBL, GAS_MCF, WATER_BBL, HOURS_ON) VALUES ('WELL00000000025', TO_DATE('2016-11-01','YYYY-MM-DD'), 1931.9, 5870.45, 1291.51, 237.78);
INSERT INTO welldata.PRODUCTION (UWI, PROD_DATE, OIL_BBL, GAS_MCF, WATER_BBL, HOURS_ON) VALUES ('WELL00000000025', TO_DATE('2016-12-01','YYYY-MM-DD'), 1703.62, 14997.27, 596.92, 454.81);
INSERT INTO welldata.PRODUCTION (UWI, PROD_DATE, OIL_BBL, GAS_MCF, WATER_BBL, HOURS_ON) VALUES ('WELL00000000025', TO_DATE('2017-01-01','YYYY-MM-DD'), 1493.29, 8694.82, 693.57, 141.66);
INSERT INTO welldata.PRODUCTION (UWI, PROD_DATE, OIL_BBL, GAS_MCF, WATER_BBL, HOURS_ON) VALUES ('WELL00000000025', TO_DATE('2017-02-01','YYYY-MM-DD'), 2321.08, 8500.75, 57.38, 678.27);
INSERT INTO welldata.PRODUCTION (UWI, PROD_DATE, OIL_BBL, GAS_MCF, WATER_BBL, HOURS_ON) VALUES ('WELL00000000025', TO_DATE('2017-03-01','YYYY-MM-DD'), 1912.91, 4608.39, 1076.31, 482.29);
INSERT INTO welldata.PRODUCTION (UWI, PROD_DATE, OIL_BBL, GAS_MCF, WATER_BBL, HOURS_ON) VALUES ('WELL00000000025', TO_DATE('2017-04-01','YYYY-MM-DD'), 1550.3, 6757.14, 802.44, 353.24);
INSERT INTO welldata.PRODUCTION (UWI, PROD_DATE, OIL_BBL, GAS_MCF, WATER_BBL, HOURS_ON) VALUES ('WELL00000000025', TO_DATE('2017-05-01','YYYY-MM-DD'), 180.46, 13646.64, 669.47, 304.62);
INSERT INTO welldata.PRODUCTION (UWI, PROD_DATE, OIL_BBL, GAS_MCF, WATER_BBL, HOURS_ON) VALUES ('WELL00000000025', TO_DATE('2017-06-01','YYYY-MM-DD'), 2875.95, 13989.03, 749.31, 645.13);
INSERT INTO welldata.PRODUCTION (UWI, PROD_DATE, OIL_BBL, GAS_MCF, WATER_BBL, HOURS_ON) VALUES ('WELL00000000025', TO_DATE('2017-07-01','YYYY-MM-DD'), 2869.72, 4508.57, 1386.91, 694.19);
INSERT INTO welldata.PRODUCTION (UWI, PROD_DATE, OIL_BBL, GAS_MCF, WATER_BBL, HOURS_ON) VALUES ('WELL00000000025', TO_DATE('2017-08-01','YYYY-MM-DD'), 96.66, 1524.49, 799.57, 211.49);
INSERT INTO welldata.PRODUCTION (UWI, PROD_DATE, OIL_BBL, GAS_MCF, WATER_BBL, HOURS_ON) VALUES ('WELL00000000025', TO_DATE('2017-09-01','YYYY-MM-DD'), 1396.86, 9219.86, 1432.41, 550.81);
INSERT INTO welldata.PRODUCTION (UWI, PROD_DATE, OIL_BBL, GAS_MCF, WATER_BBL, HOURS_ON) VALUES ('WELL00000000025', TO_DATE('2017-10-01','YYYY-MM-DD'), 2261.93, 7826.34, 347.37, 147.28);
INSERT INTO welldata.PRODUCTION (UWI, PROD_DATE, OIL_BBL, GAS_MCF, WATER_BBL, HOURS_ON) VALUES ('WELL00000000025', TO_DATE('2017-11-01','YYYY-MM-DD'), 2900.95, 4365.49, 685.18, 645.17);
INSERT INTO welldata.PRODUCTION (UWI, PROD_DATE, OIL_BBL, GAS_MCF, WATER_BBL, HOURS_ON) VALUES ('WELL00000000025', TO_DATE('2017-12-01','YYYY-MM-DD'), 1313.78, 4123.12, 1423.62, 296.88);
INSERT INTO welldata.PRODUCTION (UWI, PROD_DATE, OIL_BBL, GAS_MCF, WATER_BBL, HOURS_ON) VALUES ('WELL00000000025', TO_DATE('2018-01-01','YYYY-MM-DD'), 1393.53, 9289.91, 434.2, 166.63);
INSERT INTO welldata.PRODUCTION (UWI, PROD_DATE, OIL_BBL, GAS_MCF, WATER_BBL, HOURS_ON) VALUES ('WELL00000000025', TO_DATE('2018-02-01','YYYY-MM-DD'), 1395.71, 6510.57, 741.4, 605.62);
INSERT INTO welldata.PRODUCTION (UWI, PROD_DATE, OIL_BBL, GAS_MCF, WATER_BBL, HOURS_ON) VALUES ('WELL00000000025', TO_DATE('2018-03-01','YYYY-MM-DD'), 1633.54, 11643.14, 657.32, 414.73);
INSERT INTO welldata.PRODUCTION (UWI, PROD_DATE, OIL_BBL, GAS_MCF, WATER_BBL, HOURS_ON) VALUES ('WELL00000000025', TO_DATE('2018-04-01','YYYY-MM-DD'), 2256.37, 9629.48, 541.21, 511.06);
INSERT INTO welldata.PRODUCTION (UWI, PROD_DATE, OIL_BBL, GAS_MCF, WATER_BBL, HOURS_ON) VALUES ('WELL00000000025', TO_DATE('2018-05-01','YYYY-MM-DD'), 2169.41, 9921.44, 59.63, 355.24);
INSERT INTO welldata.PRODUCTION (UWI, PROD_DATE, OIL_BBL, GAS_MCF, WATER_BBL, HOURS_ON) VALUES ('WELL00000000025', TO_DATE('2018-06-01','YYYY-MM-DD'), 2583.43, 539.79, 246.91, 486.53);
INSERT INTO welldata.PRODUCTION (UWI, PROD_DATE, OIL_BBL, GAS_MCF, WATER_BBL, HOURS_ON) VALUES ('WELL00000000025', TO_DATE('2018-07-01','YYYY-MM-DD'), 2333.25, 13834.05, 1298.7, 558.16);
INSERT INTO welldata.PRODUCTION (UWI, PROD_DATE, OIL_BBL, GAS_MCF, WATER_BBL, HOURS_ON) VALUES ('WELL00000000025', TO_DATE('2018-08-01','YYYY-MM-DD'), 217.85, 5114.21, 632.34, 209.96);
INSERT INTO welldata.PRODUCTION (UWI, PROD_DATE, OIL_BBL, GAS_MCF, WATER_BBL, HOURS_ON) VALUES ('WELL00000000025', TO_DATE('2018-09-01','YYYY-MM-DD'), 1247.15, 12193.12, 990.34, 262.41);
INSERT INTO welldata.PRODUCTION (UWI, PROD_DATE, OIL_BBL, GAS_MCF, WATER_BBL, HOURS_ON) VALUES ('WELL00000000025', TO_DATE('2018-10-01','YYYY-MM-DD'), 2242.05, 4833.97, 301.74, 230.87);
INSERT INTO welldata.PRODUCTION (UWI, PROD_DATE, OIL_BBL, GAS_MCF, WATER_BBL, HOURS_ON) VALUES ('WELL00000000025', TO_DATE('2018-11-01','YYYY-MM-DD'), 622.22, 14837.55, 522.23, 665.41);
INSERT INTO welldata.PRODUCTION (UWI, PROD_DATE, OIL_BBL, GAS_MCF, WATER_BBL, HOURS_ON) VALUES ('WELL00000000025', TO_DATE('2018-12-01','YYYY-MM-DD'), 333.86, 10040.32, 736.71, 251.88);
INSERT INTO welldata.PRODUCTION (UWI, PROD_DATE, OIL_BBL, GAS_MCF, WATER_BBL, HOURS_ON) VALUES ('WELL00000000025', TO_DATE('2019-01-01','YYYY-MM-DD'), 1573.5, 9671.2, 1062.5, 212.78);
INSERT INTO welldata.PRODUCTION (UWI, PROD_DATE, OIL_BBL, GAS_MCF, WATER_BBL, HOURS_ON) VALUES ('WELL00000000025', TO_DATE('2019-02-01','YYYY-MM-DD'), 1968.84, 12910.79, 272.03, 198.78);
INSERT INTO welldata.PRODUCTION (UWI, PROD_DATE, OIL_BBL, GAS_MCF, WATER_BBL, HOURS_ON) VALUES ('WELL00000000025', TO_DATE('2019-03-01','YYYY-MM-DD'), 2596.8, 7955.4, 1191.37, 573.65);
INSERT INTO welldata.PRODUCTION (UWI, PROD_DATE, OIL_BBL, GAS_MCF, WATER_BBL, HOURS_ON) VALUES ('WELL00000000025', TO_DATE('2019-04-01','YYYY-MM-DD'), 2880.11, 3254.43, 1159.13, 576.58);
INSERT INTO welldata.PRODUCTION (UWI, PROD_DATE, OIL_BBL, GAS_MCF, WATER_BBL, HOURS_ON) VALUES ('WELL00000000025', TO_DATE('2019-05-01','YYYY-MM-DD'), 207.44, 12677.8, 1289.85, 469.32);
INSERT INTO welldata.PRODUCTION (UWI, PROD_DATE, OIL_BBL, GAS_MCF, WATER_BBL, HOURS_ON) VALUES ('WELL00000000025', TO_DATE('2019-06-01','YYYY-MM-DD'), 2186.05, 10172.09, 1280.19, 519.05);
INSERT INTO welldata.PRODUCTION (UWI, PROD_DATE, OIL_BBL, GAS_MCF, WATER_BBL, HOURS_ON) VALUES ('WELL00000000025', TO_DATE('2019-07-01','YYYY-MM-DD'), 2624.71, 6234.38, 258.31, 571.83);
INSERT INTO welldata.PRODUCTION (UWI, PROD_DATE, OIL_BBL, GAS_MCF, WATER_BBL, HOURS_ON) VALUES ('WELL00000000025', TO_DATE('2019-08-01','YYYY-MM-DD'), 820.22, 13224.1, 437.31, 545.71);
INSERT INTO welldata.PRODUCTION (UWI, PROD_DATE, OIL_BBL, GAS_MCF, WATER_BBL, HOURS_ON) VALUES ('WELL00000000025', TO_DATE('2019-09-01','YYYY-MM-DD'), 1246.85, 10458.31, 1319.58, 507.95);
INSERT INTO welldata.PRODUCTION (UWI, PROD_DATE, OIL_BBL, GAS_MCF, WATER_BBL, HOURS_ON) VALUES ('WELL00000000025', TO_DATE('2019-10-01','YYYY-MM-DD'), 1917.47, 9721.71, 45.12, 596.95);
INSERT INTO welldata.PRODUCTION (UWI, PROD_DATE, OIL_BBL, GAS_MCF, WATER_BBL, HOURS_ON) VALUES ('WELL00000000025', TO_DATE('2019-11-01','YYYY-MM-DD'), 1060.33, 14429.7, 254.29, 433.56);
INSERT INTO welldata.PRODUCTION (UWI, PROD_DATE, OIL_BBL, GAS_MCF, WATER_BBL, HOURS_ON) VALUES ('WELL00000000025', TO_DATE('2019-12-01','YYYY-MM-DD'), 1750.8, 11746.31, 818.45, 129.44);
INSERT INTO welldata.PRODUCTION (UWI, PROD_DATE, OIL_BBL, GAS_MCF, WATER_BBL, HOURS_ON) VALUES ('WELL00000000025', TO_DATE('2020-01-01','YYYY-MM-DD'), 280.34, 3880.95, 167.94, 171.78);
INSERT INTO welldata.PRODUCTION (UWI, PROD_DATE, OIL_BBL, GAS_MCF, WATER_BBL, HOURS_ON) VALUES ('WELL00000000025', TO_DATE('2020-02-01','YYYY-MM-DD'), 89.9, 960.09, 285.24, 135.48);
INSERT INTO welldata.PRODUCTION (UWI, PROD_DATE, OIL_BBL, GAS_MCF, WATER_BBL, HOURS_ON) VALUES ('WELL00000000025', TO_DATE('2020-03-01','YYYY-MM-DD'), 2807.53, 7949.25, 1271.23, 617.14);
INSERT INTO welldata.PRODUCTION (UWI, PROD_DATE, OIL_BBL, GAS_MCF, WATER_BBL, HOURS_ON) VALUES ('WELL00000000025', TO_DATE('2020-04-01','YYYY-MM-DD'), 1763.04, 2789.25, 1081.41, 206.17);
INSERT INTO welldata.PRODUCTION (UWI, PROD_DATE, OIL_BBL, GAS_MCF, WATER_BBL, HOURS_ON) VALUES ('WELL00000000025', TO_DATE('2020-05-01','YYYY-MM-DD'), 1770.97, 6403.08, 780.28, 480.88);
INSERT INTO welldata.PRODUCTION (UWI, PROD_DATE, OIL_BBL, GAS_MCF, WATER_BBL, HOURS_ON) VALUES ('WELL00000000025', TO_DATE('2020-06-01','YYYY-MM-DD'), 2376.21, 4409.67, 304.38, 432.09);
INSERT INTO welldata.PRODUCTION (UWI, PROD_DATE, OIL_BBL, GAS_MCF, WATER_BBL, HOURS_ON) VALUES ('WELL00000000025', TO_DATE('2020-07-01','YYYY-MM-DD'), 1567.88, 4174.23, 438.04, 146.71);
INSERT INTO welldata.PRODUCTION (UWI, PROD_DATE, OIL_BBL, GAS_MCF, WATER_BBL, HOURS_ON) VALUES ('WELL00000000025', TO_DATE('2020-08-01','YYYY-MM-DD'), 1517.01, 5520.36, 1350.8, 576.87);
INSERT INTO welldata.PRODUCTION (UWI, PROD_DATE, OIL_BBL, GAS_MCF, WATER_BBL, HOURS_ON) VALUES ('WELL00000000025', TO_DATE('2020-09-01','YYYY-MM-DD'), 2473.31, 9774.08, 225.49, 583.9);
INSERT INTO welldata.PRODUCTION (UWI, PROD_DATE, OIL_BBL, GAS_MCF, WATER_BBL, HOURS_ON) VALUES ('WELL00000000025', TO_DATE('2020-10-01','YYYY-MM-DD'), 137.91, 1789.66, 1295.96, 370.15);
INSERT INTO welldata.PRODUCTION (UWI, PROD_DATE, OIL_BBL, GAS_MCF, WATER_BBL, HOURS_ON) VALUES ('WELL00000000025', TO_DATE('2020-11-01','YYYY-MM-DD'), 1043.11, 14055.14, 1467.84, 491.5);
INSERT INTO welldata.PRODUCTION (UWI, PROD_DATE, OIL_BBL, GAS_MCF, WATER_BBL, HOURS_ON) VALUES ('WELL00000000025', TO_DATE('2020-12-01','YYYY-MM-DD'), 652.46, 6879.27, 164.96, 694.76);
INSERT INTO welldata.PRODUCTION (UWI, PROD_DATE, OIL_BBL, GAS_MCF, WATER_BBL, HOURS_ON) VALUES ('WELL00000000025', TO_DATE('2021-01-01','YYYY-MM-DD'), 1948.62, 3940.18, 1447.03, 178.78);
INSERT INTO welldata.PRODUCTION (UWI, PROD_DATE, OIL_BBL, GAS_MCF, WATER_BBL, HOURS_ON) VALUES ('WELL00000000025', TO_DATE('2021-02-01','YYYY-MM-DD'), 2804.05, 12709.01, 366.82, 297.26);
INSERT INTO welldata.PRODUCTION (UWI, PROD_DATE, OIL_BBL, GAS_MCF, WATER_BBL, HOURS_ON) VALUES ('WELL00000000025', TO_DATE('2021-03-01','YYYY-MM-DD'), 1913.83, 8584.38, 1283.92, 645.23);
INSERT INTO welldata.PRODUCTION (UWI, PROD_DATE, OIL_BBL, GAS_MCF, WATER_BBL, HOURS_ON) VALUES ('WELL00000000025', TO_DATE('2021-04-01','YYYY-MM-DD'), 2358.14, 10656.27, 1344.87, 285.93);
INSERT INTO welldata.PRODUCTION (UWI, PROD_DATE, OIL_BBL, GAS_MCF, WATER_BBL, HOURS_ON) VALUES ('WELL00000000025', TO_DATE('2021-05-01','YYYY-MM-DD'), 2928.8, 7026.83, 894.34, 509.25);
INSERT INTO welldata.PRODUCTION (UWI, PROD_DATE, OIL_BBL, GAS_MCF, WATER_BBL, HOURS_ON) VALUES ('WELL00000000025', TO_DATE('2021-06-01','YYYY-MM-DD'), 1095.93, 643.34, 751.48, 628.24);
INSERT INTO welldata.PRODUCTION (UWI, PROD_DATE, OIL_BBL, GAS_MCF, WATER_BBL, HOURS_ON) VALUES ('WELL00000000025', TO_DATE('2021-07-01','YYYY-MM-DD'), 1799.7, 1717.77, 541.85, 374.71);
INSERT INTO welldata.PRODUCTION (UWI, PROD_DATE, OIL_BBL, GAS_MCF, WATER_BBL, HOURS_ON) VALUES ('WELL00000000025', TO_DATE('2021-08-01','YYYY-MM-DD'), 789.72, 4465.09, 63.4, 296.22);
INSERT INTO welldata.PRODUCTION (UWI, PROD_DATE, OIL_BBL, GAS_MCF, WATER_BBL, HOURS_ON) VALUES ('WELL00000000025', TO_DATE('2021-09-01','YYYY-MM-DD'), 1159.2, 3735.14, 856.23, 131.89);
INSERT INTO welldata.PRODUCTION (UWI, PROD_DATE, OIL_BBL, GAS_MCF, WATER_BBL, HOURS_ON) VALUES ('WELL00000000025', TO_DATE('2021-10-01','YYYY-MM-DD'), 2322.65, 1869.99, 859.97, 549.33);
INSERT INTO welldata.PRODUCTION (UWI, PROD_DATE, OIL_BBL, GAS_MCF, WATER_BBL, HOURS_ON) VALUES ('WELL00000000025', TO_DATE('2021-11-01','YYYY-MM-DD'), 2763.31, 11512.25, 906.06, 520.43);
INSERT INTO welldata.PRODUCTION (UWI, PROD_DATE, OIL_BBL, GAS_MCF, WATER_BBL, HOURS_ON) VALUES ('WELL00000000025', TO_DATE('2021-12-01','YYYY-MM-DD'), 1025.57, 1372.48, 815.62, 435.79);
INSERT INTO welldata.PRODUCTION (UWI, PROD_DATE, OIL_BBL, GAS_MCF, WATER_BBL, HOURS_ON) VALUES ('WELL00000000025', TO_DATE('2022-01-01','YYYY-MM-DD'), 1811.38, 14851.07, 798.73, 390.52);
INSERT INTO welldata.PRODUCTION (UWI, PROD_DATE, OIL_BBL, GAS_MCF, WATER_BBL, HOURS_ON) VALUES ('WELL00000000025', TO_DATE('2022-02-01','YYYY-MM-DD'), 877.14, 12899.29, 374.07, 172.73);
INSERT INTO welldata.PRODUCTION (UWI, PROD_DATE, OIL_BBL, GAS_MCF, WATER_BBL, HOURS_ON) VALUES ('WELL00000000025', TO_DATE('2022-03-01','YYYY-MM-DD'), 302.1, 190.59, 1416.51, 582.86);
INSERT INTO welldata.PRODUCTION (UWI, PROD_DATE, OIL_BBL, GAS_MCF, WATER_BBL, HOURS_ON) VALUES ('WELL00000000025', TO_DATE('2022-04-01','YYYY-MM-DD'), 135.51, 1121.16, 547.84, 477.48);
INSERT INTO welldata.PRODUCTION (UWI, PROD_DATE, OIL_BBL, GAS_MCF, WATER_BBL, HOURS_ON) VALUES ('WELL00000000025', TO_DATE('2022-05-01','YYYY-MM-DD'), 2018.12, 4846.58, 296.27, 320.99);
INSERT INTO welldata.PRODUCTION (UWI, PROD_DATE, OIL_BBL, GAS_MCF, WATER_BBL, HOURS_ON) VALUES ('WELL00000000025', TO_DATE('2022-06-01','YYYY-MM-DD'), 916.36, 3608.85, 344.48, 596.62);
INSERT INTO welldata.PRODUCTION (UWI, PROD_DATE, OIL_BBL, GAS_MCF, WATER_BBL, HOURS_ON) VALUES ('WELL00000000025', TO_DATE('2022-07-01','YYYY-MM-DD'), 2514.02, 5195.72, 78.02, 504.88);
INSERT INTO welldata.PRODUCTION (UWI, PROD_DATE, OIL_BBL, GAS_MCF, WATER_BBL, HOURS_ON) VALUES ('WELL00000000025', TO_DATE('2022-08-01','YYYY-MM-DD'), 788.39, 5706.66, 49.89, 452.49);
INSERT INTO welldata.PRODUCTION (UWI, PROD_DATE, OIL_BBL, GAS_MCF, WATER_BBL, HOURS_ON) VALUES ('WELL00000000025', TO_DATE('2022-09-01','YYYY-MM-DD'), 1440.22, 10849.84, 398.69, 375.74);
INSERT INTO welldata.PRODUCTION (UWI, PROD_DATE, OIL_BBL, GAS_MCF, WATER_BBL, HOURS_ON) VALUES ('WELL00000000025', TO_DATE('2022-10-01','YYYY-MM-DD'), 69.14, 2647.42, 346.43, 309.41);
INSERT INTO welldata.PRODUCTION (UWI, PROD_DATE, OIL_BBL, GAS_MCF, WATER_BBL, HOURS_ON) VALUES ('WELL00000000025', TO_DATE('2022-11-01','YYYY-MM-DD'), 565.7, 4805.86, 173.27, 482.12);
INSERT INTO welldata.PRODUCTION (UWI, PROD_DATE, OIL_BBL, GAS_MCF, WATER_BBL, HOURS_ON) VALUES ('WELL00000000025', TO_DATE('2022-12-01','YYYY-MM-DD'), 1523.29, 8541.45, 607.49, 710.77);
INSERT INTO welldata.PRODUCTION (UWI, PROD_DATE, OIL_BBL, GAS_MCF, WATER_BBL, HOURS_ON) VALUES ('WELL00000000025', TO_DATE('2023-01-01','YYYY-MM-DD'), 931.29, 5529.73, 694.48, 712.3);
INSERT INTO welldata.PRODUCTION (UWI, PROD_DATE, OIL_BBL, GAS_MCF, WATER_BBL, HOURS_ON) VALUES ('WELL00000000025', TO_DATE('2023-02-01','YYYY-MM-DD'), 371.98, 14229.98, 1390.48, 150.85);
INSERT INTO welldata.PRODUCTION (UWI, PROD_DATE, OIL_BBL, GAS_MCF, WATER_BBL, HOURS_ON) VALUES ('WELL00000000025', TO_DATE('2023-03-01','YYYY-MM-DD'), 2987.06, 7521.99, 1082.31, 512.77);
INSERT INTO welldata.PRODUCTION (UWI, PROD_DATE, OIL_BBL, GAS_MCF, WATER_BBL, HOURS_ON) VALUES ('WELL00000000025', TO_DATE('2023-04-01','YYYY-MM-DD'), 188.55, 3100.67, 51.59, 650.41);
INSERT INTO welldata.PRODUCTION (UWI, PROD_DATE, OIL_BBL, GAS_MCF, WATER_BBL, HOURS_ON) VALUES ('WELL00000000025', TO_DATE('2023-05-01','YYYY-MM-DD'), 684.82, 9536.02, 1196.7, 297.34);
INSERT INTO welldata.PRODUCTION (UWI, PROD_DATE, OIL_BBL, GAS_MCF, WATER_BBL, HOURS_ON) VALUES ('WELL00000000025', TO_DATE('2023-06-01','YYYY-MM-DD'), 426.22, 11554.38, 135.04, 217.98);
INSERT INTO welldata.PRODUCTION (UWI, PROD_DATE, OIL_BBL, GAS_MCF, WATER_BBL, HOURS_ON) VALUES ('WELL00000000025', TO_DATE('2023-07-01','YYYY-MM-DD'), 2315.12, 7044.75, 919.8, 438.94);
INSERT INTO welldata.PRODUCTION (UWI, PROD_DATE, OIL_BBL, GAS_MCF, WATER_BBL, HOURS_ON) VALUES ('WELL00000000025', TO_DATE('2023-08-01','YYYY-MM-DD'), 2803.29, 10936.18, 1136.19, 121.54);
INSERT INTO welldata.PRODUCTION (UWI, PROD_DATE, OIL_BBL, GAS_MCF, WATER_BBL, HOURS_ON) VALUES ('WELL00000000025', TO_DATE('2023-09-01','YYYY-MM-DD'), 2627.16, 5251.58, 639.63, 343.62);
INSERT INTO welldata.PRODUCTION (UWI, PROD_DATE, OIL_BBL, GAS_MCF, WATER_BBL, HOURS_ON) VALUES ('WELL00000000025', TO_DATE('2023-10-01','YYYY-MM-DD'), 2497.41, 14716.4, 1067.45, 422.74);
INSERT INTO welldata.PRODUCTION (UWI, PROD_DATE, OIL_BBL, GAS_MCF, WATER_BBL, HOURS_ON) VALUES ('WELL00000000025', TO_DATE('2023-11-01','YYYY-MM-DD'), 2479.26, 14193.62, 1200.42, 592.28);
INSERT INTO welldata.PRODUCTION (UWI, PROD_DATE, OIL_BBL, GAS_MCF, WATER_BBL, HOURS_ON) VALUES ('WELL00000000025', TO_DATE('2023-12-01','YYYY-MM-DD'), 1597.0, 2824.14, 53.45, 696.04);
INSERT INTO welldata.PRODUCTION (UWI, PROD_DATE, OIL_BBL, GAS_MCF, WATER_BBL, HOURS_ON) VALUES ('WELL00000000025', TO_DATE('2024-01-01','YYYY-MM-DD'), 1034.45, 12182.84, 734.85, 140.87);
INSERT INTO welldata.PRODUCTION (UWI, PROD_DATE, OIL_BBL, GAS_MCF, WATER_BBL, HOURS_ON) VALUES ('WELL00000000025', TO_DATE('2024-02-01','YYYY-MM-DD'), 613.78, 2801.79, 84.79, 607.28);
INSERT INTO welldata.PRODUCTION (UWI, PROD_DATE, OIL_BBL, GAS_MCF, WATER_BBL, HOURS_ON) VALUES ('WELL00000000025', TO_DATE('2024-03-01','YYYY-MM-DD'), 1413.09, 3019.98, 1094.37, 481.6);
INSERT INTO welldata.PRODUCTION (UWI, PROD_DATE, OIL_BBL, GAS_MCF, WATER_BBL, HOURS_ON) VALUES ('WELL00000000025', TO_DATE('2024-04-01','YYYY-MM-DD'), 1579.45, 4075.49, 196.99, 629.97);
INSERT INTO welldata.PRODUCTION (UWI, PROD_DATE, OIL_BBL, GAS_MCF, WATER_BBL, HOURS_ON) VALUES ('WELL00000000025', TO_DATE('2024-05-01','YYYY-MM-DD'), 2474.77, 13784.12, 1200.61, 669.8);
INSERT INTO welldata.PRODUCTION (UWI, PROD_DATE, OIL_BBL, GAS_MCF, WATER_BBL, HOURS_ON) VALUES ('WELL00000000025', TO_DATE('2024-06-01','YYYY-MM-DD'), 1332.22, 10919.99, 1182.9, 567.36);
INSERT INTO welldata.PRODUCTION (UWI, PROD_DATE, OIL_BBL, GAS_MCF, WATER_BBL, HOURS_ON) VALUES ('WELL00000000025', TO_DATE('2024-07-01','YYYY-MM-DD'), 2328.48, 6920.38, 674.47, 343.33);
INSERT INTO welldata.PRODUCTION (UWI, PROD_DATE, OIL_BBL, GAS_MCF, WATER_BBL, HOURS_ON) VALUES ('WELL00000000025', TO_DATE('2024-08-01','YYYY-MM-DD'), 2076.68, 7451.71, 1245.52, 121.66);
INSERT INTO welldata.PRODUCTION (UWI, PROD_DATE, OIL_BBL, GAS_MCF, WATER_BBL, HOURS_ON) VALUES ('WELL00000000025', TO_DATE('2024-09-01','YYYY-MM-DD'), 2962.12, 8534.84, 913.56, 134.72);
INSERT INTO welldata.PRODUCTION (UWI, PROD_DATE, OIL_BBL, GAS_MCF, WATER_BBL, HOURS_ON) VALUES ('WELL00000000025', TO_DATE('2024-10-01','YYYY-MM-DD'), 2356.06, 4039.91, 941.03, 581.99);
INSERT INTO welldata.PRODUCTION (UWI, PROD_DATE, OIL_BBL, GAS_MCF, WATER_BBL, HOURS_ON) VALUES ('WELL00000000025', TO_DATE('2024-11-01','YYYY-MM-DD'), 2128.11, 2807.99, 579.36, 460.92);
INSERT INTO welldata.PRODUCTION (UWI, PROD_DATE, OIL_BBL, GAS_MCF, WATER_BBL, HOURS_ON) VALUES ('WELL00000000025', TO_DATE('2024-12-01','YYYY-MM-DD'), 138.69, 13308.85, 888.0, 222.41);
INSERT INTO welldata.FORMATION_TOPS (UWI, FORMATION, TOP_DEPTH_M, BASE_DEPTH_M, LITHOLOGY) VALUES ('WELL00000000025', 'Rajahmundry', 901, 971, 'SANDSTONE');
INSERT INTO welldata.FORMATION_TOPS (UWI, FORMATION, TOP_DEPTH_M, BASE_DEPTH_M, LITHOLOGY) VALUES ('WELL00000000025', 'Bengal', 1026, 1081, 'LIMESTONE');
INSERT INTO welldata.FORMATION_TOPS (UWI, FORMATION, TOP_DEPTH_M, BASE_DEPTH_M, LITHOLOGY) VALUES ('WELL00000000025', 'Sanchore', 1215, 1527, 'SHALE');
INSERT INTO welldata.FORMATION_TOPS (UWI, FORMATION, TOP_DEPTH_M, BASE_DEPTH_M, LITHOLOGY) VALUES ('WELL00000000025', 'Barmer', 1721, 2065, 'DOLOMITE');
INSERT INTO welldata.CORE_ANALYSIS (UWI, CORE_RUN, TOP_DEPTH_M, BASE_DEPTH_M, GRAIN_DENSITY, BULK_DENSITY, RECOVERY_PCT) VALUES ('WELL00000000025', 1, 2125, 2162, 2.5831, 2.2192, 63.05);
INSERT INTO welldata.CORE_ANALYSIS (UWI, CORE_RUN, TOP_DEPTH_M, BASE_DEPTH_M, GRAIN_DENSITY, BULK_DENSITY, RECOVERY_PCT) VALUES ('WELL00000000025', 2, 870, 920, 2.5977, 2.1681, 68.3);
INSERT INTO welldata.WELL (UWI, WELL_NAME, OPERATOR, COUNTRY, BASIN, FIELD_NAME, SPUD_DATE, COMPLETION_DATE, WELL_TYPE, WELL_STATUS, SURFACE_LAT, SURFACE_LON, TOTAL_DEPTH_M, KB_ELEVATION_M) VALUES ('WELL00000000026', 'RELI-CA-026', 'Reliance', 'India', 'Cambay', 'Cambay Field 4', TO_DATE('2007-03-06','YYYY-MM-DD'), TO_DATE('2010-09-08','YYYY-MM-DD'), 'DEVELOPMENT', 'SUSPENDED', 19.047108, 70.552912, 2672, 39.48);
INSERT INTO welldata.BOREHOLE (UBHI, UWI, BOREHOLE_NAME, BOREHOLE_TYPE, TOP_DEPTH_M, BASE_DEPTH_M) VALUES ('WELL00000000026-BH1', 'WELL00000000026', 'RELI-CA-026-BH1', 'DIRECTIONAL', 785, 1381);
INSERT INTO welldata.PETROPHYSICS (UBHI, SAMPLE_DEPTH_M, POROSITY, PERMEABILITY, WATER_SAT, FORMATION) VALUES ('WELL00000000026-BH1', 1000, 0.1061, 439.6175, 0.7243, 'Rajahmundry');
INSERT INTO welldata.PETROPHYSICS (UBHI, SAMPLE_DEPTH_M, POROSITY, PERMEABILITY, WATER_SAT, FORMATION) VALUES ('WELL00000000026-BH1', 1020, 0.2256, 321.621, 0.7425, 'Barmer');
INSERT INTO welldata.PETROPHYSICS (UBHI, SAMPLE_DEPTH_M, POROSITY, PERMEABILITY, WATER_SAT, FORMATION) VALUES ('WELL00000000026-BH1', 1040, 0.242, 271.4925, 0.2003, 'Rajahmundry');
INSERT INTO welldata.PETROPHYSICS (UBHI, SAMPLE_DEPTH_M, POROSITY, PERMEABILITY, WATER_SAT, FORMATION) VALUES ('WELL00000000026-BH1', 1060, 0.206, 105.5938, 0.7151, 'Bengal');
INSERT INTO welldata.PETROPHYSICS (UBHI, SAMPLE_DEPTH_M, POROSITY, PERMEABILITY, WATER_SAT, FORMATION) VALUES ('WELL00000000026-BH1', 1080, 0.2006, 363.3475, 0.3484, 'Barmer');
INSERT INTO welldata.PETROPHYSICS (UBHI, SAMPLE_DEPTH_M, POROSITY, PERMEABILITY, WATER_SAT, FORMATION) VALUES ('WELL00000000026-BH1', 1100, 0.2463, 72.2142, 0.311, 'Rajahmundry');
INSERT INTO welldata.PETROPHYSICS (UBHI, SAMPLE_DEPTH_M, POROSITY, PERMEABILITY, WATER_SAT, FORMATION) VALUES ('WELL00000000026-BH1', 1120, 0.0557, 112.945, 0.4222, 'Rajahmundry');
INSERT INTO welldata.PETROPHYSICS (UBHI, SAMPLE_DEPTH_M, POROSITY, PERMEABILITY, WATER_SAT, FORMATION) VALUES ('WELL00000000026-BH1', 1140, 0.2193, 202.3421, 0.2255, 'Sanchore');
INSERT INTO welldata.PETROPHYSICS (UBHI, SAMPLE_DEPTH_M, POROSITY, PERMEABILITY, WATER_SAT, FORMATION) VALUES ('WELL00000000026-BH1', 1160, 0.1442, 115.424, 0.1977, 'Sanchore');
INSERT INTO welldata.PETROPHYSICS (UBHI, SAMPLE_DEPTH_M, POROSITY, PERMEABILITY, WATER_SAT, FORMATION) VALUES ('WELL00000000026-BH1', 1180, 0.1832, 246.7326, 0.5189, 'Sanchore');
INSERT INTO welldata.PETROPHYSICS (UBHI, SAMPLE_DEPTH_M, POROSITY, PERMEABILITY, WATER_SAT, FORMATION) VALUES ('WELL00000000026-BH1', 1200, 0.2591, 249.6027, 0.2637, 'Barmer');
INSERT INTO welldata.PETROPHYSICS (UBHI, SAMPLE_DEPTH_M, POROSITY, PERMEABILITY, WATER_SAT, FORMATION) VALUES ('WELL00000000026-BH1', 1220, 0.272, 60.2495, 0.2111, 'Barmer');
INSERT INTO welldata.PETROPHYSICS (UBHI, SAMPLE_DEPTH_M, POROSITY, PERMEABILITY, WATER_SAT, FORMATION) VALUES ('WELL00000000026-BH1', 1240, 0.2426, 182.7941, 0.424, 'Bengal');
INSERT INTO welldata.PETROPHYSICS (UBHI, SAMPLE_DEPTH_M, POROSITY, PERMEABILITY, WATER_SAT, FORMATION) VALUES ('WELL00000000026-BH1', 1260, 0.0561, 91.3685, 0.2998, 'Bengal');
INSERT INTO welldata.PETROPHYSICS (UBHI, SAMPLE_DEPTH_M, POROSITY, PERMEABILITY, WATER_SAT, FORMATION) VALUES ('WELL00000000026-BH1', 1280, 0.1809, 362.3591, 0.7472, 'Rajahmundry');
INSERT INTO welldata.PETROPHYSICS (UBHI, SAMPLE_DEPTH_M, POROSITY, PERMEABILITY, WATER_SAT, FORMATION) VALUES ('WELL00000000026-BH1', 1300, 0.0761, 205.7559, 0.7075, 'Barmer');
INSERT INTO welldata.PETROPHYSICS (UBHI, SAMPLE_DEPTH_M, POROSITY, PERMEABILITY, WATER_SAT, FORMATION) VALUES ('WELL00000000026-BH1', 1320, 0.2405, 438.0519, 0.5098, 'Barmer');
INSERT INTO welldata.PETROPHYSICS (UBHI, SAMPLE_DEPTH_M, POROSITY, PERMEABILITY, WATER_SAT, FORMATION) VALUES ('WELL00000000026-BH1', 1340, 0.1632, 437.0718, 0.597, 'Sanchore');
INSERT INTO welldata.PETROPHYSICS (UBHI, SAMPLE_DEPTH_M, POROSITY, PERMEABILITY, WATER_SAT, FORMATION) VALUES ('WELL00000000026-BH1', 1360, 0.2539, 336.8438, 0.6837, 'Sanchore');
INSERT INTO welldata.PETROPHYSICS (UBHI, SAMPLE_DEPTH_M, POROSITY, PERMEABILITY, WATER_SAT, FORMATION) VALUES ('WELL00000000026-BH1', 1380, 0.1748, 316.6624, 0.1654, 'Bengal');
INSERT INTO welldata.PETROPHYSICS (UBHI, SAMPLE_DEPTH_M, POROSITY, PERMEABILITY, WATER_SAT, FORMATION) VALUES ('WELL00000000026-BH1', 1400, 0.1021, 274.9817, 0.5703, 'Rajahmundry');
INSERT INTO welldata.PETROPHYSICS (UBHI, SAMPLE_DEPTH_M, POROSITY, PERMEABILITY, WATER_SAT, FORMATION) VALUES ('WELL00000000026-BH1', 1420, 0.0418, 261.5648, 0.4129, 'Bengal');
INSERT INTO welldata.PETROPHYSICS (UBHI, SAMPLE_DEPTH_M, POROSITY, PERMEABILITY, WATER_SAT, FORMATION) VALUES ('WELL00000000026-BH1', 1440, 0.0847, 275.6343, 0.4684, 'Rajahmundry');
INSERT INTO welldata.PETROPHYSICS (UBHI, SAMPLE_DEPTH_M, POROSITY, PERMEABILITY, WATER_SAT, FORMATION) VALUES ('WELL00000000026-BH1', 1460, 0.0861, 72.4438, 0.6324, 'Sanchore');
INSERT INTO welldata.PETROPHYSICS (UBHI, SAMPLE_DEPTH_M, POROSITY, PERMEABILITY, WATER_SAT, FORMATION) VALUES ('WELL00000000026-BH1', 1480, 0.1826, 382.1693, 0.5133, 'Rajahmundry');
INSERT INTO welldata.PETROPHYSICS (UBHI, SAMPLE_DEPTH_M, POROSITY, PERMEABILITY, WATER_SAT, FORMATION) VALUES ('WELL00000000026-BH1', 1500, 0.1133, 134.353, 0.5867, 'Rajahmundry');
INSERT INTO welldata.PETROPHYSICS (UBHI, SAMPLE_DEPTH_M, POROSITY, PERMEABILITY, WATER_SAT, FORMATION) VALUES ('WELL00000000026-BH1', 1520, 0.1427, 192.5929, 0.3721, 'Sanchore');
INSERT INTO welldata.PETROPHYSICS (UBHI, SAMPLE_DEPTH_M, POROSITY, PERMEABILITY, WATER_SAT, FORMATION) VALUES ('WELL00000000026-BH1', 1540, 0.266, 195.0155, 0.3435, 'Bengal');
INSERT INTO welldata.PETROPHYSICS (UBHI, SAMPLE_DEPTH_M, POROSITY, PERMEABILITY, WATER_SAT, FORMATION) VALUES ('WELL00000000026-BH1', 1560, 0.2676, 17.5104, 0.1769, 'Barmer');
INSERT INTO welldata.PETROPHYSICS (UBHI, SAMPLE_DEPTH_M, POROSITY, PERMEABILITY, WATER_SAT, FORMATION) VALUES ('WELL00000000026-BH1', 1580, 0.1591, 70.7094, 0.5298, 'Sanchore');
INSERT INTO welldata.PETROPHYSICS (UBHI, SAMPLE_DEPTH_M, POROSITY, PERMEABILITY, WATER_SAT, FORMATION) VALUES ('WELL00000000026-BH1', 1600, 0.1694, 5.0917, 0.2502, 'Bengal');
INSERT INTO welldata.PETROPHYSICS (UBHI, SAMPLE_DEPTH_M, POROSITY, PERMEABILITY, WATER_SAT, FORMATION) VALUES ('WELL00000000026-BH1', 1620, 0.1301, 416.5176, 0.7385, 'Sanchore');
INSERT INTO welldata.PETROPHYSICS (UBHI, SAMPLE_DEPTH_M, POROSITY, PERMEABILITY, WATER_SAT, FORMATION) VALUES ('WELL00000000026-BH1', 1640, 0.2434, 177.3533, 0.1967, 'Rajahmundry');
INSERT INTO welldata.PETROPHYSICS (UBHI, SAMPLE_DEPTH_M, POROSITY, PERMEABILITY, WATER_SAT, FORMATION) VALUES ('WELL00000000026-BH1', 1660, 0.2768, 281.7878, 0.1722, 'Sanchore');
INSERT INTO welldata.PETROPHYSICS (UBHI, SAMPLE_DEPTH_M, POROSITY, PERMEABILITY, WATER_SAT, FORMATION) VALUES ('WELL00000000026-BH1', 1680, 0.0502, 214.6732, 0.5584, 'Rajahmundry');
INSERT INTO welldata.PETROPHYSICS (UBHI, SAMPLE_DEPTH_M, POROSITY, PERMEABILITY, WATER_SAT, FORMATION) VALUES ('WELL00000000026-BH1', 1700, 0.1296, 354.2955, 0.6885, 'Rajahmundry');
INSERT INTO welldata.PETROPHYSICS (UBHI, SAMPLE_DEPTH_M, POROSITY, PERMEABILITY, WATER_SAT, FORMATION) VALUES ('WELL00000000026-BH1', 1720, 0.1181, 176.1583, 0.68, 'Rajahmundry');
INSERT INTO welldata.PETROPHYSICS (UBHI, SAMPLE_DEPTH_M, POROSITY, PERMEABILITY, WATER_SAT, FORMATION) VALUES ('WELL00000000026-BH1', 1740, 0.0528, 436.5329, 0.1939, 'Bengal');
INSERT INTO welldata.PETROPHYSICS (UBHI, SAMPLE_DEPTH_M, POROSITY, PERMEABILITY, WATER_SAT, FORMATION) VALUES ('WELL00000000026-BH1', 1760, 0.1266, 434.4434, 0.7328, 'Sanchore');
INSERT INTO welldata.PETROPHYSICS (UBHI, SAMPLE_DEPTH_M, POROSITY, PERMEABILITY, WATER_SAT, FORMATION) VALUES ('WELL00000000026-BH1', 1780, 0.1784, 166.1918, 0.6511, 'Barmer');
INSERT INTO welldata.PETROPHYSICS (UBHI, SAMPLE_DEPTH_M, POROSITY, PERMEABILITY, WATER_SAT, FORMATION) VALUES ('WELL00000000026-BH1', 1800, 0.0803, 18.7514, 0.6461, 'Sanchore');
INSERT INTO welldata.PETROPHYSICS (UBHI, SAMPLE_DEPTH_M, POROSITY, PERMEABILITY, WATER_SAT, FORMATION) VALUES ('WELL00000000026-BH1', 1820, 0.2474, 337.5129, 0.4529, 'Sanchore');
INSERT INTO welldata.PETROPHYSICS (UBHI, SAMPLE_DEPTH_M, POROSITY, PERMEABILITY, WATER_SAT, FORMATION) VALUES ('WELL00000000026-BH1', 1840, 0.205, 100.4724, 0.7216, 'Sanchore');
INSERT INTO welldata.PETROPHYSICS (UBHI, SAMPLE_DEPTH_M, POROSITY, PERMEABILITY, WATER_SAT, FORMATION) VALUES ('WELL00000000026-BH1', 1860, 0.2554, 23.4452, 0.6021, 'Barmer');
INSERT INTO welldata.PETROPHYSICS (UBHI, SAMPLE_DEPTH_M, POROSITY, PERMEABILITY, WATER_SAT, FORMATION) VALUES ('WELL00000000026-BH1', 1880, 0.1394, 197.3277, 0.4809, 'Bengal');
INSERT INTO welldata.PETROPHYSICS (UBHI, SAMPLE_DEPTH_M, POROSITY, PERMEABILITY, WATER_SAT, FORMATION) VALUES ('WELL00000000026-BH1', 1900, 0.0529, 209.712, 0.5789, 'Rajahmundry');
INSERT INTO welldata.PETROPHYSICS (UBHI, SAMPLE_DEPTH_M, POROSITY, PERMEABILITY, WATER_SAT, FORMATION) VALUES ('WELL00000000026-BH1', 1920, 0.206, 355.699, 0.6393, 'Barmer');
INSERT INTO welldata.PETROPHYSICS (UBHI, SAMPLE_DEPTH_M, POROSITY, PERMEABILITY, WATER_SAT, FORMATION) VALUES ('WELL00000000026-BH1', 1940, 0.2001, 439.7827, 0.2823, 'Rajahmundry');
INSERT INTO welldata.PETROPHYSICS (UBHI, SAMPLE_DEPTH_M, POROSITY, PERMEABILITY, WATER_SAT, FORMATION) VALUES ('WELL00000000026-BH1', 1960, 0.0437, 402.7658, 0.5557, 'Bengal');
INSERT INTO welldata.PETROPHYSICS (UBHI, SAMPLE_DEPTH_M, POROSITY, PERMEABILITY, WATER_SAT, FORMATION) VALUES ('WELL00000000026-BH1', 1980, 0.1175, 282.7464, 0.2341, 'Sanchore');
INSERT INTO welldata.PETROPHYSICS (UBHI, SAMPLE_DEPTH_M, POROSITY, PERMEABILITY, WATER_SAT, FORMATION) VALUES ('WELL00000000026-BH1', 2000, 0.137, 353.3898, 0.736, 'Barmer');
INSERT INTO welldata.PETROPHYSICS (UBHI, SAMPLE_DEPTH_M, POROSITY, PERMEABILITY, WATER_SAT, FORMATION) VALUES ('WELL00000000026-BH1', 2020, 0.2628, 260.1662, 0.7396, 'Rajahmundry');
INSERT INTO welldata.PETROPHYSICS (UBHI, SAMPLE_DEPTH_M, POROSITY, PERMEABILITY, WATER_SAT, FORMATION) VALUES ('WELL00000000026-BH1', 2040, 0.2253, 377.374, 0.628, 'Barmer');
INSERT INTO welldata.PETROPHYSICS (UBHI, SAMPLE_DEPTH_M, POROSITY, PERMEABILITY, WATER_SAT, FORMATION) VALUES ('WELL00000000026-BH1', 2060, 0.2603, 374.6565, 0.7196, 'Bengal');
INSERT INTO welldata.PETROPHYSICS (UBHI, SAMPLE_DEPTH_M, POROSITY, PERMEABILITY, WATER_SAT, FORMATION) VALUES ('WELL00000000026-BH1', 2080, 0.224, 173.5057, 0.2385, 'Bengal');
INSERT INTO welldata.PETROPHYSICS (UBHI, SAMPLE_DEPTH_M, POROSITY, PERMEABILITY, WATER_SAT, FORMATION) VALUES ('WELL00000000026-BH1', 2100, 0.0473, 260.0666, 0.6674, 'Sanchore');
INSERT INTO welldata.PETROPHYSICS (UBHI, SAMPLE_DEPTH_M, POROSITY, PERMEABILITY, WATER_SAT, FORMATION) VALUES ('WELL00000000026-BH1', 2120, 0.228, 24.4207, 0.6373, 'Rajahmundry');
INSERT INTO welldata.PETROPHYSICS (UBHI, SAMPLE_DEPTH_M, POROSITY, PERMEABILITY, WATER_SAT, FORMATION) VALUES ('WELL00000000026-BH1', 2140, 0.0988, 79.6743, 0.5888, 'Barmer');
INSERT INTO welldata.PETROPHYSICS (UBHI, SAMPLE_DEPTH_M, POROSITY, PERMEABILITY, WATER_SAT, FORMATION) VALUES ('WELL00000000026-BH1', 2160, 0.2426, 388.7885, 0.4939, 'Rajahmundry');
INSERT INTO welldata.PETROPHYSICS (UBHI, SAMPLE_DEPTH_M, POROSITY, PERMEABILITY, WATER_SAT, FORMATION) VALUES ('WELL00000000026-BH1', 2180, 0.2105, 257.8816, 0.5117, 'Bengal');
INSERT INTO welldata.PETROPHYSICS (UBHI, SAMPLE_DEPTH_M, POROSITY, PERMEABILITY, WATER_SAT, FORMATION) VALUES ('WELL00000000026-BH1', 2200, 0.1653, 377.0176, 0.1528, 'Rajahmundry');
INSERT INTO welldata.PETROPHYSICS (UBHI, SAMPLE_DEPTH_M, POROSITY, PERMEABILITY, WATER_SAT, FORMATION) VALUES ('WELL00000000026-BH1', 2220, 0.2033, 40.1465, 0.4994, 'Rajahmundry');
INSERT INTO welldata.PETROPHYSICS (UBHI, SAMPLE_DEPTH_M, POROSITY, PERMEABILITY, WATER_SAT, FORMATION) VALUES ('WELL00000000026-BH1', 2240, 0.0589, 219.2966, 0.4816, 'Rajahmundry');
INSERT INTO welldata.PETROPHYSICS (UBHI, SAMPLE_DEPTH_M, POROSITY, PERMEABILITY, WATER_SAT, FORMATION) VALUES ('WELL00000000026-BH1', 2260, 0.1124, 164.6238, 0.4656, 'Rajahmundry');
INSERT INTO welldata.PETROPHYSICS (UBHI, SAMPLE_DEPTH_M, POROSITY, PERMEABILITY, WATER_SAT, FORMATION) VALUES ('WELL00000000026-BH1', 2280, 0.1039, 148.886, 0.3755, 'Bengal');
INSERT INTO welldata.PETROPHYSICS (UBHI, SAMPLE_DEPTH_M, POROSITY, PERMEABILITY, WATER_SAT, FORMATION) VALUES ('WELL00000000026-BH1', 2300, 0.1055, 405.5867, 0.1849, 'Barmer');
INSERT INTO welldata.PETROPHYSICS (UBHI, SAMPLE_DEPTH_M, POROSITY, PERMEABILITY, WATER_SAT, FORMATION) VALUES ('WELL00000000026-BH1', 2320, 0.1757, 207.1263, 0.2927, 'Rajahmundry');
INSERT INTO welldata.PETROPHYSICS (UBHI, SAMPLE_DEPTH_M, POROSITY, PERMEABILITY, WATER_SAT, FORMATION) VALUES ('WELL00000000026-BH1', 2340, 0.0802, 11.9896, 0.7128, 'Bengal');
INSERT INTO welldata.PETROPHYSICS (UBHI, SAMPLE_DEPTH_M, POROSITY, PERMEABILITY, WATER_SAT, FORMATION) VALUES ('WELL00000000026-BH1', 2360, 0.0615, 186.4406, 0.4999, 'Bengal');
INSERT INTO welldata.PETROPHYSICS (UBHI, SAMPLE_DEPTH_M, POROSITY, PERMEABILITY, WATER_SAT, FORMATION) VALUES ('WELL00000000026-BH1', 2380, 0.1946, 263.4208, 0.1881, 'Bengal');
INSERT INTO welldata.PETROPHYSICS (UBHI, SAMPLE_DEPTH_M, POROSITY, PERMEABILITY, WATER_SAT, FORMATION) VALUES ('WELL00000000026-BH1', 2400, 0.1696, 170.0571, 0.3973, 'Sanchore');
INSERT INTO welldata.PETROPHYSICS (UBHI, SAMPLE_DEPTH_M, POROSITY, PERMEABILITY, WATER_SAT, FORMATION) VALUES ('WELL00000000026-BH1', 2420, 0.1272, 178.3222, 0.1829, 'Rajahmundry');
INSERT INTO welldata.PETROPHYSICS (UBHI, SAMPLE_DEPTH_M, POROSITY, PERMEABILITY, WATER_SAT, FORMATION) VALUES ('WELL00000000026-BH1', 2440, 0.2092, 251.4467, 0.5566, 'Bengal');
INSERT INTO welldata.PETROPHYSICS (UBHI, SAMPLE_DEPTH_M, POROSITY, PERMEABILITY, WATER_SAT, FORMATION) VALUES ('WELL00000000026-BH1', 2460, 0.2773, 406.8652, 0.4414, 'Bengal');
INSERT INTO welldata.PETROPHYSICS (UBHI, SAMPLE_DEPTH_M, POROSITY, PERMEABILITY, WATER_SAT, FORMATION) VALUES ('WELL00000000026-BH1', 2480, 0.1092, 59.9256, 0.2004, 'Bengal');
INSERT INTO welldata.PETROPHYSICS (UBHI, SAMPLE_DEPTH_M, POROSITY, PERMEABILITY, WATER_SAT, FORMATION) VALUES ('WELL00000000026-BH1', 2500, 0.2002, 436.7151, 0.6363, 'Bengal');
INSERT INTO welldata.PETROPHYSICS (UBHI, SAMPLE_DEPTH_M, POROSITY, PERMEABILITY, WATER_SAT, FORMATION) VALUES ('WELL00000000026-BH1', 2520, 0.104, 28.6038, 0.5631, 'Sanchore');
INSERT INTO welldata.PETROPHYSICS (UBHI, SAMPLE_DEPTH_M, POROSITY, PERMEABILITY, WATER_SAT, FORMATION) VALUES ('WELL00000000026-BH1', 2540, 0.0618, 274.6094, 0.5509, 'Sanchore');
INSERT INTO welldata.PETROPHYSICS (UBHI, SAMPLE_DEPTH_M, POROSITY, PERMEABILITY, WATER_SAT, FORMATION) VALUES ('WELL00000000026-BH1', 2560, 0.147, 233.0011, 0.676, 'Sanchore');
INSERT INTO welldata.PETROPHYSICS (UBHI, SAMPLE_DEPTH_M, POROSITY, PERMEABILITY, WATER_SAT, FORMATION) VALUES ('WELL00000000026-BH1', 2580, 0.2754, 275.1645, 0.1778, 'Barmer');
INSERT INTO welldata.PETROPHYSICS (UBHI, SAMPLE_DEPTH_M, POROSITY, PERMEABILITY, WATER_SAT, FORMATION) VALUES ('WELL00000000026-BH1', 2600, 0.2505, 362.2856, 0.172, 'Barmer');
INSERT INTO welldata.PETROPHYSICS (UBHI, SAMPLE_DEPTH_M, POROSITY, PERMEABILITY, WATER_SAT, FORMATION) VALUES ('WELL00000000026-BH1', 2620, 0.0812, 417.5781, 0.2872, 'Bengal');
INSERT INTO welldata.PETROPHYSICS (UBHI, SAMPLE_DEPTH_M, POROSITY, PERMEABILITY, WATER_SAT, FORMATION) VALUES ('WELL00000000026-BH1', 2640, 0.0729, 364.6976, 0.5211, 'Barmer');
INSERT INTO welldata.PETROPHYSICS (UBHI, SAMPLE_DEPTH_M, POROSITY, PERMEABILITY, WATER_SAT, FORMATION) VALUES ('WELL00000000026-BH1', 2660, 0.1786, 365.8094, 0.6017, 'Rajahmundry');
INSERT INTO welldata.PETROPHYSICS (UBHI, SAMPLE_DEPTH_M, POROSITY, PERMEABILITY, WATER_SAT, FORMATION) VALUES ('WELL00000000026-BH1', 2680, 0.2195, 256.0971, 0.4917, 'Bengal');
INSERT INTO welldata.PETROPHYSICS (UBHI, SAMPLE_DEPTH_M, POROSITY, PERMEABILITY, WATER_SAT, FORMATION) VALUES ('WELL00000000026-BH1', 2700, 0.1022, 18.9403, 0.5759, 'Barmer');
INSERT INTO welldata.PETROPHYSICS (UBHI, SAMPLE_DEPTH_M, POROSITY, PERMEABILITY, WATER_SAT, FORMATION) VALUES ('WELL00000000026-BH1', 2720, 0.1627, 376.0534, 0.285, 'Sanchore');
INSERT INTO welldata.PETROPHYSICS (UBHI, SAMPLE_DEPTH_M, POROSITY, PERMEABILITY, WATER_SAT, FORMATION) VALUES ('WELL00000000026-BH1', 2740, 0.1401, 120.9647, 0.665, 'Sanchore');
INSERT INTO welldata.PETROPHYSICS (UBHI, SAMPLE_DEPTH_M, POROSITY, PERMEABILITY, WATER_SAT, FORMATION) VALUES ('WELL00000000026-BH1', 2760, 0.1716, 271.2207, 0.6148, 'Bengal');
INSERT INTO welldata.PETROPHYSICS (UBHI, SAMPLE_DEPTH_M, POROSITY, PERMEABILITY, WATER_SAT, FORMATION) VALUES ('WELL00000000026-BH1', 2780, 0.2696, 319.6157, 0.7432, 'Rajahmundry');
INSERT INTO welldata.PETROPHYSICS (UBHI, SAMPLE_DEPTH_M, POROSITY, PERMEABILITY, WATER_SAT, FORMATION) VALUES ('WELL00000000026-BH1', 2800, 0.0603, 77.1677, 0.15, 'Rajahmundry');
INSERT INTO welldata.PETROPHYSICS (UBHI, SAMPLE_DEPTH_M, POROSITY, PERMEABILITY, WATER_SAT, FORMATION) VALUES ('WELL00000000026-BH1', 2820, 0.1003, 289.7574, 0.3585, 'Sanchore');
INSERT INTO welldata.PETROPHYSICS (UBHI, SAMPLE_DEPTH_M, POROSITY, PERMEABILITY, WATER_SAT, FORMATION) VALUES ('WELL00000000026-BH1', 2840, 0.0561, 400.1, 0.7123, 'Sanchore');
INSERT INTO welldata.PETROPHYSICS (UBHI, SAMPLE_DEPTH_M, POROSITY, PERMEABILITY, WATER_SAT, FORMATION) VALUES ('WELL00000000026-BH1', 2860, 0.0956, 178.3626, 0.6029, 'Bengal');
INSERT INTO welldata.PETROPHYSICS (UBHI, SAMPLE_DEPTH_M, POROSITY, PERMEABILITY, WATER_SAT, FORMATION) VALUES ('WELL00000000026-BH1', 2880, 0.0637, 134.9556, 0.3829, 'Sanchore');
INSERT INTO welldata.PETROPHYSICS (UBHI, SAMPLE_DEPTH_M, POROSITY, PERMEABILITY, WATER_SAT, FORMATION) VALUES ('WELL00000000026-BH1', 2900, 0.2582, 115.0385, 0.5228, 'Bengal');
INSERT INTO welldata.PETROPHYSICS (UBHI, SAMPLE_DEPTH_M, POROSITY, PERMEABILITY, WATER_SAT, FORMATION) VALUES ('WELL00000000026-BH1', 2920, 0.1806, 370.1564, 0.2137, 'Barmer');
INSERT INTO welldata.PETROPHYSICS (UBHI, SAMPLE_DEPTH_M, POROSITY, PERMEABILITY, WATER_SAT, FORMATION) VALUES ('WELL00000000026-BH1', 2940, 0.073, 6.6353, 0.6108, 'Sanchore');
INSERT INTO welldata.PETROPHYSICS (UBHI, SAMPLE_DEPTH_M, POROSITY, PERMEABILITY, WATER_SAT, FORMATION) VALUES ('WELL00000000026-BH1', 2960, 0.2256, 184.0003, 0.6174, 'Rajahmundry');
INSERT INTO welldata.PETROPHYSICS (UBHI, SAMPLE_DEPTH_M, POROSITY, PERMEABILITY, WATER_SAT, FORMATION) VALUES ('WELL00000000026-BH1', 2980, 0.1638, 44.8982, 0.6328, 'Bengal');
INSERT INTO welldata.PETROPHYSICS (UBHI, SAMPLE_DEPTH_M, POROSITY, PERMEABILITY, WATER_SAT, FORMATION) VALUES ('WELL00000000026-BH1', 3000, 0.2799, 76.6164, 0.7052, 'Sanchore');
INSERT INTO welldata.BOREHOLE (UBHI, UWI, BOREHOLE_NAME, BOREHOLE_TYPE, TOP_DEPTH_M, BASE_DEPTH_M) VALUES ('WELL00000000026-BH2', 'WELL00000000026', 'RELI-CA-026-BH2', 'HORIZONTAL', 681, 1361);
INSERT INTO welldata.PETROPHYSICS (UBHI, SAMPLE_DEPTH_M, POROSITY, PERMEABILITY, WATER_SAT, FORMATION) VALUES ('WELL00000000026-BH2', 1000, 0.1597, 281.5665, 0.2266, 'Sanchore');
INSERT INTO welldata.PETROPHYSICS (UBHI, SAMPLE_DEPTH_M, POROSITY, PERMEABILITY, WATER_SAT, FORMATION) VALUES ('WELL00000000026-BH2', 1020, 0.263, 304.0729, 0.741, 'Sanchore');
INSERT INTO welldata.PETROPHYSICS (UBHI, SAMPLE_DEPTH_M, POROSITY, PERMEABILITY, WATER_SAT, FORMATION) VALUES ('WELL00000000026-BH2', 1040, 0.0467, 234.3756, 0.4209, 'Sanchore');
INSERT INTO welldata.PETROPHYSICS (UBHI, SAMPLE_DEPTH_M, POROSITY, PERMEABILITY, WATER_SAT, FORMATION) VALUES ('WELL00000000026-BH2', 1060, 0.1481, 412.3089, 0.7478, 'Bengal');
INSERT INTO welldata.PETROPHYSICS (UBHI, SAMPLE_DEPTH_M, POROSITY, PERMEABILITY, WATER_SAT, FORMATION) VALUES ('WELL00000000026-BH2', 1080, 0.1449, 210.0715, 0.1773, 'Rajahmundry');
INSERT INTO welldata.PETROPHYSICS (UBHI, SAMPLE_DEPTH_M, POROSITY, PERMEABILITY, WATER_SAT, FORMATION) VALUES ('WELL00000000026-BH2', 1100, 0.1455, 414.2642, 0.1737, 'Sanchore');
INSERT INTO welldata.PETROPHYSICS (UBHI, SAMPLE_DEPTH_M, POROSITY, PERMEABILITY, WATER_SAT, FORMATION) VALUES ('WELL00000000026-BH2', 1120, 0.0839, 275.3537, 0.4556, 'Rajahmundry');
INSERT INTO welldata.PETROPHYSICS (UBHI, SAMPLE_DEPTH_M, POROSITY, PERMEABILITY, WATER_SAT, FORMATION) VALUES ('WELL00000000026-BH2', 1140, 0.1005, 404.7242, 0.7304, 'Barmer');
INSERT INTO welldata.PETROPHYSICS (UBHI, SAMPLE_DEPTH_M, POROSITY, PERMEABILITY, WATER_SAT, FORMATION) VALUES ('WELL00000000026-BH2', 1160, 0.2413, 360.4945, 0.3636, 'Bengal');
INSERT INTO welldata.PETROPHYSICS (UBHI, SAMPLE_DEPTH_M, POROSITY, PERMEABILITY, WATER_SAT, FORMATION) VALUES ('WELL00000000026-BH2', 1180, 0.1505, 233.6344, 0.1943, 'Rajahmundry');
INSERT INTO welldata.PETROPHYSICS (UBHI, SAMPLE_DEPTH_M, POROSITY, PERMEABILITY, WATER_SAT, FORMATION) VALUES ('WELL00000000026-BH2', 1200, 0.2712, 401.0763, 0.2118, 'Sanchore');
INSERT INTO welldata.PETROPHYSICS (UBHI, SAMPLE_DEPTH_M, POROSITY, PERMEABILITY, WATER_SAT, FORMATION) VALUES ('WELL00000000026-BH2', 1220, 0.0583, 150.9468, 0.1622, 'Bengal');
INSERT INTO welldata.PETROPHYSICS (UBHI, SAMPLE_DEPTH_M, POROSITY, PERMEABILITY, WATER_SAT, FORMATION) VALUES ('WELL00000000026-BH2', 1240, 0.2528, 327.6713, 0.2589, 'Barmer');
INSERT INTO welldata.PETROPHYSICS (UBHI, SAMPLE_DEPTH_M, POROSITY, PERMEABILITY, WATER_SAT, FORMATION) VALUES ('WELL00000000026-BH2', 1260, 0.0521, 405.5848, 0.585, 'Bengal');
INSERT INTO welldata.PETROPHYSICS (UBHI, SAMPLE_DEPTH_M, POROSITY, PERMEABILITY, WATER_SAT, FORMATION) VALUES ('WELL00000000026-BH2', 1280, 0.1686, 283.9934, 0.469, 'Rajahmundry');
INSERT INTO welldata.PETROPHYSICS (UBHI, SAMPLE_DEPTH_M, POROSITY, PERMEABILITY, WATER_SAT, FORMATION) VALUES ('WELL00000000026-BH2', 1300, 0.1902, 386.7261, 0.2368, 'Rajahmundry');
INSERT INTO welldata.PETROPHYSICS (UBHI, SAMPLE_DEPTH_M, POROSITY, PERMEABILITY, WATER_SAT, FORMATION) VALUES ('WELL00000000026-BH2', 1320, 0.1767, 182.9445, 0.3117, 'Rajahmundry');
INSERT INTO welldata.PETROPHYSICS (UBHI, SAMPLE_DEPTH_M, POROSITY, PERMEABILITY, WATER_SAT, FORMATION) VALUES ('WELL00000000026-BH2', 1340, 0.2312, 408.2124, 0.3621, 'Barmer');
INSERT INTO welldata.PETROPHYSICS (UBHI, SAMPLE_DEPTH_M, POROSITY, PERMEABILITY, WATER_SAT, FORMATION) VALUES ('WELL00000000026-BH2', 1360, 0.2102, 110.3306, 0.6844, 'Bengal');
INSERT INTO welldata.PETROPHYSICS (UBHI, SAMPLE_DEPTH_M, POROSITY, PERMEABILITY, WATER_SAT, FORMATION) VALUES ('WELL00000000026-BH2', 1380, 0.0645, 184.2413, 0.1796, 'Barmer');
INSERT INTO welldata.PETROPHYSICS (UBHI, SAMPLE_DEPTH_M, POROSITY, PERMEABILITY, WATER_SAT, FORMATION) VALUES ('WELL00000000026-BH2', 1400, 0.1829, 228.1048, 0.6941, 'Sanchore');
INSERT INTO welldata.PETROPHYSICS (UBHI, SAMPLE_DEPTH_M, POROSITY, PERMEABILITY, WATER_SAT, FORMATION) VALUES ('WELL00000000026-BH2', 1420, 0.15, 41.3829, 0.5845, 'Bengal');
INSERT INTO welldata.PETROPHYSICS (UBHI, SAMPLE_DEPTH_M, POROSITY, PERMEABILITY, WATER_SAT, FORMATION) VALUES ('WELL00000000026-BH2', 1440, 0.2494, 40.835, 0.6277, 'Sanchore');
INSERT INTO welldata.PETROPHYSICS (UBHI, SAMPLE_DEPTH_M, POROSITY, PERMEABILITY, WATER_SAT, FORMATION) VALUES ('WELL00000000026-BH2', 1460, 0.18, 440.6486, 0.2859, 'Sanchore');
INSERT INTO welldata.PETROPHYSICS (UBHI, SAMPLE_DEPTH_M, POROSITY, PERMEABILITY, WATER_SAT, FORMATION) VALUES ('WELL00000000026-BH2', 1480, 0.1863, 75.3115, 0.3637, 'Barmer');
INSERT INTO welldata.PETROPHYSICS (UBHI, SAMPLE_DEPTH_M, POROSITY, PERMEABILITY, WATER_SAT, FORMATION) VALUES ('WELL00000000026-BH2', 1500, 0.0994, 152.0903, 0.175, 'Barmer');
INSERT INTO welldata.PETROPHYSICS (UBHI, SAMPLE_DEPTH_M, POROSITY, PERMEABILITY, WATER_SAT, FORMATION) VALUES ('WELL00000000026-BH2', 1520, 0.2339, 224.7886, 0.27, 'Bengal');
INSERT INTO welldata.PETROPHYSICS (UBHI, SAMPLE_DEPTH_M, POROSITY, PERMEABILITY, WATER_SAT, FORMATION) VALUES ('WELL00000000026-BH2', 1540, 0.2487, 4.6382, 0.174, 'Barmer');
INSERT INTO welldata.PETROPHYSICS (UBHI, SAMPLE_DEPTH_M, POROSITY, PERMEABILITY, WATER_SAT, FORMATION) VALUES ('WELL00000000026-BH2', 1560, 0.2698, 72.2777, 0.5449, 'Sanchore');
INSERT INTO welldata.PETROPHYSICS (UBHI, SAMPLE_DEPTH_M, POROSITY, PERMEABILITY, WATER_SAT, FORMATION) VALUES ('WELL00000000026-BH2', 1580, 0.2265, 443.1689, 0.5377, 'Rajahmundry');
INSERT INTO welldata.PETROPHYSICS (UBHI, SAMPLE_DEPTH_M, POROSITY, PERMEABILITY, WATER_SAT, FORMATION) VALUES ('WELL00000000026-BH2', 1600, 0.1803, 271.0298, 0.3097, 'Sanchore');
INSERT INTO welldata.PETROPHYSICS (UBHI, SAMPLE_DEPTH_M, POROSITY, PERMEABILITY, WATER_SAT, FORMATION) VALUES ('WELL00000000026-BH2', 1620, 0.1724, 419.4872, 0.5578, 'Rajahmundry');
INSERT INTO welldata.PETROPHYSICS (UBHI, SAMPLE_DEPTH_M, POROSITY, PERMEABILITY, WATER_SAT, FORMATION) VALUES ('WELL00000000026-BH2', 1640, 0.2345, 85.7223, 0.6774, 'Bengal');
INSERT INTO welldata.PETROPHYSICS (UBHI, SAMPLE_DEPTH_M, POROSITY, PERMEABILITY, WATER_SAT, FORMATION) VALUES ('WELL00000000026-BH2', 1660, 0.0486, 109.5983, 0.194, 'Rajahmundry');
INSERT INTO welldata.PETROPHYSICS (UBHI, SAMPLE_DEPTH_M, POROSITY, PERMEABILITY, WATER_SAT, FORMATION) VALUES ('WELL00000000026-BH2', 1680, 0.0711, 432.2925, 0.3467, 'Sanchore');
INSERT INTO welldata.PETROPHYSICS (UBHI, SAMPLE_DEPTH_M, POROSITY, PERMEABILITY, WATER_SAT, FORMATION) VALUES ('WELL00000000026-BH2', 1700, 0.2134, 342.8831, 0.5395, 'Sanchore');
INSERT INTO welldata.PETROPHYSICS (UBHI, SAMPLE_DEPTH_M, POROSITY, PERMEABILITY, WATER_SAT, FORMATION) VALUES ('WELL00000000026-BH2', 1720, 0.2428, 202.4552, 0.5894, 'Barmer');
INSERT INTO welldata.PETROPHYSICS (UBHI, SAMPLE_DEPTH_M, POROSITY, PERMEABILITY, WATER_SAT, FORMATION) VALUES ('WELL00000000026-BH2', 1740, 0.117, 173.6885, 0.6293, 'Bengal');
INSERT INTO welldata.PETROPHYSICS (UBHI, SAMPLE_DEPTH_M, POROSITY, PERMEABILITY, WATER_SAT, FORMATION) VALUES ('WELL00000000026-BH2', 1760, 0.084, 239.2326, 0.4975, 'Sanchore');
INSERT INTO welldata.PETROPHYSICS (UBHI, SAMPLE_DEPTH_M, POROSITY, PERMEABILITY, WATER_SAT, FORMATION) VALUES ('WELL00000000026-BH2', 1780, 0.2135, 296.1446, 0.4787, 'Sanchore');
INSERT INTO welldata.PETROPHYSICS (UBHI, SAMPLE_DEPTH_M, POROSITY, PERMEABILITY, WATER_SAT, FORMATION) VALUES ('WELL00000000026-BH2', 1800, 0.266, 339.0359, 0.5369, 'Sanchore');
INSERT INTO welldata.PETROPHYSICS (UBHI, SAMPLE_DEPTH_M, POROSITY, PERMEABILITY, WATER_SAT, FORMATION) VALUES ('WELL00000000026-BH2', 1820, 0.2798, 439.0396, 0.6502, 'Sanchore');
INSERT INTO welldata.PETROPHYSICS (UBHI, SAMPLE_DEPTH_M, POROSITY, PERMEABILITY, WATER_SAT, FORMATION) VALUES ('WELL00000000026-BH2', 1840, 0.2366, 285.4022, 0.5105, 'Bengal');
INSERT INTO welldata.PETROPHYSICS (UBHI, SAMPLE_DEPTH_M, POROSITY, PERMEABILITY, WATER_SAT, FORMATION) VALUES ('WELL00000000026-BH2', 1860, 0.1658, 392.2074, 0.4479, 'Rajahmundry');
INSERT INTO welldata.PETROPHYSICS (UBHI, SAMPLE_DEPTH_M, POROSITY, PERMEABILITY, WATER_SAT, FORMATION) VALUES ('WELL00000000026-BH2', 1880, 0.1293, 129.587, 0.4225, 'Barmer');
INSERT INTO welldata.PETROPHYSICS (UBHI, SAMPLE_DEPTH_M, POROSITY, PERMEABILITY, WATER_SAT, FORMATION) VALUES ('WELL00000000026-BH2', 1900, 0.2785, 370.7537, 0.4183, 'Barmer');
INSERT INTO welldata.PETROPHYSICS (UBHI, SAMPLE_DEPTH_M, POROSITY, PERMEABILITY, WATER_SAT, FORMATION) VALUES ('WELL00000000026-BH2', 1920, 0.2104, 32.9545, 0.4536, 'Rajahmundry');
INSERT INTO welldata.PETROPHYSICS (UBHI, SAMPLE_DEPTH_M, POROSITY, PERMEABILITY, WATER_SAT, FORMATION) VALUES ('WELL00000000026-BH2', 1940, 0.116, 3.3577, 0.5923, 'Rajahmundry');
INSERT INTO welldata.PETROPHYSICS (UBHI, SAMPLE_DEPTH_M, POROSITY, PERMEABILITY, WATER_SAT, FORMATION) VALUES ('WELL00000000026-BH2', 1960, 0.0671, 338.4649, 0.2184, 'Bengal');
INSERT INTO welldata.PETROPHYSICS (UBHI, SAMPLE_DEPTH_M, POROSITY, PERMEABILITY, WATER_SAT, FORMATION) VALUES ('WELL00000000026-BH2', 1980, 0.1124, 396.7912, 0.273, 'Barmer');
INSERT INTO welldata.PETROPHYSICS (UBHI, SAMPLE_DEPTH_M, POROSITY, PERMEABILITY, WATER_SAT, FORMATION) VALUES ('WELL00000000026-BH2', 2000, 0.0633, 41.5775, 0.62, 'Rajahmundry');
INSERT INTO welldata.PETROPHYSICS (UBHI, SAMPLE_DEPTH_M, POROSITY, PERMEABILITY, WATER_SAT, FORMATION) VALUES ('WELL00000000026-BH2', 2020, 0.0598, 272.8738, 0.3138, 'Rajahmundry');
INSERT INTO welldata.PETROPHYSICS (UBHI, SAMPLE_DEPTH_M, POROSITY, PERMEABILITY, WATER_SAT, FORMATION) VALUES ('WELL00000000026-BH2', 2040, 0.244, 432.8251, 0.6907, 'Barmer');
INSERT INTO welldata.PETROPHYSICS (UBHI, SAMPLE_DEPTH_M, POROSITY, PERMEABILITY, WATER_SAT, FORMATION) VALUES ('WELL00000000026-BH2', 2060, 0.0534, 207.2867, 0.4291, 'Bengal');
INSERT INTO welldata.PETROPHYSICS (UBHI, SAMPLE_DEPTH_M, POROSITY, PERMEABILITY, WATER_SAT, FORMATION) VALUES ('WELL00000000026-BH2', 2080, 0.2075, 92.9816, 0.2138, 'Barmer');
INSERT INTO welldata.PETROPHYSICS (UBHI, SAMPLE_DEPTH_M, POROSITY, PERMEABILITY, WATER_SAT, FORMATION) VALUES ('WELL00000000026-BH2', 2100, 0.1309, 349.5089, 0.6196, 'Barmer');
INSERT INTO welldata.PETROPHYSICS (UBHI, SAMPLE_DEPTH_M, POROSITY, PERMEABILITY, WATER_SAT, FORMATION) VALUES ('WELL00000000026-BH2', 2120, 0.2588, 50.7993, 0.3637, 'Barmer');
INSERT INTO welldata.PETROPHYSICS (UBHI, SAMPLE_DEPTH_M, POROSITY, PERMEABILITY, WATER_SAT, FORMATION) VALUES ('WELL00000000026-BH2', 2140, 0.2687, 373.045, 0.5641, 'Barmer');
INSERT INTO welldata.PETROPHYSICS (UBHI, SAMPLE_DEPTH_M, POROSITY, PERMEABILITY, WATER_SAT, FORMATION) VALUES ('WELL00000000026-BH2', 2160, 0.2582, 51.196, 0.177, 'Rajahmundry');
INSERT INTO welldata.PETROPHYSICS (UBHI, SAMPLE_DEPTH_M, POROSITY, PERMEABILITY, WATER_SAT, FORMATION) VALUES ('WELL00000000026-BH2', 2180, 0.059, 66.6201, 0.3879, 'Barmer');
INSERT INTO welldata.PETROPHYSICS (UBHI, SAMPLE_DEPTH_M, POROSITY, PERMEABILITY, WATER_SAT, FORMATION) VALUES ('WELL00000000026-BH2', 2200, 0.2425, 368.1962, 0.3296, 'Sanchore');
INSERT INTO welldata.PETROPHYSICS (UBHI, SAMPLE_DEPTH_M, POROSITY, PERMEABILITY, WATER_SAT, FORMATION) VALUES ('WELL00000000026-BH2', 2220, 0.184, 193.6226, 0.5894, 'Barmer');
INSERT INTO welldata.PETROPHYSICS (UBHI, SAMPLE_DEPTH_M, POROSITY, PERMEABILITY, WATER_SAT, FORMATION) VALUES ('WELL00000000026-BH2', 2240, 0.0445, 134.6046, 0.2936, 'Bengal');
INSERT INTO welldata.PETROPHYSICS (UBHI, SAMPLE_DEPTH_M, POROSITY, PERMEABILITY, WATER_SAT, FORMATION) VALUES ('WELL00000000026-BH2', 2260, 0.0818, 289.6845, 0.6416, 'Sanchore');
INSERT INTO welldata.PETROPHYSICS (UBHI, SAMPLE_DEPTH_M, POROSITY, PERMEABILITY, WATER_SAT, FORMATION) VALUES ('WELL00000000026-BH2', 2280, 0.1178, 293.1247, 0.4247, 'Bengal');
INSERT INTO welldata.PETROPHYSICS (UBHI, SAMPLE_DEPTH_M, POROSITY, PERMEABILITY, WATER_SAT, FORMATION) VALUES ('WELL00000000026-BH2', 2300, 0.0571, 393.3733, 0.7183, 'Bengal');
INSERT INTO welldata.PETROPHYSICS (UBHI, SAMPLE_DEPTH_M, POROSITY, PERMEABILITY, WATER_SAT, FORMATION) VALUES ('WELL00000000026-BH2', 2320, 0.0814, 6.6049, 0.7272, 'Barmer');
INSERT INTO welldata.PETROPHYSICS (UBHI, SAMPLE_DEPTH_M, POROSITY, PERMEABILITY, WATER_SAT, FORMATION) VALUES ('WELL00000000026-BH2', 2340, 0.2147, 331.8402, 0.6975, 'Bengal');
INSERT INTO welldata.PETROPHYSICS (UBHI, SAMPLE_DEPTH_M, POROSITY, PERMEABILITY, WATER_SAT, FORMATION) VALUES ('WELL00000000026-BH2', 2360, 0.1801, 409.7806, 0.202, 'Rajahmundry');
INSERT INTO welldata.PETROPHYSICS (UBHI, SAMPLE_DEPTH_M, POROSITY, PERMEABILITY, WATER_SAT, FORMATION) VALUES ('WELL00000000026-BH2', 2380, 0.1373, 312.1942, 0.5748, 'Rajahmundry');
INSERT INTO welldata.PETROPHYSICS (UBHI, SAMPLE_DEPTH_M, POROSITY, PERMEABILITY, WATER_SAT, FORMATION) VALUES ('WELL00000000026-BH2', 2400, 0.097, 99.275, 0.2291, 'Barmer');
INSERT INTO welldata.PETROPHYSICS (UBHI, SAMPLE_DEPTH_M, POROSITY, PERMEABILITY, WATER_SAT, FORMATION) VALUES ('WELL00000000026-BH2', 2420, 0.2123, 34.9368, 0.5132, 'Rajahmundry');
INSERT INTO welldata.PETROPHYSICS (UBHI, SAMPLE_DEPTH_M, POROSITY, PERMEABILITY, WATER_SAT, FORMATION) VALUES ('WELL00000000026-BH2', 2440, 0.1912, 325.2665, 0.2192, 'Sanchore');
INSERT INTO welldata.PETROPHYSICS (UBHI, SAMPLE_DEPTH_M, POROSITY, PERMEABILITY, WATER_SAT, FORMATION) VALUES ('WELL00000000026-BH2', 2460, 0.2614, 16.0751, 0.5383, 'Bengal');
INSERT INTO welldata.PETROPHYSICS (UBHI, SAMPLE_DEPTH_M, POROSITY, PERMEABILITY, WATER_SAT, FORMATION) VALUES ('WELL00000000026-BH2', 2480, 0.1732, 142.0492, 0.4797, 'Sanchore');
INSERT INTO welldata.PETROPHYSICS (UBHI, SAMPLE_DEPTH_M, POROSITY, PERMEABILITY, WATER_SAT, FORMATION) VALUES ('WELL00000000026-BH2', 2500, 0.0762, 80.5601, 0.4736, 'Bengal');
INSERT INTO welldata.PETROPHYSICS (UBHI, SAMPLE_DEPTH_M, POROSITY, PERMEABILITY, WATER_SAT, FORMATION) VALUES ('WELL00000000026-BH2', 2520, 0.1561, 445.488, 0.7215, 'Sanchore');
INSERT INTO welldata.PETROPHYSICS (UBHI, SAMPLE_DEPTH_M, POROSITY, PERMEABILITY, WATER_SAT, FORMATION) VALUES ('WELL00000000026-BH2', 2540, 0.2438, 248.4459, 0.4824, 'Barmer');
INSERT INTO welldata.PETROPHYSICS (UBHI, SAMPLE_DEPTH_M, POROSITY, PERMEABILITY, WATER_SAT, FORMATION) VALUES ('WELL00000000026-BH2', 2560, 0.2136, 26.153, 0.2053, 'Barmer');
INSERT INTO welldata.PETROPHYSICS (UBHI, SAMPLE_DEPTH_M, POROSITY, PERMEABILITY, WATER_SAT, FORMATION) VALUES ('WELL00000000026-BH2', 2580, 0.0858, 418.0581, 0.3956, 'Rajahmundry');
INSERT INTO welldata.PETROPHYSICS (UBHI, SAMPLE_DEPTH_M, POROSITY, PERMEABILITY, WATER_SAT, FORMATION) VALUES ('WELL00000000026-BH2', 2600, 0.1733, 96.3376, 0.5651, 'Sanchore');
INSERT INTO welldata.PETROPHYSICS (UBHI, SAMPLE_DEPTH_M, POROSITY, PERMEABILITY, WATER_SAT, FORMATION) VALUES ('WELL00000000026-BH2', 2620, 0.1022, 374.9861, 0.4875, 'Rajahmundry');
INSERT INTO welldata.PETROPHYSICS (UBHI, SAMPLE_DEPTH_M, POROSITY, PERMEABILITY, WATER_SAT, FORMATION) VALUES ('WELL00000000026-BH2', 2640, 0.1703, 268.4971, 0.2279, 'Barmer');
INSERT INTO welldata.PETROPHYSICS (UBHI, SAMPLE_DEPTH_M, POROSITY, PERMEABILITY, WATER_SAT, FORMATION) VALUES ('WELL00000000026-BH2', 2660, 0.1704, 335.3511, 0.3391, 'Sanchore');
INSERT INTO welldata.PETROPHYSICS (UBHI, SAMPLE_DEPTH_M, POROSITY, PERMEABILITY, WATER_SAT, FORMATION) VALUES ('WELL00000000026-BH2', 2680, 0.2129, 79.9614, 0.7435, 'Bengal');
INSERT INTO welldata.PETROPHYSICS (UBHI, SAMPLE_DEPTH_M, POROSITY, PERMEABILITY, WATER_SAT, FORMATION) VALUES ('WELL00000000026-BH2', 2700, 0.1863, 299.7204, 0.2432, 'Rajahmundry');
INSERT INTO welldata.PETROPHYSICS (UBHI, SAMPLE_DEPTH_M, POROSITY, PERMEABILITY, WATER_SAT, FORMATION) VALUES ('WELL00000000026-BH2', 2720, 0.0971, 400.914, 0.2335, 'Bengal');
INSERT INTO welldata.PETROPHYSICS (UBHI, SAMPLE_DEPTH_M, POROSITY, PERMEABILITY, WATER_SAT, FORMATION) VALUES ('WELL00000000026-BH2', 2740, 0.1216, 81.0707, 0.7254, 'Sanchore');
INSERT INTO welldata.PETROPHYSICS (UBHI, SAMPLE_DEPTH_M, POROSITY, PERMEABILITY, WATER_SAT, FORMATION) VALUES ('WELL00000000026-BH2', 2760, 0.0517, 196.0552, 0.7055, 'Barmer');
INSERT INTO welldata.PETROPHYSICS (UBHI, SAMPLE_DEPTH_M, POROSITY, PERMEABILITY, WATER_SAT, FORMATION) VALUES ('WELL00000000026-BH2', 2780, 0.2289, 107.452, 0.5724, 'Sanchore');
INSERT INTO welldata.PETROPHYSICS (UBHI, SAMPLE_DEPTH_M, POROSITY, PERMEABILITY, WATER_SAT, FORMATION) VALUES ('WELL00000000026-BH2', 2800, 0.1296, 427.9173, 0.3277, 'Bengal');
INSERT INTO welldata.PETROPHYSICS (UBHI, SAMPLE_DEPTH_M, POROSITY, PERMEABILITY, WATER_SAT, FORMATION) VALUES ('WELL00000000026-BH2', 2820, 0.0681, 102.0935, 0.6375, 'Rajahmundry');
INSERT INTO welldata.PETROPHYSICS (UBHI, SAMPLE_DEPTH_M, POROSITY, PERMEABILITY, WATER_SAT, FORMATION) VALUES ('WELL00000000026-BH2', 2840, 0.1022, 14.9584, 0.2255, 'Barmer');
INSERT INTO welldata.PETROPHYSICS (UBHI, SAMPLE_DEPTH_M, POROSITY, PERMEABILITY, WATER_SAT, FORMATION) VALUES ('WELL00000000026-BH2', 2860, 0.1972, 20.6402, 0.6064, 'Rajahmundry');
INSERT INTO welldata.PETROPHYSICS (UBHI, SAMPLE_DEPTH_M, POROSITY, PERMEABILITY, WATER_SAT, FORMATION) VALUES ('WELL00000000026-BH2', 2880, 0.0522, 336.954, 0.7074, 'Rajahmundry');
INSERT INTO welldata.PETROPHYSICS (UBHI, SAMPLE_DEPTH_M, POROSITY, PERMEABILITY, WATER_SAT, FORMATION) VALUES ('WELL00000000026-BH2', 2900, 0.2456, 391.6979, 0.4176, 'Bengal');
INSERT INTO welldata.PETROPHYSICS (UBHI, SAMPLE_DEPTH_M, POROSITY, PERMEABILITY, WATER_SAT, FORMATION) VALUES ('WELL00000000026-BH2', 2920, 0.1129, 324.0876, 0.536, 'Barmer');
INSERT INTO welldata.PETROPHYSICS (UBHI, SAMPLE_DEPTH_M, POROSITY, PERMEABILITY, WATER_SAT, FORMATION) VALUES ('WELL00000000026-BH2', 2940, 0.1382, 250.4539, 0.3916, 'Barmer');
INSERT INTO welldata.PETROPHYSICS (UBHI, SAMPLE_DEPTH_M, POROSITY, PERMEABILITY, WATER_SAT, FORMATION) VALUES ('WELL00000000026-BH2', 2960, 0.0658, 406.0776, 0.5645, 'Rajahmundry');
INSERT INTO welldata.PETROPHYSICS (UBHI, SAMPLE_DEPTH_M, POROSITY, PERMEABILITY, WATER_SAT, FORMATION) VALUES ('WELL00000000026-BH2', 2980, 0.1551, 23.6819, 0.1727, 'Sanchore');
INSERT INTO welldata.PETROPHYSICS (UBHI, SAMPLE_DEPTH_M, POROSITY, PERMEABILITY, WATER_SAT, FORMATION) VALUES ('WELL00000000026-BH2', 3000, 0.1532, 301.8105, 0.5112, 'Sanchore');
INSERT INTO welldata.PRODUCTION (UWI, PROD_DATE, OIL_BBL, GAS_MCF, WATER_BBL, HOURS_ON) VALUES ('WELL00000000026', TO_DATE('2015-01-01','YYYY-MM-DD'), 2144.25, 6856.77, 1147.08, 496.72);
INSERT INTO welldata.PRODUCTION (UWI, PROD_DATE, OIL_BBL, GAS_MCF, WATER_BBL, HOURS_ON) VALUES ('WELL00000000026', TO_DATE('2015-02-01','YYYY-MM-DD'), 1438.67, 5215.42, 1336.1, 532.89);
INSERT INTO welldata.PRODUCTION (UWI, PROD_DATE, OIL_BBL, GAS_MCF, WATER_BBL, HOURS_ON) VALUES ('WELL00000000026', TO_DATE('2015-03-01','YYYY-MM-DD'), 1408.89, 3205.13, 118.88, 360.99);
INSERT INTO welldata.PRODUCTION (UWI, PROD_DATE, OIL_BBL, GAS_MCF, WATER_BBL, HOURS_ON) VALUES ('WELL00000000026', TO_DATE('2015-04-01','YYYY-MM-DD'), 2328.58, 7534.5, 1250.21, 501.82);
INSERT INTO welldata.PRODUCTION (UWI, PROD_DATE, OIL_BBL, GAS_MCF, WATER_BBL, HOURS_ON) VALUES ('WELL00000000026', TO_DATE('2015-05-01','YYYY-MM-DD'), 496.26, 3300.62, 480.57, 219.99);
INSERT INTO welldata.PRODUCTION (UWI, PROD_DATE, OIL_BBL, GAS_MCF, WATER_BBL, HOURS_ON) VALUES ('WELL00000000026', TO_DATE('2015-06-01','YYYY-MM-DD'), 601.36, 12378.5, 102.15, 430.68);
INSERT INTO welldata.PRODUCTION (UWI, PROD_DATE, OIL_BBL, GAS_MCF, WATER_BBL, HOURS_ON) VALUES ('WELL00000000026', TO_DATE('2015-07-01','YYYY-MM-DD'), 1338.65, 13980.84, 22.1, 260.41);
INSERT INTO welldata.PRODUCTION (UWI, PROD_DATE, OIL_BBL, GAS_MCF, WATER_BBL, HOURS_ON) VALUES ('WELL00000000026', TO_DATE('2015-08-01','YYYY-MM-DD'), 1434.92, 4002.97, 1369.47, 159.73);
INSERT INTO welldata.PRODUCTION (UWI, PROD_DATE, OIL_BBL, GAS_MCF, WATER_BBL, HOURS_ON) VALUES ('WELL00000000026', TO_DATE('2015-09-01','YYYY-MM-DD'), 686.51, 11598.61, 209.47, 649.63);
INSERT INTO welldata.PRODUCTION (UWI, PROD_DATE, OIL_BBL, GAS_MCF, WATER_BBL, HOURS_ON) VALUES ('WELL00000000026', TO_DATE('2015-10-01','YYYY-MM-DD'), 1660.04, 12984.68, 1483.0, 660.8);
INSERT INTO welldata.PRODUCTION (UWI, PROD_DATE, OIL_BBL, GAS_MCF, WATER_BBL, HOURS_ON) VALUES ('WELL00000000026', TO_DATE('2015-11-01','YYYY-MM-DD'), 2173.57, 781.64, 417.54, 358.92);
INSERT INTO welldata.PRODUCTION (UWI, PROD_DATE, OIL_BBL, GAS_MCF, WATER_BBL, HOURS_ON) VALUES ('WELL00000000026', TO_DATE('2015-12-01','YYYY-MM-DD'), 1251.44, 624.33, 1269.74, 434.67);
INSERT INTO welldata.PRODUCTION (UWI, PROD_DATE, OIL_BBL, GAS_MCF, WATER_BBL, HOURS_ON) VALUES ('WELL00000000026', TO_DATE('2016-01-01','YYYY-MM-DD'), 2577.39, 14028.4, 91.77, 350.35);
INSERT INTO welldata.PRODUCTION (UWI, PROD_DATE, OIL_BBL, GAS_MCF, WATER_BBL, HOURS_ON) VALUES ('WELL00000000026', TO_DATE('2016-02-01','YYYY-MM-DD'), 329.75, 13037.23, 406.19, 382.92);
INSERT INTO welldata.PRODUCTION (UWI, PROD_DATE, OIL_BBL, GAS_MCF, WATER_BBL, HOURS_ON) VALUES ('WELL00000000026', TO_DATE('2016-03-01','YYYY-MM-DD'), 2021.99, 6915.25, 403.49, 179.69);
INSERT INTO welldata.PRODUCTION (UWI, PROD_DATE, OIL_BBL, GAS_MCF, WATER_BBL, HOURS_ON) VALUES ('WELL00000000026', TO_DATE('2016-04-01','YYYY-MM-DD'), 126.0, 9790.39, 789.13, 411.36);
INSERT INTO welldata.PRODUCTION (UWI, PROD_DATE, OIL_BBL, GAS_MCF, WATER_BBL, HOURS_ON) VALUES ('WELL00000000026', TO_DATE('2016-05-01','YYYY-MM-DD'), 697.82, 9427.87, 1359.55, 348.76);
INSERT INTO welldata.PRODUCTION (UWI, PROD_DATE, OIL_BBL, GAS_MCF, WATER_BBL, HOURS_ON) VALUES ('WELL00000000026', TO_DATE('2016-06-01','YYYY-MM-DD'), 2011.43, 5822.24, 252.64, 467.01);
INSERT INTO welldata.PRODUCTION (UWI, PROD_DATE, OIL_BBL, GAS_MCF, WATER_BBL, HOURS_ON) VALUES ('WELL00000000026', TO_DATE('2016-07-01','YYYY-MM-DD'), 2672.55, 9412.04, 366.43, 649.19);
INSERT INTO welldata.PRODUCTION (UWI, PROD_DATE, OIL_BBL, GAS_MCF, WATER_BBL, HOURS_ON) VALUES ('WELL00000000026', TO_DATE('2016-08-01','YYYY-MM-DD'), 2370.03, 2990.36, 360.76, 241.6);
INSERT INTO welldata.PRODUCTION (UWI, PROD_DATE, OIL_BBL, GAS_MCF, WATER_BBL, HOURS_ON) VALUES ('WELL00000000026', TO_DATE('2016-09-01','YYYY-MM-DD'), 1270.01, 1460.44, 709.53, 120.11);
INSERT INTO welldata.PRODUCTION (UWI, PROD_DATE, OIL_BBL, GAS_MCF, WATER_BBL, HOURS_ON) VALUES ('WELL00000000026', TO_DATE('2016-10-01','YYYY-MM-DD'), 2012.28, 4563.35, 174.45, 480.16);
INSERT INTO welldata.PRODUCTION (UWI, PROD_DATE, OIL_BBL, GAS_MCF, WATER_BBL, HOURS_ON) VALUES ('WELL00000000026', TO_DATE('2016-11-01','YYYY-MM-DD'), 709.83, 9456.31, 305.89, 139.06);
INSERT INTO welldata.PRODUCTION (UWI, PROD_DATE, OIL_BBL, GAS_MCF, WATER_BBL, HOURS_ON) VALUES ('WELL00000000026', TO_DATE('2016-12-01','YYYY-MM-DD'), 217.55, 10901.92, 292.07, 218.69);
INSERT INTO welldata.PRODUCTION (UWI, PROD_DATE, OIL_BBL, GAS_MCF, WATER_BBL, HOURS_ON) VALUES ('WELL00000000026', TO_DATE('2017-01-01','YYYY-MM-DD'), 2409.66, 13592.88, 439.4, 160.38);
INSERT INTO welldata.PRODUCTION (UWI, PROD_DATE, OIL_BBL, GAS_MCF, WATER_BBL, HOURS_ON) VALUES ('WELL00000000026', TO_DATE('2017-02-01','YYYY-MM-DD'), 1016.87, 11982.09, 674.23, 317.92);
INSERT INTO welldata.PRODUCTION (UWI, PROD_DATE, OIL_BBL, GAS_MCF, WATER_BBL, HOURS_ON) VALUES ('WELL00000000026', TO_DATE('2017-03-01','YYYY-MM-DD'), 2627.41, 12759.3, 364.86, 228.94);
INSERT INTO welldata.PRODUCTION (UWI, PROD_DATE, OIL_BBL, GAS_MCF, WATER_BBL, HOURS_ON) VALUES ('WELL00000000026', TO_DATE('2017-04-01','YYYY-MM-DD'), 802.35, 12538.15, 1111.35, 280.9);
INSERT INTO welldata.PRODUCTION (UWI, PROD_DATE, OIL_BBL, GAS_MCF, WATER_BBL, HOURS_ON) VALUES ('WELL00000000026', TO_DATE('2017-05-01','YYYY-MM-DD'), 2585.78, 7034.24, 996.26, 505.81);
INSERT INTO welldata.PRODUCTION (UWI, PROD_DATE, OIL_BBL, GAS_MCF, WATER_BBL, HOURS_ON) VALUES ('WELL00000000026', TO_DATE('2017-06-01','YYYY-MM-DD'), 1486.38, 2859.55, 756.33, 474.73);
INSERT INTO welldata.PRODUCTION (UWI, PROD_DATE, OIL_BBL, GAS_MCF, WATER_BBL, HOURS_ON) VALUES ('WELL00000000026', TO_DATE('2017-07-01','YYYY-MM-DD'), 2612.71, 12959.24, 932.01, 209.52);
INSERT INTO welldata.PRODUCTION (UWI, PROD_DATE, OIL_BBL, GAS_MCF, WATER_BBL, HOURS_ON) VALUES ('WELL00000000026', TO_DATE('2017-08-01','YYYY-MM-DD'), 2294.65, 606.81, 1201.33, 661.43);
INSERT INTO welldata.PRODUCTION (UWI, PROD_DATE, OIL_BBL, GAS_MCF, WATER_BBL, HOURS_ON) VALUES ('WELL00000000026', TO_DATE('2017-09-01','YYYY-MM-DD'), 1047.79, 10280.42, 381.7, 364.95);
INSERT INTO welldata.PRODUCTION (UWI, PROD_DATE, OIL_BBL, GAS_MCF, WATER_BBL, HOURS_ON) VALUES ('WELL00000000026', TO_DATE('2017-10-01','YYYY-MM-DD'), 2727.86, 1220.96, 1365.71, 519.56);
INSERT INTO welldata.PRODUCTION (UWI, PROD_DATE, OIL_BBL, GAS_MCF, WATER_BBL, HOURS_ON) VALUES ('WELL00000000026', TO_DATE('2017-11-01','YYYY-MM-DD'), 395.07, 5590.45, 1118.61, 312.89);
INSERT INTO welldata.PRODUCTION (UWI, PROD_DATE, OIL_BBL, GAS_MCF, WATER_BBL, HOURS_ON) VALUES ('WELL00000000026', TO_DATE('2017-12-01','YYYY-MM-DD'), 1597.57, 3206.26, 849.49, 438.5);
INSERT INTO welldata.PRODUCTION (UWI, PROD_DATE, OIL_BBL, GAS_MCF, WATER_BBL, HOURS_ON) VALUES ('WELL00000000026', TO_DATE('2018-01-01','YYYY-MM-DD'), 1078.16, 3690.42, 731.93, 401.21);
INSERT INTO welldata.PRODUCTION (UWI, PROD_DATE, OIL_BBL, GAS_MCF, WATER_BBL, HOURS_ON) VALUES ('WELL00000000026', TO_DATE('2018-02-01','YYYY-MM-DD'), 2110.92, 10796.79, 1460.73, 580.34);
INSERT INTO welldata.PRODUCTION (UWI, PROD_DATE, OIL_BBL, GAS_MCF, WATER_BBL, HOURS_ON) VALUES ('WELL00000000026', TO_DATE('2018-03-01','YYYY-MM-DD'), 2209.35, 4908.44, 1271.49, 569.9);
INSERT INTO welldata.PRODUCTION (UWI, PROD_DATE, OIL_BBL, GAS_MCF, WATER_BBL, HOURS_ON) VALUES ('WELL00000000026', TO_DATE('2018-04-01','YYYY-MM-DD'), 944.51, 819.2, 1005.98, 584.02);
INSERT INTO welldata.PRODUCTION (UWI, PROD_DATE, OIL_BBL, GAS_MCF, WATER_BBL, HOURS_ON) VALUES ('WELL00000000026', TO_DATE('2018-05-01','YYYY-MM-DD'), 2984.88, 12285.02, 363.06, 238.81);
INSERT INTO welldata.PRODUCTION (UWI, PROD_DATE, OIL_BBL, GAS_MCF, WATER_BBL, HOURS_ON) VALUES ('WELL00000000026', TO_DATE('2018-06-01','YYYY-MM-DD'), 537.37, 1403.88, 936.69, 169.73);
INSERT INTO welldata.PRODUCTION (UWI, PROD_DATE, OIL_BBL, GAS_MCF, WATER_BBL, HOURS_ON) VALUES ('WELL00000000026', TO_DATE('2018-07-01','YYYY-MM-DD'), 1474.14, 9552.21, 272.37, 133.77);
INSERT INTO welldata.PRODUCTION (UWI, PROD_DATE, OIL_BBL, GAS_MCF, WATER_BBL, HOURS_ON) VALUES ('WELL00000000026', TO_DATE('2018-08-01','YYYY-MM-DD'), 1228.56, 5528.09, 862.55, 548.07);
INSERT INTO welldata.PRODUCTION (UWI, PROD_DATE, OIL_BBL, GAS_MCF, WATER_BBL, HOURS_ON) VALUES ('WELL00000000026', TO_DATE('2018-09-01','YYYY-MM-DD'), 1033.78, 12745.14, 435.78, 272.67);
INSERT INTO welldata.PRODUCTION (UWI, PROD_DATE, OIL_BBL, GAS_MCF, WATER_BBL, HOURS_ON) VALUES ('WELL00000000026', TO_DATE('2018-10-01','YYYY-MM-DD'), 827.45, 3883.99, 532.79, 500.03);
INSERT INTO welldata.PRODUCTION (UWI, PROD_DATE, OIL_BBL, GAS_MCF, WATER_BBL, HOURS_ON) VALUES ('WELL00000000026', TO_DATE('2018-11-01','YYYY-MM-DD'), 883.47, 10044.39, 424.44, 194.95);
INSERT INTO welldata.PRODUCTION (UWI, PROD_DATE, OIL_BBL, GAS_MCF, WATER_BBL, HOURS_ON) VALUES ('WELL00000000026', TO_DATE('2018-12-01','YYYY-MM-DD'), 1964.04, 1439.88, 520.75, 462.06);
INSERT INTO welldata.PRODUCTION (UWI, PROD_DATE, OIL_BBL, GAS_MCF, WATER_BBL, HOURS_ON) VALUES ('WELL00000000026', TO_DATE('2019-01-01','YYYY-MM-DD'), 2927.36, 5884.28, 548.73, 653.94);
INSERT INTO welldata.PRODUCTION (UWI, PROD_DATE, OIL_BBL, GAS_MCF, WATER_BBL, HOURS_ON) VALUES ('WELL00000000026', TO_DATE('2019-02-01','YYYY-MM-DD'), 1519.43, 4298.89, 422.14, 170.59);
INSERT INTO welldata.PRODUCTION (UWI, PROD_DATE, OIL_BBL, GAS_MCF, WATER_BBL, HOURS_ON) VALUES ('WELL00000000026', TO_DATE('2019-03-01','YYYY-MM-DD'), 2318.6, 2700.34, 907.25, 670.65);
INSERT INTO welldata.PRODUCTION (UWI, PROD_DATE, OIL_BBL, GAS_MCF, WATER_BBL, HOURS_ON) VALUES ('WELL00000000026', TO_DATE('2019-04-01','YYYY-MM-DD'), 1598.27, 2960.61, 1421.8, 635.72);
INSERT INTO welldata.PRODUCTION (UWI, PROD_DATE, OIL_BBL, GAS_MCF, WATER_BBL, HOURS_ON) VALUES ('WELL00000000026', TO_DATE('2019-05-01','YYYY-MM-DD'), 2893.31, 5506.99, 798.26, 264.0);
INSERT INTO welldata.PRODUCTION (UWI, PROD_DATE, OIL_BBL, GAS_MCF, WATER_BBL, HOURS_ON) VALUES ('WELL00000000026', TO_DATE('2019-06-01','YYYY-MM-DD'), 82.08, 8034.15, 884.72, 209.66);
INSERT INTO welldata.PRODUCTION (UWI, PROD_DATE, OIL_BBL, GAS_MCF, WATER_BBL, HOURS_ON) VALUES ('WELL00000000026', TO_DATE('2019-07-01','YYYY-MM-DD'), 2695.87, 3981.1, 770.73, 606.23);
INSERT INTO welldata.PRODUCTION (UWI, PROD_DATE, OIL_BBL, GAS_MCF, WATER_BBL, HOURS_ON) VALUES ('WELL00000000026', TO_DATE('2019-08-01','YYYY-MM-DD'), 1965.71, 561.76, 1347.92, 401.06);
INSERT INTO welldata.PRODUCTION (UWI, PROD_DATE, OIL_BBL, GAS_MCF, WATER_BBL, HOURS_ON) VALUES ('WELL00000000026', TO_DATE('2019-09-01','YYYY-MM-DD'), 1063.66, 4150.32, 977.85, 393.26);
INSERT INTO welldata.PRODUCTION (UWI, PROD_DATE, OIL_BBL, GAS_MCF, WATER_BBL, HOURS_ON) VALUES ('WELL00000000026', TO_DATE('2019-10-01','YYYY-MM-DD'), 867.8, 13130.58, 637.31, 569.49);
INSERT INTO welldata.PRODUCTION (UWI, PROD_DATE, OIL_BBL, GAS_MCF, WATER_BBL, HOURS_ON) VALUES ('WELL00000000026', TO_DATE('2019-11-01','YYYY-MM-DD'), 445.77, 10990.98, 1275.38, 270.64);
INSERT INTO welldata.PRODUCTION (UWI, PROD_DATE, OIL_BBL, GAS_MCF, WATER_BBL, HOURS_ON) VALUES ('WELL00000000026', TO_DATE('2019-12-01','YYYY-MM-DD'), 2467.64, 6981.18, 394.55, 332.07);
INSERT INTO welldata.PRODUCTION (UWI, PROD_DATE, OIL_BBL, GAS_MCF, WATER_BBL, HOURS_ON) VALUES ('WELL00000000026', TO_DATE('2020-01-01','YYYY-MM-DD'), 989.81, 3904.78, 219.08, 127.99);
INSERT INTO welldata.PRODUCTION (UWI, PROD_DATE, OIL_BBL, GAS_MCF, WATER_BBL, HOURS_ON) VALUES ('WELL00000000026', TO_DATE('2020-02-01','YYYY-MM-DD'), 2644.57, 686.95, 62.23, 408.65);
INSERT INTO welldata.PRODUCTION (UWI, PROD_DATE, OIL_BBL, GAS_MCF, WATER_BBL, HOURS_ON) VALUES ('WELL00000000026', TO_DATE('2020-03-01','YYYY-MM-DD'), 2550.91, 914.08, 586.83, 497.31);
INSERT INTO welldata.PRODUCTION (UWI, PROD_DATE, OIL_BBL, GAS_MCF, WATER_BBL, HOURS_ON) VALUES ('WELL00000000026', TO_DATE('2020-04-01','YYYY-MM-DD'), 1275.7, 5120.03, 1411.88, 418.46);
INSERT INTO welldata.PRODUCTION (UWI, PROD_DATE, OIL_BBL, GAS_MCF, WATER_BBL, HOURS_ON) VALUES ('WELL00000000026', TO_DATE('2020-05-01','YYYY-MM-DD'), 2610.91, 8877.79, 683.78, 526.87);
INSERT INTO welldata.PRODUCTION (UWI, PROD_DATE, OIL_BBL, GAS_MCF, WATER_BBL, HOURS_ON) VALUES ('WELL00000000026', TO_DATE('2020-06-01','YYYY-MM-DD'), 481.07, 2845.4, 534.9, 395.62);
INSERT INTO welldata.PRODUCTION (UWI, PROD_DATE, OIL_BBL, GAS_MCF, WATER_BBL, HOURS_ON) VALUES ('WELL00000000026', TO_DATE('2020-07-01','YYYY-MM-DD'), 702.16, 10169.27, 450.1, 550.65);
INSERT INTO welldata.PRODUCTION (UWI, PROD_DATE, OIL_BBL, GAS_MCF, WATER_BBL, HOURS_ON) VALUES ('WELL00000000026', TO_DATE('2020-08-01','YYYY-MM-DD'), 1508.1, 9966.37, 371.42, 524.87);
INSERT INTO welldata.PRODUCTION (UWI, PROD_DATE, OIL_BBL, GAS_MCF, WATER_BBL, HOURS_ON) VALUES ('WELL00000000026', TO_DATE('2020-09-01','YYYY-MM-DD'), 862.33, 2858.78, 677.14, 354.04);
INSERT INTO welldata.PRODUCTION (UWI, PROD_DATE, OIL_BBL, GAS_MCF, WATER_BBL, HOURS_ON) VALUES ('WELL00000000026', TO_DATE('2020-10-01','YYYY-MM-DD'), 2331.57, 12377.8, 1390.89, 135.64);
INSERT INTO welldata.PRODUCTION (UWI, PROD_DATE, OIL_BBL, GAS_MCF, WATER_BBL, HOURS_ON) VALUES ('WELL00000000026', TO_DATE('2020-11-01','YYYY-MM-DD'), 1549.12, 3940.3, 1241.21, 377.04);
INSERT INTO welldata.PRODUCTION (UWI, PROD_DATE, OIL_BBL, GAS_MCF, WATER_BBL, HOURS_ON) VALUES ('WELL00000000026', TO_DATE('2020-12-01','YYYY-MM-DD'), 1385.75, 12420.62, 269.64, 322.53);
INSERT INTO welldata.PRODUCTION (UWI, PROD_DATE, OIL_BBL, GAS_MCF, WATER_BBL, HOURS_ON) VALUES ('WELL00000000026', TO_DATE('2021-01-01','YYYY-MM-DD'), 2175.01, 6276.88, 489.1, 596.69);
INSERT INTO welldata.PRODUCTION (UWI, PROD_DATE, OIL_BBL, GAS_MCF, WATER_BBL, HOURS_ON) VALUES ('WELL00000000026', TO_DATE('2021-02-01','YYYY-MM-DD'), 560.09, 8837.96, 1275.0, 561.79);
INSERT INTO welldata.PRODUCTION (UWI, PROD_DATE, OIL_BBL, GAS_MCF, WATER_BBL, HOURS_ON) VALUES ('WELL00000000026', TO_DATE('2021-03-01','YYYY-MM-DD'), 191.87, 13689.55, 289.09, 317.95);
INSERT INTO welldata.PRODUCTION (UWI, PROD_DATE, OIL_BBL, GAS_MCF, WATER_BBL, HOURS_ON) VALUES ('WELL00000000026', TO_DATE('2021-04-01','YYYY-MM-DD'), 2980.73, 2682.42, 100.14, 234.94);
INSERT INTO welldata.PRODUCTION (UWI, PROD_DATE, OIL_BBL, GAS_MCF, WATER_BBL, HOURS_ON) VALUES ('WELL00000000026', TO_DATE('2021-05-01','YYYY-MM-DD'), 2844.9, 11056.78, 1441.66, 322.47);
INSERT INTO welldata.PRODUCTION (UWI, PROD_DATE, OIL_BBL, GAS_MCF, WATER_BBL, HOURS_ON) VALUES ('WELL00000000026', TO_DATE('2021-06-01','YYYY-MM-DD'), 1155.35, 13544.67, 317.06, 696.24);
INSERT INTO welldata.PRODUCTION (UWI, PROD_DATE, OIL_BBL, GAS_MCF, WATER_BBL, HOURS_ON) VALUES ('WELL00000000026', TO_DATE('2021-07-01','YYYY-MM-DD'), 2261.64, 7236.14, 450.29, 593.42);
INSERT INTO welldata.PRODUCTION (UWI, PROD_DATE, OIL_BBL, GAS_MCF, WATER_BBL, HOURS_ON) VALUES ('WELL00000000026', TO_DATE('2021-08-01','YYYY-MM-DD'), 2171.38, 3844.25, 633.43, 265.68);
INSERT INTO welldata.PRODUCTION (UWI, PROD_DATE, OIL_BBL, GAS_MCF, WATER_BBL, HOURS_ON) VALUES ('WELL00000000026', TO_DATE('2021-09-01','YYYY-MM-DD'), 401.33, 5130.43, 1486.58, 458.21);
INSERT INTO welldata.PRODUCTION (UWI, PROD_DATE, OIL_BBL, GAS_MCF, WATER_BBL, HOURS_ON) VALUES ('WELL00000000026', TO_DATE('2021-10-01','YYYY-MM-DD'), 786.88, 8483.39, 604.75, 447.83);
INSERT INTO welldata.PRODUCTION (UWI, PROD_DATE, OIL_BBL, GAS_MCF, WATER_BBL, HOURS_ON) VALUES ('WELL00000000026', TO_DATE('2021-11-01','YYYY-MM-DD'), 1811.26, 893.71, 97.54, 202.97);
INSERT INTO welldata.PRODUCTION (UWI, PROD_DATE, OIL_BBL, GAS_MCF, WATER_BBL, HOURS_ON) VALUES ('WELL00000000026', TO_DATE('2021-12-01','YYYY-MM-DD'), 2474.71, 13313.77, 552.43, 556.94);
INSERT INTO welldata.PRODUCTION (UWI, PROD_DATE, OIL_BBL, GAS_MCF, WATER_BBL, HOURS_ON) VALUES ('WELL00000000026', TO_DATE('2022-01-01','YYYY-MM-DD'), 1205.37, 8278.23, 583.45, 175.79);
INSERT INTO welldata.PRODUCTION (UWI, PROD_DATE, OIL_BBL, GAS_MCF, WATER_BBL, HOURS_ON) VALUES ('WELL00000000026', TO_DATE('2022-02-01','YYYY-MM-DD'), 2176.72, 4919.61, 135.81, 480.0);
INSERT INTO welldata.PRODUCTION (UWI, PROD_DATE, OIL_BBL, GAS_MCF, WATER_BBL, HOURS_ON) VALUES ('WELL00000000026', TO_DATE('2022-03-01','YYYY-MM-DD'), 1857.85, 10446.13, 830.25, 445.76);
INSERT INTO welldata.PRODUCTION (UWI, PROD_DATE, OIL_BBL, GAS_MCF, WATER_BBL, HOURS_ON) VALUES ('WELL00000000026', TO_DATE('2022-04-01','YYYY-MM-DD'), 116.99, 6753.51, 1387.84, 296.8);
INSERT INTO welldata.PRODUCTION (UWI, PROD_DATE, OIL_BBL, GAS_MCF, WATER_BBL, HOURS_ON) VALUES ('WELL00000000026', TO_DATE('2022-05-01','YYYY-MM-DD'), 2002.63, 13022.16, 133.39, 436.7);
INSERT INTO welldata.PRODUCTION (UWI, PROD_DATE, OIL_BBL, GAS_MCF, WATER_BBL, HOURS_ON) VALUES ('WELL00000000026', TO_DATE('2022-06-01','YYYY-MM-DD'), 2360.16, 7919.26, 1288.69, 488.22);
INSERT INTO welldata.PRODUCTION (UWI, PROD_DATE, OIL_BBL, GAS_MCF, WATER_BBL, HOURS_ON) VALUES ('WELL00000000026', TO_DATE('2022-07-01','YYYY-MM-DD'), 2867.27, 486.71, 1046.43, 430.98);
INSERT INTO welldata.PRODUCTION (UWI, PROD_DATE, OIL_BBL, GAS_MCF, WATER_BBL, HOURS_ON) VALUES ('WELL00000000026', TO_DATE('2022-08-01','YYYY-MM-DD'), 1680.07, 680.08, 967.94, 560.5);
INSERT INTO welldata.PRODUCTION (UWI, PROD_DATE, OIL_BBL, GAS_MCF, WATER_BBL, HOURS_ON) VALUES ('WELL00000000026', TO_DATE('2022-09-01','YYYY-MM-DD'), 682.51, 1501.57, 115.98, 264.5);
INSERT INTO welldata.PRODUCTION (UWI, PROD_DATE, OIL_BBL, GAS_MCF, WATER_BBL, HOURS_ON) VALUES ('WELL00000000026', TO_DATE('2022-10-01','YYYY-MM-DD'), 1799.49, 7452.71, 105.17, 648.84);
INSERT INTO welldata.PRODUCTION (UWI, PROD_DATE, OIL_BBL, GAS_MCF, WATER_BBL, HOURS_ON) VALUES ('WELL00000000026', TO_DATE('2022-11-01','YYYY-MM-DD'), 440.74, 6981.12, 196.61, 168.28);
INSERT INTO welldata.PRODUCTION (UWI, PROD_DATE, OIL_BBL, GAS_MCF, WATER_BBL, HOURS_ON) VALUES ('WELL00000000026', TO_DATE('2022-12-01','YYYY-MM-DD'), 225.98, 9962.03, 911.14, 359.25);
INSERT INTO welldata.PRODUCTION (UWI, PROD_DATE, OIL_BBL, GAS_MCF, WATER_BBL, HOURS_ON) VALUES ('WELL00000000026', TO_DATE('2023-01-01','YYYY-MM-DD'), 2314.74, 1481.11, 938.33, 162.47);
INSERT INTO welldata.PRODUCTION (UWI, PROD_DATE, OIL_BBL, GAS_MCF, WATER_BBL, HOURS_ON) VALUES ('WELL00000000026', TO_DATE('2023-02-01','YYYY-MM-DD'), 2614.1, 6009.41, 1498.89, 589.52);
INSERT INTO welldata.PRODUCTION (UWI, PROD_DATE, OIL_BBL, GAS_MCF, WATER_BBL, HOURS_ON) VALUES ('WELL00000000026', TO_DATE('2023-03-01','YYYY-MM-DD'), 2657.59, 13013.71, 238.41, 609.72);
INSERT INTO welldata.PRODUCTION (UWI, PROD_DATE, OIL_BBL, GAS_MCF, WATER_BBL, HOURS_ON) VALUES ('WELL00000000026', TO_DATE('2023-04-01','YYYY-MM-DD'), 1986.0, 10464.98, 873.19, 169.14);
INSERT INTO welldata.PRODUCTION (UWI, PROD_DATE, OIL_BBL, GAS_MCF, WATER_BBL, HOURS_ON) VALUES ('WELL00000000026', TO_DATE('2023-05-01','YYYY-MM-DD'), 1117.73, 7685.97, 81.61, 277.1);
INSERT INTO welldata.PRODUCTION (UWI, PROD_DATE, OIL_BBL, GAS_MCF, WATER_BBL, HOURS_ON) VALUES ('WELL00000000026', TO_DATE('2023-06-01','YYYY-MM-DD'), 2958.69, 5895.66, 303.28, 513.98);
INSERT INTO welldata.PRODUCTION (UWI, PROD_DATE, OIL_BBL, GAS_MCF, WATER_BBL, HOURS_ON) VALUES ('WELL00000000026', TO_DATE('2023-07-01','YYYY-MM-DD'), 673.68, 6900.82, 630.7, 467.29);
INSERT INTO welldata.PRODUCTION (UWI, PROD_DATE, OIL_BBL, GAS_MCF, WATER_BBL, HOURS_ON) VALUES ('WELL00000000026', TO_DATE('2023-08-01','YYYY-MM-DD'), 2962.29, 4623.75, 232.31, 458.27);
INSERT INTO welldata.PRODUCTION (UWI, PROD_DATE, OIL_BBL, GAS_MCF, WATER_BBL, HOURS_ON) VALUES ('WELL00000000026', TO_DATE('2023-09-01','YYYY-MM-DD'), 1305.94, 10126.18, 1466.94, 655.13);
INSERT INTO welldata.PRODUCTION (UWI, PROD_DATE, OIL_BBL, GAS_MCF, WATER_BBL, HOURS_ON) VALUES ('WELL00000000026', TO_DATE('2023-10-01','YYYY-MM-DD'), 607.85, 183.21, 906.51, 719.15);
INSERT INTO welldata.PRODUCTION (UWI, PROD_DATE, OIL_BBL, GAS_MCF, WATER_BBL, HOURS_ON) VALUES ('WELL00000000026', TO_DATE('2023-11-01','YYYY-MM-DD'), 2343.35, 1043.33, 530.2, 228.5);
INSERT INTO welldata.PRODUCTION (UWI, PROD_DATE, OIL_BBL, GAS_MCF, WATER_BBL, HOURS_ON) VALUES ('WELL00000000026', TO_DATE('2023-12-01','YYYY-MM-DD'), 849.71, 4815.18, 1088.32, 507.33);
INSERT INTO welldata.PRODUCTION (UWI, PROD_DATE, OIL_BBL, GAS_MCF, WATER_BBL, HOURS_ON) VALUES ('WELL00000000026', TO_DATE('2024-01-01','YYYY-MM-DD'), 1953.97, 2251.25, 875.91, 635.78);
INSERT INTO welldata.PRODUCTION (UWI, PROD_DATE, OIL_BBL, GAS_MCF, WATER_BBL, HOURS_ON) VALUES ('WELL00000000026', TO_DATE('2024-02-01','YYYY-MM-DD'), 238.28, 13202.31, 691.79, 387.8);
INSERT INTO welldata.PRODUCTION (UWI, PROD_DATE, OIL_BBL, GAS_MCF, WATER_BBL, HOURS_ON) VALUES ('WELL00000000026', TO_DATE('2024-03-01','YYYY-MM-DD'), 2203.27, 2667.17, 1333.32, 217.3);
INSERT INTO welldata.PRODUCTION (UWI, PROD_DATE, OIL_BBL, GAS_MCF, WATER_BBL, HOURS_ON) VALUES ('WELL00000000026', TO_DATE('2024-04-01','YYYY-MM-DD'), 1796.2, 14098.4, 1356.24, 487.44);
INSERT INTO welldata.PRODUCTION (UWI, PROD_DATE, OIL_BBL, GAS_MCF, WATER_BBL, HOURS_ON) VALUES ('WELL00000000026', TO_DATE('2024-05-01','YYYY-MM-DD'), 172.23, 5990.47, 1373.58, 350.02);
INSERT INTO welldata.PRODUCTION (UWI, PROD_DATE, OIL_BBL, GAS_MCF, WATER_BBL, HOURS_ON) VALUES ('WELL00000000026', TO_DATE('2024-06-01','YYYY-MM-DD'), 1199.52, 6848.81, 1266.7, 396.0);
INSERT INTO welldata.PRODUCTION (UWI, PROD_DATE, OIL_BBL, GAS_MCF, WATER_BBL, HOURS_ON) VALUES ('WELL00000000026', TO_DATE('2024-07-01','YYYY-MM-DD'), 2645.96, 12775.04, 219.62, 311.89);
INSERT INTO welldata.PRODUCTION (UWI, PROD_DATE, OIL_BBL, GAS_MCF, WATER_BBL, HOURS_ON) VALUES ('WELL00000000026', TO_DATE('2024-08-01','YYYY-MM-DD'), 2719.94, 5912.75, 1296.18, 674.34);
INSERT INTO welldata.PRODUCTION (UWI, PROD_DATE, OIL_BBL, GAS_MCF, WATER_BBL, HOURS_ON) VALUES ('WELL00000000026', TO_DATE('2024-09-01','YYYY-MM-DD'), 2140.16, 10858.18, 96.33, 370.41);
INSERT INTO welldata.PRODUCTION (UWI, PROD_DATE, OIL_BBL, GAS_MCF, WATER_BBL, HOURS_ON) VALUES ('WELL00000000026', TO_DATE('2024-10-01','YYYY-MM-DD'), 1668.63, 3898.01, 104.72, 437.71);
INSERT INTO welldata.PRODUCTION (UWI, PROD_DATE, OIL_BBL, GAS_MCF, WATER_BBL, HOURS_ON) VALUES ('WELL00000000026', TO_DATE('2024-11-01','YYYY-MM-DD'), 1114.08, 105.09, 1086.99, 709.38);
INSERT INTO welldata.PRODUCTION (UWI, PROD_DATE, OIL_BBL, GAS_MCF, WATER_BBL, HOURS_ON) VALUES ('WELL00000000026', TO_DATE('2024-12-01','YYYY-MM-DD'), 664.97, 13015.2, 149.56, 164.94);
INSERT INTO welldata.FORMATION_TOPS (UWI, FORMATION, TOP_DEPTH_M, BASE_DEPTH_M, LITHOLOGY) VALUES ('WELL00000000026', 'Rajahmundry', 772, 1083, 'SANDSTONE');
INSERT INTO welldata.FORMATION_TOPS (UWI, FORMATION, TOP_DEPTH_M, BASE_DEPTH_M, LITHOLOGY) VALUES ('WELL00000000026', 'Bengal', 1030, 1153, 'LIMESTONE');
INSERT INTO welldata.FORMATION_TOPS (UWI, FORMATION, TOP_DEPTH_M, BASE_DEPTH_M, LITHOLOGY) VALUES ('WELL00000000026', 'Sanchore', 1064, 1205, 'SHALE');
INSERT INTO welldata.FORMATION_TOPS (UWI, FORMATION, TOP_DEPTH_M, BASE_DEPTH_M, LITHOLOGY) VALUES ('WELL00000000026', 'Barmer', 1445, 1741, 'DOLOMITE');
INSERT INTO welldata.CORE_ANALYSIS (UWI, CORE_RUN, TOP_DEPTH_M, BASE_DEPTH_M, GRAIN_DENSITY, BULK_DENSITY, RECOVERY_PCT) VALUES ('WELL00000000026', 1, 2172, 2292, 2.5205, 2.009, 82.75);
INSERT INTO welldata.CORE_ANALYSIS (UWI, CORE_RUN, TOP_DEPTH_M, BASE_DEPTH_M, GRAIN_DENSITY, BULK_DENSITY, RECOVERY_PCT) VALUES ('WELL00000000026', 2, 1971, 2018, 2.5526, 2.2023, 50.03);
INSERT INTO welldata.WELL (UWI, WELL_NAME, OPERATOR, COUNTRY, BASIN, FIELD_NAME, SPUD_DATE, COMPLETION_DATE, WELL_TYPE, WELL_STATUS, SURFACE_LAT, SURFACE_LON, TOTAL_DEPTH_M, KB_ELEVATION_M) VALUES ('WELL00000000027', 'CAIR-RA-027', 'Cairn India', 'India', 'Rajasthan', 'Rajasthan Field 4', TO_DATE('2015-06-04','YYYY-MM-DD'), TO_DATE('2019-04-20','YYYY-MM-DD'), 'APPRAISAL', 'ACTIVE', 17.565808, 72.065989, 3802, 24.89);
INSERT INTO welldata.BOREHOLE (UBHI, UWI, BOREHOLE_NAME, BOREHOLE_TYPE, TOP_DEPTH_M, BASE_DEPTH_M) VALUES ('WELL00000000027-BH1', 'WELL00000000027', 'CAIR-RA-027-BH1', 'VERTICAL', 756, 1774);
INSERT INTO welldata.PETROPHYSICS (UBHI, SAMPLE_DEPTH_M, POROSITY, PERMEABILITY, WATER_SAT, FORMATION) VALUES ('WELL00000000027-BH1', 1000, 0.1536, 119.1755, 0.7427, 'Bengal');
INSERT INTO welldata.PETROPHYSICS (UBHI, SAMPLE_DEPTH_M, POROSITY, PERMEABILITY, WATER_SAT, FORMATION) VALUES ('WELL00000000027-BH1', 1020, 0.0751, 176.9183, 0.3738, 'Barmer');
INSERT INTO welldata.PETROPHYSICS (UBHI, SAMPLE_DEPTH_M, POROSITY, PERMEABILITY, WATER_SAT, FORMATION) VALUES ('WELL00000000027-BH1', 1040, 0.0494, 202.0044, 0.6199, 'Sanchore');
INSERT INTO welldata.PETROPHYSICS (UBHI, SAMPLE_DEPTH_M, POROSITY, PERMEABILITY, WATER_SAT, FORMATION) VALUES ('WELL00000000027-BH1', 1060, 0.0703, 411.5758, 0.2937, 'Barmer');
INSERT INTO welldata.PETROPHYSICS (UBHI, SAMPLE_DEPTH_M, POROSITY, PERMEABILITY, WATER_SAT, FORMATION) VALUES ('WELL00000000027-BH1', 1080, 0.0792, 320.9799, 0.3206, 'Sanchore');
INSERT INTO welldata.PETROPHYSICS (UBHI, SAMPLE_DEPTH_M, POROSITY, PERMEABILITY, WATER_SAT, FORMATION) VALUES ('WELL00000000027-BH1', 1100, 0.1405, 92.9949, 0.7037, 'Rajahmundry');
INSERT INTO welldata.PETROPHYSICS (UBHI, SAMPLE_DEPTH_M, POROSITY, PERMEABILITY, WATER_SAT, FORMATION) VALUES ('WELL00000000027-BH1', 1120, 0.2316, 142.8263, 0.2724, 'Rajahmundry');
INSERT INTO welldata.PETROPHYSICS (UBHI, SAMPLE_DEPTH_M, POROSITY, PERMEABILITY, WATER_SAT, FORMATION) VALUES ('WELL00000000027-BH1', 1140, 0.1747, 262.7322, 0.4824, 'Barmer');
INSERT INTO welldata.PETROPHYSICS (UBHI, SAMPLE_DEPTH_M, POROSITY, PERMEABILITY, WATER_SAT, FORMATION) VALUES ('WELL00000000027-BH1', 1160, 0.2645, 407.6769, 0.5376, 'Bengal');
INSERT INTO welldata.PETROPHYSICS (UBHI, SAMPLE_DEPTH_M, POROSITY, PERMEABILITY, WATER_SAT, FORMATION) VALUES ('WELL00000000027-BH1', 1180, 0.2762, 192.8732, 0.5098, 'Barmer');
INSERT INTO welldata.PETROPHYSICS (UBHI, SAMPLE_DEPTH_M, POROSITY, PERMEABILITY, WATER_SAT, FORMATION) VALUES ('WELL00000000027-BH1', 1200, 0.1921, 90.6193, 0.7351, 'Sanchore');
INSERT INTO welldata.PETROPHYSICS (UBHI, SAMPLE_DEPTH_M, POROSITY, PERMEABILITY, WATER_SAT, FORMATION) VALUES ('WELL00000000027-BH1', 1220, 0.2566, 72.2692, 0.6437, 'Barmer');
INSERT INTO welldata.PETROPHYSICS (UBHI, SAMPLE_DEPTH_M, POROSITY, PERMEABILITY, WATER_SAT, FORMATION) VALUES ('WELL00000000027-BH1', 1240, 0.202, 135.6098, 0.3375, 'Rajahmundry');
INSERT INTO welldata.PETROPHYSICS (UBHI, SAMPLE_DEPTH_M, POROSITY, PERMEABILITY, WATER_SAT, FORMATION) VALUES ('WELL00000000027-BH1', 1260, 0.0947, 445.5735, 0.6576, 'Sanchore');
INSERT INTO welldata.PETROPHYSICS (UBHI, SAMPLE_DEPTH_M, POROSITY, PERMEABILITY, WATER_SAT, FORMATION) VALUES ('WELL00000000027-BH1', 1280, 0.2396, 60.832, 0.3962, 'Rajahmundry');
INSERT INTO welldata.PETROPHYSICS (UBHI, SAMPLE_DEPTH_M, POROSITY, PERMEABILITY, WATER_SAT, FORMATION) VALUES ('WELL00000000027-BH1', 1300, 0.2635, 245.3979, 0.5144, 'Bengal');
INSERT INTO welldata.PETROPHYSICS (UBHI, SAMPLE_DEPTH_M, POROSITY, PERMEABILITY, WATER_SAT, FORMATION) VALUES ('WELL00000000027-BH1', 1320, 0.089, 50.6812, 0.5715, 'Barmer');
INSERT INTO welldata.PETROPHYSICS (UBHI, SAMPLE_DEPTH_M, POROSITY, PERMEABILITY, WATER_SAT, FORMATION) VALUES ('WELL00000000027-BH1', 1340, 0.2186, 75.9213, 0.4649, 'Barmer');
INSERT INTO welldata.PETROPHYSICS (UBHI, SAMPLE_DEPTH_M, POROSITY, PERMEABILITY, WATER_SAT, FORMATION) VALUES ('WELL00000000027-BH1', 1360, 0.2194, 321.176, 0.6674, 'Barmer');
INSERT INTO welldata.PETROPHYSICS (UBHI, SAMPLE_DEPTH_M, POROSITY, PERMEABILITY, WATER_SAT, FORMATION) VALUES ('WELL00000000027-BH1', 1380, 0.2005, 290.5614, 0.5997, 'Bengal');
INSERT INTO welldata.PETROPHYSICS (UBHI, SAMPLE_DEPTH_M, POROSITY, PERMEABILITY, WATER_SAT, FORMATION) VALUES ('WELL00000000027-BH1', 1400, 0.2727, 160.0423, 0.3483, 'Barmer');
INSERT INTO welldata.PETROPHYSICS (UBHI, SAMPLE_DEPTH_M, POROSITY, PERMEABILITY, WATER_SAT, FORMATION) VALUES ('WELL00000000027-BH1', 1420, 0.199, 74.3986, 0.3446, 'Barmer');
INSERT INTO welldata.PETROPHYSICS (UBHI, SAMPLE_DEPTH_M, POROSITY, PERMEABILITY, WATER_SAT, FORMATION) VALUES ('WELL00000000027-BH1', 1440, 0.1506, 254.5329, 0.7277, 'Sanchore');
INSERT INTO welldata.PETROPHYSICS (UBHI, SAMPLE_DEPTH_M, POROSITY, PERMEABILITY, WATER_SAT, FORMATION) VALUES ('WELL00000000027-BH1', 1460, 0.2087, 58.6331, 0.4742, 'Bengal');
INSERT INTO welldata.PETROPHYSICS (UBHI, SAMPLE_DEPTH_M, POROSITY, PERMEABILITY, WATER_SAT, FORMATION) VALUES ('WELL00000000027-BH1', 1480, 0.2746, 76.4009, 0.6442, 'Bengal');
INSERT INTO welldata.PETROPHYSICS (UBHI, SAMPLE_DEPTH_M, POROSITY, PERMEABILITY, WATER_SAT, FORMATION) VALUES ('WELL00000000027-BH1', 1500, 0.2682, 85.7226, 0.6858, 'Sanchore');
INSERT INTO welldata.PETROPHYSICS (UBHI, SAMPLE_DEPTH_M, POROSITY, PERMEABILITY, WATER_SAT, FORMATION) VALUES ('WELL00000000027-BH1', 1520, 0.0676, 192.2322, 0.5232, 'Sanchore');
INSERT INTO welldata.PETROPHYSICS (UBHI, SAMPLE_DEPTH_M, POROSITY, PERMEABILITY, WATER_SAT, FORMATION) VALUES ('WELL00000000027-BH1', 1540, 0.2098, 247.1942, 0.2789, 'Bengal');
INSERT INTO welldata.PETROPHYSICS (UBHI, SAMPLE_DEPTH_M, POROSITY, PERMEABILITY, WATER_SAT, FORMATION) VALUES ('WELL00000000027-BH1', 1560, 0.1633, 81.8914, 0.1958, 'Rajahmundry');
INSERT INTO welldata.PETROPHYSICS (UBHI, SAMPLE_DEPTH_M, POROSITY, PERMEABILITY, WATER_SAT, FORMATION) VALUES ('WELL00000000027-BH1', 1580, 0.2705, 36.014, 0.2697, 'Rajahmundry');
INSERT INTO welldata.PETROPHYSICS (UBHI, SAMPLE_DEPTH_M, POROSITY, PERMEABILITY, WATER_SAT, FORMATION) VALUES ('WELL00000000027-BH1', 1600, 0.0766, 180.2335, 0.2113, 'Rajahmundry');
INSERT INTO welldata.PETROPHYSICS (UBHI, SAMPLE_DEPTH_M, POROSITY, PERMEABILITY, WATER_SAT, FORMATION) VALUES ('WELL00000000027-BH1', 1620, 0.2751, 123.3266, 0.6886, 'Rajahmundry');
INSERT INTO welldata.PETROPHYSICS (UBHI, SAMPLE_DEPTH_M, POROSITY, PERMEABILITY, WATER_SAT, FORMATION) VALUES ('WELL00000000027-BH1', 1640, 0.2504, 22.1009, 0.5421, 'Barmer');
INSERT INTO welldata.PETROPHYSICS (UBHI, SAMPLE_DEPTH_M, POROSITY, PERMEABILITY, WATER_SAT, FORMATION) VALUES ('WELL00000000027-BH1', 1660, 0.1189, 98.8952, 0.6105, 'Sanchore');
INSERT INTO welldata.PETROPHYSICS (UBHI, SAMPLE_DEPTH_M, POROSITY, PERMEABILITY, WATER_SAT, FORMATION) VALUES ('WELL00000000027-BH1', 1680, 0.1604, 86.2144, 0.5673, 'Bengal');
INSERT INTO welldata.PETROPHYSICS (UBHI, SAMPLE_DEPTH_M, POROSITY, PERMEABILITY, WATER_SAT, FORMATION) VALUES ('WELL00000000027-BH1', 1700, 0.1601, 72.1799, 0.3978, 'Rajahmundry');
INSERT INTO welldata.PETROPHYSICS (UBHI, SAMPLE_DEPTH_M, POROSITY, PERMEABILITY, WATER_SAT, FORMATION) VALUES ('WELL00000000027-BH1', 1720, 0.0523, 55.9276, 0.2434, 'Barmer');
INSERT INTO welldata.PETROPHYSICS (UBHI, SAMPLE_DEPTH_M, POROSITY, PERMEABILITY, WATER_SAT, FORMATION) VALUES ('WELL00000000027-BH1', 1740, 0.1695, 284.8972, 0.6657, 'Rajahmundry');
INSERT INTO welldata.PETROPHYSICS (UBHI, SAMPLE_DEPTH_M, POROSITY, PERMEABILITY, WATER_SAT, FORMATION) VALUES ('WELL00000000027-BH1', 1760, 0.0844, 340.1496, 0.5095, 'Rajahmundry');
INSERT INTO welldata.PETROPHYSICS (UBHI, SAMPLE_DEPTH_M, POROSITY, PERMEABILITY, WATER_SAT, FORMATION) VALUES ('WELL00000000027-BH1', 1780, 0.1203, 340.0751, 0.218, 'Sanchore');
INSERT INTO welldata.PETROPHYSICS (UBHI, SAMPLE_DEPTH_M, POROSITY, PERMEABILITY, WATER_SAT, FORMATION) VALUES ('WELL00000000027-BH1', 1800, 0.2776, 73.9566, 0.4576, 'Rajahmundry');
INSERT INTO welldata.PETROPHYSICS (UBHI, SAMPLE_DEPTH_M, POROSITY, PERMEABILITY, WATER_SAT, FORMATION) VALUES ('WELL00000000027-BH1', 1820, 0.1922, 161.775, 0.4059, 'Rajahmundry');
INSERT INTO welldata.PETROPHYSICS (UBHI, SAMPLE_DEPTH_M, POROSITY, PERMEABILITY, WATER_SAT, FORMATION) VALUES ('WELL00000000027-BH1', 1840, 0.2441, 240.6569, 0.6751, 'Barmer');
INSERT INTO welldata.PETROPHYSICS (UBHI, SAMPLE_DEPTH_M, POROSITY, PERMEABILITY, WATER_SAT, FORMATION) VALUES ('WELL00000000027-BH1', 1860, 0.0679, 173.4735, 0.2214, 'Bengal');
INSERT INTO welldata.PETROPHYSICS (UBHI, SAMPLE_DEPTH_M, POROSITY, PERMEABILITY, WATER_SAT, FORMATION) VALUES ('WELL00000000027-BH1', 1880, 0.1582, 241.4791, 0.7263, 'Bengal');
INSERT INTO welldata.PETROPHYSICS (UBHI, SAMPLE_DEPTH_M, POROSITY, PERMEABILITY, WATER_SAT, FORMATION) VALUES ('WELL00000000027-BH1', 1900, 0.1366, 50.4877, 0.4201, 'Rajahmundry');
INSERT INTO welldata.PETROPHYSICS (UBHI, SAMPLE_DEPTH_M, POROSITY, PERMEABILITY, WATER_SAT, FORMATION) VALUES ('WELL00000000027-BH1', 1920, 0.1967, 93.3222, 0.5851, 'Barmer');
INSERT INTO welldata.PETROPHYSICS (UBHI, SAMPLE_DEPTH_M, POROSITY, PERMEABILITY, WATER_SAT, FORMATION) VALUES ('WELL00000000027-BH1', 1940, 0.2097, 81.5253, 0.4987, 'Rajahmundry');
INSERT INTO welldata.PETROPHYSICS (UBHI, SAMPLE_DEPTH_M, POROSITY, PERMEABILITY, WATER_SAT, FORMATION) VALUES ('WELL00000000027-BH1', 1960, 0.2498, 343.8662, 0.4926, 'Rajahmundry');
INSERT INTO welldata.PETROPHYSICS (UBHI, SAMPLE_DEPTH_M, POROSITY, PERMEABILITY, WATER_SAT, FORMATION) VALUES ('WELL00000000027-BH1', 1980, 0.054, 197.4762, 0.6279, 'Sanchore');
INSERT INTO welldata.PETROPHYSICS (UBHI, SAMPLE_DEPTH_M, POROSITY, PERMEABILITY, WATER_SAT, FORMATION) VALUES ('WELL00000000027-BH1', 2000, 0.0779, 172.5126, 0.2217, 'Sanchore');
INSERT INTO welldata.PETROPHYSICS (UBHI, SAMPLE_DEPTH_M, POROSITY, PERMEABILITY, WATER_SAT, FORMATION) VALUES ('WELL00000000027-BH1', 2020, 0.1529, 54.0268, 0.264, 'Sanchore');
INSERT INTO welldata.PETROPHYSICS (UBHI, SAMPLE_DEPTH_M, POROSITY, PERMEABILITY, WATER_SAT, FORMATION) VALUES ('WELL00000000027-BH1', 2040, 0.1599, 394.8134, 0.3229, 'Rajahmundry');
INSERT INTO welldata.PETROPHYSICS (UBHI, SAMPLE_DEPTH_M, POROSITY, PERMEABILITY, WATER_SAT, FORMATION) VALUES ('WELL00000000027-BH1', 2060, 0.0925, 111.3747, 0.3846, 'Barmer');
INSERT INTO welldata.PETROPHYSICS (UBHI, SAMPLE_DEPTH_M, POROSITY, PERMEABILITY, WATER_SAT, FORMATION) VALUES ('WELL00000000027-BH1', 2080, 0.1585, 198.0429, 0.7484, 'Barmer');
INSERT INTO welldata.PETROPHYSICS (UBHI, SAMPLE_DEPTH_M, POROSITY, PERMEABILITY, WATER_SAT, FORMATION) VALUES ('WELL00000000027-BH1', 2100, 0.2418, 439.3086, 0.2373, 'Sanchore');
INSERT INTO welldata.PETROPHYSICS (UBHI, SAMPLE_DEPTH_M, POROSITY, PERMEABILITY, WATER_SAT, FORMATION) VALUES ('WELL00000000027-BH1', 2120, 0.0713, 179.4861, 0.4507, 'Barmer');
INSERT INTO welldata.PETROPHYSICS (UBHI, SAMPLE_DEPTH_M, POROSITY, PERMEABILITY, WATER_SAT, FORMATION) VALUES ('WELL00000000027-BH1', 2140, 0.0967, 216.5301, 0.1582, 'Barmer');
INSERT INTO welldata.PETROPHYSICS (UBHI, SAMPLE_DEPTH_M, POROSITY, PERMEABILITY, WATER_SAT, FORMATION) VALUES ('WELL00000000027-BH1', 2160, 0.1426, 205.9271, 0.3553, 'Barmer');
INSERT INTO welldata.PETROPHYSICS (UBHI, SAMPLE_DEPTH_M, POROSITY, PERMEABILITY, WATER_SAT, FORMATION) VALUES ('WELL00000000027-BH1', 2180, 0.1426, 326.5972, 0.4268, 'Bengal');
INSERT INTO welldata.PETROPHYSICS (UBHI, SAMPLE_DEPTH_M, POROSITY, PERMEABILITY, WATER_SAT, FORMATION) VALUES ('WELL00000000027-BH1', 2200, 0.2358, 446.1348, 0.4233, 'Rajahmundry');
INSERT INTO welldata.PETROPHYSICS (UBHI, SAMPLE_DEPTH_M, POROSITY, PERMEABILITY, WATER_SAT, FORMATION) VALUES ('WELL00000000027-BH1', 2220, 0.1868, 175.8617, 0.7302, 'Barmer');
INSERT INTO welldata.PETROPHYSICS (UBHI, SAMPLE_DEPTH_M, POROSITY, PERMEABILITY, WATER_SAT, FORMATION) VALUES ('WELL00000000027-BH1', 2240, 0.0791, 34.0659, 0.5913, 'Rajahmundry');
INSERT INTO welldata.PETROPHYSICS (UBHI, SAMPLE_DEPTH_M, POROSITY, PERMEABILITY, WATER_SAT, FORMATION) VALUES ('WELL00000000027-BH1', 2260, 0.2372, 152.6868, 0.5527, 'Bengal');
INSERT INTO welldata.PETROPHYSICS (UBHI, SAMPLE_DEPTH_M, POROSITY, PERMEABILITY, WATER_SAT, FORMATION) VALUES ('WELL00000000027-BH1', 2280, 0.215, 131.395, 0.593, 'Barmer');
INSERT INTO welldata.PETROPHYSICS (UBHI, SAMPLE_DEPTH_M, POROSITY, PERMEABILITY, WATER_SAT, FORMATION) VALUES ('WELL00000000027-BH1', 2300, 0.1586, 126.8546, 0.501, 'Bengal');
INSERT INTO welldata.PETROPHYSICS (UBHI, SAMPLE_DEPTH_M, POROSITY, PERMEABILITY, WATER_SAT, FORMATION) VALUES ('WELL00000000027-BH1', 2320, 0.1843, 351.5022, 0.3777, 'Barmer');
INSERT INTO welldata.PETROPHYSICS (UBHI, SAMPLE_DEPTH_M, POROSITY, PERMEABILITY, WATER_SAT, FORMATION) VALUES ('WELL00000000027-BH1', 2340, 0.2284, 431.8224, 0.3428, 'Sanchore');
INSERT INTO welldata.PETROPHYSICS (UBHI, SAMPLE_DEPTH_M, POROSITY, PERMEABILITY, WATER_SAT, FORMATION) VALUES ('WELL00000000027-BH1', 2360, 0.1863, 288.6197, 0.5605, 'Bengal');
INSERT INTO welldata.PETROPHYSICS (UBHI, SAMPLE_DEPTH_M, POROSITY, PERMEABILITY, WATER_SAT, FORMATION) VALUES ('WELL00000000027-BH1', 2380, 0.2719, 368.1599, 0.2973, 'Sanchore');
INSERT INTO welldata.PETROPHYSICS (UBHI, SAMPLE_DEPTH_M, POROSITY, PERMEABILITY, WATER_SAT, FORMATION) VALUES ('WELL00000000027-BH1', 2400, 0.0448, 159.3838, 0.4192, 'Sanchore');
INSERT INTO welldata.PETROPHYSICS (UBHI, SAMPLE_DEPTH_M, POROSITY, PERMEABILITY, WATER_SAT, FORMATION) VALUES ('WELL00000000027-BH1', 2420, 0.1619, 286.6699, 0.6328, 'Barmer');
INSERT INTO welldata.PETROPHYSICS (UBHI, SAMPLE_DEPTH_M, POROSITY, PERMEABILITY, WATER_SAT, FORMATION) VALUES ('WELL00000000027-BH1', 2440, 0.0472, 428.3764, 0.2658, 'Sanchore');
INSERT INTO welldata.PETROPHYSICS (UBHI, SAMPLE_DEPTH_M, POROSITY, PERMEABILITY, WATER_SAT, FORMATION) VALUES ('WELL00000000027-BH1', 2460, 0.2192, 341.1385, 0.6275, 'Sanchore');
INSERT INTO welldata.PETROPHYSICS (UBHI, SAMPLE_DEPTH_M, POROSITY, PERMEABILITY, WATER_SAT, FORMATION) VALUES ('WELL00000000027-BH1', 2480, 0.1159, 325.8149, 0.5826, 'Sanchore');
INSERT INTO welldata.PETROPHYSICS (UBHI, SAMPLE_DEPTH_M, POROSITY, PERMEABILITY, WATER_SAT, FORMATION) VALUES ('WELL00000000027-BH1', 2500, 0.2693, 208.7998, 0.5972, 'Rajahmundry');
INSERT INTO welldata.PETROPHYSICS (UBHI, SAMPLE_DEPTH_M, POROSITY, PERMEABILITY, WATER_SAT, FORMATION) VALUES ('WELL00000000027-BH1', 2520, 0.1253, 373.3274, 0.2754, 'Sanchore');
INSERT INTO welldata.PETROPHYSICS (UBHI, SAMPLE_DEPTH_M, POROSITY, PERMEABILITY, WATER_SAT, FORMATION) VALUES ('WELL00000000027-BH1', 2540, 0.2596, 244.9316, 0.3966, 'Sanchore');
INSERT INTO welldata.PETROPHYSICS (UBHI, SAMPLE_DEPTH_M, POROSITY, PERMEABILITY, WATER_SAT, FORMATION) VALUES ('WELL00000000027-BH1', 2560, 0.0769, 246.1446, 0.3677, 'Bengal');
INSERT INTO welldata.PETROPHYSICS (UBHI, SAMPLE_DEPTH_M, POROSITY, PERMEABILITY, WATER_SAT, FORMATION) VALUES ('WELL00000000027-BH1', 2580, 0.1279, 247.2265, 0.6185, 'Sanchore');
INSERT INTO welldata.PETROPHYSICS (UBHI, SAMPLE_DEPTH_M, POROSITY, PERMEABILITY, WATER_SAT, FORMATION) VALUES ('WELL00000000027-BH1', 2600, 0.2261, 69.9548, 0.2281, 'Sanchore');
INSERT INTO welldata.PETROPHYSICS (UBHI, SAMPLE_DEPTH_M, POROSITY, PERMEABILITY, WATER_SAT, FORMATION) VALUES ('WELL00000000027-BH1', 2620, 0.263, 441.1235, 0.4973, 'Bengal');
INSERT INTO welldata.PETROPHYSICS (UBHI, SAMPLE_DEPTH_M, POROSITY, PERMEABILITY, WATER_SAT, FORMATION) VALUES ('WELL00000000027-BH1', 2640, 0.2298, 137.0154, 0.6219, 'Barmer');
INSERT INTO welldata.PETROPHYSICS (UBHI, SAMPLE_DEPTH_M, POROSITY, PERMEABILITY, WATER_SAT, FORMATION) VALUES ('WELL00000000027-BH1', 2660, 0.1263, 69.0689, 0.4676, 'Bengal');
INSERT INTO welldata.PETROPHYSICS (UBHI, SAMPLE_DEPTH_M, POROSITY, PERMEABILITY, WATER_SAT, FORMATION) VALUES ('WELL00000000027-BH1', 2680, 0.0535, 272.5864, 0.4821, 'Bengal');
INSERT INTO welldata.PETROPHYSICS (UBHI, SAMPLE_DEPTH_M, POROSITY, PERMEABILITY, WATER_SAT, FORMATION) VALUES ('WELL00000000027-BH1', 2700, 0.052, 91.89, 0.5348, 'Barmer');
INSERT INTO welldata.PETROPHYSICS (UBHI, SAMPLE_DEPTH_M, POROSITY, PERMEABILITY, WATER_SAT, FORMATION) VALUES ('WELL00000000027-BH1', 2720, 0.2778, 179.0048, 0.1713, 'Bengal');
INSERT INTO welldata.PETROPHYSICS (UBHI, SAMPLE_DEPTH_M, POROSITY, PERMEABILITY, WATER_SAT, FORMATION) VALUES ('WELL00000000027-BH1', 2740, 0.2647, 303.7502, 0.4671, 'Rajahmundry');
INSERT INTO welldata.PETROPHYSICS (UBHI, SAMPLE_DEPTH_M, POROSITY, PERMEABILITY, WATER_SAT, FORMATION) VALUES ('WELL00000000027-BH1', 2760, 0.1353, 238.3558, 0.169, 'Bengal');
INSERT INTO welldata.PETROPHYSICS (UBHI, SAMPLE_DEPTH_M, POROSITY, PERMEABILITY, WATER_SAT, FORMATION) VALUES ('WELL00000000027-BH1', 2780, 0.0924, 277.939, 0.5953, 'Sanchore');
INSERT INTO welldata.PETROPHYSICS (UBHI, SAMPLE_DEPTH_M, POROSITY, PERMEABILITY, WATER_SAT, FORMATION) VALUES ('WELL00000000027-BH1', 2800, 0.2514, 320.8384, 0.1633, 'Rajahmundry');
INSERT INTO welldata.PETROPHYSICS (UBHI, SAMPLE_DEPTH_M, POROSITY, PERMEABILITY, WATER_SAT, FORMATION) VALUES ('WELL00000000027-BH1', 2820, 0.2415, 39.1632, 0.2379, 'Bengal');
INSERT INTO welldata.PETROPHYSICS (UBHI, SAMPLE_DEPTH_M, POROSITY, PERMEABILITY, WATER_SAT, FORMATION) VALUES ('WELL00000000027-BH1', 2840, 0.1219, 179.3793, 0.7388, 'Sanchore');
INSERT INTO welldata.PETROPHYSICS (UBHI, SAMPLE_DEPTH_M, POROSITY, PERMEABILITY, WATER_SAT, FORMATION) VALUES ('WELL00000000027-BH1', 2860, 0.1376, 374.7344, 0.4107, 'Barmer');
INSERT INTO welldata.PETROPHYSICS (UBHI, SAMPLE_DEPTH_M, POROSITY, PERMEABILITY, WATER_SAT, FORMATION) VALUES ('WELL00000000027-BH1', 2880, 0.0408, 322.2124, 0.3257, 'Sanchore');
INSERT INTO welldata.PETROPHYSICS (UBHI, SAMPLE_DEPTH_M, POROSITY, PERMEABILITY, WATER_SAT, FORMATION) VALUES ('WELL00000000027-BH1', 2900, 0.0646, 160.2143, 0.4249, 'Bengal');
INSERT INTO welldata.PETROPHYSICS (UBHI, SAMPLE_DEPTH_M, POROSITY, PERMEABILITY, WATER_SAT, FORMATION) VALUES ('WELL00000000027-BH1', 2920, 0.1558, 272.8403, 0.456, 'Barmer');
INSERT INTO welldata.PETROPHYSICS (UBHI, SAMPLE_DEPTH_M, POROSITY, PERMEABILITY, WATER_SAT, FORMATION) VALUES ('WELL00000000027-BH1', 2940, 0.1316, 430.4555, 0.5312, 'Rajahmundry');
INSERT INTO welldata.PETROPHYSICS (UBHI, SAMPLE_DEPTH_M, POROSITY, PERMEABILITY, WATER_SAT, FORMATION) VALUES ('WELL00000000027-BH1', 2960, 0.1316, 278.0377, 0.5301, 'Rajahmundry');
INSERT INTO welldata.PETROPHYSICS (UBHI, SAMPLE_DEPTH_M, POROSITY, PERMEABILITY, WATER_SAT, FORMATION) VALUES ('WELL00000000027-BH1', 2980, 0.2088, 68.0337, 0.672, 'Rajahmundry');
INSERT INTO welldata.PETROPHYSICS (UBHI, SAMPLE_DEPTH_M, POROSITY, PERMEABILITY, WATER_SAT, FORMATION) VALUES ('WELL00000000027-BH1', 3000, 0.215, 196.3809, 0.6265, 'Barmer');
INSERT INTO welldata.BOREHOLE (UBHI, UWI, BOREHOLE_NAME, BOREHOLE_TYPE, TOP_DEPTH_M, BASE_DEPTH_M) VALUES ('WELL00000000027-BH2', 'WELL00000000027', 'CAIR-RA-027-BH2', 'VERTICAL', 775, 1474);
INSERT INTO welldata.PETROPHYSICS (UBHI, SAMPLE_DEPTH_M, POROSITY, PERMEABILITY, WATER_SAT, FORMATION) VALUES ('WELL00000000027-BH2', 1000, 0.09, 135.9296, 0.5927, 'Rajahmundry');
INSERT INTO welldata.PETROPHYSICS (UBHI, SAMPLE_DEPTH_M, POROSITY, PERMEABILITY, WATER_SAT, FORMATION) VALUES ('WELL00000000027-BH2', 1020, 0.085, 186.7427, 0.7493, 'Sanchore');
INSERT INTO welldata.PETROPHYSICS (UBHI, SAMPLE_DEPTH_M, POROSITY, PERMEABILITY, WATER_SAT, FORMATION) VALUES ('WELL00000000027-BH2', 1040, 0.2077, 394.0341, 0.4026, 'Sanchore');
INSERT INTO welldata.PETROPHYSICS (UBHI, SAMPLE_DEPTH_M, POROSITY, PERMEABILITY, WATER_SAT, FORMATION) VALUES ('WELL00000000027-BH2', 1060, 0.0481, 280.8536, 0.5359, 'Sanchore');
INSERT INTO welldata.PETROPHYSICS (UBHI, SAMPLE_DEPTH_M, POROSITY, PERMEABILITY, WATER_SAT, FORMATION) VALUES ('WELL00000000027-BH2', 1080, 0.139, 33.0993, 0.3157, 'Bengal');
INSERT INTO welldata.PETROPHYSICS (UBHI, SAMPLE_DEPTH_M, POROSITY, PERMEABILITY, WATER_SAT, FORMATION) VALUES ('WELL00000000027-BH2', 1100, 0.1656, 406.569, 0.5339, 'Rajahmundry');
INSERT INTO welldata.PETROPHYSICS (UBHI, SAMPLE_DEPTH_M, POROSITY, PERMEABILITY, WATER_SAT, FORMATION) VALUES ('WELL00000000027-BH2', 1120, 0.223, 265.9334, 0.4318, 'Sanchore');
INSERT INTO welldata.PETROPHYSICS (UBHI, SAMPLE_DEPTH_M, POROSITY, PERMEABILITY, WATER_SAT, FORMATION) VALUES ('WELL00000000027-BH2', 1140, 0.1149, 10.3313, 0.474, 'Sanchore');
INSERT INTO welldata.PETROPHYSICS (UBHI, SAMPLE_DEPTH_M, POROSITY, PERMEABILITY, WATER_SAT, FORMATION) VALUES ('WELL00000000027-BH2', 1160, 0.1097, 46.2843, 0.3853, 'Sanchore');
INSERT INTO welldata.PETROPHYSICS (UBHI, SAMPLE_DEPTH_M, POROSITY, PERMEABILITY, WATER_SAT, FORMATION) VALUES ('WELL00000000027-BH2', 1180, 0.1345, 107.6179, 0.3181, 'Rajahmundry');
INSERT INTO welldata.PETROPHYSICS (UBHI, SAMPLE_DEPTH_M, POROSITY, PERMEABILITY, WATER_SAT, FORMATION) VALUES ('WELL00000000027-BH2', 1200, 0.1209, 427.632, 0.283, 'Barmer');
INSERT INTO welldata.PETROPHYSICS (UBHI, SAMPLE_DEPTH_M, POROSITY, PERMEABILITY, WATER_SAT, FORMATION) VALUES ('WELL00000000027-BH2', 1220, 0.0939, 395.3646, 0.592, 'Sanchore');
INSERT INTO welldata.PETROPHYSICS (UBHI, SAMPLE_DEPTH_M, POROSITY, PERMEABILITY, WATER_SAT, FORMATION) VALUES ('WELL00000000027-BH2', 1240, 0.2318, 67.6362, 0.6336, 'Barmer');
INSERT INTO welldata.PETROPHYSICS (UBHI, SAMPLE_DEPTH_M, POROSITY, PERMEABILITY, WATER_SAT, FORMATION) VALUES ('WELL00000000027-BH2', 1260, 0.1369, 448.1574, 0.7233, 'Barmer');
INSERT INTO welldata.PETROPHYSICS (UBHI, SAMPLE_DEPTH_M, POROSITY, PERMEABILITY, WATER_SAT, FORMATION) VALUES ('WELL00000000027-BH2', 1280, 0.1622, 125.9326, 0.3103, 'Barmer');
INSERT INTO welldata.PETROPHYSICS (UBHI, SAMPLE_DEPTH_M, POROSITY, PERMEABILITY, WATER_SAT, FORMATION) VALUES ('WELL00000000027-BH2', 1300, 0.0841, 156.1577, 0.5478, 'Sanchore');
INSERT INTO welldata.PETROPHYSICS (UBHI, SAMPLE_DEPTH_M, POROSITY, PERMEABILITY, WATER_SAT, FORMATION) VALUES ('WELL00000000027-BH2', 1320, 0.0621, 330.9562, 0.3282, 'Sanchore');
INSERT INTO welldata.PETROPHYSICS (UBHI, SAMPLE_DEPTH_M, POROSITY, PERMEABILITY, WATER_SAT, FORMATION) VALUES ('WELL00000000027-BH2', 1340, 0.2327, 97.2559, 0.4299, 'Rajahmundry');
INSERT INTO welldata.PETROPHYSICS (UBHI, SAMPLE_DEPTH_M, POROSITY, PERMEABILITY, WATER_SAT, FORMATION) VALUES ('WELL00000000027-BH2', 1360, 0.2623, 101.2714, 0.3695, 'Bengal');
INSERT INTO welldata.PETROPHYSICS (UBHI, SAMPLE_DEPTH_M, POROSITY, PERMEABILITY, WATER_SAT, FORMATION) VALUES ('WELL00000000027-BH2', 1380, 0.154, 185.2296, 0.376, 'Rajahmundry');
INSERT INTO welldata.PETROPHYSICS (UBHI, SAMPLE_DEPTH_M, POROSITY, PERMEABILITY, WATER_SAT, FORMATION) VALUES ('WELL00000000027-BH2', 1400, 0.1456, 219.8193, 0.3772, 'Rajahmundry');
INSERT INTO welldata.PETROPHYSICS (UBHI, SAMPLE_DEPTH_M, POROSITY, PERMEABILITY, WATER_SAT, FORMATION) VALUES ('WELL00000000027-BH2', 1420, 0.222, 184.6223, 0.4153, 'Sanchore');
INSERT INTO welldata.PETROPHYSICS (UBHI, SAMPLE_DEPTH_M, POROSITY, PERMEABILITY, WATER_SAT, FORMATION) VALUES ('WELL00000000027-BH2', 1440, 0.077, 226.2213, 0.5963, 'Bengal');
INSERT INTO welldata.PETROPHYSICS (UBHI, SAMPLE_DEPTH_M, POROSITY, PERMEABILITY, WATER_SAT, FORMATION) VALUES ('WELL00000000027-BH2', 1460, 0.1353, 120.7132, 0.4872, 'Barmer');
INSERT INTO welldata.PETROPHYSICS (UBHI, SAMPLE_DEPTH_M, POROSITY, PERMEABILITY, WATER_SAT, FORMATION) VALUES ('WELL00000000027-BH2', 1480, 0.2716, 310.6157, 0.6852, 'Barmer');
INSERT INTO welldata.PETROPHYSICS (UBHI, SAMPLE_DEPTH_M, POROSITY, PERMEABILITY, WATER_SAT, FORMATION) VALUES ('WELL00000000027-BH2', 1500, 0.25, 260.1713, 0.2277, 'Bengal');
INSERT INTO welldata.PETROPHYSICS (UBHI, SAMPLE_DEPTH_M, POROSITY, PERMEABILITY, WATER_SAT, FORMATION) VALUES ('WELL00000000027-BH2', 1520, 0.183, 67.4397, 0.2049, 'Barmer');
INSERT INTO welldata.PETROPHYSICS (UBHI, SAMPLE_DEPTH_M, POROSITY, PERMEABILITY, WATER_SAT, FORMATION) VALUES ('WELL00000000027-BH2', 1540, 0.087, 308.3023, 0.4131, 'Barmer');
INSERT INTO welldata.PETROPHYSICS (UBHI, SAMPLE_DEPTH_M, POROSITY, PERMEABILITY, WATER_SAT, FORMATION) VALUES ('WELL00000000027-BH2', 1560, 0.0949, 203.4508, 0.708, 'Barmer');
INSERT INTO welldata.PETROPHYSICS (UBHI, SAMPLE_DEPTH_M, POROSITY, PERMEABILITY, WATER_SAT, FORMATION) VALUES ('WELL00000000027-BH2', 1580, 0.1441, 263.4613, 0.4975, 'Bengal');
INSERT INTO welldata.PETROPHYSICS (UBHI, SAMPLE_DEPTH_M, POROSITY, PERMEABILITY, WATER_SAT, FORMATION) VALUES ('WELL00000000027-BH2', 1600, 0.1825, 413.0051, 0.5913, 'Sanchore');
INSERT INTO welldata.PETROPHYSICS (UBHI, SAMPLE_DEPTH_M, POROSITY, PERMEABILITY, WATER_SAT, FORMATION) VALUES ('WELL00000000027-BH2', 1620, 0.0531, 105.3353, 0.4454, 'Barmer');
INSERT INTO welldata.PETROPHYSICS (UBHI, SAMPLE_DEPTH_M, POROSITY, PERMEABILITY, WATER_SAT, FORMATION) VALUES ('WELL00000000027-BH2', 1640, 0.2182, 246.1362, 0.3245, 'Rajahmundry');
INSERT INTO welldata.PETROPHYSICS (UBHI, SAMPLE_DEPTH_M, POROSITY, PERMEABILITY, WATER_SAT, FORMATION) VALUES ('WELL00000000027-BH2', 1660, 0.2605, 31.3999, 0.5639, 'Bengal');
INSERT INTO welldata.PETROPHYSICS (UBHI, SAMPLE_DEPTH_M, POROSITY, PERMEABILITY, WATER_SAT, FORMATION) VALUES ('WELL00000000027-BH2', 1680, 0.1577, 154.0807, 0.2558, 'Rajahmundry');
INSERT INTO welldata.PETROPHYSICS (UBHI, SAMPLE_DEPTH_M, POROSITY, PERMEABILITY, WATER_SAT, FORMATION) VALUES ('WELL00000000027-BH2', 1700, 0.227, 430.044, 0.6541, 'Barmer');
INSERT INTO welldata.PETROPHYSICS (UBHI, SAMPLE_DEPTH_M, POROSITY, PERMEABILITY, WATER_SAT, FORMATION) VALUES ('WELL00000000027-BH2', 1720, 0.2396, 194.4481, 0.4388, 'Rajahmundry');
INSERT INTO welldata.PETROPHYSICS (UBHI, SAMPLE_DEPTH_M, POROSITY, PERMEABILITY, WATER_SAT, FORMATION) VALUES ('WELL00000000027-BH2', 1740, 0.1674, 101.459, 0.5264, 'Sanchore');
INSERT INTO welldata.PETROPHYSICS (UBHI, SAMPLE_DEPTH_M, POROSITY, PERMEABILITY, WATER_SAT, FORMATION) VALUES ('WELL00000000027-BH2', 1760, 0.1064, 13.8565, 0.4244, 'Bengal');
INSERT INTO welldata.PETROPHYSICS (UBHI, SAMPLE_DEPTH_M, POROSITY, PERMEABILITY, WATER_SAT, FORMATION) VALUES ('WELL00000000027-BH2', 1780, 0.1814, 404.696, 0.267, 'Barmer');
INSERT INTO welldata.PETROPHYSICS (UBHI, SAMPLE_DEPTH_M, POROSITY, PERMEABILITY, WATER_SAT, FORMATION) VALUES ('WELL00000000027-BH2', 1800, 0.1607, 146.7568, 0.2253, 'Rajahmundry');
INSERT INTO welldata.PETROPHYSICS (UBHI, SAMPLE_DEPTH_M, POROSITY, PERMEABILITY, WATER_SAT, FORMATION) VALUES ('WELL00000000027-BH2', 1820, 0.1255, 324.8837, 0.2807, 'Rajahmundry');
INSERT INTO welldata.PETROPHYSICS (UBHI, SAMPLE_DEPTH_M, POROSITY, PERMEABILITY, WATER_SAT, FORMATION) VALUES ('WELL00000000027-BH2', 1840, 0.0403, 68.6576, 0.44, 'Barmer');
INSERT INTO welldata.PETROPHYSICS (UBHI, SAMPLE_DEPTH_M, POROSITY, PERMEABILITY, WATER_SAT, FORMATION) VALUES ('WELL00000000027-BH2', 1860, 0.1183, 230.5387, 0.5561, 'Rajahmundry');
INSERT INTO welldata.PETROPHYSICS (UBHI, SAMPLE_DEPTH_M, POROSITY, PERMEABILITY, WATER_SAT, FORMATION) VALUES ('WELL00000000027-BH2', 1880, 0.0582, 19.2978, 0.4021, 'Barmer');
INSERT INTO welldata.PETROPHYSICS (UBHI, SAMPLE_DEPTH_M, POROSITY, PERMEABILITY, WATER_SAT, FORMATION) VALUES ('WELL00000000027-BH2', 1900, 0.1734, 440.1757, 0.7374, 'Barmer');
INSERT INTO welldata.PETROPHYSICS (UBHI, SAMPLE_DEPTH_M, POROSITY, PERMEABILITY, WATER_SAT, FORMATION) VALUES ('WELL00000000027-BH2', 1920, 0.1852, 21.166, 0.7075, 'Barmer');
INSERT INTO welldata.PETROPHYSICS (UBHI, SAMPLE_DEPTH_M, POROSITY, PERMEABILITY, WATER_SAT, FORMATION) VALUES ('WELL00000000027-BH2', 1940, 0.1661, 38.0166, 0.3722, 'Rajahmundry');
INSERT INTO welldata.PETROPHYSICS (UBHI, SAMPLE_DEPTH_M, POROSITY, PERMEABILITY, WATER_SAT, FORMATION) VALUES ('WELL00000000027-BH2', 1960, 0.2733, 142.9554, 0.565, 'Rajahmundry');
INSERT INTO welldata.PETROPHYSICS (UBHI, SAMPLE_DEPTH_M, POROSITY, PERMEABILITY, WATER_SAT, FORMATION) VALUES ('WELL00000000027-BH2', 1980, 0.1092, 224.7393, 0.7406, 'Barmer');
INSERT INTO welldata.PETROPHYSICS (UBHI, SAMPLE_DEPTH_M, POROSITY, PERMEABILITY, WATER_SAT, FORMATION) VALUES ('WELL00000000027-BH2', 2000, 0.2455, 211.5459, 0.3572, 'Barmer');
INSERT INTO welldata.PETROPHYSICS (UBHI, SAMPLE_DEPTH_M, POROSITY, PERMEABILITY, WATER_SAT, FORMATION) VALUES ('WELL00000000027-BH2', 2020, 0.1448, 426.9733, 0.2243, 'Bengal');
INSERT INTO welldata.PETROPHYSICS (UBHI, SAMPLE_DEPTH_M, POROSITY, PERMEABILITY, WATER_SAT, FORMATION) VALUES ('WELL00000000027-BH2', 2040, 0.1451, 156.3241, 0.5483, 'Barmer');
INSERT INTO welldata.PETROPHYSICS (UBHI, SAMPLE_DEPTH_M, POROSITY, PERMEABILITY, WATER_SAT, FORMATION) VALUES ('WELL00000000027-BH2', 2060, 0.1261, 117.2556, 0.6482, 'Sanchore');
INSERT INTO welldata.PETROPHYSICS (UBHI, SAMPLE_DEPTH_M, POROSITY, PERMEABILITY, WATER_SAT, FORMATION) VALUES ('WELL00000000027-BH2', 2080, 0.1234, 32.2021, 0.6191, 'Barmer');
INSERT INTO welldata.PETROPHYSICS (UBHI, SAMPLE_DEPTH_M, POROSITY, PERMEABILITY, WATER_SAT, FORMATION) VALUES ('WELL00000000027-BH2', 2100, 0.0604, 188.0741, 0.4469, 'Sanchore');
INSERT INTO welldata.PETROPHYSICS (UBHI, SAMPLE_DEPTH_M, POROSITY, PERMEABILITY, WATER_SAT, FORMATION) VALUES ('WELL00000000027-BH2', 2120, 0.0808, 89.4092, 0.161, 'Rajahmundry');
INSERT INTO welldata.PETROPHYSICS (UBHI, SAMPLE_DEPTH_M, POROSITY, PERMEABILITY, WATER_SAT, FORMATION) VALUES ('WELL00000000027-BH2', 2140, 0.2191, 332.8776, 0.5006, 'Barmer');
INSERT INTO welldata.PETROPHYSICS (UBHI, SAMPLE_DEPTH_M, POROSITY, PERMEABILITY, WATER_SAT, FORMATION) VALUES ('WELL00000000027-BH2', 2160, 0.2681, 45.5393, 0.493, 'Barmer');
INSERT INTO welldata.PETROPHYSICS (UBHI, SAMPLE_DEPTH_M, POROSITY, PERMEABILITY, WATER_SAT, FORMATION) VALUES ('WELL00000000027-BH2', 2180, 0.2686, 288.4316, 0.3638, 'Rajahmundry');
INSERT INTO welldata.PETROPHYSICS (UBHI, SAMPLE_DEPTH_M, POROSITY, PERMEABILITY, WATER_SAT, FORMATION) VALUES ('WELL00000000027-BH2', 2200, 0.1194, 3.7503, 0.2127, 'Barmer');
INSERT INTO welldata.PETROPHYSICS (UBHI, SAMPLE_DEPTH_M, POROSITY, PERMEABILITY, WATER_SAT, FORMATION) VALUES ('WELL00000000027-BH2', 2220, 0.0437, 72.747, 0.6347, 'Rajahmundry');
INSERT INTO welldata.PETROPHYSICS (UBHI, SAMPLE_DEPTH_M, POROSITY, PERMEABILITY, WATER_SAT, FORMATION) VALUES ('WELL00000000027-BH2', 2240, 0.2647, 112.4742, 0.2997, 'Barmer');
INSERT INTO welldata.PETROPHYSICS (UBHI, SAMPLE_DEPTH_M, POROSITY, PERMEABILITY, WATER_SAT, FORMATION) VALUES ('WELL00000000027-BH2', 2260, 0.2539, 372.4538, 0.6456, 'Rajahmundry');
INSERT INTO welldata.PETROPHYSICS (UBHI, SAMPLE_DEPTH_M, POROSITY, PERMEABILITY, WATER_SAT, FORMATION) VALUES ('WELL00000000027-BH2', 2280, 0.1849, 325.3425, 0.3286, 'Sanchore');
INSERT INTO welldata.PETROPHYSICS (UBHI, SAMPLE_DEPTH_M, POROSITY, PERMEABILITY, WATER_SAT, FORMATION) VALUES ('WELL00000000027-BH2', 2300, 0.2307, 242.6274, 0.5524, 'Bengal');
INSERT INTO welldata.PETROPHYSICS (UBHI, SAMPLE_DEPTH_M, POROSITY, PERMEABILITY, WATER_SAT, FORMATION) VALUES ('WELL00000000027-BH2', 2320, 0.2387, 338.1367, 0.709, 'Rajahmundry');
INSERT INTO welldata.PETROPHYSICS (UBHI, SAMPLE_DEPTH_M, POROSITY, PERMEABILITY, WATER_SAT, FORMATION) VALUES ('WELL00000000027-BH2', 2340, 0.1581, 297.2894, 0.445, 'Bengal');
INSERT INTO welldata.PETROPHYSICS (UBHI, SAMPLE_DEPTH_M, POROSITY, PERMEABILITY, WATER_SAT, FORMATION) VALUES ('WELL00000000027-BH2', 2360, 0.1496, 52.0065, 0.4701, 'Sanchore');
INSERT INTO welldata.PETROPHYSICS (UBHI, SAMPLE_DEPTH_M, POROSITY, PERMEABILITY, WATER_SAT, FORMATION) VALUES ('WELL00000000027-BH2', 2380, 0.1413, 358.1353, 0.4515, 'Bengal');
INSERT INTO welldata.PETROPHYSICS (UBHI, SAMPLE_DEPTH_M, POROSITY, PERMEABILITY, WATER_SAT, FORMATION) VALUES ('WELL00000000027-BH2', 2400, 0.233, 124.8613, 0.3433, 'Rajahmundry');
INSERT INTO welldata.PETROPHYSICS (UBHI, SAMPLE_DEPTH_M, POROSITY, PERMEABILITY, WATER_SAT, FORMATION) VALUES ('WELL00000000027-BH2', 2420, 0.1737, 217.1206, 0.5395, 'Rajahmundry');
INSERT INTO welldata.PETROPHYSICS (UBHI, SAMPLE_DEPTH_M, POROSITY, PERMEABILITY, WATER_SAT, FORMATION) VALUES ('WELL00000000027-BH2', 2440, 0.1672, 95.6874, 0.7165, 'Sanchore');
INSERT INTO welldata.PETROPHYSICS (UBHI, SAMPLE_DEPTH_M, POROSITY, PERMEABILITY, WATER_SAT, FORMATION) VALUES ('WELL00000000027-BH2', 2460, 0.2345, 270.4613, 0.1781, 'Sanchore');
INSERT INTO welldata.PETROPHYSICS (UBHI, SAMPLE_DEPTH_M, POROSITY, PERMEABILITY, WATER_SAT, FORMATION) VALUES ('WELL00000000027-BH2', 2480, 0.2193, 386.8594, 0.4434, 'Bengal');
INSERT INTO welldata.PETROPHYSICS (UBHI, SAMPLE_DEPTH_M, POROSITY, PERMEABILITY, WATER_SAT, FORMATION) VALUES ('WELL00000000027-BH2', 2500, 0.0798, 276.6741, 0.1902, 'Sanchore');
INSERT INTO welldata.PETROPHYSICS (UBHI, SAMPLE_DEPTH_M, POROSITY, PERMEABILITY, WATER_SAT, FORMATION) VALUES ('WELL00000000027-BH2', 2520, 0.181, 359.1727, 0.3477, 'Rajahmundry');
INSERT INTO welldata.PETROPHYSICS (UBHI, SAMPLE_DEPTH_M, POROSITY, PERMEABILITY, WATER_SAT, FORMATION) VALUES ('WELL00000000027-BH2', 2540, 0.1142, 296.1223, 0.5844, 'Barmer');
INSERT INTO welldata.PETROPHYSICS (UBHI, SAMPLE_DEPTH_M, POROSITY, PERMEABILITY, WATER_SAT, FORMATION) VALUES ('WELL00000000027-BH2', 2560, 0.1014, 389.4337, 0.4855, 'Rajahmundry');
INSERT INTO welldata.PETROPHYSICS (UBHI, SAMPLE_DEPTH_M, POROSITY, PERMEABILITY, WATER_SAT, FORMATION) VALUES ('WELL00000000027-BH2', 2580, 0.1344, 50.5174, 0.6241, 'Bengal');
INSERT INTO welldata.PETROPHYSICS (UBHI, SAMPLE_DEPTH_M, POROSITY, PERMEABILITY, WATER_SAT, FORMATION) VALUES ('WELL00000000027-BH2', 2600, 0.1448, 199.6257, 0.702, 'Rajahmundry');
INSERT INTO welldata.PETROPHYSICS (UBHI, SAMPLE_DEPTH_M, POROSITY, PERMEABILITY, WATER_SAT, FORMATION) VALUES ('WELL00000000027-BH2', 2620, 0.1724, 428.0643, 0.4327, 'Sanchore');
INSERT INTO welldata.PETROPHYSICS (UBHI, SAMPLE_DEPTH_M, POROSITY, PERMEABILITY, WATER_SAT, FORMATION) VALUES ('WELL00000000027-BH2', 2640, 0.1525, 333.1987, 0.1786, 'Barmer');
INSERT INTO welldata.PETROPHYSICS (UBHI, SAMPLE_DEPTH_M, POROSITY, PERMEABILITY, WATER_SAT, FORMATION) VALUES ('WELL00000000027-BH2', 2660, 0.2539, 112.454, 0.2527, 'Barmer');
INSERT INTO welldata.PETROPHYSICS (UBHI, SAMPLE_DEPTH_M, POROSITY, PERMEABILITY, WATER_SAT, FORMATION) VALUES ('WELL00000000027-BH2', 2680, 0.2758, 408.1551, 0.6631, 'Bengal');
INSERT INTO welldata.PETROPHYSICS (UBHI, SAMPLE_DEPTH_M, POROSITY, PERMEABILITY, WATER_SAT, FORMATION) VALUES ('WELL00000000027-BH2', 2700, 0.2381, 390.9327, 0.7316, 'Sanchore');
INSERT INTO welldata.PETROPHYSICS (UBHI, SAMPLE_DEPTH_M, POROSITY, PERMEABILITY, WATER_SAT, FORMATION) VALUES ('WELL00000000027-BH2', 2720, 0.0635, 71.912, 0.4894, 'Rajahmundry');
INSERT INTO welldata.PETROPHYSICS (UBHI, SAMPLE_DEPTH_M, POROSITY, PERMEABILITY, WATER_SAT, FORMATION) VALUES ('WELL00000000027-BH2', 2740, 0.246, 440.5946, 0.291, 'Rajahmundry');
INSERT INTO welldata.PETROPHYSICS (UBHI, SAMPLE_DEPTH_M, POROSITY, PERMEABILITY, WATER_SAT, FORMATION) VALUES ('WELL00000000027-BH2', 2760, 0.1562, 392.6544, 0.7236, 'Barmer');
INSERT INTO welldata.PETROPHYSICS (UBHI, SAMPLE_DEPTH_M, POROSITY, PERMEABILITY, WATER_SAT, FORMATION) VALUES ('WELL00000000027-BH2', 2780, 0.0579, 372.2054, 0.4902, 'Bengal');
INSERT INTO welldata.PETROPHYSICS (UBHI, SAMPLE_DEPTH_M, POROSITY, PERMEABILITY, WATER_SAT, FORMATION) VALUES ('WELL00000000027-BH2', 2800, 0.0691, 432.1626, 0.4946, 'Barmer');
INSERT INTO welldata.PETROPHYSICS (UBHI, SAMPLE_DEPTH_M, POROSITY, PERMEABILITY, WATER_SAT, FORMATION) VALUES ('WELL00000000027-BH2', 2820, 0.2486, 158.9542, 0.3801, 'Bengal');
INSERT INTO welldata.PETROPHYSICS (UBHI, SAMPLE_DEPTH_M, POROSITY, PERMEABILITY, WATER_SAT, FORMATION) VALUES ('WELL00000000027-BH2', 2840, 0.2712, 124.9277, 0.5828, 'Sanchore');
INSERT INTO welldata.PETROPHYSICS (UBHI, SAMPLE_DEPTH_M, POROSITY, PERMEABILITY, WATER_SAT, FORMATION) VALUES ('WELL00000000027-BH2', 2860, 0.1114, 74.3723, 0.2112, 'Bengal');
INSERT INTO welldata.PETROPHYSICS (UBHI, SAMPLE_DEPTH_M, POROSITY, PERMEABILITY, WATER_SAT, FORMATION) VALUES ('WELL00000000027-BH2', 2880, 0.1975, 375.3622, 0.4456, 'Bengal');
INSERT INTO welldata.PETROPHYSICS (UBHI, SAMPLE_DEPTH_M, POROSITY, PERMEABILITY, WATER_SAT, FORMATION) VALUES ('WELL00000000027-BH2', 2900, 0.0535, 45.5236, 0.3713, 'Rajahmundry');
INSERT INTO welldata.PETROPHYSICS (UBHI, SAMPLE_DEPTH_M, POROSITY, PERMEABILITY, WATER_SAT, FORMATION) VALUES ('WELL00000000027-BH2', 2920, 0.1086, 117.6199, 0.7302, 'Barmer');
INSERT INTO welldata.PETROPHYSICS (UBHI, SAMPLE_DEPTH_M, POROSITY, PERMEABILITY, WATER_SAT, FORMATION) VALUES ('WELL00000000027-BH2', 2940, 0.0802, 20.3047, 0.6186, 'Barmer');
INSERT INTO welldata.PETROPHYSICS (UBHI, SAMPLE_DEPTH_M, POROSITY, PERMEABILITY, WATER_SAT, FORMATION) VALUES ('WELL00000000027-BH2', 2960, 0.2042, 169.9819, 0.29, 'Rajahmundry');
INSERT INTO welldata.PETROPHYSICS (UBHI, SAMPLE_DEPTH_M, POROSITY, PERMEABILITY, WATER_SAT, FORMATION) VALUES ('WELL00000000027-BH2', 2980, 0.1126, 219.4172, 0.697, 'Rajahmundry');
INSERT INTO welldata.PETROPHYSICS (UBHI, SAMPLE_DEPTH_M, POROSITY, PERMEABILITY, WATER_SAT, FORMATION) VALUES ('WELL00000000027-BH2', 3000, 0.2545, 415.6367, 0.2741, 'Bengal');
INSERT INTO welldata.PRODUCTION (UWI, PROD_DATE, OIL_BBL, GAS_MCF, WATER_BBL, HOURS_ON) VALUES ('WELL00000000027', TO_DATE('2015-01-01','YYYY-MM-DD'), 1092.12, 11024.92, 1250.97, 161.93);
INSERT INTO welldata.PRODUCTION (UWI, PROD_DATE, OIL_BBL, GAS_MCF, WATER_BBL, HOURS_ON) VALUES ('WELL00000000027', TO_DATE('2015-02-01','YYYY-MM-DD'), 2185.38, 3483.42, 178.48, 608.52);
INSERT INTO welldata.PRODUCTION (UWI, PROD_DATE, OIL_BBL, GAS_MCF, WATER_BBL, HOURS_ON) VALUES ('WELL00000000027', TO_DATE('2015-03-01','YYYY-MM-DD'), 1465.21, 4352.2, 633.88, 158.65);
INSERT INTO welldata.PRODUCTION (UWI, PROD_DATE, OIL_BBL, GAS_MCF, WATER_BBL, HOURS_ON) VALUES ('WELL00000000027', TO_DATE('2015-04-01','YYYY-MM-DD'), 1378.88, 5583.39, 1013.12, 356.34);
INSERT INTO welldata.PRODUCTION (UWI, PROD_DATE, OIL_BBL, GAS_MCF, WATER_BBL, HOURS_ON) VALUES ('WELL00000000027', TO_DATE('2015-05-01','YYYY-MM-DD'), 1432.28, 11763.47, 771.77, 533.98);
INSERT INTO welldata.PRODUCTION (UWI, PROD_DATE, OIL_BBL, GAS_MCF, WATER_BBL, HOURS_ON) VALUES ('WELL00000000027', TO_DATE('2015-06-01','YYYY-MM-DD'), 2138.07, 10992.35, 1020.24, 635.96);
INSERT INTO welldata.PRODUCTION (UWI, PROD_DATE, OIL_BBL, GAS_MCF, WATER_BBL, HOURS_ON) VALUES ('WELL00000000027', TO_DATE('2015-07-01','YYYY-MM-DD'), 379.47, 10843.56, 46.68, 555.59);
INSERT INTO welldata.PRODUCTION (UWI, PROD_DATE, OIL_BBL, GAS_MCF, WATER_BBL, HOURS_ON) VALUES ('WELL00000000027', TO_DATE('2015-08-01','YYYY-MM-DD'), 587.79, 7869.31, 576.84, 472.14);
INSERT INTO welldata.PRODUCTION (UWI, PROD_DATE, OIL_BBL, GAS_MCF, WATER_BBL, HOURS_ON) VALUES ('WELL00000000027', TO_DATE('2015-09-01','YYYY-MM-DD'), 2331.46, 4383.85, 1213.23, 606.18);
INSERT INTO welldata.PRODUCTION (UWI, PROD_DATE, OIL_BBL, GAS_MCF, WATER_BBL, HOURS_ON) VALUES ('WELL00000000027', TO_DATE('2015-10-01','YYYY-MM-DD'), 382.98, 9526.74, 66.5, 574.11);
INSERT INTO welldata.PRODUCTION (UWI, PROD_DATE, OIL_BBL, GAS_MCF, WATER_BBL, HOURS_ON) VALUES ('WELL00000000027', TO_DATE('2015-11-01','YYYY-MM-DD'), 2610.24, 14499.55, 351.35, 405.45);
INSERT INTO welldata.PRODUCTION (UWI, PROD_DATE, OIL_BBL, GAS_MCF, WATER_BBL, HOURS_ON) VALUES ('WELL00000000027', TO_DATE('2015-12-01','YYYY-MM-DD'), 1473.23, 11415.12, 23.16, 326.16);
INSERT INTO welldata.PRODUCTION (UWI, PROD_DATE, OIL_BBL, GAS_MCF, WATER_BBL, HOURS_ON) VALUES ('WELL00000000027', TO_DATE('2016-01-01','YYYY-MM-DD'), 2959.49, 10047.32, 304.83, 378.11);
INSERT INTO welldata.PRODUCTION (UWI, PROD_DATE, OIL_BBL, GAS_MCF, WATER_BBL, HOURS_ON) VALUES ('WELL00000000027', TO_DATE('2016-02-01','YYYY-MM-DD'), 2770.68, 1604.47, 1319.54, 595.71);
INSERT INTO welldata.PRODUCTION (UWI, PROD_DATE, OIL_BBL, GAS_MCF, WATER_BBL, HOURS_ON) VALUES ('WELL00000000027', TO_DATE('2016-03-01','YYYY-MM-DD'), 997.94, 1557.58, 1137.75, 343.73);
INSERT INTO welldata.PRODUCTION (UWI, PROD_DATE, OIL_BBL, GAS_MCF, WATER_BBL, HOURS_ON) VALUES ('WELL00000000027', TO_DATE('2016-04-01','YYYY-MM-DD'), 561.55, 13112.97, 689.65, 436.87);
INSERT INTO welldata.PRODUCTION (UWI, PROD_DATE, OIL_BBL, GAS_MCF, WATER_BBL, HOURS_ON) VALUES ('WELL00000000027', TO_DATE('2016-05-01','YYYY-MM-DD'), 2797.55, 3511.02, 20.22, 196.94);
INSERT INTO welldata.PRODUCTION (UWI, PROD_DATE, OIL_BBL, GAS_MCF, WATER_BBL, HOURS_ON) VALUES ('WELL00000000027', TO_DATE('2016-06-01','YYYY-MM-DD'), 2819.89, 988.75, 1435.46, 630.11);
INSERT INTO welldata.PRODUCTION (UWI, PROD_DATE, OIL_BBL, GAS_MCF, WATER_BBL, HOURS_ON) VALUES ('WELL00000000027', TO_DATE('2016-07-01','YYYY-MM-DD'), 757.13, 13402.3, 1390.8, 323.36);
INSERT INTO welldata.PRODUCTION (UWI, PROD_DATE, OIL_BBL, GAS_MCF, WATER_BBL, HOURS_ON) VALUES ('WELL00000000027', TO_DATE('2016-08-01','YYYY-MM-DD'), 1869.34, 14014.88, 50.76, 435.79);
INSERT INTO welldata.PRODUCTION (UWI, PROD_DATE, OIL_BBL, GAS_MCF, WATER_BBL, HOURS_ON) VALUES ('WELL00000000027', TO_DATE('2016-09-01','YYYY-MM-DD'), 229.02, 12959.24, 171.35, 220.41);
INSERT INTO welldata.PRODUCTION (UWI, PROD_DATE, OIL_BBL, GAS_MCF, WATER_BBL, HOURS_ON) VALUES ('WELL00000000027', TO_DATE('2016-10-01','YYYY-MM-DD'), 1161.22, 4723.93, 1013.1, 659.2);
INSERT INTO welldata.PRODUCTION (UWI, PROD_DATE, OIL_BBL, GAS_MCF, WATER_BBL, HOURS_ON) VALUES ('WELL00000000027', TO_DATE('2016-11-01','YYYY-MM-DD'), 930.61, 7204.91, 308.42, 394.62);
INSERT INTO welldata.PRODUCTION (UWI, PROD_DATE, OIL_BBL, GAS_MCF, WATER_BBL, HOURS_ON) VALUES ('WELL00000000027', TO_DATE('2016-12-01','YYYY-MM-DD'), 2118.33, 3856.67, 281.37, 257.41);
INSERT INTO welldata.PRODUCTION (UWI, PROD_DATE, OIL_BBL, GAS_MCF, WATER_BBL, HOURS_ON) VALUES ('WELL00000000027', TO_DATE('2017-01-01','YYYY-MM-DD'), 2031.45, 7446.45, 123.6, 455.71);
INSERT INTO welldata.PRODUCTION (UWI, PROD_DATE, OIL_BBL, GAS_MCF, WATER_BBL, HOURS_ON) VALUES ('WELL00000000027', TO_DATE('2017-02-01','YYYY-MM-DD'), 2343.69, 13007.92, 1158.28, 402.86);
INSERT INTO welldata.PRODUCTION (UWI, PROD_DATE, OIL_BBL, GAS_MCF, WATER_BBL, HOURS_ON) VALUES ('WELL00000000027', TO_DATE('2017-03-01','YYYY-MM-DD'), 851.91, 3938.22, 704.2, 216.58);
INSERT INTO welldata.PRODUCTION (UWI, PROD_DATE, OIL_BBL, GAS_MCF, WATER_BBL, HOURS_ON) VALUES ('WELL00000000027', TO_DATE('2017-04-01','YYYY-MM-DD'), 2645.52, 13359.55, 893.28, 553.99);
INSERT INTO welldata.PRODUCTION (UWI, PROD_DATE, OIL_BBL, GAS_MCF, WATER_BBL, HOURS_ON) VALUES ('WELL00000000027', TO_DATE('2017-05-01','YYYY-MM-DD'), 707.04, 2043.17, 1335.76, 592.96);
INSERT INTO welldata.PRODUCTION (UWI, PROD_DATE, OIL_BBL, GAS_MCF, WATER_BBL, HOURS_ON) VALUES ('WELL00000000027', TO_DATE('2017-06-01','YYYY-MM-DD'), 1467.88, 8547.45, 1247.92, 713.69);
INSERT INTO welldata.PRODUCTION (UWI, PROD_DATE, OIL_BBL, GAS_MCF, WATER_BBL, HOURS_ON) VALUES ('WELL00000000027', TO_DATE('2017-07-01','YYYY-MM-DD'), 1381.14, 3575.54, 1018.74, 147.98);
INSERT INTO welldata.PRODUCTION (UWI, PROD_DATE, OIL_BBL, GAS_MCF, WATER_BBL, HOURS_ON) VALUES ('WELL00000000027', TO_DATE('2017-08-01','YYYY-MM-DD'), 1175.05, 484.06, 1417.54, 529.8);
INSERT INTO welldata.PRODUCTION (UWI, PROD_DATE, OIL_BBL, GAS_MCF, WATER_BBL, HOURS_ON) VALUES ('WELL00000000027', TO_DATE('2017-09-01','YYYY-MM-DD'), 1971.76, 5353.41, 512.6, 192.84);
INSERT INTO welldata.PRODUCTION (UWI, PROD_DATE, OIL_BBL, GAS_MCF, WATER_BBL, HOURS_ON) VALUES ('WELL00000000027', TO_DATE('2017-10-01','YYYY-MM-DD'), 2565.58, 13502.14, 1001.09, 136.28);
INSERT INTO welldata.PRODUCTION (UWI, PROD_DATE, OIL_BBL, GAS_MCF, WATER_BBL, HOURS_ON) VALUES ('WELL00000000027', TO_DATE('2017-11-01','YYYY-MM-DD'), 610.12, 7642.16, 1191.08, 342.15);
INSERT INTO welldata.PRODUCTION (UWI, PROD_DATE, OIL_BBL, GAS_MCF, WATER_BBL, HOURS_ON) VALUES ('WELL00000000027', TO_DATE('2017-12-01','YYYY-MM-DD'), 2771.37, 6665.21, 47.92, 620.1);
INSERT INTO welldata.PRODUCTION (UWI, PROD_DATE, OIL_BBL, GAS_MCF, WATER_BBL, HOURS_ON) VALUES ('WELL00000000027', TO_DATE('2018-01-01','YYYY-MM-DD'), 815.93, 4829.14, 180.23, 384.34);
INSERT INTO welldata.PRODUCTION (UWI, PROD_DATE, OIL_BBL, GAS_MCF, WATER_BBL, HOURS_ON) VALUES ('WELL00000000027', TO_DATE('2018-02-01','YYYY-MM-DD'), 1941.5, 4072.08, 905.04, 611.08);
INSERT INTO welldata.PRODUCTION (UWI, PROD_DATE, OIL_BBL, GAS_MCF, WATER_BBL, HOURS_ON) VALUES ('WELL00000000027', TO_DATE('2018-03-01','YYYY-MM-DD'), 141.84, 8060.47, 923.16, 454.31);
INSERT INTO welldata.PRODUCTION (UWI, PROD_DATE, OIL_BBL, GAS_MCF, WATER_BBL, HOURS_ON) VALUES ('WELL00000000027', TO_DATE('2018-04-01','YYYY-MM-DD'), 798.94, 5308.11, 794.15, 284.93);
INSERT INTO welldata.PRODUCTION (UWI, PROD_DATE, OIL_BBL, GAS_MCF, WATER_BBL, HOURS_ON) VALUES ('WELL00000000027', TO_DATE('2018-05-01','YYYY-MM-DD'), 663.68, 789.86, 1129.46, 424.43);
INSERT INTO welldata.PRODUCTION (UWI, PROD_DATE, OIL_BBL, GAS_MCF, WATER_BBL, HOURS_ON) VALUES ('WELL00000000027', TO_DATE('2018-06-01','YYYY-MM-DD'), 789.82, 7129.67, 74.36, 267.13);
INSERT INTO welldata.PRODUCTION (UWI, PROD_DATE, OIL_BBL, GAS_MCF, WATER_BBL, HOURS_ON) VALUES ('WELL00000000027', TO_DATE('2018-07-01','YYYY-MM-DD'), 1351.56, 8392.45, 1168.26, 263.67);
INSERT INTO welldata.PRODUCTION (UWI, PROD_DATE, OIL_BBL, GAS_MCF, WATER_BBL, HOURS_ON) VALUES ('WELL00000000027', TO_DATE('2018-08-01','YYYY-MM-DD'), 2769.29, 12664.14, 1212.04, 455.28);
INSERT INTO welldata.PRODUCTION (UWI, PROD_DATE, OIL_BBL, GAS_MCF, WATER_BBL, HOURS_ON) VALUES ('WELL00000000027', TO_DATE('2018-09-01','YYYY-MM-DD'), 1431.37, 11087.62, 1485.72, 201.73);
INSERT INTO welldata.PRODUCTION (UWI, PROD_DATE, OIL_BBL, GAS_MCF, WATER_BBL, HOURS_ON) VALUES ('WELL00000000027', TO_DATE('2018-10-01','YYYY-MM-DD'), 1807.85, 9719.56, 1090.38, 406.46);
INSERT INTO welldata.PRODUCTION (UWI, PROD_DATE, OIL_BBL, GAS_MCF, WATER_BBL, HOURS_ON) VALUES ('WELL00000000027', TO_DATE('2018-11-01','YYYY-MM-DD'), 1901.38, 3986.96, 821.84, 536.11);
INSERT INTO welldata.PRODUCTION (UWI, PROD_DATE, OIL_BBL, GAS_MCF, WATER_BBL, HOURS_ON) VALUES ('WELL00000000027', TO_DATE('2018-12-01','YYYY-MM-DD'), 1483.6, 14477.05, 294.85, 716.64);
INSERT INTO welldata.PRODUCTION (UWI, PROD_DATE, OIL_BBL, GAS_MCF, WATER_BBL, HOURS_ON) VALUES ('WELL00000000027', TO_DATE('2019-01-01','YYYY-MM-DD'), 2581.59, 2071.4, 838.28, 712.36);
INSERT INTO welldata.PRODUCTION (UWI, PROD_DATE, OIL_BBL, GAS_MCF, WATER_BBL, HOURS_ON) VALUES ('WELL00000000027', TO_DATE('2019-02-01','YYYY-MM-DD'), 2731.83, 4864.76, 667.7, 282.09);
INSERT INTO welldata.PRODUCTION (UWI, PROD_DATE, OIL_BBL, GAS_MCF, WATER_BBL, HOURS_ON) VALUES ('WELL00000000027', TO_DATE('2019-03-01','YYYY-MM-DD'), 1141.78, 7593.62, 733.38, 211.58);
INSERT INTO welldata.PRODUCTION (UWI, PROD_DATE, OIL_BBL, GAS_MCF, WATER_BBL, HOURS_ON) VALUES ('WELL00000000027', TO_DATE('2019-04-01','YYYY-MM-DD'), 1890.1, 9425.52, 87.73, 164.64);
INSERT INTO welldata.PRODUCTION (UWI, PROD_DATE, OIL_BBL, GAS_MCF, WATER_BBL, HOURS_ON) VALUES ('WELL00000000027', TO_DATE('2019-05-01','YYYY-MM-DD'), 1197.34, 13535.34, 1308.39, 279.51);
INSERT INTO welldata.PRODUCTION (UWI, PROD_DATE, OIL_BBL, GAS_MCF, WATER_BBL, HOURS_ON) VALUES ('WELL00000000027', TO_DATE('2019-06-01','YYYY-MM-DD'), 2117.34, 12558.1, 1152.05, 213.3);
INSERT INTO welldata.PRODUCTION (UWI, PROD_DATE, OIL_BBL, GAS_MCF, WATER_BBL, HOURS_ON) VALUES ('WELL00000000027', TO_DATE('2019-07-01','YYYY-MM-DD'), 1104.72, 10631.19, 1004.7, 694.74);
INSERT INTO welldata.PRODUCTION (UWI, PROD_DATE, OIL_BBL, GAS_MCF, WATER_BBL, HOURS_ON) VALUES ('WELL00000000027', TO_DATE('2019-08-01','YYYY-MM-DD'), 1733.0, 11150.41, 622.78, 534.04);
INSERT INTO welldata.PRODUCTION (UWI, PROD_DATE, OIL_BBL, GAS_MCF, WATER_BBL, HOURS_ON) VALUES ('WELL00000000027', TO_DATE('2019-09-01','YYYY-MM-DD'), 2148.3, 6870.22, 1243.47, 511.41);
INSERT INTO welldata.PRODUCTION (UWI, PROD_DATE, OIL_BBL, GAS_MCF, WATER_BBL, HOURS_ON) VALUES ('WELL00000000027', TO_DATE('2019-10-01','YYYY-MM-DD'), 800.71, 14656.13, 420.44, 547.07);
INSERT INTO welldata.PRODUCTION (UWI, PROD_DATE, OIL_BBL, GAS_MCF, WATER_BBL, HOURS_ON) VALUES ('WELL00000000027', TO_DATE('2019-11-01','YYYY-MM-DD'), 2240.87, 13620.03, 982.99, 454.43);
INSERT INTO welldata.PRODUCTION (UWI, PROD_DATE, OIL_BBL, GAS_MCF, WATER_BBL, HOURS_ON) VALUES ('WELL00000000027', TO_DATE('2019-12-01','YYYY-MM-DD'), 2382.6, 9662.22, 1394.48, 673.65);
INSERT INTO welldata.PRODUCTION (UWI, PROD_DATE, OIL_BBL, GAS_MCF, WATER_BBL, HOURS_ON) VALUES ('WELL00000000027', TO_DATE('2020-01-01','YYYY-MM-DD'), 111.38, 4497.99, 278.99, 553.05);
INSERT INTO welldata.PRODUCTION (UWI, PROD_DATE, OIL_BBL, GAS_MCF, WATER_BBL, HOURS_ON) VALUES ('WELL00000000027', TO_DATE('2020-02-01','YYYY-MM-DD'), 269.66, 4130.69, 900.14, 490.27);
INSERT INTO welldata.PRODUCTION (UWI, PROD_DATE, OIL_BBL, GAS_MCF, WATER_BBL, HOURS_ON) VALUES ('WELL00000000027', TO_DATE('2020-03-01','YYYY-MM-DD'), 646.29, 14225.06, 472.84, 298.07);
INSERT INTO welldata.PRODUCTION (UWI, PROD_DATE, OIL_BBL, GAS_MCF, WATER_BBL, HOURS_ON) VALUES ('WELL00000000027', TO_DATE('2020-04-01','YYYY-MM-DD'), 1044.73, 9991.31, 658.63, 188.69);
INSERT INTO welldata.PRODUCTION (UWI, PROD_DATE, OIL_BBL, GAS_MCF, WATER_BBL, HOURS_ON) VALUES ('WELL00000000027', TO_DATE('2020-05-01','YYYY-MM-DD'), 1017.07, 12730.67, 1420.2, 313.59);
INSERT INTO welldata.PRODUCTION (UWI, PROD_DATE, OIL_BBL, GAS_MCF, WATER_BBL, HOURS_ON) VALUES ('WELL00000000027', TO_DATE('2020-06-01','YYYY-MM-DD'), 2104.24, 12377.32, 501.0, 590.34);
INSERT INTO welldata.PRODUCTION (UWI, PROD_DATE, OIL_BBL, GAS_MCF, WATER_BBL, HOURS_ON) VALUES ('WELL00000000027', TO_DATE('2020-07-01','YYYY-MM-DD'), 1901.45, 2290.02, 910.53, 703.49);
INSERT INTO welldata.PRODUCTION (UWI, PROD_DATE, OIL_BBL, GAS_MCF, WATER_BBL, HOURS_ON) VALUES ('WELL00000000027', TO_DATE('2020-08-01','YYYY-MM-DD'), 730.96, 10951.98, 364.81, 421.63);
INSERT INTO welldata.PRODUCTION (UWI, PROD_DATE, OIL_BBL, GAS_MCF, WATER_BBL, HOURS_ON) VALUES ('WELL00000000027', TO_DATE('2020-09-01','YYYY-MM-DD'), 2248.68, 6988.72, 375.05, 243.32);
INSERT INTO welldata.PRODUCTION (UWI, PROD_DATE, OIL_BBL, GAS_MCF, WATER_BBL, HOURS_ON) VALUES ('WELL00000000027', TO_DATE('2020-10-01','YYYY-MM-DD'), 512.11, 2676.01, 1411.87, 605.52);
INSERT INTO welldata.PRODUCTION (UWI, PROD_DATE, OIL_BBL, GAS_MCF, WATER_BBL, HOURS_ON) VALUES ('WELL00000000027', TO_DATE('2020-11-01','YYYY-MM-DD'), 1535.27, 14270.83, 940.93, 319.11);
INSERT INTO welldata.PRODUCTION (UWI, PROD_DATE, OIL_BBL, GAS_MCF, WATER_BBL, HOURS_ON) VALUES ('WELL00000000027', TO_DATE('2020-12-01','YYYY-MM-DD'), 305.83, 1553.24, 626.51, 650.69);
INSERT INTO welldata.PRODUCTION (UWI, PROD_DATE, OIL_BBL, GAS_MCF, WATER_BBL, HOURS_ON) VALUES ('WELL00000000027', TO_DATE('2021-01-01','YYYY-MM-DD'), 1825.1, 11542.97, 213.1, 449.66);
INSERT INTO welldata.PRODUCTION (UWI, PROD_DATE, OIL_BBL, GAS_MCF, WATER_BBL, HOURS_ON) VALUES ('WELL00000000027', TO_DATE('2021-02-01','YYYY-MM-DD'), 1070.33, 12454.97, 118.56, 192.01);
INSERT INTO welldata.PRODUCTION (UWI, PROD_DATE, OIL_BBL, GAS_MCF, WATER_BBL, HOURS_ON) VALUES ('WELL00000000027', TO_DATE('2021-03-01','YYYY-MM-DD'), 1409.03, 11783.27, 964.74, 310.07);
INSERT INTO welldata.PRODUCTION (UWI, PROD_DATE, OIL_BBL, GAS_MCF, WATER_BBL, HOURS_ON) VALUES ('WELL00000000027', TO_DATE('2021-04-01','YYYY-MM-DD'), 663.36, 13937.99, 379.92, 400.58);
INSERT INTO welldata.PRODUCTION (UWI, PROD_DATE, OIL_BBL, GAS_MCF, WATER_BBL, HOURS_ON) VALUES ('WELL00000000027', TO_DATE('2021-05-01','YYYY-MM-DD'), 1771.71, 1584.5, 126.6, 308.45);
INSERT INTO welldata.PRODUCTION (UWI, PROD_DATE, OIL_BBL, GAS_MCF, WATER_BBL, HOURS_ON) VALUES ('WELL00000000027', TO_DATE('2021-06-01','YYYY-MM-DD'), 2688.31, 6777.52, 242.16, 647.23);
INSERT INTO welldata.PRODUCTION (UWI, PROD_DATE, OIL_BBL, GAS_MCF, WATER_BBL, HOURS_ON) VALUES ('WELL00000000027', TO_DATE('2021-07-01','YYYY-MM-DD'), 2936.19, 11369.11, 621.75, 522.77);
INSERT INTO welldata.PRODUCTION (UWI, PROD_DATE, OIL_BBL, GAS_MCF, WATER_BBL, HOURS_ON) VALUES ('WELL00000000027', TO_DATE('2021-08-01','YYYY-MM-DD'), 2570.59, 522.19, 54.31, 268.82);
INSERT INTO welldata.PRODUCTION (UWI, PROD_DATE, OIL_BBL, GAS_MCF, WATER_BBL, HOURS_ON) VALUES ('WELL00000000027', TO_DATE('2021-09-01','YYYY-MM-DD'), 1114.5, 6029.21, 510.89, 374.15);
INSERT INTO welldata.PRODUCTION (UWI, PROD_DATE, OIL_BBL, GAS_MCF, WATER_BBL, HOURS_ON) VALUES ('WELL00000000027', TO_DATE('2021-10-01','YYYY-MM-DD'), 1982.96, 8426.37, 1439.19, 144.32);
INSERT INTO welldata.PRODUCTION (UWI, PROD_DATE, OIL_BBL, GAS_MCF, WATER_BBL, HOURS_ON) VALUES ('WELL00000000027', TO_DATE('2021-11-01','YYYY-MM-DD'), 1659.76, 1441.87, 258.42, 500.11);
INSERT INTO welldata.PRODUCTION (UWI, PROD_DATE, OIL_BBL, GAS_MCF, WATER_BBL, HOURS_ON) VALUES ('WELL00000000027', TO_DATE('2021-12-01','YYYY-MM-DD'), 2131.49, 11011.17, 753.45, 590.03);
INSERT INTO welldata.PRODUCTION (UWI, PROD_DATE, OIL_BBL, GAS_MCF, WATER_BBL, HOURS_ON) VALUES ('WELL00000000027', TO_DATE('2022-01-01','YYYY-MM-DD'), 811.64, 1243.61, 1048.64, 260.81);
INSERT INTO welldata.PRODUCTION (UWI, PROD_DATE, OIL_BBL, GAS_MCF, WATER_BBL, HOURS_ON) VALUES ('WELL00000000027', TO_DATE('2022-02-01','YYYY-MM-DD'), 74.32, 11094.14, 441.88, 329.63);
INSERT INTO welldata.PRODUCTION (UWI, PROD_DATE, OIL_BBL, GAS_MCF, WATER_BBL, HOURS_ON) VALUES ('WELL00000000027', TO_DATE('2022-03-01','YYYY-MM-DD'), 1034.24, 10997.58, 1069.82, 676.46);
INSERT INTO welldata.PRODUCTION (UWI, PROD_DATE, OIL_BBL, GAS_MCF, WATER_BBL, HOURS_ON) VALUES ('WELL00000000027', TO_DATE('2022-04-01','YYYY-MM-DD'), 1911.08, 9181.92, 1124.19, 590.02);
INSERT INTO welldata.PRODUCTION (UWI, PROD_DATE, OIL_BBL, GAS_MCF, WATER_BBL, HOURS_ON) VALUES ('WELL00000000027', TO_DATE('2022-05-01','YYYY-MM-DD'), 2731.61, 4474.63, 1381.19, 168.27);
INSERT INTO welldata.PRODUCTION (UWI, PROD_DATE, OIL_BBL, GAS_MCF, WATER_BBL, HOURS_ON) VALUES ('WELL00000000027', TO_DATE('2022-06-01','YYYY-MM-DD'), 1303.45, 2447.11, 238.5, 554.62);
INSERT INTO welldata.PRODUCTION (UWI, PROD_DATE, OIL_BBL, GAS_MCF, WATER_BBL, HOURS_ON) VALUES ('WELL00000000027', TO_DATE('2022-07-01','YYYY-MM-DD'), 1142.91, 3960.01, 1405.0, 201.64);
INSERT INTO welldata.PRODUCTION (UWI, PROD_DATE, OIL_BBL, GAS_MCF, WATER_BBL, HOURS_ON) VALUES ('WELL00000000027', TO_DATE('2022-08-01','YYYY-MM-DD'), 2394.28, 8239.89, 864.45, 601.68);
INSERT INTO welldata.PRODUCTION (UWI, PROD_DATE, OIL_BBL, GAS_MCF, WATER_BBL, HOURS_ON) VALUES ('WELL00000000027', TO_DATE('2022-09-01','YYYY-MM-DD'), 694.2, 11205.47, 130.16, 312.19);
INSERT INTO welldata.PRODUCTION (UWI, PROD_DATE, OIL_BBL, GAS_MCF, WATER_BBL, HOURS_ON) VALUES ('WELL00000000027', TO_DATE('2022-10-01','YYYY-MM-DD'), 865.4, 4208.32, 1475.92, 690.5);
INSERT INTO welldata.PRODUCTION (UWI, PROD_DATE, OIL_BBL, GAS_MCF, WATER_BBL, HOURS_ON) VALUES ('WELL00000000027', TO_DATE('2022-11-01','YYYY-MM-DD'), 68.3, 9453.89, 192.78, 275.28);
INSERT INTO welldata.PRODUCTION (UWI, PROD_DATE, OIL_BBL, GAS_MCF, WATER_BBL, HOURS_ON) VALUES ('WELL00000000027', TO_DATE('2022-12-01','YYYY-MM-DD'), 2732.89, 2967.31, 883.41, 197.14);
INSERT INTO welldata.PRODUCTION (UWI, PROD_DATE, OIL_BBL, GAS_MCF, WATER_BBL, HOURS_ON) VALUES ('WELL00000000027', TO_DATE('2023-01-01','YYYY-MM-DD'), 2292.01, 11631.97, 299.76, 675.65);
INSERT INTO welldata.PRODUCTION (UWI, PROD_DATE, OIL_BBL, GAS_MCF, WATER_BBL, HOURS_ON) VALUES ('WELL00000000027', TO_DATE('2023-02-01','YYYY-MM-DD'), 182.09, 14112.56, 347.81, 667.58);
INSERT INTO welldata.PRODUCTION (UWI, PROD_DATE, OIL_BBL, GAS_MCF, WATER_BBL, HOURS_ON) VALUES ('WELL00000000027', TO_DATE('2023-03-01','YYYY-MM-DD'), 1552.94, 7770.4, 87.15, 209.83);
INSERT INTO welldata.PRODUCTION (UWI, PROD_DATE, OIL_BBL, GAS_MCF, WATER_BBL, HOURS_ON) VALUES ('WELL00000000027', TO_DATE('2023-04-01','YYYY-MM-DD'), 1495.9, 7307.18, 1421.29, 545.79);
INSERT INTO welldata.PRODUCTION (UWI, PROD_DATE, OIL_BBL, GAS_MCF, WATER_BBL, HOURS_ON) VALUES ('WELL00000000027', TO_DATE('2023-05-01','YYYY-MM-DD'), 2092.42, 13377.0, 703.77, 536.2);
INSERT INTO welldata.PRODUCTION (UWI, PROD_DATE, OIL_BBL, GAS_MCF, WATER_BBL, HOURS_ON) VALUES ('WELL00000000027', TO_DATE('2023-06-01','YYYY-MM-DD'), 733.97, 9229.67, 1057.99, 492.95);
INSERT INTO welldata.PRODUCTION (UWI, PROD_DATE, OIL_BBL, GAS_MCF, WATER_BBL, HOURS_ON) VALUES ('WELL00000000027', TO_DATE('2023-07-01','YYYY-MM-DD'), 2401.8, 5735.35, 480.74, 396.91);
INSERT INTO welldata.PRODUCTION (UWI, PROD_DATE, OIL_BBL, GAS_MCF, WATER_BBL, HOURS_ON) VALUES ('WELL00000000027', TO_DATE('2023-08-01','YYYY-MM-DD'), 248.16, 12690.36, 975.78, 149.89);
INSERT INTO welldata.PRODUCTION (UWI, PROD_DATE, OIL_BBL, GAS_MCF, WATER_BBL, HOURS_ON) VALUES ('WELL00000000027', TO_DATE('2023-09-01','YYYY-MM-DD'), 2481.26, 12253.69, 1198.1, 256.24);
INSERT INTO welldata.PRODUCTION (UWI, PROD_DATE, OIL_BBL, GAS_MCF, WATER_BBL, HOURS_ON) VALUES ('WELL00000000027', TO_DATE('2023-10-01','YYYY-MM-DD'), 2617.84, 8290.14, 1271.43, 254.96);
INSERT INTO welldata.PRODUCTION (UWI, PROD_DATE, OIL_BBL, GAS_MCF, WATER_BBL, HOURS_ON) VALUES ('WELL00000000027', TO_DATE('2023-11-01','YYYY-MM-DD'), 1135.59, 6495.54, 406.03, 406.68);
INSERT INTO welldata.PRODUCTION (UWI, PROD_DATE, OIL_BBL, GAS_MCF, WATER_BBL, HOURS_ON) VALUES ('WELL00000000027', TO_DATE('2023-12-01','YYYY-MM-DD'), 256.44, 2346.5, 587.47, 502.66);
INSERT INTO welldata.PRODUCTION (UWI, PROD_DATE, OIL_BBL, GAS_MCF, WATER_BBL, HOURS_ON) VALUES ('WELL00000000027', TO_DATE('2024-01-01','YYYY-MM-DD'), 2376.05, 13989.36, 1086.28, 221.81);
INSERT INTO welldata.PRODUCTION (UWI, PROD_DATE, OIL_BBL, GAS_MCF, WATER_BBL, HOURS_ON) VALUES ('WELL00000000027', TO_DATE('2024-02-01','YYYY-MM-DD'), 2489.67, 12068.32, 1334.89, 353.6);
INSERT INTO welldata.PRODUCTION (UWI, PROD_DATE, OIL_BBL, GAS_MCF, WATER_BBL, HOURS_ON) VALUES ('WELL00000000027', TO_DATE('2024-03-01','YYYY-MM-DD'), 962.19, 10697.34, 1494.3, 621.65);
INSERT INTO welldata.PRODUCTION (UWI, PROD_DATE, OIL_BBL, GAS_MCF, WATER_BBL, HOURS_ON) VALUES ('WELL00000000027', TO_DATE('2024-04-01','YYYY-MM-DD'), 2724.78, 2798.96, 489.23, 347.28);
INSERT INTO welldata.PRODUCTION (UWI, PROD_DATE, OIL_BBL, GAS_MCF, WATER_BBL, HOURS_ON) VALUES ('WELL00000000027', TO_DATE('2024-05-01','YYYY-MM-DD'), 206.26, 9709.59, 966.14, 694.74);
INSERT INTO welldata.PRODUCTION (UWI, PROD_DATE, OIL_BBL, GAS_MCF, WATER_BBL, HOURS_ON) VALUES ('WELL00000000027', TO_DATE('2024-06-01','YYYY-MM-DD'), 521.34, 12548.45, 806.66, 622.56);
INSERT INTO welldata.PRODUCTION (UWI, PROD_DATE, OIL_BBL, GAS_MCF, WATER_BBL, HOURS_ON) VALUES ('WELL00000000027', TO_DATE('2024-07-01','YYYY-MM-DD'), 2164.37, 10372.12, 253.85, 433.16);
INSERT INTO welldata.PRODUCTION (UWI, PROD_DATE, OIL_BBL, GAS_MCF, WATER_BBL, HOURS_ON) VALUES ('WELL00000000027', TO_DATE('2024-08-01','YYYY-MM-DD'), 711.89, 5326.1, 1204.56, 586.07);
INSERT INTO welldata.PRODUCTION (UWI, PROD_DATE, OIL_BBL, GAS_MCF, WATER_BBL, HOURS_ON) VALUES ('WELL00000000027', TO_DATE('2024-09-01','YYYY-MM-DD'), 2747.15, 3000.48, 1145.66, 562.26);
INSERT INTO welldata.PRODUCTION (UWI, PROD_DATE, OIL_BBL, GAS_MCF, WATER_BBL, HOURS_ON) VALUES ('WELL00000000027', TO_DATE('2024-10-01','YYYY-MM-DD'), 2482.38, 6782.11, 112.31, 639.73);
INSERT INTO welldata.PRODUCTION (UWI, PROD_DATE, OIL_BBL, GAS_MCF, WATER_BBL, HOURS_ON) VALUES ('WELL00000000027', TO_DATE('2024-11-01','YYYY-MM-DD'), 147.23, 13705.93, 1262.8, 512.83);
INSERT INTO welldata.PRODUCTION (UWI, PROD_DATE, OIL_BBL, GAS_MCF, WATER_BBL, HOURS_ON) VALUES ('WELL00000000027', TO_DATE('2024-12-01','YYYY-MM-DD'), 1709.45, 287.1, 1106.38, 238.29);
INSERT INTO welldata.FORMATION_TOPS (UWI, FORMATION, TOP_DEPTH_M, BASE_DEPTH_M, LITHOLOGY) VALUES ('WELL00000000027', 'Rajahmundry', 963, 1312, 'SANDSTONE');
INSERT INTO welldata.FORMATION_TOPS (UWI, FORMATION, TOP_DEPTH_M, BASE_DEPTH_M, LITHOLOGY) VALUES ('WELL00000000027', 'Bengal', 986, 1373, 'LIMESTONE');
INSERT INTO welldata.FORMATION_TOPS (UWI, FORMATION, TOP_DEPTH_M, BASE_DEPTH_M, LITHOLOGY) VALUES ('WELL00000000027', 'Sanchore', 1196, 1531, 'SHALE');
INSERT INTO welldata.FORMATION_TOPS (UWI, FORMATION, TOP_DEPTH_M, BASE_DEPTH_M, LITHOLOGY) VALUES ('WELL00000000027', 'Barmer', 1207, 1372, 'DOLOMITE');
INSERT INTO welldata.CORE_ANALYSIS (UWI, CORE_RUN, TOP_DEPTH_M, BASE_DEPTH_M, GRAIN_DENSITY, BULK_DENSITY, RECOVERY_PCT) VALUES ('WELL00000000027', 1, 1649, 1683, 2.5153, 2.2891, 68.32);
INSERT INTO welldata.CORE_ANALYSIS (UWI, CORE_RUN, TOP_DEPTH_M, BASE_DEPTH_M, GRAIN_DENSITY, BULK_DENSITY, RECOVERY_PCT) VALUES ('WELL00000000027', 2, 2185, 2221, 2.5227, 1.9664, 87.87);
INSERT INTO welldata.WELL (UWI, WELL_NAME, OPERATOR, COUNTRY, BASIN, FIELD_NAME, SPUD_DATE, COMPLETION_DATE, WELL_TYPE, WELL_STATUS, SURFACE_LAT, SURFACE_LON, TOTAL_DEPTH_M, KB_ELEVATION_M) VALUES ('WELL00000000028', 'ONGC-KR-028', 'ONGC', 'India', 'Krishna-Godavari', 'Krishna Field 5', TO_DATE('2017-03-27','YYYY-MM-DD'), TO_DATE('2018-05-15','YYYY-MM-DD'), 'DEVELOPMENT', 'ACTIVE', 19.566252, 70.237141, 4319, 74.61);
INSERT INTO welldata.BOREHOLE (UBHI, UWI, BOREHOLE_NAME, BOREHOLE_TYPE, TOP_DEPTH_M, BASE_DEPTH_M) VALUES ('WELL00000000028-BH1', 'WELL00000000028', 'ONGC-KR-028-BH1', 'VERTICAL', 804, 1561);
INSERT INTO welldata.PETROPHYSICS (UBHI, SAMPLE_DEPTH_M, POROSITY, PERMEABILITY, WATER_SAT, FORMATION) VALUES ('WELL00000000028-BH1', 1000, 0.1083, 294.3375, 0.4612, 'Rajahmundry');
INSERT INTO welldata.PETROPHYSICS (UBHI, SAMPLE_DEPTH_M, POROSITY, PERMEABILITY, WATER_SAT, FORMATION) VALUES ('WELL00000000028-BH1', 1020, 0.1492, 232.7272, 0.5376, 'Rajahmundry');
INSERT INTO welldata.PETROPHYSICS (UBHI, SAMPLE_DEPTH_M, POROSITY, PERMEABILITY, WATER_SAT, FORMATION) VALUES ('WELL00000000028-BH1', 1040, 0.1694, 10.7143, 0.5881, 'Sanchore');
INSERT INTO welldata.PETROPHYSICS (UBHI, SAMPLE_DEPTH_M, POROSITY, PERMEABILITY, WATER_SAT, FORMATION) VALUES ('WELL00000000028-BH1', 1060, 0.108, 201.4129, 0.2315, 'Sanchore');
INSERT INTO welldata.PETROPHYSICS (UBHI, SAMPLE_DEPTH_M, POROSITY, PERMEABILITY, WATER_SAT, FORMATION) VALUES ('WELL00000000028-BH1', 1080, 0.1281, 89.2309, 0.4226, 'Sanchore');
INSERT INTO welldata.PETROPHYSICS (UBHI, SAMPLE_DEPTH_M, POROSITY, PERMEABILITY, WATER_SAT, FORMATION) VALUES ('WELL00000000028-BH1', 1100, 0.2171, 357.3409, 0.4249, 'Bengal');
INSERT INTO welldata.PETROPHYSICS (UBHI, SAMPLE_DEPTH_M, POROSITY, PERMEABILITY, WATER_SAT, FORMATION) VALUES ('WELL00000000028-BH1', 1120, 0.2594, 157.845, 0.4649, 'Rajahmundry');
INSERT INTO welldata.PETROPHYSICS (UBHI, SAMPLE_DEPTH_M, POROSITY, PERMEABILITY, WATER_SAT, FORMATION) VALUES ('WELL00000000028-BH1', 1140, 0.0901, 414.1571, 0.6556, 'Barmer');
INSERT INTO welldata.PETROPHYSICS (UBHI, SAMPLE_DEPTH_M, POROSITY, PERMEABILITY, WATER_SAT, FORMATION) VALUES ('WELL00000000028-BH1', 1160, 0.0483, 154.7162, 0.4, 'Barmer');
INSERT INTO welldata.PETROPHYSICS (UBHI, SAMPLE_DEPTH_M, POROSITY, PERMEABILITY, WATER_SAT, FORMATION) VALUES ('WELL00000000028-BH1', 1180, 0.072, 398.6946, 0.7345, 'Bengal');
INSERT INTO welldata.PETROPHYSICS (UBHI, SAMPLE_DEPTH_M, POROSITY, PERMEABILITY, WATER_SAT, FORMATION) VALUES ('WELL00000000028-BH1', 1200, 0.1579, 265.0557, 0.679, 'Rajahmundry');
INSERT INTO welldata.PETROPHYSICS (UBHI, SAMPLE_DEPTH_M, POROSITY, PERMEABILITY, WATER_SAT, FORMATION) VALUES ('WELL00000000028-BH1', 1220, 0.1971, 65.5394, 0.3957, 'Barmer');
INSERT INTO welldata.PETROPHYSICS (UBHI, SAMPLE_DEPTH_M, POROSITY, PERMEABILITY, WATER_SAT, FORMATION) VALUES ('WELL00000000028-BH1', 1240, 0.1219, 88.7452, 0.1944, 'Barmer');
INSERT INTO welldata.PETROPHYSICS (UBHI, SAMPLE_DEPTH_M, POROSITY, PERMEABILITY, WATER_SAT, FORMATION) VALUES ('WELL00000000028-BH1', 1260, 0.1473, 254.8215, 0.6348, 'Rajahmundry');
INSERT INTO welldata.PETROPHYSICS (UBHI, SAMPLE_DEPTH_M, POROSITY, PERMEABILITY, WATER_SAT, FORMATION) VALUES ('WELL00000000028-BH1', 1280, 0.1408, 80.5774, 0.2872, 'Rajahmundry');
INSERT INTO welldata.PETROPHYSICS (UBHI, SAMPLE_DEPTH_M, POROSITY, PERMEABILITY, WATER_SAT, FORMATION) VALUES ('WELL00000000028-BH1', 1300, 0.2055, 407.7695, 0.529, 'Sanchore');
INSERT INTO welldata.PETROPHYSICS (UBHI, SAMPLE_DEPTH_M, POROSITY, PERMEABILITY, WATER_SAT, FORMATION) VALUES ('WELL00000000028-BH1', 1320, 0.1593, 63.3878, 0.4629, 'Bengal');
INSERT INTO welldata.PETROPHYSICS (UBHI, SAMPLE_DEPTH_M, POROSITY, PERMEABILITY, WATER_SAT, FORMATION) VALUES ('WELL00000000028-BH1', 1340, 0.1265, 446.2127, 0.3781, 'Barmer');
INSERT INTO welldata.PETROPHYSICS (UBHI, SAMPLE_DEPTH_M, POROSITY, PERMEABILITY, WATER_SAT, FORMATION) VALUES ('WELL00000000028-BH1', 1360, 0.1753, 258.1868, 0.4724, 'Barmer');
INSERT INTO welldata.PETROPHYSICS (UBHI, SAMPLE_DEPTH_M, POROSITY, PERMEABILITY, WATER_SAT, FORMATION) VALUES ('WELL00000000028-BH1', 1380, 0.2733, 388.989, 0.6689, 'Rajahmundry');
INSERT INTO welldata.PETROPHYSICS (UBHI, SAMPLE_DEPTH_M, POROSITY, PERMEABILITY, WATER_SAT, FORMATION) VALUES ('WELL00000000028-BH1', 1400, 0.1916, 331.2903, 0.6912, 'Sanchore');
INSERT INTO welldata.PETROPHYSICS (UBHI, SAMPLE_DEPTH_M, POROSITY, PERMEABILITY, WATER_SAT, FORMATION) VALUES ('WELL00000000028-BH1', 1420, 0.0572, 221.442, 0.6403, 'Bengal');
INSERT INTO welldata.PETROPHYSICS (UBHI, SAMPLE_DEPTH_M, POROSITY, PERMEABILITY, WATER_SAT, FORMATION) VALUES ('WELL00000000028-BH1', 1440, 0.1975, 36.5854, 0.5275, 'Bengal');
INSERT INTO welldata.PETROPHYSICS (UBHI, SAMPLE_DEPTH_M, POROSITY, PERMEABILITY, WATER_SAT, FORMATION) VALUES ('WELL00000000028-BH1', 1460, 0.1993, 258.389, 0.4291, 'Sanchore');
INSERT INTO welldata.PETROPHYSICS (UBHI, SAMPLE_DEPTH_M, POROSITY, PERMEABILITY, WATER_SAT, FORMATION) VALUES ('WELL00000000028-BH1', 1480, 0.2767, 430.5344, 0.4824, 'Bengal');
INSERT INTO welldata.PETROPHYSICS (UBHI, SAMPLE_DEPTH_M, POROSITY, PERMEABILITY, WATER_SAT, FORMATION) VALUES ('WELL00000000028-BH1', 1500, 0.1533, 365.269, 0.4452, 'Rajahmundry');
INSERT INTO welldata.PETROPHYSICS (UBHI, SAMPLE_DEPTH_M, POROSITY, PERMEABILITY, WATER_SAT, FORMATION) VALUES ('WELL00000000028-BH1', 1520, 0.1206, 259.5981, 0.5534, 'Rajahmundry');
INSERT INTO welldata.PETROPHYSICS (UBHI, SAMPLE_DEPTH_M, POROSITY, PERMEABILITY, WATER_SAT, FORMATION) VALUES ('WELL00000000028-BH1', 1540, 0.2295, 18.9736, 0.3519, 'Barmer');
INSERT INTO welldata.PETROPHYSICS (UBHI, SAMPLE_DEPTH_M, POROSITY, PERMEABILITY, WATER_SAT, FORMATION) VALUES ('WELL00000000028-BH1', 1560, 0.2791, 410.7664, 0.3313, 'Sanchore');
INSERT INTO welldata.PETROPHYSICS (UBHI, SAMPLE_DEPTH_M, POROSITY, PERMEABILITY, WATER_SAT, FORMATION) VALUES ('WELL00000000028-BH1', 1580, 0.2611, 427.4152, 0.7193, 'Bengal');
INSERT INTO welldata.PETROPHYSICS (UBHI, SAMPLE_DEPTH_M, POROSITY, PERMEABILITY, WATER_SAT, FORMATION) VALUES ('WELL00000000028-BH1', 1600, 0.1936, 172.2385, 0.724, 'Bengal');
INSERT INTO welldata.PETROPHYSICS (UBHI, SAMPLE_DEPTH_M, POROSITY, PERMEABILITY, WATER_SAT, FORMATION) VALUES ('WELL00000000028-BH1', 1620, 0.2425, 446.5282, 0.2182, 'Barmer');
INSERT INTO welldata.PETROPHYSICS (UBHI, SAMPLE_DEPTH_M, POROSITY, PERMEABILITY, WATER_SAT, FORMATION) VALUES ('WELL00000000028-BH1', 1640, 0.0536, 273.0884, 0.4893, 'Sanchore');
INSERT INTO welldata.PETROPHYSICS (UBHI, SAMPLE_DEPTH_M, POROSITY, PERMEABILITY, WATER_SAT, FORMATION) VALUES ('WELL00000000028-BH1', 1660, 0.1147, 380.6188, 0.5358, 'Bengal');
INSERT INTO welldata.PETROPHYSICS (UBHI, SAMPLE_DEPTH_M, POROSITY, PERMEABILITY, WATER_SAT, FORMATION) VALUES ('WELL00000000028-BH1', 1680, 0.1236, 267.7758, 0.5255, 'Sanchore');
INSERT INTO welldata.PETROPHYSICS (UBHI, SAMPLE_DEPTH_M, POROSITY, PERMEABILITY, WATER_SAT, FORMATION) VALUES ('WELL00000000028-BH1', 1700, 0.2454, 124.0898, 0.7179, 'Bengal');
INSERT INTO welldata.PETROPHYSICS (UBHI, SAMPLE_DEPTH_M, POROSITY, PERMEABILITY, WATER_SAT, FORMATION) VALUES ('WELL00000000028-BH1', 1720, 0.2273, 339.0661, 0.3546, 'Rajahmundry');
INSERT INTO welldata.PETROPHYSICS (UBHI, SAMPLE_DEPTH_M, POROSITY, PERMEABILITY, WATER_SAT, FORMATION) VALUES ('WELL00000000028-BH1', 1740, 0.0785, 321.7117, 0.6829, 'Barmer');
INSERT INTO welldata.PETROPHYSICS (UBHI, SAMPLE_DEPTH_M, POROSITY, PERMEABILITY, WATER_SAT, FORMATION) VALUES ('WELL00000000028-BH1', 1760, 0.0449, 264.5598, 0.4835, 'Rajahmundry');
INSERT INTO welldata.PETROPHYSICS (UBHI, SAMPLE_DEPTH_M, POROSITY, PERMEABILITY, WATER_SAT, FORMATION) VALUES ('WELL00000000028-BH1', 1780, 0.1288, 231.1219, 0.7097, 'Barmer');
INSERT INTO welldata.PETROPHYSICS (UBHI, SAMPLE_DEPTH_M, POROSITY, PERMEABILITY, WATER_SAT, FORMATION) VALUES ('WELL00000000028-BH1', 1800, 0.2741, 303.1722, 0.564, 'Rajahmundry');
INSERT INTO welldata.PETROPHYSICS (UBHI, SAMPLE_DEPTH_M, POROSITY, PERMEABILITY, WATER_SAT, FORMATION) VALUES ('WELL00000000028-BH1', 1820, 0.0659, 287.2534, 0.3969, 'Barmer');
INSERT INTO welldata.PETROPHYSICS (UBHI, SAMPLE_DEPTH_M, POROSITY, PERMEABILITY, WATER_SAT, FORMATION) VALUES ('WELL00000000028-BH1', 1840, 0.0784, 364.6955, 0.6638, 'Barmer');
INSERT INTO welldata.PETROPHYSICS (UBHI, SAMPLE_DEPTH_M, POROSITY, PERMEABILITY, WATER_SAT, FORMATION) VALUES ('WELL00000000028-BH1', 1860, 0.1464, 292.6648, 0.4912, 'Bengal');
INSERT INTO welldata.PETROPHYSICS (UBHI, SAMPLE_DEPTH_M, POROSITY, PERMEABILITY, WATER_SAT, FORMATION) VALUES ('WELL00000000028-BH1', 1880, 0.0968, 102.4633, 0.3621, 'Barmer');
INSERT INTO welldata.PETROPHYSICS (UBHI, SAMPLE_DEPTH_M, POROSITY, PERMEABILITY, WATER_SAT, FORMATION) VALUES ('WELL00000000028-BH1', 1900, 0.2152, 10.8442, 0.7045, 'Barmer');
INSERT INTO welldata.PETROPHYSICS (UBHI, SAMPLE_DEPTH_M, POROSITY, PERMEABILITY, WATER_SAT, FORMATION) VALUES ('WELL00000000028-BH1', 1920, 0.1741, 221.6066, 0.4625, 'Sanchore');
INSERT INTO welldata.PETROPHYSICS (UBHI, SAMPLE_DEPTH_M, POROSITY, PERMEABILITY, WATER_SAT, FORMATION) VALUES ('WELL00000000028-BH1', 1940, 0.1251, 19.8629, 0.458, 'Sanchore');
INSERT INTO welldata.PETROPHYSICS (UBHI, SAMPLE_DEPTH_M, POROSITY, PERMEABILITY, WATER_SAT, FORMATION) VALUES ('WELL00000000028-BH1', 1960, 0.072, 371.2208, 0.318, 'Rajahmundry');
INSERT INTO welldata.PETROPHYSICS (UBHI, SAMPLE_DEPTH_M, POROSITY, PERMEABILITY, WATER_SAT, FORMATION) VALUES ('WELL00000000028-BH1', 1980, 0.2761, 164.5208, 0.3587, 'Barmer');
INSERT INTO welldata.PETROPHYSICS (UBHI, SAMPLE_DEPTH_M, POROSITY, PERMEABILITY, WATER_SAT, FORMATION) VALUES ('WELL00000000028-BH1', 2000, 0.0723, 113.4375, 0.6408, 'Barmer');
INSERT INTO welldata.PETROPHYSICS (UBHI, SAMPLE_DEPTH_M, POROSITY, PERMEABILITY, WATER_SAT, FORMATION) VALUES ('WELL00000000028-BH1', 2020, 0.059, 170.9382, 0.2315, 'Bengal');
INSERT INTO welldata.PETROPHYSICS (UBHI, SAMPLE_DEPTH_M, POROSITY, PERMEABILITY, WATER_SAT, FORMATION) VALUES ('WELL00000000028-BH1', 2040, 0.1389, 353.2477, 0.5648, 'Rajahmundry');
INSERT INTO welldata.PETROPHYSICS (UBHI, SAMPLE_DEPTH_M, POROSITY, PERMEABILITY, WATER_SAT, FORMATION) VALUES ('WELL00000000028-BH1', 2060, 0.1558, 23.464, 0.4845, 'Rajahmundry');
INSERT INTO welldata.PETROPHYSICS (UBHI, SAMPLE_DEPTH_M, POROSITY, PERMEABILITY, WATER_SAT, FORMATION) VALUES ('WELL00000000028-BH1', 2080, 0.2099, 401.4512, 0.2068, 'Rajahmundry');
INSERT INTO welldata.PETROPHYSICS (UBHI, SAMPLE_DEPTH_M, POROSITY, PERMEABILITY, WATER_SAT, FORMATION) VALUES ('WELL00000000028-BH1', 2100, 0.2033, 155.632, 0.689, 'Sanchore');
INSERT INTO welldata.PETROPHYSICS (UBHI, SAMPLE_DEPTH_M, POROSITY, PERMEABILITY, WATER_SAT, FORMATION) VALUES ('WELL00000000028-BH1', 2120, 0.0703, 202.9987, 0.468, 'Rajahmundry');
INSERT INTO welldata.PETROPHYSICS (UBHI, SAMPLE_DEPTH_M, POROSITY, PERMEABILITY, WATER_SAT, FORMATION) VALUES ('WELL00000000028-BH1', 2140, 0.2136, 425.4307, 0.7318, 'Barmer');
INSERT INTO welldata.PETROPHYSICS (UBHI, SAMPLE_DEPTH_M, POROSITY, PERMEABILITY, WATER_SAT, FORMATION) VALUES ('WELL00000000028-BH1', 2160, 0.2116, 177.9424, 0.3846, 'Rajahmundry');
INSERT INTO welldata.PETROPHYSICS (UBHI, SAMPLE_DEPTH_M, POROSITY, PERMEABILITY, WATER_SAT, FORMATION) VALUES ('WELL00000000028-BH1', 2180, 0.122, 84.9007, 0.2166, 'Sanchore');
INSERT INTO welldata.PETROPHYSICS (UBHI, SAMPLE_DEPTH_M, POROSITY, PERMEABILITY, WATER_SAT, FORMATION) VALUES ('WELL00000000028-BH1', 2200, 0.0456, 431.0874, 0.4875, 'Bengal');
INSERT INTO welldata.PETROPHYSICS (UBHI, SAMPLE_DEPTH_M, POROSITY, PERMEABILITY, WATER_SAT, FORMATION) VALUES ('WELL00000000028-BH1', 2220, 0.1194, 388.7503, 0.4886, 'Rajahmundry');
INSERT INTO welldata.PETROPHYSICS (UBHI, SAMPLE_DEPTH_M, POROSITY, PERMEABILITY, WATER_SAT, FORMATION) VALUES ('WELL00000000028-BH1', 2240, 0.1848, 423.5433, 0.3952, 'Sanchore');
INSERT INTO welldata.PETROPHYSICS (UBHI, SAMPLE_DEPTH_M, POROSITY, PERMEABILITY, WATER_SAT, FORMATION) VALUES ('WELL00000000028-BH1', 2260, 0.2523, 409.7566, 0.466, 'Barmer');
INSERT INTO welldata.PETROPHYSICS (UBHI, SAMPLE_DEPTH_M, POROSITY, PERMEABILITY, WATER_SAT, FORMATION) VALUES ('WELL00000000028-BH1', 2280, 0.0824, 351.7019, 0.2497, 'Bengal');
INSERT INTO welldata.PETROPHYSICS (UBHI, SAMPLE_DEPTH_M, POROSITY, PERMEABILITY, WATER_SAT, FORMATION) VALUES ('WELL00000000028-BH1', 2300, 0.2607, 132.8847, 0.3874, 'Barmer');
INSERT INTO welldata.PETROPHYSICS (UBHI, SAMPLE_DEPTH_M, POROSITY, PERMEABILITY, WATER_SAT, FORMATION) VALUES ('WELL00000000028-BH1', 2320, 0.2247, 13.8369, 0.4234, 'Rajahmundry');
INSERT INTO welldata.PETROPHYSICS (UBHI, SAMPLE_DEPTH_M, POROSITY, PERMEABILITY, WATER_SAT, FORMATION) VALUES ('WELL00000000028-BH1', 2340, 0.1774, 57.8967, 0.4992, 'Sanchore');
INSERT INTO welldata.PETROPHYSICS (UBHI, SAMPLE_DEPTH_M, POROSITY, PERMEABILITY, WATER_SAT, FORMATION) VALUES ('WELL00000000028-BH1', 2360, 0.1401, 101.6201, 0.7429, 'Barmer');
INSERT INTO welldata.PETROPHYSICS (UBHI, SAMPLE_DEPTH_M, POROSITY, PERMEABILITY, WATER_SAT, FORMATION) VALUES ('WELL00000000028-BH1', 2380, 0.1357, 67.5794, 0.1829, 'Barmer');
INSERT INTO welldata.PETROPHYSICS (UBHI, SAMPLE_DEPTH_M, POROSITY, PERMEABILITY, WATER_SAT, FORMATION) VALUES ('WELL00000000028-BH1', 2400, 0.0585, 228.811, 0.4684, 'Rajahmundry');
INSERT INTO welldata.PETROPHYSICS (UBHI, SAMPLE_DEPTH_M, POROSITY, PERMEABILITY, WATER_SAT, FORMATION) VALUES ('WELL00000000028-BH1', 2420, 0.1395, 210.5111, 0.7486, 'Barmer');
INSERT INTO welldata.PETROPHYSICS (UBHI, SAMPLE_DEPTH_M, POROSITY, PERMEABILITY, WATER_SAT, FORMATION) VALUES ('WELL00000000028-BH1', 2440, 0.0544, 415.2065, 0.3874, 'Barmer');
INSERT INTO welldata.PETROPHYSICS (UBHI, SAMPLE_DEPTH_M, POROSITY, PERMEABILITY, WATER_SAT, FORMATION) VALUES ('WELL00000000028-BH1', 2460, 0.1419, 291.704, 0.5024, 'Bengal');
INSERT INTO welldata.PETROPHYSICS (UBHI, SAMPLE_DEPTH_M, POROSITY, PERMEABILITY, WATER_SAT, FORMATION) VALUES ('WELL00000000028-BH1', 2480, 0.1822, 225.0918, 0.6779, 'Barmer');
INSERT INTO welldata.PETROPHYSICS (UBHI, SAMPLE_DEPTH_M, POROSITY, PERMEABILITY, WATER_SAT, FORMATION) VALUES ('WELL00000000028-BH1', 2500, 0.0723, 248.9751, 0.3383, 'Sanchore');
INSERT INTO welldata.PETROPHYSICS (UBHI, SAMPLE_DEPTH_M, POROSITY, PERMEABILITY, WATER_SAT, FORMATION) VALUES ('WELL00000000028-BH1', 2520, 0.131, 374.6576, 0.382, 'Rajahmundry');
INSERT INTO welldata.PETROPHYSICS (UBHI, SAMPLE_DEPTH_M, POROSITY, PERMEABILITY, WATER_SAT, FORMATION) VALUES ('WELL00000000028-BH1', 2540, 0.0603, 319.7441, 0.3292, 'Sanchore');
INSERT INTO welldata.PETROPHYSICS (UBHI, SAMPLE_DEPTH_M, POROSITY, PERMEABILITY, WATER_SAT, FORMATION) VALUES ('WELL00000000028-BH1', 2560, 0.2447, 159.0781, 0.6218, 'Bengal');
INSERT INTO welldata.PETROPHYSICS (UBHI, SAMPLE_DEPTH_M, POROSITY, PERMEABILITY, WATER_SAT, FORMATION) VALUES ('WELL00000000028-BH1', 2580, 0.2613, 210.3743, 0.1751, 'Bengal');
INSERT INTO welldata.PETROPHYSICS (UBHI, SAMPLE_DEPTH_M, POROSITY, PERMEABILITY, WATER_SAT, FORMATION) VALUES ('WELL00000000028-BH1', 2600, 0.1972, 100.6763, 0.3715, 'Rajahmundry');
INSERT INTO welldata.PETROPHYSICS (UBHI, SAMPLE_DEPTH_M, POROSITY, PERMEABILITY, WATER_SAT, FORMATION) VALUES ('WELL00000000028-BH1', 2620, 0.1168, 378.1725, 0.4807, 'Bengal');
INSERT INTO welldata.PETROPHYSICS (UBHI, SAMPLE_DEPTH_M, POROSITY, PERMEABILITY, WATER_SAT, FORMATION) VALUES ('WELL00000000028-BH1', 2640, 0.1065, 123.8152, 0.6187, 'Barmer');
INSERT INTO welldata.PETROPHYSICS (UBHI, SAMPLE_DEPTH_M, POROSITY, PERMEABILITY, WATER_SAT, FORMATION) VALUES ('WELL00000000028-BH1', 2660, 0.2285, 402.8758, 0.5875, 'Barmer');
INSERT INTO welldata.PETROPHYSICS (UBHI, SAMPLE_DEPTH_M, POROSITY, PERMEABILITY, WATER_SAT, FORMATION) VALUES ('WELL00000000028-BH1', 2680, 0.0411, 277.4675, 0.1651, 'Bengal');
INSERT INTO welldata.PETROPHYSICS (UBHI, SAMPLE_DEPTH_M, POROSITY, PERMEABILITY, WATER_SAT, FORMATION) VALUES ('WELL00000000028-BH1', 2700, 0.2587, 151.3721, 0.3308, 'Sanchore');
INSERT INTO welldata.PETROPHYSICS (UBHI, SAMPLE_DEPTH_M, POROSITY, PERMEABILITY, WATER_SAT, FORMATION) VALUES ('WELL00000000028-BH1', 2720, 0.2115, 409.5941, 0.3923, 'Bengal');
INSERT INTO welldata.PETROPHYSICS (UBHI, SAMPLE_DEPTH_M, POROSITY, PERMEABILITY, WATER_SAT, FORMATION) VALUES ('WELL00000000028-BH1', 2740, 0.1779, 0.5323, 0.3276, 'Rajahmundry');
INSERT INTO welldata.PETROPHYSICS (UBHI, SAMPLE_DEPTH_M, POROSITY, PERMEABILITY, WATER_SAT, FORMATION) VALUES ('WELL00000000028-BH1', 2760, 0.2099, 314.3094, 0.4024, 'Sanchore');
INSERT INTO welldata.PETROPHYSICS (UBHI, SAMPLE_DEPTH_M, POROSITY, PERMEABILITY, WATER_SAT, FORMATION) VALUES ('WELL00000000028-BH1', 2780, 0.2639, 311.4443, 0.3834, 'Sanchore');
INSERT INTO welldata.PETROPHYSICS (UBHI, SAMPLE_DEPTH_M, POROSITY, PERMEABILITY, WATER_SAT, FORMATION) VALUES ('WELL00000000028-BH1', 2800, 0.0402, 1.8244, 0.7272, 'Bengal');
INSERT INTO welldata.PETROPHYSICS (UBHI, SAMPLE_DEPTH_M, POROSITY, PERMEABILITY, WATER_SAT, FORMATION) VALUES ('WELL00000000028-BH1', 2820, 0.2323, 384.2328, 0.724, 'Barmer');
INSERT INTO welldata.PETROPHYSICS (UBHI, SAMPLE_DEPTH_M, POROSITY, PERMEABILITY, WATER_SAT, FORMATION) VALUES ('WELL00000000028-BH1', 2840, 0.2658, 118.7209, 0.6579, 'Bengal');
INSERT INTO welldata.PETROPHYSICS (UBHI, SAMPLE_DEPTH_M, POROSITY, PERMEABILITY, WATER_SAT, FORMATION) VALUES ('WELL00000000028-BH1', 2860, 0.2721, 139.0014, 0.2619, 'Rajahmundry');
INSERT INTO welldata.PETROPHYSICS (UBHI, SAMPLE_DEPTH_M, POROSITY, PERMEABILITY, WATER_SAT, FORMATION) VALUES ('WELL00000000028-BH1', 2880, 0.2327, 194.0496, 0.6784, 'Barmer');
INSERT INTO welldata.PETROPHYSICS (UBHI, SAMPLE_DEPTH_M, POROSITY, PERMEABILITY, WATER_SAT, FORMATION) VALUES ('WELL00000000028-BH1', 2900, 0.118, 220.212, 0.185, 'Sanchore');
INSERT INTO welldata.PETROPHYSICS (UBHI, SAMPLE_DEPTH_M, POROSITY, PERMEABILITY, WATER_SAT, FORMATION) VALUES ('WELL00000000028-BH1', 2920, 0.1705, 314.4376, 0.6801, 'Sanchore');
INSERT INTO welldata.PETROPHYSICS (UBHI, SAMPLE_DEPTH_M, POROSITY, PERMEABILITY, WATER_SAT, FORMATION) VALUES ('WELL00000000028-BH1', 2940, 0.186, 356.6063, 0.53, 'Barmer');
INSERT INTO welldata.PETROPHYSICS (UBHI, SAMPLE_DEPTH_M, POROSITY, PERMEABILITY, WATER_SAT, FORMATION) VALUES ('WELL00000000028-BH1', 2960, 0.0647, 403.4604, 0.3557, 'Barmer');
INSERT INTO welldata.PETROPHYSICS (UBHI, SAMPLE_DEPTH_M, POROSITY, PERMEABILITY, WATER_SAT, FORMATION) VALUES ('WELL00000000028-BH1', 2980, 0.1073, 116.4868, 0.3163, 'Rajahmundry');
INSERT INTO welldata.PETROPHYSICS (UBHI, SAMPLE_DEPTH_M, POROSITY, PERMEABILITY, WATER_SAT, FORMATION) VALUES ('WELL00000000028-BH1', 3000, 0.2052, 57.7729, 0.6996, 'Rajahmundry');
INSERT INTO welldata.BOREHOLE (UBHI, UWI, BOREHOLE_NAME, BOREHOLE_TYPE, TOP_DEPTH_M, BASE_DEPTH_M) VALUES ('WELL00000000028-BH2', 'WELL00000000028', 'ONGC-KR-028-BH2', 'DIRECTIONAL', 551, 1597);
INSERT INTO welldata.PETROPHYSICS (UBHI, SAMPLE_DEPTH_M, POROSITY, PERMEABILITY, WATER_SAT, FORMATION) VALUES ('WELL00000000028-BH2', 1000, 0.0854, 195.3988, 0.1577, 'Rajahmundry');
INSERT INTO welldata.PETROPHYSICS (UBHI, SAMPLE_DEPTH_M, POROSITY, PERMEABILITY, WATER_SAT, FORMATION) VALUES ('WELL00000000028-BH2', 1020, 0.2585, 297.9372, 0.5456, 'Barmer');
INSERT INTO welldata.PETROPHYSICS (UBHI, SAMPLE_DEPTH_M, POROSITY, PERMEABILITY, WATER_SAT, FORMATION) VALUES ('WELL00000000028-BH2', 1040, 0.047, 96.2094, 0.358, 'Bengal');
INSERT INTO welldata.PETROPHYSICS (UBHI, SAMPLE_DEPTH_M, POROSITY, PERMEABILITY, WATER_SAT, FORMATION) VALUES ('WELL00000000028-BH2', 1060, 0.2613, 111.9324, 0.3948, 'Barmer');
INSERT INTO welldata.PETROPHYSICS (UBHI, SAMPLE_DEPTH_M, POROSITY, PERMEABILITY, WATER_SAT, FORMATION) VALUES ('WELL00000000028-BH2', 1080, 0.0698, 142.2271, 0.733, 'Bengal');
INSERT INTO welldata.PETROPHYSICS (UBHI, SAMPLE_DEPTH_M, POROSITY, PERMEABILITY, WATER_SAT, FORMATION) VALUES ('WELL00000000028-BH2', 1100, 0.0411, 37.6406, 0.2597, 'Bengal');
INSERT INTO welldata.PETROPHYSICS (UBHI, SAMPLE_DEPTH_M, POROSITY, PERMEABILITY, WATER_SAT, FORMATION) VALUES ('WELL00000000028-BH2', 1120, 0.2188, 355.148, 0.648, 'Sanchore');
INSERT INTO welldata.PETROPHYSICS (UBHI, SAMPLE_DEPTH_M, POROSITY, PERMEABILITY, WATER_SAT, FORMATION) VALUES ('WELL00000000028-BH2', 1140, 0.21, 306.2135, 0.2405, 'Barmer');
INSERT INTO welldata.PETROPHYSICS (UBHI, SAMPLE_DEPTH_M, POROSITY, PERMEABILITY, WATER_SAT, FORMATION) VALUES ('WELL00000000028-BH2', 1160, 0.2699, 90.2182, 0.623, 'Bengal');
INSERT INTO welldata.PETROPHYSICS (UBHI, SAMPLE_DEPTH_M, POROSITY, PERMEABILITY, WATER_SAT, FORMATION) VALUES ('WELL00000000028-BH2', 1180, 0.1719, 407.9202, 0.7493, 'Bengal');
INSERT INTO welldata.PETROPHYSICS (UBHI, SAMPLE_DEPTH_M, POROSITY, PERMEABILITY, WATER_SAT, FORMATION) VALUES ('WELL00000000028-BH2', 1200, 0.1921, 4.7837, 0.3124, 'Sanchore');
INSERT INTO welldata.PETROPHYSICS (UBHI, SAMPLE_DEPTH_M, POROSITY, PERMEABILITY, WATER_SAT, FORMATION) VALUES ('WELL00000000028-BH2', 1220, 0.2762, 150.9744, 0.6402, 'Barmer');
INSERT INTO welldata.PETROPHYSICS (UBHI, SAMPLE_DEPTH_M, POROSITY, PERMEABILITY, WATER_SAT, FORMATION) VALUES ('WELL00000000028-BH2', 1240, 0.0858, 40.0905, 0.1548, 'Sanchore');
INSERT INTO welldata.PETROPHYSICS (UBHI, SAMPLE_DEPTH_M, POROSITY, PERMEABILITY, WATER_SAT, FORMATION) VALUES ('WELL00000000028-BH2', 1260, 0.2475, 71.7015, 0.4997, 'Bengal');
INSERT INTO welldata.PETROPHYSICS (UBHI, SAMPLE_DEPTH_M, POROSITY, PERMEABILITY, WATER_SAT, FORMATION) VALUES ('WELL00000000028-BH2', 1280, 0.0632, 180.5174, 0.1669, 'Bengal');
INSERT INTO welldata.PETROPHYSICS (UBHI, SAMPLE_DEPTH_M, POROSITY, PERMEABILITY, WATER_SAT, FORMATION) VALUES ('WELL00000000028-BH2', 1300, 0.2719, 3.2699, 0.3634, 'Bengal');
INSERT INTO welldata.PETROPHYSICS (UBHI, SAMPLE_DEPTH_M, POROSITY, PERMEABILITY, WATER_SAT, FORMATION) VALUES ('WELL00000000028-BH2', 1320, 0.1154, 74.4306, 0.2171, 'Rajahmundry');
INSERT INTO welldata.PETROPHYSICS (UBHI, SAMPLE_DEPTH_M, POROSITY, PERMEABILITY, WATER_SAT, FORMATION) VALUES ('WELL00000000028-BH2', 1340, 0.0892, 173.3219, 0.4437, 'Rajahmundry');
INSERT INTO welldata.PETROPHYSICS (UBHI, SAMPLE_DEPTH_M, POROSITY, PERMEABILITY, WATER_SAT, FORMATION) VALUES ('WELL00000000028-BH2', 1360, 0.0985, 367.2553, 0.2228, 'Sanchore');
INSERT INTO welldata.PETROPHYSICS (UBHI, SAMPLE_DEPTH_M, POROSITY, PERMEABILITY, WATER_SAT, FORMATION) VALUES ('WELL00000000028-BH2', 1380, 0.0682, 321.1477, 0.3522, 'Bengal');
INSERT INTO welldata.PETROPHYSICS (UBHI, SAMPLE_DEPTH_M, POROSITY, PERMEABILITY, WATER_SAT, FORMATION) VALUES ('WELL00000000028-BH2', 1400, 0.1142, 134.251, 0.2393, 'Sanchore');
INSERT INTO welldata.PETROPHYSICS (UBHI, SAMPLE_DEPTH_M, POROSITY, PERMEABILITY, WATER_SAT, FORMATION) VALUES ('WELL00000000028-BH2', 1420, 0.2224, 49.1003, 0.2574, 'Rajahmundry');
INSERT INTO welldata.PETROPHYSICS (UBHI, SAMPLE_DEPTH_M, POROSITY, PERMEABILITY, WATER_SAT, FORMATION) VALUES ('WELL00000000028-BH2', 1440, 0.0775, 204.4236, 0.7292, 'Rajahmundry');
INSERT INTO welldata.PETROPHYSICS (UBHI, SAMPLE_DEPTH_M, POROSITY, PERMEABILITY, WATER_SAT, FORMATION) VALUES ('WELL00000000028-BH2', 1460, 0.2707, 269.5102, 0.2724, 'Sanchore');
INSERT INTO welldata.PETROPHYSICS (UBHI, SAMPLE_DEPTH_M, POROSITY, PERMEABILITY, WATER_SAT, FORMATION) VALUES ('WELL00000000028-BH2', 1480, 0.262, 353.7585, 0.5919, 'Barmer');
INSERT INTO welldata.PETROPHYSICS (UBHI, SAMPLE_DEPTH_M, POROSITY, PERMEABILITY, WATER_SAT, FORMATION) VALUES ('WELL00000000028-BH2', 1500, 0.0719, 385.0443, 0.6795, 'Bengal');
INSERT INTO welldata.PETROPHYSICS (UBHI, SAMPLE_DEPTH_M, POROSITY, PERMEABILITY, WATER_SAT, FORMATION) VALUES ('WELL00000000028-BH2', 1520, 0.1507, 273.5912, 0.401, 'Bengal');
INSERT INTO welldata.PETROPHYSICS (UBHI, SAMPLE_DEPTH_M, POROSITY, PERMEABILITY, WATER_SAT, FORMATION) VALUES ('WELL00000000028-BH2', 1540, 0.1495, 300.5698, 0.2274, 'Sanchore');
INSERT INTO welldata.PETROPHYSICS (UBHI, SAMPLE_DEPTH_M, POROSITY, PERMEABILITY, WATER_SAT, FORMATION) VALUES ('WELL00000000028-BH2', 1560, 0.1791, 221.7121, 0.2467, 'Barmer');
INSERT INTO welldata.PETROPHYSICS (UBHI, SAMPLE_DEPTH_M, POROSITY, PERMEABILITY, WATER_SAT, FORMATION) VALUES ('WELL00000000028-BH2', 1580, 0.0591, 400.6417, 0.5643, 'Sanchore');
INSERT INTO welldata.PETROPHYSICS (UBHI, SAMPLE_DEPTH_M, POROSITY, PERMEABILITY, WATER_SAT, FORMATION) VALUES ('WELL00000000028-BH2', 1600, 0.0417, 39.7392, 0.5647, 'Bengal');
INSERT INTO welldata.PETROPHYSICS (UBHI, SAMPLE_DEPTH_M, POROSITY, PERMEABILITY, WATER_SAT, FORMATION) VALUES ('WELL00000000028-BH2', 1620, 0.1681, 256.813, 0.7249, 'Rajahmundry');
INSERT INTO welldata.PETROPHYSICS (UBHI, SAMPLE_DEPTH_M, POROSITY, PERMEABILITY, WATER_SAT, FORMATION) VALUES ('WELL00000000028-BH2', 1640, 0.166, 112.9003, 0.2584, 'Rajahmundry');
INSERT INTO welldata.PETROPHYSICS (UBHI, SAMPLE_DEPTH_M, POROSITY, PERMEABILITY, WATER_SAT, FORMATION) VALUES ('WELL00000000028-BH2', 1660, 0.2293, 58.9835, 0.3876, 'Bengal');
INSERT INTO welldata.PETROPHYSICS (UBHI, SAMPLE_DEPTH_M, POROSITY, PERMEABILITY, WATER_SAT, FORMATION) VALUES ('WELL00000000028-BH2', 1680, 0.2257, 342.7344, 0.7031, 'Sanchore');
INSERT INTO welldata.PETROPHYSICS (UBHI, SAMPLE_DEPTH_M, POROSITY, PERMEABILITY, WATER_SAT, FORMATION) VALUES ('WELL00000000028-BH2', 1700, 0.256, 105.1428, 0.725, 'Rajahmundry');
INSERT INTO welldata.PETROPHYSICS (UBHI, SAMPLE_DEPTH_M, POROSITY, PERMEABILITY, WATER_SAT, FORMATION) VALUES ('WELL00000000028-BH2', 1720, 0.0561, 341.4276, 0.153, 'Sanchore');
INSERT INTO welldata.PETROPHYSICS (UBHI, SAMPLE_DEPTH_M, POROSITY, PERMEABILITY, WATER_SAT, FORMATION) VALUES ('WELL00000000028-BH2', 1740, 0.1805, 445.1021, 0.2984, 'Barmer');
INSERT INTO welldata.PETROPHYSICS (UBHI, SAMPLE_DEPTH_M, POROSITY, PERMEABILITY, WATER_SAT, FORMATION) VALUES ('WELL00000000028-BH2', 1760, 0.0847, 121.8338, 0.6443, 'Rajahmundry');
INSERT INTO welldata.PETROPHYSICS (UBHI, SAMPLE_DEPTH_M, POROSITY, PERMEABILITY, WATER_SAT, FORMATION) VALUES ('WELL00000000028-BH2', 1780, 0.2661, 301.2865, 0.6119, 'Sanchore');
INSERT INTO welldata.PETROPHYSICS (UBHI, SAMPLE_DEPTH_M, POROSITY, PERMEABILITY, WATER_SAT, FORMATION) VALUES ('WELL00000000028-BH2', 1800, 0.1528, 92.6667, 0.4233, 'Rajahmundry');
INSERT INTO welldata.PETROPHYSICS (UBHI, SAMPLE_DEPTH_M, POROSITY, PERMEABILITY, WATER_SAT, FORMATION) VALUES ('WELL00000000028-BH2', 1820, 0.1531, 337.2956, 0.1801, 'Sanchore');
INSERT INTO welldata.PETROPHYSICS (UBHI, SAMPLE_DEPTH_M, POROSITY, PERMEABILITY, WATER_SAT, FORMATION) VALUES ('WELL00000000028-BH2', 1840, 0.2712, 418.2534, 0.5571, 'Barmer');
INSERT INTO welldata.PETROPHYSICS (UBHI, SAMPLE_DEPTH_M, POROSITY, PERMEABILITY, WATER_SAT, FORMATION) VALUES ('WELL00000000028-BH2', 1860, 0.1347, 366.7633, 0.3144, 'Sanchore');
INSERT INTO welldata.PETROPHYSICS (UBHI, SAMPLE_DEPTH_M, POROSITY, PERMEABILITY, WATER_SAT, FORMATION) VALUES ('WELL00000000028-BH2', 1880, 0.1607, 432.2029, 0.4544, 'Bengal');
INSERT INTO welldata.PETROPHYSICS (UBHI, SAMPLE_DEPTH_M, POROSITY, PERMEABILITY, WATER_SAT, FORMATION) VALUES ('WELL00000000028-BH2', 1900, 0.0848, 410.0916, 0.496, 'Sanchore');
INSERT INTO welldata.PETROPHYSICS (UBHI, SAMPLE_DEPTH_M, POROSITY, PERMEABILITY, WATER_SAT, FORMATION) VALUES ('WELL00000000028-BH2', 1920, 0.2527, 143.271, 0.2986, 'Sanchore');
INSERT INTO welldata.PETROPHYSICS (UBHI, SAMPLE_DEPTH_M, POROSITY, PERMEABILITY, WATER_SAT, FORMATION) VALUES ('WELL00000000028-BH2', 1940, 0.0608, 136.8915, 0.3204, 'Bengal');
INSERT INTO welldata.PETROPHYSICS (UBHI, SAMPLE_DEPTH_M, POROSITY, PERMEABILITY, WATER_SAT, FORMATION) VALUES ('WELL00000000028-BH2', 1960, 0.2767, 118.1902, 0.6166, 'Sanchore');
INSERT INTO welldata.PETROPHYSICS (UBHI, SAMPLE_DEPTH_M, POROSITY, PERMEABILITY, WATER_SAT, FORMATION) VALUES ('WELL00000000028-BH2', 1980, 0.1017, 160.9231, 0.2236, 'Bengal');
INSERT INTO welldata.PETROPHYSICS (UBHI, SAMPLE_DEPTH_M, POROSITY, PERMEABILITY, WATER_SAT, FORMATION) VALUES ('WELL00000000028-BH2', 2000, 0.1321, 164.3911, 0.3671, 'Bengal');
INSERT INTO welldata.PETROPHYSICS (UBHI, SAMPLE_DEPTH_M, POROSITY, PERMEABILITY, WATER_SAT, FORMATION) VALUES ('WELL00000000028-BH2', 2020, 0.2028, 399.8997, 0.1667, 'Barmer');
INSERT INTO welldata.PETROPHYSICS (UBHI, SAMPLE_DEPTH_M, POROSITY, PERMEABILITY, WATER_SAT, FORMATION) VALUES ('WELL00000000028-BH2', 2040, 0.1161, 233.7753, 0.4518, 'Rajahmundry');
INSERT INTO welldata.PETROPHYSICS (UBHI, SAMPLE_DEPTH_M, POROSITY, PERMEABILITY, WATER_SAT, FORMATION) VALUES ('WELL00000000028-BH2', 2060, 0.2669, 435.9446, 0.4289, 'Barmer');
INSERT INTO welldata.PETROPHYSICS (UBHI, SAMPLE_DEPTH_M, POROSITY, PERMEABILITY, WATER_SAT, FORMATION) VALUES ('WELL00000000028-BH2', 2080, 0.2017, 137.5402, 0.2675, 'Sanchore');
INSERT INTO welldata.PETROPHYSICS (UBHI, SAMPLE_DEPTH_M, POROSITY, PERMEABILITY, WATER_SAT, FORMATION) VALUES ('WELL00000000028-BH2', 2100, 0.2706, 293.9334, 0.4854, 'Barmer');
INSERT INTO welldata.PETROPHYSICS (UBHI, SAMPLE_DEPTH_M, POROSITY, PERMEABILITY, WATER_SAT, FORMATION) VALUES ('WELL00000000028-BH2', 2120, 0.0847, 389.4347, 0.3402, 'Sanchore');
INSERT INTO welldata.PETROPHYSICS (UBHI, SAMPLE_DEPTH_M, POROSITY, PERMEABILITY, WATER_SAT, FORMATION) VALUES ('WELL00000000028-BH2', 2140, 0.0942, 99.4126, 0.54, 'Sanchore');
INSERT INTO welldata.PETROPHYSICS (UBHI, SAMPLE_DEPTH_M, POROSITY, PERMEABILITY, WATER_SAT, FORMATION) VALUES ('WELL00000000028-BH2', 2160, 0.1704, 93.9709, 0.6614, 'Sanchore');
INSERT INTO welldata.PETROPHYSICS (UBHI, SAMPLE_DEPTH_M, POROSITY, PERMEABILITY, WATER_SAT, FORMATION) VALUES ('WELL00000000028-BH2', 2180, 0.1802, 50.3436, 0.5018, 'Sanchore');
INSERT INTO welldata.PETROPHYSICS (UBHI, SAMPLE_DEPTH_M, POROSITY, PERMEABILITY, WATER_SAT, FORMATION) VALUES ('WELL00000000028-BH2', 2200, 0.1292, 215.4218, 0.4721, 'Sanchore');
INSERT INTO welldata.PETROPHYSICS (UBHI, SAMPLE_DEPTH_M, POROSITY, PERMEABILITY, WATER_SAT, FORMATION) VALUES ('WELL00000000028-BH2', 2220, 0.2158, 295.466, 0.3595, 'Sanchore');
INSERT INTO welldata.PETROPHYSICS (UBHI, SAMPLE_DEPTH_M, POROSITY, PERMEABILITY, WATER_SAT, FORMATION) VALUES ('WELL00000000028-BH2', 2240, 0.1812, 281.5351, 0.7207, 'Bengal');
INSERT INTO welldata.PETROPHYSICS (UBHI, SAMPLE_DEPTH_M, POROSITY, PERMEABILITY, WATER_SAT, FORMATION) VALUES ('WELL00000000028-BH2', 2260, 0.1347, 416.2745, 0.587, 'Sanchore');
INSERT INTO welldata.PETROPHYSICS (UBHI, SAMPLE_DEPTH_M, POROSITY, PERMEABILITY, WATER_SAT, FORMATION) VALUES ('WELL00000000028-BH2', 2280, 0.2082, 189.6603, 0.2653, 'Rajahmundry');
INSERT INTO welldata.PETROPHYSICS (UBHI, SAMPLE_DEPTH_M, POROSITY, PERMEABILITY, WATER_SAT, FORMATION) VALUES ('WELL00000000028-BH2', 2300, 0.2193, 169.1057, 0.1589, 'Barmer');
INSERT INTO welldata.PETROPHYSICS (UBHI, SAMPLE_DEPTH_M, POROSITY, PERMEABILITY, WATER_SAT, FORMATION) VALUES ('WELL00000000028-BH2', 2320, 0.1741, 244.0646, 0.69, 'Barmer');
INSERT INTO welldata.PETROPHYSICS (UBHI, SAMPLE_DEPTH_M, POROSITY, PERMEABILITY, WATER_SAT, FORMATION) VALUES ('WELL00000000028-BH2', 2340, 0.2263, 154.8241, 0.2594, 'Bengal');
INSERT INTO welldata.PETROPHYSICS (UBHI, SAMPLE_DEPTH_M, POROSITY, PERMEABILITY, WATER_SAT, FORMATION) VALUES ('WELL00000000028-BH2', 2360, 0.0669, 99.3086, 0.4346, 'Rajahmundry');
INSERT INTO welldata.PETROPHYSICS (UBHI, SAMPLE_DEPTH_M, POROSITY, PERMEABILITY, WATER_SAT, FORMATION) VALUES ('WELL00000000028-BH2', 2380, 0.2292, 187.142, 0.225, 'Barmer');
INSERT INTO welldata.PETROPHYSICS (UBHI, SAMPLE_DEPTH_M, POROSITY, PERMEABILITY, WATER_SAT, FORMATION) VALUES ('WELL00000000028-BH2', 2400, 0.2147, 129.0978, 0.28, 'Sanchore');
INSERT INTO welldata.PETROPHYSICS (UBHI, SAMPLE_DEPTH_M, POROSITY, PERMEABILITY, WATER_SAT, FORMATION) VALUES ('WELL00000000028-BH2', 2420, 0.2457, 245.7057, 0.451, 'Rajahmundry');
INSERT INTO welldata.PETROPHYSICS (UBHI, SAMPLE_DEPTH_M, POROSITY, PERMEABILITY, WATER_SAT, FORMATION) VALUES ('WELL00000000028-BH2', 2440, 0.2369, 284.9343, 0.6398, 'Sanchore');
INSERT INTO welldata.PETROPHYSICS (UBHI, SAMPLE_DEPTH_M, POROSITY, PERMEABILITY, WATER_SAT, FORMATION) VALUES ('WELL00000000028-BH2', 2460, 0.2109, 274.2117, 0.2529, 'Barmer');
INSERT INTO welldata.PETROPHYSICS (UBHI, SAMPLE_DEPTH_M, POROSITY, PERMEABILITY, WATER_SAT, FORMATION) VALUES ('WELL00000000028-BH2', 2480, 0.2668, 184.3332, 0.6444, 'Sanchore');
INSERT INTO welldata.PETROPHYSICS (UBHI, SAMPLE_DEPTH_M, POROSITY, PERMEABILITY, WATER_SAT, FORMATION) VALUES ('WELL00000000028-BH2', 2500, 0.1847, 297.1608, 0.2681, 'Bengal');
INSERT INTO welldata.PETROPHYSICS (UBHI, SAMPLE_DEPTH_M, POROSITY, PERMEABILITY, WATER_SAT, FORMATION) VALUES ('WELL00000000028-BH2', 2520, 0.1963, 343.0367, 0.199, 'Sanchore');
INSERT INTO welldata.PETROPHYSICS (UBHI, SAMPLE_DEPTH_M, POROSITY, PERMEABILITY, WATER_SAT, FORMATION) VALUES ('WELL00000000028-BH2', 2540, 0.062, 42.4869, 0.2973, 'Rajahmundry');
INSERT INTO welldata.PETROPHYSICS (UBHI, SAMPLE_DEPTH_M, POROSITY, PERMEABILITY, WATER_SAT, FORMATION) VALUES ('WELL00000000028-BH2', 2560, 0.2612, 174.3048, 0.2723, 'Barmer');
INSERT INTO welldata.PETROPHYSICS (UBHI, SAMPLE_DEPTH_M, POROSITY, PERMEABILITY, WATER_SAT, FORMATION) VALUES ('WELL00000000028-BH2', 2580, 0.1096, 388.6776, 0.5046, 'Bengal');
INSERT INTO welldata.PETROPHYSICS (UBHI, SAMPLE_DEPTH_M, POROSITY, PERMEABILITY, WATER_SAT, FORMATION) VALUES ('WELL00000000028-BH2', 2600, 0.1716, 9.8198, 0.5541, 'Rajahmundry');
INSERT INTO welldata.PETROPHYSICS (UBHI, SAMPLE_DEPTH_M, POROSITY, PERMEABILITY, WATER_SAT, FORMATION) VALUES ('WELL00000000028-BH2', 2620, 0.1232, 260.6978, 0.7288, 'Rajahmundry');
INSERT INTO welldata.PETROPHYSICS (UBHI, SAMPLE_DEPTH_M, POROSITY, PERMEABILITY, WATER_SAT, FORMATION) VALUES ('WELL00000000028-BH2', 2640, 0.2594, 93.6538, 0.5759, 'Sanchore');
INSERT INTO welldata.PETROPHYSICS (UBHI, SAMPLE_DEPTH_M, POROSITY, PERMEABILITY, WATER_SAT, FORMATION) VALUES ('WELL00000000028-BH2', 2660, 0.1399, 376.668, 0.4823, 'Sanchore');
INSERT INTO welldata.PETROPHYSICS (UBHI, SAMPLE_DEPTH_M, POROSITY, PERMEABILITY, WATER_SAT, FORMATION) VALUES ('WELL00000000028-BH2', 2680, 0.2316, 24.0832, 0.7249, 'Barmer');
INSERT INTO welldata.PETROPHYSICS (UBHI, SAMPLE_DEPTH_M, POROSITY, PERMEABILITY, WATER_SAT, FORMATION) VALUES ('WELL00000000028-BH2', 2700, 0.1177, 305.0391, 0.6624, 'Bengal');
INSERT INTO welldata.PETROPHYSICS (UBHI, SAMPLE_DEPTH_M, POROSITY, PERMEABILITY, WATER_SAT, FORMATION) VALUES ('WELL00000000028-BH2', 2720, 0.0702, 51.0897, 0.1776, 'Sanchore');
INSERT INTO welldata.PETROPHYSICS (UBHI, SAMPLE_DEPTH_M, POROSITY, PERMEABILITY, WATER_SAT, FORMATION) VALUES ('WELL00000000028-BH2', 2740, 0.1546, 350.3817, 0.2017, 'Barmer');
INSERT INTO welldata.PETROPHYSICS (UBHI, SAMPLE_DEPTH_M, POROSITY, PERMEABILITY, WATER_SAT, FORMATION) VALUES ('WELL00000000028-BH2', 2760, 0.1807, 96.265, 0.6757, 'Barmer');
INSERT INTO welldata.PETROPHYSICS (UBHI, SAMPLE_DEPTH_M, POROSITY, PERMEABILITY, WATER_SAT, FORMATION) VALUES ('WELL00000000028-BH2', 2780, 0.2267, 117.3068, 0.2555, 'Bengal');
INSERT INTO welldata.PETROPHYSICS (UBHI, SAMPLE_DEPTH_M, POROSITY, PERMEABILITY, WATER_SAT, FORMATION) VALUES ('WELL00000000028-BH2', 2800, 0.1252, 306.7647, 0.1813, 'Sanchore');
INSERT INTO welldata.PETROPHYSICS (UBHI, SAMPLE_DEPTH_M, POROSITY, PERMEABILITY, WATER_SAT, FORMATION) VALUES ('WELL00000000028-BH2', 2820, 0.14, 197.4242, 0.6924, 'Bengal');
INSERT INTO welldata.PETROPHYSICS (UBHI, SAMPLE_DEPTH_M, POROSITY, PERMEABILITY, WATER_SAT, FORMATION) VALUES ('WELL00000000028-BH2', 2840, 0.0678, 205.058, 0.2845, 'Rajahmundry');
INSERT INTO welldata.PETROPHYSICS (UBHI, SAMPLE_DEPTH_M, POROSITY, PERMEABILITY, WATER_SAT, FORMATION) VALUES ('WELL00000000028-BH2', 2860, 0.0584, 116.9633, 0.5177, 'Rajahmundry');
INSERT INTO welldata.PETROPHYSICS (UBHI, SAMPLE_DEPTH_M, POROSITY, PERMEABILITY, WATER_SAT, FORMATION) VALUES ('WELL00000000028-BH2', 2880, 0.1107, 64.3121, 0.7187, 'Barmer');
INSERT INTO welldata.PETROPHYSICS (UBHI, SAMPLE_DEPTH_M, POROSITY, PERMEABILITY, WATER_SAT, FORMATION) VALUES ('WELL00000000028-BH2', 2900, 0.1898, 62.1502, 0.196, 'Sanchore');
INSERT INTO welldata.PETROPHYSICS (UBHI, SAMPLE_DEPTH_M, POROSITY, PERMEABILITY, WATER_SAT, FORMATION) VALUES ('WELL00000000028-BH2', 2920, 0.2258, 20.2414, 0.2158, 'Barmer');
INSERT INTO welldata.PETROPHYSICS (UBHI, SAMPLE_DEPTH_M, POROSITY, PERMEABILITY, WATER_SAT, FORMATION) VALUES ('WELL00000000028-BH2', 2940, 0.0962, 263.1984, 0.3046, 'Sanchore');
INSERT INTO welldata.PETROPHYSICS (UBHI, SAMPLE_DEPTH_M, POROSITY, PERMEABILITY, WATER_SAT, FORMATION) VALUES ('WELL00000000028-BH2', 2960, 0.0591, 373.2702, 0.4225, 'Sanchore');
INSERT INTO welldata.PETROPHYSICS (UBHI, SAMPLE_DEPTH_M, POROSITY, PERMEABILITY, WATER_SAT, FORMATION) VALUES ('WELL00000000028-BH2', 2980, 0.0821, 441.2865, 0.2576, 'Barmer');
INSERT INTO welldata.PETROPHYSICS (UBHI, SAMPLE_DEPTH_M, POROSITY, PERMEABILITY, WATER_SAT, FORMATION) VALUES ('WELL00000000028-BH2', 3000, 0.0497, 311.38, 0.301, 'Rajahmundry');
INSERT INTO welldata.PRODUCTION (UWI, PROD_DATE, OIL_BBL, GAS_MCF, WATER_BBL, HOURS_ON) VALUES ('WELL00000000028', TO_DATE('2015-01-01','YYYY-MM-DD'), 1517.43, 8421.25, 1309.31, 150.77);
INSERT INTO welldata.PRODUCTION (UWI, PROD_DATE, OIL_BBL, GAS_MCF, WATER_BBL, HOURS_ON) VALUES ('WELL00000000028', TO_DATE('2015-02-01','YYYY-MM-DD'), 1647.52, 545.75, 282.76, 243.68);
INSERT INTO welldata.PRODUCTION (UWI, PROD_DATE, OIL_BBL, GAS_MCF, WATER_BBL, HOURS_ON) VALUES ('WELL00000000028', TO_DATE('2015-03-01','YYYY-MM-DD'), 2363.46, 688.45, 71.96, 652.76);
INSERT INTO welldata.PRODUCTION (UWI, PROD_DATE, OIL_BBL, GAS_MCF, WATER_BBL, HOURS_ON) VALUES ('WELL00000000028', TO_DATE('2015-04-01','YYYY-MM-DD'), 818.04, 10616.26, 132.46, 272.4);
INSERT INTO welldata.PRODUCTION (UWI, PROD_DATE, OIL_BBL, GAS_MCF, WATER_BBL, HOURS_ON) VALUES ('WELL00000000028', TO_DATE('2015-05-01','YYYY-MM-DD'), 1990.14, 4053.91, 338.01, 417.04);
INSERT INTO welldata.PRODUCTION (UWI, PROD_DATE, OIL_BBL, GAS_MCF, WATER_BBL, HOURS_ON) VALUES ('WELL00000000028', TO_DATE('2015-06-01','YYYY-MM-DD'), 2567.86, 4782.91, 353.47, 281.39);
INSERT INTO welldata.PRODUCTION (UWI, PROD_DATE, OIL_BBL, GAS_MCF, WATER_BBL, HOURS_ON) VALUES ('WELL00000000028', TO_DATE('2015-07-01','YYYY-MM-DD'), 1465.76, 7880.78, 1130.89, 446.16);
INSERT INTO welldata.PRODUCTION (UWI, PROD_DATE, OIL_BBL, GAS_MCF, WATER_BBL, HOURS_ON) VALUES ('WELL00000000028', TO_DATE('2015-08-01','YYYY-MM-DD'), 2904.41, 8293.16, 1031.71, 717.05);
INSERT INTO welldata.PRODUCTION (UWI, PROD_DATE, OIL_BBL, GAS_MCF, WATER_BBL, HOURS_ON) VALUES ('WELL00000000028', TO_DATE('2015-09-01','YYYY-MM-DD'), 275.49, 1091.0, 48.94, 649.39);
INSERT INTO welldata.PRODUCTION (UWI, PROD_DATE, OIL_BBL, GAS_MCF, WATER_BBL, HOURS_ON) VALUES ('WELL00000000028', TO_DATE('2015-10-01','YYYY-MM-DD'), 1525.81, 4568.67, 1024.63, 605.26);
INSERT INTO welldata.PRODUCTION (UWI, PROD_DATE, OIL_BBL, GAS_MCF, WATER_BBL, HOURS_ON) VALUES ('WELL00000000028', TO_DATE('2015-11-01','YYYY-MM-DD'), 1621.54, 3105.62, 1331.95, 591.87);
INSERT INTO welldata.PRODUCTION (UWI, PROD_DATE, OIL_BBL, GAS_MCF, WATER_BBL, HOURS_ON) VALUES ('WELL00000000028', TO_DATE('2015-12-01','YYYY-MM-DD'), 2073.25, 1883.38, 1168.21, 545.9);
INSERT INTO welldata.PRODUCTION (UWI, PROD_DATE, OIL_BBL, GAS_MCF, WATER_BBL, HOURS_ON) VALUES ('WELL00000000028', TO_DATE('2016-01-01','YYYY-MM-DD'), 1309.19, 10569.6, 1240.96, 341.37);
INSERT INTO welldata.PRODUCTION (UWI, PROD_DATE, OIL_BBL, GAS_MCF, WATER_BBL, HOURS_ON) VALUES ('WELL00000000028', TO_DATE('2016-02-01','YYYY-MM-DD'), 1745.01, 10667.66, 305.23, 636.15);
INSERT INTO welldata.PRODUCTION (UWI, PROD_DATE, OIL_BBL, GAS_MCF, WATER_BBL, HOURS_ON) VALUES ('WELL00000000028', TO_DATE('2016-03-01','YYYY-MM-DD'), 143.64, 7480.98, 1431.05, 455.33);
INSERT INTO welldata.PRODUCTION (UWI, PROD_DATE, OIL_BBL, GAS_MCF, WATER_BBL, HOURS_ON) VALUES ('WELL00000000028', TO_DATE('2016-04-01','YYYY-MM-DD'), 1891.25, 11247.75, 794.87, 579.82);
INSERT INTO welldata.PRODUCTION (UWI, PROD_DATE, OIL_BBL, GAS_MCF, WATER_BBL, HOURS_ON) VALUES ('WELL00000000028', TO_DATE('2016-05-01','YYYY-MM-DD'), 2698.58, 9818.98, 719.7, 603.36);
INSERT INTO welldata.PRODUCTION (UWI, PROD_DATE, OIL_BBL, GAS_MCF, WATER_BBL, HOURS_ON) VALUES ('WELL00000000028', TO_DATE('2016-06-01','YYYY-MM-DD'), 1934.88, 4645.78, 660.99, 677.63);
INSERT INTO welldata.PRODUCTION (UWI, PROD_DATE, OIL_BBL, GAS_MCF, WATER_BBL, HOURS_ON) VALUES ('WELL00000000028', TO_DATE('2016-07-01','YYYY-MM-DD'), 326.99, 5316.85, 1179.83, 363.07);
INSERT INTO welldata.PRODUCTION (UWI, PROD_DATE, OIL_BBL, GAS_MCF, WATER_BBL, HOURS_ON) VALUES ('WELL00000000028', TO_DATE('2016-08-01','YYYY-MM-DD'), 2367.87, 12268.61, 784.62, 120.38);
INSERT INTO welldata.PRODUCTION (UWI, PROD_DATE, OIL_BBL, GAS_MCF, WATER_BBL, HOURS_ON) VALUES ('WELL00000000028', TO_DATE('2016-09-01','YYYY-MM-DD'), 385.35, 13263.17, 526.98, 312.64);
INSERT INTO welldata.PRODUCTION (UWI, PROD_DATE, OIL_BBL, GAS_MCF, WATER_BBL, HOURS_ON) VALUES ('WELL00000000028', TO_DATE('2016-10-01','YYYY-MM-DD'), 2955.56, 11452.06, 73.77, 630.55);
INSERT INTO welldata.PRODUCTION (UWI, PROD_DATE, OIL_BBL, GAS_MCF, WATER_BBL, HOURS_ON) VALUES ('WELL00000000028', TO_DATE('2016-11-01','YYYY-MM-DD'), 2904.56, 4593.24, 956.83, 409.82);
INSERT INTO welldata.PRODUCTION (UWI, PROD_DATE, OIL_BBL, GAS_MCF, WATER_BBL, HOURS_ON) VALUES ('WELL00000000028', TO_DATE('2016-12-01','YYYY-MM-DD'), 1159.25, 8522.14, 1245.07, 455.6);
INSERT INTO welldata.PRODUCTION (UWI, PROD_DATE, OIL_BBL, GAS_MCF, WATER_BBL, HOURS_ON) VALUES ('WELL00000000028', TO_DATE('2017-01-01','YYYY-MM-DD'), 1304.33, 2198.88, 714.04, 503.46);
INSERT INTO welldata.PRODUCTION (UWI, PROD_DATE, OIL_BBL, GAS_MCF, WATER_BBL, HOURS_ON) VALUES ('WELL00000000028', TO_DATE('2017-02-01','YYYY-MM-DD'), 565.05, 11472.1, 1447.83, 521.84);
INSERT INTO welldata.PRODUCTION (UWI, PROD_DATE, OIL_BBL, GAS_MCF, WATER_BBL, HOURS_ON) VALUES ('WELL00000000028', TO_DATE('2017-03-01','YYYY-MM-DD'), 1157.77, 4805.24, 261.51, 604.53);
INSERT INTO welldata.PRODUCTION (UWI, PROD_DATE, OIL_BBL, GAS_MCF, WATER_BBL, HOURS_ON) VALUES ('WELL00000000028', TO_DATE('2017-04-01','YYYY-MM-DD'), 170.04, 14455.24, 616.63, 488.47);
INSERT INTO welldata.PRODUCTION (UWI, PROD_DATE, OIL_BBL, GAS_MCF, WATER_BBL, HOURS_ON) VALUES ('WELL00000000028', TO_DATE('2017-05-01','YYYY-MM-DD'), 2627.58, 12284.48, 952.25, 262.39);
INSERT INTO welldata.PRODUCTION (UWI, PROD_DATE, OIL_BBL, GAS_MCF, WATER_BBL, HOURS_ON) VALUES ('WELL00000000028', TO_DATE('2017-06-01','YYYY-MM-DD'), 518.69, 11961.71, 899.0, 662.69);
INSERT INTO welldata.PRODUCTION (UWI, PROD_DATE, OIL_BBL, GAS_MCF, WATER_BBL, HOURS_ON) VALUES ('WELL00000000028', TO_DATE('2017-07-01','YYYY-MM-DD'), 773.87, 310.59, 475.61, 285.24);
INSERT INTO welldata.PRODUCTION (UWI, PROD_DATE, OIL_BBL, GAS_MCF, WATER_BBL, HOURS_ON) VALUES ('WELL00000000028', TO_DATE('2017-08-01','YYYY-MM-DD'), 2044.16, 7872.49, 726.43, 309.52);
INSERT INTO welldata.PRODUCTION (UWI, PROD_DATE, OIL_BBL, GAS_MCF, WATER_BBL, HOURS_ON) VALUES ('WELL00000000028', TO_DATE('2017-09-01','YYYY-MM-DD'), 2611.31, 4985.04, 340.8, 477.38);
INSERT INTO welldata.PRODUCTION (UWI, PROD_DATE, OIL_BBL, GAS_MCF, WATER_BBL, HOURS_ON) VALUES ('WELL00000000028', TO_DATE('2017-10-01','YYYY-MM-DD'), 1162.04, 11222.89, 1278.13, 306.24);
INSERT INTO welldata.PRODUCTION (UWI, PROD_DATE, OIL_BBL, GAS_MCF, WATER_BBL, HOURS_ON) VALUES ('WELL00000000028', TO_DATE('2017-11-01','YYYY-MM-DD'), 1941.21, 11117.62, 618.51, 674.48);
INSERT INTO welldata.PRODUCTION (UWI, PROD_DATE, OIL_BBL, GAS_MCF, WATER_BBL, HOURS_ON) VALUES ('WELL00000000028', TO_DATE('2017-12-01','YYYY-MM-DD'), 841.39, 5745.81, 324.96, 537.85);
INSERT INTO welldata.PRODUCTION (UWI, PROD_DATE, OIL_BBL, GAS_MCF, WATER_BBL, HOURS_ON) VALUES ('WELL00000000028', TO_DATE('2018-01-01','YYYY-MM-DD'), 1811.56, 1440.02, 861.84, 134.64);
INSERT INTO welldata.PRODUCTION (UWI, PROD_DATE, OIL_BBL, GAS_MCF, WATER_BBL, HOURS_ON) VALUES ('WELL00000000028', TO_DATE('2018-02-01','YYYY-MM-DD'), 1660.59, 8180.93, 821.68, 383.14);
INSERT INTO welldata.PRODUCTION (UWI, PROD_DATE, OIL_BBL, GAS_MCF, WATER_BBL, HOURS_ON) VALUES ('WELL00000000028', TO_DATE('2018-03-01','YYYY-MM-DD'), 781.39, 11286.84, 727.53, 360.66);
INSERT INTO welldata.PRODUCTION (UWI, PROD_DATE, OIL_BBL, GAS_MCF, WATER_BBL, HOURS_ON) VALUES ('WELL00000000028', TO_DATE('2018-04-01','YYYY-MM-DD'), 1976.67, 11528.38, 72.7, 188.19);
INSERT INTO welldata.PRODUCTION (UWI, PROD_DATE, OIL_BBL, GAS_MCF, WATER_BBL, HOURS_ON) VALUES ('WELL00000000028', TO_DATE('2018-05-01','YYYY-MM-DD'), 2501.45, 3552.89, 1496.57, 154.63);
INSERT INTO welldata.PRODUCTION (UWI, PROD_DATE, OIL_BBL, GAS_MCF, WATER_BBL, HOURS_ON) VALUES ('WELL00000000028', TO_DATE('2018-06-01','YYYY-MM-DD'), 2855.17, 12809.71, 1483.36, 432.94);
INSERT INTO welldata.PRODUCTION (UWI, PROD_DATE, OIL_BBL, GAS_MCF, WATER_BBL, HOURS_ON) VALUES ('WELL00000000028', TO_DATE('2018-07-01','YYYY-MM-DD'), 788.65, 1730.0, 145.2, 494.31);
INSERT INTO welldata.PRODUCTION (UWI, PROD_DATE, OIL_BBL, GAS_MCF, WATER_BBL, HOURS_ON) VALUES ('WELL00000000028', TO_DATE('2018-08-01','YYYY-MM-DD'), 1443.58, 13856.92, 404.75, 701.0);
INSERT INTO welldata.PRODUCTION (UWI, PROD_DATE, OIL_BBL, GAS_MCF, WATER_BBL, HOURS_ON) VALUES ('WELL00000000028', TO_DATE('2018-09-01','YYYY-MM-DD'), 1886.96, 13480.46, 827.48, 129.75);
INSERT INTO welldata.PRODUCTION (UWI, PROD_DATE, OIL_BBL, GAS_MCF, WATER_BBL, HOURS_ON) VALUES ('WELL00000000028', TO_DATE('2018-10-01','YYYY-MM-DD'), 500.05, 12501.36, 195.13, 616.89);
INSERT INTO welldata.PRODUCTION (UWI, PROD_DATE, OIL_BBL, GAS_MCF, WATER_BBL, HOURS_ON) VALUES ('WELL00000000028', TO_DATE('2018-11-01','YYYY-MM-DD'), 1415.78, 13490.56, 954.07, 138.8);
INSERT INTO welldata.PRODUCTION (UWI, PROD_DATE, OIL_BBL, GAS_MCF, WATER_BBL, HOURS_ON) VALUES ('WELL00000000028', TO_DATE('2018-12-01','YYYY-MM-DD'), 1795.82, 2786.91, 592.26, 385.81);
INSERT INTO welldata.PRODUCTION (UWI, PROD_DATE, OIL_BBL, GAS_MCF, WATER_BBL, HOURS_ON) VALUES ('WELL00000000028', TO_DATE('2019-01-01','YYYY-MM-DD'), 928.64, 11805.9, 198.55, 185.78);
INSERT INTO welldata.PRODUCTION (UWI, PROD_DATE, OIL_BBL, GAS_MCF, WATER_BBL, HOURS_ON) VALUES ('WELL00000000028', TO_DATE('2019-02-01','YYYY-MM-DD'), 744.89, 4734.09, 1128.17, 343.03);
INSERT INTO welldata.PRODUCTION (UWI, PROD_DATE, OIL_BBL, GAS_MCF, WATER_BBL, HOURS_ON) VALUES ('WELL00000000028', TO_DATE('2019-03-01','YYYY-MM-DD'), 1746.67, 727.11, 449.24, 141.94);
INSERT INTO welldata.PRODUCTION (UWI, PROD_DATE, OIL_BBL, GAS_MCF, WATER_BBL, HOURS_ON) VALUES ('WELL00000000028', TO_DATE('2019-04-01','YYYY-MM-DD'), 777.73, 3776.76, 374.78, 378.63);
INSERT INTO welldata.PRODUCTION (UWI, PROD_DATE, OIL_BBL, GAS_MCF, WATER_BBL, HOURS_ON) VALUES ('WELL00000000028', TO_DATE('2019-05-01','YYYY-MM-DD'), 212.83, 13325.54, 154.73, 525.07);
INSERT INTO welldata.PRODUCTION (UWI, PROD_DATE, OIL_BBL, GAS_MCF, WATER_BBL, HOURS_ON) VALUES ('WELL00000000028', TO_DATE('2019-06-01','YYYY-MM-DD'), 2816.79, 11661.95, 208.77, 168.8);
INSERT INTO welldata.PRODUCTION (UWI, PROD_DATE, OIL_BBL, GAS_MCF, WATER_BBL, HOURS_ON) VALUES ('WELL00000000028', TO_DATE('2019-07-01','YYYY-MM-DD'), 679.8, 7189.83, 1009.92, 490.24);
INSERT INTO welldata.PRODUCTION (UWI, PROD_DATE, OIL_BBL, GAS_MCF, WATER_BBL, HOURS_ON) VALUES ('WELL00000000028', TO_DATE('2019-08-01','YYYY-MM-DD'), 2103.26, 5036.35, 1337.85, 683.08);
INSERT INTO welldata.PRODUCTION (UWI, PROD_DATE, OIL_BBL, GAS_MCF, WATER_BBL, HOURS_ON) VALUES ('WELL00000000028', TO_DATE('2019-09-01','YYYY-MM-DD'), 1367.77, 13733.42, 1451.16, 220.9);
INSERT INTO welldata.PRODUCTION (UWI, PROD_DATE, OIL_BBL, GAS_MCF, WATER_BBL, HOURS_ON) VALUES ('WELL00000000028', TO_DATE('2019-10-01','YYYY-MM-DD'), 2398.64, 5511.04, 981.04, 347.62);
INSERT INTO welldata.PRODUCTION (UWI, PROD_DATE, OIL_BBL, GAS_MCF, WATER_BBL, HOURS_ON) VALUES ('WELL00000000028', TO_DATE('2019-11-01','YYYY-MM-DD'), 926.86, 7984.91, 624.66, 603.0);
INSERT INTO welldata.PRODUCTION (UWI, PROD_DATE, OIL_BBL, GAS_MCF, WATER_BBL, HOURS_ON) VALUES ('WELL00000000028', TO_DATE('2019-12-01','YYYY-MM-DD'), 91.02, 8967.26, 659.32, 650.67);
INSERT INTO welldata.PRODUCTION (UWI, PROD_DATE, OIL_BBL, GAS_MCF, WATER_BBL, HOURS_ON) VALUES ('WELL00000000028', TO_DATE('2020-01-01','YYYY-MM-DD'), 837.4, 3279.66, 1310.01, 257.63);
INSERT INTO welldata.PRODUCTION (UWI, PROD_DATE, OIL_BBL, GAS_MCF, WATER_BBL, HOURS_ON) VALUES ('WELL00000000028', TO_DATE('2020-02-01','YYYY-MM-DD'), 2853.85, 8763.51, 1412.62, 633.42);
INSERT INTO welldata.PRODUCTION (UWI, PROD_DATE, OIL_BBL, GAS_MCF, WATER_BBL, HOURS_ON) VALUES ('WELL00000000028', TO_DATE('2020-03-01','YYYY-MM-DD'), 1077.31, 2939.59, 425.8, 346.11);
INSERT INTO welldata.PRODUCTION (UWI, PROD_DATE, OIL_BBL, GAS_MCF, WATER_BBL, HOURS_ON) VALUES ('WELL00000000028', TO_DATE('2020-04-01','YYYY-MM-DD'), 1450.97, 7483.33, 619.74, 170.44);
INSERT INTO welldata.PRODUCTION (UWI, PROD_DATE, OIL_BBL, GAS_MCF, WATER_BBL, HOURS_ON) VALUES ('WELL00000000028', TO_DATE('2020-05-01','YYYY-MM-DD'), 2789.68, 5168.17, 98.7, 586.4);
INSERT INTO welldata.PRODUCTION (UWI, PROD_DATE, OIL_BBL, GAS_MCF, WATER_BBL, HOURS_ON) VALUES ('WELL00000000028', TO_DATE('2020-06-01','YYYY-MM-DD'), 1306.19, 7604.5, 135.34, 396.12);
INSERT INTO welldata.PRODUCTION (UWI, PROD_DATE, OIL_BBL, GAS_MCF, WATER_BBL, HOURS_ON) VALUES ('WELL00000000028', TO_DATE('2020-07-01','YYYY-MM-DD'), 1968.24, 1738.03, 395.47, 171.34);
INSERT INTO welldata.PRODUCTION (UWI, PROD_DATE, OIL_BBL, GAS_MCF, WATER_BBL, HOURS_ON) VALUES ('WELL00000000028', TO_DATE('2020-08-01','YYYY-MM-DD'), 356.82, 8328.04, 1066.78, 207.94);
INSERT INTO welldata.PRODUCTION (UWI, PROD_DATE, OIL_BBL, GAS_MCF, WATER_BBL, HOURS_ON) VALUES ('WELL00000000028', TO_DATE('2020-09-01','YYYY-MM-DD'), 1464.74, 13752.16, 1208.59, 650.04);
INSERT INTO welldata.PRODUCTION (UWI, PROD_DATE, OIL_BBL, GAS_MCF, WATER_BBL, HOURS_ON) VALUES ('WELL00000000028', TO_DATE('2020-10-01','YYYY-MM-DD'), 416.6, 12607.57, 845.22, 347.9);
INSERT INTO welldata.PRODUCTION (UWI, PROD_DATE, OIL_BBL, GAS_MCF, WATER_BBL, HOURS_ON) VALUES ('WELL00000000028', TO_DATE('2020-11-01','YYYY-MM-DD'), 2712.46, 11651.81, 1473.75, 716.24);
INSERT INTO welldata.PRODUCTION (UWI, PROD_DATE, OIL_BBL, GAS_MCF, WATER_BBL, HOURS_ON) VALUES ('WELL00000000028', TO_DATE('2020-12-01','YYYY-MM-DD'), 2037.42, 5223.5, 198.99, 301.54);
INSERT INTO welldata.PRODUCTION (UWI, PROD_DATE, OIL_BBL, GAS_MCF, WATER_BBL, HOURS_ON) VALUES ('WELL00000000028', TO_DATE('2021-01-01','YYYY-MM-DD'), 2017.85, 4073.14, 1316.42, 708.97);
INSERT INTO welldata.PRODUCTION (UWI, PROD_DATE, OIL_BBL, GAS_MCF, WATER_BBL, HOURS_ON) VALUES ('WELL00000000028', TO_DATE('2021-02-01','YYYY-MM-DD'), 1213.51, 11990.52, 32.19, 219.04);
INSERT INTO welldata.PRODUCTION (UWI, PROD_DATE, OIL_BBL, GAS_MCF, WATER_BBL, HOURS_ON) VALUES ('WELL00000000028', TO_DATE('2021-03-01','YYYY-MM-DD'), 973.8, 10458.34, 288.22, 232.39);
INSERT INTO welldata.PRODUCTION (UWI, PROD_DATE, OIL_BBL, GAS_MCF, WATER_BBL, HOURS_ON) VALUES ('WELL00000000028', TO_DATE('2021-04-01','YYYY-MM-DD'), 1160.75, 296.1, 588.94, 372.2);
INSERT INTO welldata.PRODUCTION (UWI, PROD_DATE, OIL_BBL, GAS_MCF, WATER_BBL, HOURS_ON) VALUES ('WELL00000000028', TO_DATE('2021-05-01','YYYY-MM-DD'), 369.34, 5479.34, 317.12, 366.67);
INSERT INTO welldata.PRODUCTION (UWI, PROD_DATE, OIL_BBL, GAS_MCF, WATER_BBL, HOURS_ON) VALUES ('WELL00000000028', TO_DATE('2021-06-01','YYYY-MM-DD'), 587.15, 8174.62, 766.61, 366.3);
INSERT INTO welldata.PRODUCTION (UWI, PROD_DATE, OIL_BBL, GAS_MCF, WATER_BBL, HOURS_ON) VALUES ('WELL00000000028', TO_DATE('2021-07-01','YYYY-MM-DD'), 2083.32, 5800.09, 1095.8, 371.31);
INSERT INTO welldata.PRODUCTION (UWI, PROD_DATE, OIL_BBL, GAS_MCF, WATER_BBL, HOURS_ON) VALUES ('WELL00000000028', TO_DATE('2021-08-01','YYYY-MM-DD'), 62.92, 11545.87, 733.7, 340.64);
INSERT INTO welldata.PRODUCTION (UWI, PROD_DATE, OIL_BBL, GAS_MCF, WATER_BBL, HOURS_ON) VALUES ('WELL00000000028', TO_DATE('2021-09-01','YYYY-MM-DD'), 433.18, 14599.96, 224.67, 177.82);
INSERT INTO welldata.PRODUCTION (UWI, PROD_DATE, OIL_BBL, GAS_MCF, WATER_BBL, HOURS_ON) VALUES ('WELL00000000028', TO_DATE('2021-10-01','YYYY-MM-DD'), 447.55, 4785.85, 1446.59, 191.96);
INSERT INTO welldata.PRODUCTION (UWI, PROD_DATE, OIL_BBL, GAS_MCF, WATER_BBL, HOURS_ON) VALUES ('WELL00000000028', TO_DATE('2021-11-01','YYYY-MM-DD'), 432.78, 8486.24, 768.92, 122.29);
INSERT INTO welldata.PRODUCTION (UWI, PROD_DATE, OIL_BBL, GAS_MCF, WATER_BBL, HOURS_ON) VALUES ('WELL00000000028', TO_DATE('2021-12-01','YYYY-MM-DD'), 1212.09, 3409.59, 882.93, 559.21);
INSERT INTO welldata.PRODUCTION (UWI, PROD_DATE, OIL_BBL, GAS_MCF, WATER_BBL, HOURS_ON) VALUES ('WELL00000000028', TO_DATE('2022-01-01','YYYY-MM-DD'), 2565.62, 1171.34, 495.13, 589.54);
INSERT INTO welldata.PRODUCTION (UWI, PROD_DATE, OIL_BBL, GAS_MCF, WATER_BBL, HOURS_ON) VALUES ('WELL00000000028', TO_DATE('2022-02-01','YYYY-MM-DD'), 222.51, 2460.5, 39.89, 180.59);
INSERT INTO welldata.PRODUCTION (UWI, PROD_DATE, OIL_BBL, GAS_MCF, WATER_BBL, HOURS_ON) VALUES ('WELL00000000028', TO_DATE('2022-03-01','YYYY-MM-DD'), 1206.21, 7335.08, 740.06, 627.78);
INSERT INTO welldata.PRODUCTION (UWI, PROD_DATE, OIL_BBL, GAS_MCF, WATER_BBL, HOURS_ON) VALUES ('WELL00000000028', TO_DATE('2022-04-01','YYYY-MM-DD'), 2847.6, 3589.31, 1019.56, 491.26);
INSERT INTO welldata.PRODUCTION (UWI, PROD_DATE, OIL_BBL, GAS_MCF, WATER_BBL, HOURS_ON) VALUES ('WELL00000000028', TO_DATE('2022-05-01','YYYY-MM-DD'), 763.64, 9977.4, 861.12, 670.43);
INSERT INTO welldata.PRODUCTION (UWI, PROD_DATE, OIL_BBL, GAS_MCF, WATER_BBL, HOURS_ON) VALUES ('WELL00000000028', TO_DATE('2022-06-01','YYYY-MM-DD'), 2417.44, 5351.66, 96.1, 196.8);
INSERT INTO welldata.PRODUCTION (UWI, PROD_DATE, OIL_BBL, GAS_MCF, WATER_BBL, HOURS_ON) VALUES ('WELL00000000028', TO_DATE('2022-07-01','YYYY-MM-DD'), 1278.21, 1858.38, 617.7, 451.26);
INSERT INTO welldata.PRODUCTION (UWI, PROD_DATE, OIL_BBL, GAS_MCF, WATER_BBL, HOURS_ON) VALUES ('WELL00000000028', TO_DATE('2022-08-01','YYYY-MM-DD'), 2613.58, 13561.59, 132.26, 481.32);
INSERT INTO welldata.PRODUCTION (UWI, PROD_DATE, OIL_BBL, GAS_MCF, WATER_BBL, HOURS_ON) VALUES ('WELL00000000028', TO_DATE('2022-09-01','YYYY-MM-DD'), 1045.19, 11739.28, 1084.96, 124.64);
INSERT INTO welldata.PRODUCTION (UWI, PROD_DATE, OIL_BBL, GAS_MCF, WATER_BBL, HOURS_ON) VALUES ('WELL00000000028', TO_DATE('2022-10-01','YYYY-MM-DD'), 2808.88, 14961.18, 720.02, 595.73);
INSERT INTO welldata.PRODUCTION (UWI, PROD_DATE, OIL_BBL, GAS_MCF, WATER_BBL, HOURS_ON) VALUES ('WELL00000000028', TO_DATE('2022-11-01','YYYY-MM-DD'), 690.53, 14788.77, 757.7, 506.56);
INSERT INTO welldata.PRODUCTION (UWI, PROD_DATE, OIL_BBL, GAS_MCF, WATER_BBL, HOURS_ON) VALUES ('WELL00000000028', TO_DATE('2022-12-01','YYYY-MM-DD'), 1130.56, 2088.23, 1137.69, 332.96);
INSERT INTO welldata.PRODUCTION (UWI, PROD_DATE, OIL_BBL, GAS_MCF, WATER_BBL, HOURS_ON) VALUES ('WELL00000000028', TO_DATE('2023-01-01','YYYY-MM-DD'), 714.44, 11350.44, 958.54, 667.79);
INSERT INTO welldata.PRODUCTION (UWI, PROD_DATE, OIL_BBL, GAS_MCF, WATER_BBL, HOURS_ON) VALUES ('WELL00000000028', TO_DATE('2023-02-01','YYYY-MM-DD'), 1941.41, 5583.45, 1494.72, 454.99);
INSERT INTO welldata.PRODUCTION (UWI, PROD_DATE, OIL_BBL, GAS_MCF, WATER_BBL, HOURS_ON) VALUES ('WELL00000000028', TO_DATE('2023-03-01','YYYY-MM-DD'), 2257.68, 2921.28, 1292.29, 593.62);
INSERT INTO welldata.PRODUCTION (UWI, PROD_DATE, OIL_BBL, GAS_MCF, WATER_BBL, HOURS_ON) VALUES ('WELL00000000028', TO_DATE('2023-04-01','YYYY-MM-DD'), 888.92, 9852.92, 838.18, 181.01);
INSERT INTO welldata.PRODUCTION (UWI, PROD_DATE, OIL_BBL, GAS_MCF, WATER_BBL, HOURS_ON) VALUES ('WELL00000000028', TO_DATE('2023-05-01','YYYY-MM-DD'), 2229.67, 9830.4, 1461.15, 229.31);
INSERT INTO welldata.PRODUCTION (UWI, PROD_DATE, OIL_BBL, GAS_MCF, WATER_BBL, HOURS_ON) VALUES ('WELL00000000028', TO_DATE('2023-06-01','YYYY-MM-DD'), 750.19, 10392.07, 318.49, 233.98);
INSERT INTO welldata.PRODUCTION (UWI, PROD_DATE, OIL_BBL, GAS_MCF, WATER_BBL, HOURS_ON) VALUES ('WELL00000000028', TO_DATE('2023-07-01','YYYY-MM-DD'), 743.31, 11396.17, 297.5, 183.89);
INSERT INTO welldata.PRODUCTION (UWI, PROD_DATE, OIL_BBL, GAS_MCF, WATER_BBL, HOURS_ON) VALUES ('WELL00000000028', TO_DATE('2023-08-01','YYYY-MM-DD'), 2106.21, 14489.06, 806.2, 340.03);
INSERT INTO welldata.PRODUCTION (UWI, PROD_DATE, OIL_BBL, GAS_MCF, WATER_BBL, HOURS_ON) VALUES ('WELL00000000028', TO_DATE('2023-09-01','YYYY-MM-DD'), 280.69, 5907.83, 351.18, 294.66);
INSERT INTO welldata.PRODUCTION (UWI, PROD_DATE, OIL_BBL, GAS_MCF, WATER_BBL, HOURS_ON) VALUES ('WELL00000000028', TO_DATE('2023-10-01','YYYY-MM-DD'), 1862.2, 10332.87, 929.3, 523.8);
INSERT INTO welldata.PRODUCTION (UWI, PROD_DATE, OIL_BBL, GAS_MCF, WATER_BBL, HOURS_ON) VALUES ('WELL00000000028', TO_DATE('2023-11-01','YYYY-MM-DD'), 1723.59, 8196.07, 938.03, 611.16);
INSERT INTO welldata.PRODUCTION (UWI, PROD_DATE, OIL_BBL, GAS_MCF, WATER_BBL, HOURS_ON) VALUES ('WELL00000000028', TO_DATE('2023-12-01','YYYY-MM-DD'), 2347.09, 4979.98, 195.01, 557.96);
INSERT INTO welldata.PRODUCTION (UWI, PROD_DATE, OIL_BBL, GAS_MCF, WATER_BBL, HOURS_ON) VALUES ('WELL00000000028', TO_DATE('2024-01-01','YYYY-MM-DD'), 662.06, 4996.29, 206.49, 325.26);
INSERT INTO welldata.PRODUCTION (UWI, PROD_DATE, OIL_BBL, GAS_MCF, WATER_BBL, HOURS_ON) VALUES ('WELL00000000028', TO_DATE('2024-02-01','YYYY-MM-DD'), 2146.28, 14658.39, 964.06, 603.69);
INSERT INTO welldata.PRODUCTION (UWI, PROD_DATE, OIL_BBL, GAS_MCF, WATER_BBL, HOURS_ON) VALUES ('WELL00000000028', TO_DATE('2024-03-01','YYYY-MM-DD'), 1887.05, 14984.64, 1434.92, 140.17);
INSERT INTO welldata.PRODUCTION (UWI, PROD_DATE, OIL_BBL, GAS_MCF, WATER_BBL, HOURS_ON) VALUES ('WELL00000000028', TO_DATE('2024-04-01','YYYY-MM-DD'), 2338.99, 3229.37, 273.51, 551.83);
INSERT INTO welldata.PRODUCTION (UWI, PROD_DATE, OIL_BBL, GAS_MCF, WATER_BBL, HOURS_ON) VALUES ('WELL00000000028', TO_DATE('2024-05-01','YYYY-MM-DD'), 1750.26, 13546.53, 1269.61, 231.04);
INSERT INTO welldata.PRODUCTION (UWI, PROD_DATE, OIL_BBL, GAS_MCF, WATER_BBL, HOURS_ON) VALUES ('WELL00000000028', TO_DATE('2024-06-01','YYYY-MM-DD'), 967.47, 9197.51, 400.04, 487.31);
INSERT INTO welldata.PRODUCTION (UWI, PROD_DATE, OIL_BBL, GAS_MCF, WATER_BBL, HOURS_ON) VALUES ('WELL00000000028', TO_DATE('2024-07-01','YYYY-MM-DD'), 627.63, 4333.44, 364.95, 409.8);
INSERT INTO welldata.PRODUCTION (UWI, PROD_DATE, OIL_BBL, GAS_MCF, WATER_BBL, HOURS_ON) VALUES ('WELL00000000028', TO_DATE('2024-08-01','YYYY-MM-DD'), 235.88, 12926.34, 1205.67, 168.8);
INSERT INTO welldata.PRODUCTION (UWI, PROD_DATE, OIL_BBL, GAS_MCF, WATER_BBL, HOURS_ON) VALUES ('WELL00000000028', TO_DATE('2024-09-01','YYYY-MM-DD'), 2764.79, 6227.66, 481.58, 546.51);
INSERT INTO welldata.PRODUCTION (UWI, PROD_DATE, OIL_BBL, GAS_MCF, WATER_BBL, HOURS_ON) VALUES ('WELL00000000028', TO_DATE('2024-10-01','YYYY-MM-DD'), 163.95, 12734.15, 299.19, 314.69);
INSERT INTO welldata.PRODUCTION (UWI, PROD_DATE, OIL_BBL, GAS_MCF, WATER_BBL, HOURS_ON) VALUES ('WELL00000000028', TO_DATE('2024-11-01','YYYY-MM-DD'), 115.22, 5561.75, 1278.72, 397.61);
INSERT INTO welldata.PRODUCTION (UWI, PROD_DATE, OIL_BBL, GAS_MCF, WATER_BBL, HOURS_ON) VALUES ('WELL00000000028', TO_DATE('2024-12-01','YYYY-MM-DD'), 2354.76, 11676.87, 1139.42, 708.82);
INSERT INTO welldata.FORMATION_TOPS (UWI, FORMATION, TOP_DEPTH_M, BASE_DEPTH_M, LITHOLOGY) VALUES ('WELL00000000028', 'Rajahmundry', 642, 753, 'SANDSTONE');
INSERT INTO welldata.FORMATION_TOPS (UWI, FORMATION, TOP_DEPTH_M, BASE_DEPTH_M, LITHOLOGY) VALUES ('WELL00000000028', 'Bengal', 1007, 1406, 'LIMESTONE');
INSERT INTO welldata.FORMATION_TOPS (UWI, FORMATION, TOP_DEPTH_M, BASE_DEPTH_M, LITHOLOGY) VALUES ('WELL00000000028', 'Sanchore', 1375, 1696, 'SHALE');
INSERT INTO welldata.FORMATION_TOPS (UWI, FORMATION, TOP_DEPTH_M, BASE_DEPTH_M, LITHOLOGY) VALUES ('WELL00000000028', 'Barmer', 1344, 1730, 'DOLOMITE');
INSERT INTO welldata.CORE_ANALYSIS (UWI, CORE_RUN, TOP_DEPTH_M, BASE_DEPTH_M, GRAIN_DENSITY, BULK_DENSITY, RECOVERY_PCT) VALUES ('WELL00000000028', 1, 2109, 2181, 2.7578, 1.9218, 87.57);
INSERT INTO welldata.CORE_ANALYSIS (UWI, CORE_RUN, TOP_DEPTH_M, BASE_DEPTH_M, GRAIN_DENSITY, BULK_DENSITY, RECOVERY_PCT) VALUES ('WELL00000000028', 2, 1389, 1421, 2.7302, 1.9491, 54.65);
INSERT INTO welldata.WELL (UWI, WELL_NAME, OPERATOR, COUNTRY, BASIN, FIELD_NAME, SPUD_DATE, COMPLETION_DATE, WELL_TYPE, WELL_STATUS, SURFACE_LAT, SURFACE_LON, TOTAL_DEPTH_M, KB_ELEVATION_M) VALUES ('WELL00000000029', 'RELI-CA-029', 'Reliance', 'India', 'Cambay', 'Cambay Field 5', TO_DATE('2007-05-12','YYYY-MM-DD'), NULL, 'EXPLORATION', 'ACTIVE', 18.662154, 70.771828, 4111, 68.77);
INSERT INTO welldata.BOREHOLE (UBHI, UWI, BOREHOLE_NAME, BOREHOLE_TYPE, TOP_DEPTH_M, BASE_DEPTH_M) VALUES ('WELL00000000029-BH1', 'WELL00000000029', 'RELI-CA-029-BH1', 'HORIZONTAL', 773, 1278);
INSERT INTO welldata.PETROPHYSICS (UBHI, SAMPLE_DEPTH_M, POROSITY, PERMEABILITY, WATER_SAT, FORMATION) VALUES ('WELL00000000029-BH1', 1000, 0.0879, 27.1804, 0.2628, 'Rajahmundry');
INSERT INTO welldata.PETROPHYSICS (UBHI, SAMPLE_DEPTH_M, POROSITY, PERMEABILITY, WATER_SAT, FORMATION) VALUES ('WELL00000000029-BH1', 1020, 0.2141, 0.23, 0.5379, 'Barmer');
INSERT INTO welldata.PETROPHYSICS (UBHI, SAMPLE_DEPTH_M, POROSITY, PERMEABILITY, WATER_SAT, FORMATION) VALUES ('WELL00000000029-BH1', 1040, 0.0693, 395.1119, 0.3306, 'Rajahmundry');
INSERT INTO welldata.PETROPHYSICS (UBHI, SAMPLE_DEPTH_M, POROSITY, PERMEABILITY, WATER_SAT, FORMATION) VALUES ('WELL00000000029-BH1', 1060, 0.1104, 80.3167, 0.641, 'Rajahmundry');
INSERT INTO welldata.PETROPHYSICS (UBHI, SAMPLE_DEPTH_M, POROSITY, PERMEABILITY, WATER_SAT, FORMATION) VALUES ('WELL00000000029-BH1', 1080, 0.2154, 231.26, 0.5531, 'Barmer');
INSERT INTO welldata.PETROPHYSICS (UBHI, SAMPLE_DEPTH_M, POROSITY, PERMEABILITY, WATER_SAT, FORMATION) VALUES ('WELL00000000029-BH1', 1100, 0.0967, 129.5589, 0.5909, 'Rajahmundry');
INSERT INTO welldata.PETROPHYSICS (UBHI, SAMPLE_DEPTH_M, POROSITY, PERMEABILITY, WATER_SAT, FORMATION) VALUES ('WELL00000000029-BH1', 1120, 0.1256, 13.121, 0.3939, 'Rajahmundry');
INSERT INTO welldata.PETROPHYSICS (UBHI, SAMPLE_DEPTH_M, POROSITY, PERMEABILITY, WATER_SAT, FORMATION) VALUES ('WELL00000000029-BH1', 1140, 0.0972, 166.9368, 0.5079, 'Rajahmundry');
INSERT INTO welldata.PETROPHYSICS (UBHI, SAMPLE_DEPTH_M, POROSITY, PERMEABILITY, WATER_SAT, FORMATION) VALUES ('WELL00000000029-BH1', 1160, 0.1357, 391.9564, 0.3827, 'Barmer');
INSERT INTO welldata.PETROPHYSICS (UBHI, SAMPLE_DEPTH_M, POROSITY, PERMEABILITY, WATER_SAT, FORMATION) VALUES ('WELL00000000029-BH1', 1180, 0.2599, 5.0253, 0.2941, 'Rajahmundry');
INSERT INTO welldata.PETROPHYSICS (UBHI, SAMPLE_DEPTH_M, POROSITY, PERMEABILITY, WATER_SAT, FORMATION) VALUES ('WELL00000000029-BH1', 1200, 0.1365, 78.7107, 0.1526, 'Barmer');
INSERT INTO welldata.PETROPHYSICS (UBHI, SAMPLE_DEPTH_M, POROSITY, PERMEABILITY, WATER_SAT, FORMATION) VALUES ('WELL00000000029-BH1', 1220, 0.0735, 43.0795, 0.2295, 'Bengal');
INSERT INTO welldata.PETROPHYSICS (UBHI, SAMPLE_DEPTH_M, POROSITY, PERMEABILITY, WATER_SAT, FORMATION) VALUES ('WELL00000000029-BH1', 1240, 0.0977, 285.6366, 0.4555, 'Barmer');
INSERT INTO welldata.PETROPHYSICS (UBHI, SAMPLE_DEPTH_M, POROSITY, PERMEABILITY, WATER_SAT, FORMATION) VALUES ('WELL00000000029-BH1', 1260, 0.0772, 397.9477, 0.5055, 'Barmer');
INSERT INTO welldata.PETROPHYSICS (UBHI, SAMPLE_DEPTH_M, POROSITY, PERMEABILITY, WATER_SAT, FORMATION) VALUES ('WELL00000000029-BH1', 1280, 0.1267, 411.5791, 0.4574, 'Barmer');
INSERT INTO welldata.PETROPHYSICS (UBHI, SAMPLE_DEPTH_M, POROSITY, PERMEABILITY, WATER_SAT, FORMATION) VALUES ('WELL00000000029-BH1', 1300, 0.2552, 246.5759, 0.4928, 'Rajahmundry');
INSERT INTO welldata.PETROPHYSICS (UBHI, SAMPLE_DEPTH_M, POROSITY, PERMEABILITY, WATER_SAT, FORMATION) VALUES ('WELL00000000029-BH1', 1320, 0.1213, 95.6487, 0.7479, 'Rajahmundry');
INSERT INTO welldata.PETROPHYSICS (UBHI, SAMPLE_DEPTH_M, POROSITY, PERMEABILITY, WATER_SAT, FORMATION) VALUES ('WELL00000000029-BH1', 1340, 0.1174, 183.9589, 0.1583, 'Rajahmundry');
INSERT INTO welldata.PETROPHYSICS (UBHI, SAMPLE_DEPTH_M, POROSITY, PERMEABILITY, WATER_SAT, FORMATION) VALUES ('WELL00000000029-BH1', 1360, 0.2744, 324.8274, 0.6559, 'Sanchore');
INSERT INTO welldata.PETROPHYSICS (UBHI, SAMPLE_DEPTH_M, POROSITY, PERMEABILITY, WATER_SAT, FORMATION) VALUES ('WELL00000000029-BH1', 1380, 0.2218, 251.3208, 0.5202, 'Sanchore');
INSERT INTO welldata.PETROPHYSICS (UBHI, SAMPLE_DEPTH_M, POROSITY, PERMEABILITY, WATER_SAT, FORMATION) VALUES ('WELL00000000029-BH1', 1400, 0.2772, 393.8021, 0.4713, 'Sanchore');
INSERT INTO welldata.PETROPHYSICS (UBHI, SAMPLE_DEPTH_M, POROSITY, PERMEABILITY, WATER_SAT, FORMATION) VALUES ('WELL00000000029-BH1', 1420, 0.0543, 422.8569, 0.5973, 'Rajahmundry');
INSERT INTO welldata.PETROPHYSICS (UBHI, SAMPLE_DEPTH_M, POROSITY, PERMEABILITY, WATER_SAT, FORMATION) VALUES ('WELL00000000029-BH1', 1440, 0.063, 20.4616, 0.6345, 'Bengal');
INSERT INTO welldata.PETROPHYSICS (UBHI, SAMPLE_DEPTH_M, POROSITY, PERMEABILITY, WATER_SAT, FORMATION) VALUES ('WELL00000000029-BH1', 1460, 0.0569, 62.2671, 0.4306, 'Sanchore');
INSERT INTO welldata.PETROPHYSICS (UBHI, SAMPLE_DEPTH_M, POROSITY, PERMEABILITY, WATER_SAT, FORMATION) VALUES ('WELL00000000029-BH1', 1480, 0.1819, 294.3521, 0.4931, 'Bengal');
INSERT INTO welldata.PETROPHYSICS (UBHI, SAMPLE_DEPTH_M, POROSITY, PERMEABILITY, WATER_SAT, FORMATION) VALUES ('WELL00000000029-BH1', 1500, 0.1183, 298.3202, 0.5279, 'Barmer');
INSERT INTO welldata.PETROPHYSICS (UBHI, SAMPLE_DEPTH_M, POROSITY, PERMEABILITY, WATER_SAT, FORMATION) VALUES ('WELL00000000029-BH1', 1520, 0.1285, 280.5367, 0.7432, 'Rajahmundry');
INSERT INTO welldata.PETROPHYSICS (UBHI, SAMPLE_DEPTH_M, POROSITY, PERMEABILITY, WATER_SAT, FORMATION) VALUES ('WELL00000000029-BH1', 1540, 0.0632, 171.7205, 0.6146, 'Sanchore');
INSERT INTO welldata.PETROPHYSICS (UBHI, SAMPLE_DEPTH_M, POROSITY, PERMEABILITY, WATER_SAT, FORMATION) VALUES ('WELL00000000029-BH1', 1560, 0.1311, 225.3921, 0.2955, 'Barmer');
INSERT INTO welldata.PETROPHYSICS (UBHI, SAMPLE_DEPTH_M, POROSITY, PERMEABILITY, WATER_SAT, FORMATION) VALUES ('WELL00000000029-BH1', 1580, 0.0407, 234.5091, 0.4117, 'Barmer');
INSERT INTO welldata.PETROPHYSICS (UBHI, SAMPLE_DEPTH_M, POROSITY, PERMEABILITY, WATER_SAT, FORMATION) VALUES ('WELL00000000029-BH1', 1600, 0.0513, 138.6138, 0.5666, 'Bengal');
INSERT INTO welldata.PETROPHYSICS (UBHI, SAMPLE_DEPTH_M, POROSITY, PERMEABILITY, WATER_SAT, FORMATION) VALUES ('WELL00000000029-BH1', 1620, 0.1642, 80.0635, 0.2842, 'Rajahmundry');
INSERT INTO welldata.PETROPHYSICS (UBHI, SAMPLE_DEPTH_M, POROSITY, PERMEABILITY, WATER_SAT, FORMATION) VALUES ('WELL00000000029-BH1', 1640, 0.2196, 166.3248, 0.2332, 'Barmer');
INSERT INTO welldata.PETROPHYSICS (UBHI, SAMPLE_DEPTH_M, POROSITY, PERMEABILITY, WATER_SAT, FORMATION) VALUES ('WELL00000000029-BH1', 1660, 0.1145, 266.7417, 0.6016, 'Rajahmundry');
INSERT INTO welldata.PETROPHYSICS (UBHI, SAMPLE_DEPTH_M, POROSITY, PERMEABILITY, WATER_SAT, FORMATION) VALUES ('WELL00000000029-BH1', 1680, 0.1365, 444.7504, 0.1805, 'Barmer');
INSERT INTO welldata.PETROPHYSICS (UBHI, SAMPLE_DEPTH_M, POROSITY, PERMEABILITY, WATER_SAT, FORMATION) VALUES ('WELL00000000029-BH1', 1700, 0.2725, 301.3145, 0.2616, 'Bengal');
INSERT INTO welldata.PETROPHYSICS (UBHI, SAMPLE_DEPTH_M, POROSITY, PERMEABILITY, WATER_SAT, FORMATION) VALUES ('WELL00000000029-BH1', 1720, 0.2695, 180.0733, 0.2851, 'Rajahmundry');
INSERT INTO welldata.PETROPHYSICS (UBHI, SAMPLE_DEPTH_M, POROSITY, PERMEABILITY, WATER_SAT, FORMATION) VALUES ('WELL00000000029-BH1', 1740, 0.0497, 431.9307, 0.6002, 'Bengal');
INSERT INTO welldata.PETROPHYSICS (UBHI, SAMPLE_DEPTH_M, POROSITY, PERMEABILITY, WATER_SAT, FORMATION) VALUES ('WELL00000000029-BH1', 1760, 0.0608, 173.5625, 0.6814, 'Rajahmundry');
INSERT INTO welldata.PETROPHYSICS (UBHI, SAMPLE_DEPTH_M, POROSITY, PERMEABILITY, WATER_SAT, FORMATION) VALUES ('WELL00000000029-BH1', 1780, 0.1602, 34.5587, 0.1963, 'Sanchore');
INSERT INTO welldata.PETROPHYSICS (UBHI, SAMPLE_DEPTH_M, POROSITY, PERMEABILITY, WATER_SAT, FORMATION) VALUES ('WELL00000000029-BH1', 1800, 0.0465, 429.1025, 0.2864, 'Sanchore');
INSERT INTO welldata.PETROPHYSICS (UBHI, SAMPLE_DEPTH_M, POROSITY, PERMEABILITY, WATER_SAT, FORMATION) VALUES ('WELL00000000029-BH1', 1820, 0.1088, 291.0747, 0.1673, 'Bengal');
INSERT INTO welldata.PETROPHYSICS (UBHI, SAMPLE_DEPTH_M, POROSITY, PERMEABILITY, WATER_SAT, FORMATION) VALUES ('WELL00000000029-BH1', 1840, 0.09, 29.3447, 0.5675, 'Sanchore');
INSERT INTO welldata.PETROPHYSICS (UBHI, SAMPLE_DEPTH_M, POROSITY, PERMEABILITY, WATER_SAT, FORMATION) VALUES ('WELL00000000029-BH1', 1860, 0.0971, 244.9587, 0.3363, 'Bengal');
INSERT INTO welldata.PETROPHYSICS (UBHI, SAMPLE_DEPTH_M, POROSITY, PERMEABILITY, WATER_SAT, FORMATION) VALUES ('WELL00000000029-BH1', 1880, 0.1028, 414.4666, 0.5747, 'Barmer');
INSERT INTO welldata.PETROPHYSICS (UBHI, SAMPLE_DEPTH_M, POROSITY, PERMEABILITY, WATER_SAT, FORMATION) VALUES ('WELL00000000029-BH1', 1900, 0.0786, 22.5232, 0.3796, 'Rajahmundry');
INSERT INTO welldata.PETROPHYSICS (UBHI, SAMPLE_DEPTH_M, POROSITY, PERMEABILITY, WATER_SAT, FORMATION) VALUES ('WELL00000000029-BH1', 1920, 0.2705, 226.861, 0.278, 'Sanchore');
INSERT INTO welldata.PETROPHYSICS (UBHI, SAMPLE_DEPTH_M, POROSITY, PERMEABILITY, WATER_SAT, FORMATION) VALUES ('WELL00000000029-BH1', 1940, 0.0685, 38.714, 0.6077, 'Sanchore');
INSERT INTO welldata.PETROPHYSICS (UBHI, SAMPLE_DEPTH_M, POROSITY, PERMEABILITY, WATER_SAT, FORMATION) VALUES ('WELL00000000029-BH1', 1960, 0.2445, 370.8203, 0.3661, 'Sanchore');
INSERT INTO welldata.PETROPHYSICS (UBHI, SAMPLE_DEPTH_M, POROSITY, PERMEABILITY, WATER_SAT, FORMATION) VALUES ('WELL00000000029-BH1', 1980, 0.0402, 152.3929, 0.5947, 'Rajahmundry');
INSERT INTO welldata.PETROPHYSICS (UBHI, SAMPLE_DEPTH_M, POROSITY, PERMEABILITY, WATER_SAT, FORMATION) VALUES ('WELL00000000029-BH1', 2000, 0.202, 166.737, 0.5468, 'Sanchore');
INSERT INTO welldata.PETROPHYSICS (UBHI, SAMPLE_DEPTH_M, POROSITY, PERMEABILITY, WATER_SAT, FORMATION) VALUES ('WELL00000000029-BH1', 2020, 0.0428, 84.6652, 0.2406, 'Rajahmundry');
INSERT INTO welldata.PETROPHYSICS (UBHI, SAMPLE_DEPTH_M, POROSITY, PERMEABILITY, WATER_SAT, FORMATION) VALUES ('WELL00000000029-BH1', 2040, 0.1963, 265.3868, 0.707, 'Bengal');
INSERT INTO welldata.PETROPHYSICS (UBHI, SAMPLE_DEPTH_M, POROSITY, PERMEABILITY, WATER_SAT, FORMATION) VALUES ('WELL00000000029-BH1', 2060, 0.1428, 288.1057, 0.2021, 'Barmer');
INSERT INTO welldata.PETROPHYSICS (UBHI, SAMPLE_DEPTH_M, POROSITY, PERMEABILITY, WATER_SAT, FORMATION) VALUES ('WELL00000000029-BH1', 2080, 0.1164, 325.8836, 0.1875, 'Bengal');
INSERT INTO welldata.PETROPHYSICS (UBHI, SAMPLE_DEPTH_M, POROSITY, PERMEABILITY, WATER_SAT, FORMATION) VALUES ('WELL00000000029-BH1', 2100, 0.144, 116.845, 0.2507, 'Bengal');
INSERT INTO welldata.PETROPHYSICS (UBHI, SAMPLE_DEPTH_M, POROSITY, PERMEABILITY, WATER_SAT, FORMATION) VALUES ('WELL00000000029-BH1', 2120, 0.1416, 77.3194, 0.2101, 'Rajahmundry');
INSERT INTO welldata.PETROPHYSICS (UBHI, SAMPLE_DEPTH_M, POROSITY, PERMEABILITY, WATER_SAT, FORMATION) VALUES ('WELL00000000029-BH1', 2140, 0.0575, 127.6336, 0.2514, 'Sanchore');
INSERT INTO welldata.PETROPHYSICS (UBHI, SAMPLE_DEPTH_M, POROSITY, PERMEABILITY, WATER_SAT, FORMATION) VALUES ('WELL00000000029-BH1', 2160, 0.1289, 181.0428, 0.6034, 'Sanchore');
INSERT INTO welldata.PETROPHYSICS (UBHI, SAMPLE_DEPTH_M, POROSITY, PERMEABILITY, WATER_SAT, FORMATION) VALUES ('WELL00000000029-BH1', 2180, 0.2106, 173.4328, 0.168, 'Barmer');
INSERT INTO welldata.PETROPHYSICS (UBHI, SAMPLE_DEPTH_M, POROSITY, PERMEABILITY, WATER_SAT, FORMATION) VALUES ('WELL00000000029-BH1', 2200, 0.1936, 370.3537, 0.2383, 'Bengal');
INSERT INTO welldata.PETROPHYSICS (UBHI, SAMPLE_DEPTH_M, POROSITY, PERMEABILITY, WATER_SAT, FORMATION) VALUES ('WELL00000000029-BH1', 2220, 0.1545, 391.1633, 0.5264, 'Rajahmundry');
INSERT INTO welldata.PETROPHYSICS (UBHI, SAMPLE_DEPTH_M, POROSITY, PERMEABILITY, WATER_SAT, FORMATION) VALUES ('WELL00000000029-BH1', 2240, 0.1586, 417.1256, 0.6214, 'Sanchore');
INSERT INTO welldata.PETROPHYSICS (UBHI, SAMPLE_DEPTH_M, POROSITY, PERMEABILITY, WATER_SAT, FORMATION) VALUES ('WELL00000000029-BH1', 2260, 0.2694, 60.1271, 0.5284, 'Sanchore');
INSERT INTO welldata.PETROPHYSICS (UBHI, SAMPLE_DEPTH_M, POROSITY, PERMEABILITY, WATER_SAT, FORMATION) VALUES ('WELL00000000029-BH1', 2280, 0.1732, 214.9346, 0.6463, 'Sanchore');
INSERT INTO welldata.PETROPHYSICS (UBHI, SAMPLE_DEPTH_M, POROSITY, PERMEABILITY, WATER_SAT, FORMATION) VALUES ('WELL00000000029-BH1', 2300, 0.1156, 340.6833, 0.6406, 'Bengal');
INSERT INTO welldata.PETROPHYSICS (UBHI, SAMPLE_DEPTH_M, POROSITY, PERMEABILITY, WATER_SAT, FORMATION) VALUES ('WELL00000000029-BH1', 2320, 0.2688, 421.8041, 0.5146, 'Rajahmundry');
INSERT INTO welldata.PETROPHYSICS (UBHI, SAMPLE_DEPTH_M, POROSITY, PERMEABILITY, WATER_SAT, FORMATION) VALUES ('WELL00000000029-BH1', 2340, 0.2199, 231.9728, 0.4002, 'Sanchore');
INSERT INTO welldata.PETROPHYSICS (UBHI, SAMPLE_DEPTH_M, POROSITY, PERMEABILITY, WATER_SAT, FORMATION) VALUES ('WELL00000000029-BH1', 2360, 0.1815, 285.4585, 0.5794, 'Sanchore');
INSERT INTO welldata.PETROPHYSICS (UBHI, SAMPLE_DEPTH_M, POROSITY, PERMEABILITY, WATER_SAT, FORMATION) VALUES ('WELL00000000029-BH1', 2380, 0.0912, 391.6517, 0.2704, 'Bengal');
INSERT INTO welldata.PETROPHYSICS (UBHI, SAMPLE_DEPTH_M, POROSITY, PERMEABILITY, WATER_SAT, FORMATION) VALUES ('WELL00000000029-BH1', 2400, 0.0907, 181.7047, 0.593, 'Barmer');
INSERT INTO welldata.PETROPHYSICS (UBHI, SAMPLE_DEPTH_M, POROSITY, PERMEABILITY, WATER_SAT, FORMATION) VALUES ('WELL00000000029-BH1', 2420, 0.1925, 265.2038, 0.4568, 'Barmer');
INSERT INTO welldata.PETROPHYSICS (UBHI, SAMPLE_DEPTH_M, POROSITY, PERMEABILITY, WATER_SAT, FORMATION) VALUES ('WELL00000000029-BH1', 2440, 0.2045, 133.9704, 0.4729, 'Barmer');
INSERT INTO welldata.PETROPHYSICS (UBHI, SAMPLE_DEPTH_M, POROSITY, PERMEABILITY, WATER_SAT, FORMATION) VALUES ('WELL00000000029-BH1', 2460, 0.2535, 114.2857, 0.3249, 'Barmer');
INSERT INTO welldata.PETROPHYSICS (UBHI, SAMPLE_DEPTH_M, POROSITY, PERMEABILITY, WATER_SAT, FORMATION) VALUES ('WELL00000000029-BH1', 2480, 0.227, 346.5415, 0.7068, 'Rajahmundry');
INSERT INTO welldata.PETROPHYSICS (UBHI, SAMPLE_DEPTH_M, POROSITY, PERMEABILITY, WATER_SAT, FORMATION) VALUES ('WELL00000000029-BH1', 2500, 0.161, 282.7295, 0.394, 'Barmer');
INSERT INTO welldata.PETROPHYSICS (UBHI, SAMPLE_DEPTH_M, POROSITY, PERMEABILITY, WATER_SAT, FORMATION) VALUES ('WELL00000000029-BH1', 2520, 0.2207, 255.5214, 0.2204, 'Bengal');
INSERT INTO welldata.PETROPHYSICS (UBHI, SAMPLE_DEPTH_M, POROSITY, PERMEABILITY, WATER_SAT, FORMATION) VALUES ('WELL00000000029-BH1', 2540, 0.1152, 190.4365, 0.519, 'Bengal');
INSERT INTO welldata.PETROPHYSICS (UBHI, SAMPLE_DEPTH_M, POROSITY, PERMEABILITY, WATER_SAT, FORMATION) VALUES ('WELL00000000029-BH1', 2560, 0.2112, 95.1048, 0.3233, 'Sanchore');
INSERT INTO welldata.PETROPHYSICS (UBHI, SAMPLE_DEPTH_M, POROSITY, PERMEABILITY, WATER_SAT, FORMATION) VALUES ('WELL00000000029-BH1', 2580, 0.0533, 132.6431, 0.4076, 'Barmer');
INSERT INTO welldata.PETROPHYSICS (UBHI, SAMPLE_DEPTH_M, POROSITY, PERMEABILITY, WATER_SAT, FORMATION) VALUES ('WELL00000000029-BH1', 2600, 0.1382, 412.3373, 0.4487, 'Sanchore');
INSERT INTO welldata.PETROPHYSICS (UBHI, SAMPLE_DEPTH_M, POROSITY, PERMEABILITY, WATER_SAT, FORMATION) VALUES ('WELL00000000029-BH1', 2620, 0.2203, 319.59, 0.453, 'Rajahmundry');
INSERT INTO welldata.PETROPHYSICS (UBHI, SAMPLE_DEPTH_M, POROSITY, PERMEABILITY, WATER_SAT, FORMATION) VALUES ('WELL00000000029-BH1', 2640, 0.0722, 96.6406, 0.5995, 'Sanchore');
INSERT INTO welldata.PETROPHYSICS (UBHI, SAMPLE_DEPTH_M, POROSITY, PERMEABILITY, WATER_SAT, FORMATION) VALUES ('WELL00000000029-BH1', 2660, 0.0891, 99.8843, 0.7286, 'Barmer');
INSERT INTO welldata.PETROPHYSICS (UBHI, SAMPLE_DEPTH_M, POROSITY, PERMEABILITY, WATER_SAT, FORMATION) VALUES ('WELL00000000029-BH1', 2680, 0.0958, 290.9617, 0.6185, 'Barmer');
INSERT INTO welldata.PETROPHYSICS (UBHI, SAMPLE_DEPTH_M, POROSITY, PERMEABILITY, WATER_SAT, FORMATION) VALUES ('WELL00000000029-BH1', 2700, 0.0695, 79.1996, 0.4394, 'Barmer');
INSERT INTO welldata.PETROPHYSICS (UBHI, SAMPLE_DEPTH_M, POROSITY, PERMEABILITY, WATER_SAT, FORMATION) VALUES ('WELL00000000029-BH1', 2720, 0.0603, 318.3627, 0.2362, 'Barmer');
INSERT INTO welldata.PETROPHYSICS (UBHI, SAMPLE_DEPTH_M, POROSITY, PERMEABILITY, WATER_SAT, FORMATION) VALUES ('WELL00000000029-BH1', 2740, 0.0439, 422.6619, 0.1667, 'Bengal');
INSERT INTO welldata.PETROPHYSICS (UBHI, SAMPLE_DEPTH_M, POROSITY, PERMEABILITY, WATER_SAT, FORMATION) VALUES ('WELL00000000029-BH1', 2760, 0.2491, 291.4056, 0.197, 'Sanchore');
INSERT INTO welldata.PETROPHYSICS (UBHI, SAMPLE_DEPTH_M, POROSITY, PERMEABILITY, WATER_SAT, FORMATION) VALUES ('WELL00000000029-BH1', 2780, 0.189, 190.1097, 0.3257, 'Bengal');
INSERT INTO welldata.PETROPHYSICS (UBHI, SAMPLE_DEPTH_M, POROSITY, PERMEABILITY, WATER_SAT, FORMATION) VALUES ('WELL00000000029-BH1', 2800, 0.0546, 260.4737, 0.1891, 'Barmer');
INSERT INTO welldata.PETROPHYSICS (UBHI, SAMPLE_DEPTH_M, POROSITY, PERMEABILITY, WATER_SAT, FORMATION) VALUES ('WELL00000000029-BH1', 2820, 0.1248, 292.9451, 0.5392, 'Sanchore');
INSERT INTO welldata.PETROPHYSICS (UBHI, SAMPLE_DEPTH_M, POROSITY, PERMEABILITY, WATER_SAT, FORMATION) VALUES ('WELL00000000029-BH1', 2840, 0.1577, 21.9472, 0.3711, 'Bengal');
INSERT INTO welldata.PETROPHYSICS (UBHI, SAMPLE_DEPTH_M, POROSITY, PERMEABILITY, WATER_SAT, FORMATION) VALUES ('WELL00000000029-BH1', 2860, 0.0747, 113.3665, 0.5641, 'Bengal');
INSERT INTO welldata.PETROPHYSICS (UBHI, SAMPLE_DEPTH_M, POROSITY, PERMEABILITY, WATER_SAT, FORMATION) VALUES ('WELL00000000029-BH1', 2880, 0.0884, 106.9932, 0.4162, 'Rajahmundry');
INSERT INTO welldata.PETROPHYSICS (UBHI, SAMPLE_DEPTH_M, POROSITY, PERMEABILITY, WATER_SAT, FORMATION) VALUES ('WELL00000000029-BH1', 2900, 0.0543, 359.5329, 0.3289, 'Sanchore');
INSERT INTO welldata.PETROPHYSICS (UBHI, SAMPLE_DEPTH_M, POROSITY, PERMEABILITY, WATER_SAT, FORMATION) VALUES ('WELL00000000029-BH1', 2920, 0.2555, 37.6566, 0.2133, 'Sanchore');
INSERT INTO welldata.PETROPHYSICS (UBHI, SAMPLE_DEPTH_M, POROSITY, PERMEABILITY, WATER_SAT, FORMATION) VALUES ('WELL00000000029-BH1', 2940, 0.1314, 189.7472, 0.4182, 'Rajahmundry');
INSERT INTO welldata.PETROPHYSICS (UBHI, SAMPLE_DEPTH_M, POROSITY, PERMEABILITY, WATER_SAT, FORMATION) VALUES ('WELL00000000029-BH1', 2960, 0.2054, 30.3755, 0.3041, 'Sanchore');
INSERT INTO welldata.PETROPHYSICS (UBHI, SAMPLE_DEPTH_M, POROSITY, PERMEABILITY, WATER_SAT, FORMATION) VALUES ('WELL00000000029-BH1', 2980, 0.0972, 378.5414, 0.3439, 'Sanchore');
INSERT INTO welldata.PETROPHYSICS (UBHI, SAMPLE_DEPTH_M, POROSITY, PERMEABILITY, WATER_SAT, FORMATION) VALUES ('WELL00000000029-BH1', 3000, 0.0921, 278.8127, 0.694, 'Barmer');
INSERT INTO welldata.BOREHOLE (UBHI, UWI, BOREHOLE_NAME, BOREHOLE_TYPE, TOP_DEPTH_M, BASE_DEPTH_M) VALUES ('WELL00000000029-BH2', 'WELL00000000029', 'RELI-CA-029-BH2', 'HORIZONTAL', 558, 1500);
INSERT INTO welldata.PETROPHYSICS (UBHI, SAMPLE_DEPTH_M, POROSITY, PERMEABILITY, WATER_SAT, FORMATION) VALUES ('WELL00000000029-BH2', 1000, 0.0633, 186.6861, 0.4886, 'Sanchore');
INSERT INTO welldata.PETROPHYSICS (UBHI, SAMPLE_DEPTH_M, POROSITY, PERMEABILITY, WATER_SAT, FORMATION) VALUES ('WELL00000000029-BH2', 1020, 0.0771, 191.9416, 0.6689, 'Bengal');
INSERT INTO welldata.PETROPHYSICS (UBHI, SAMPLE_DEPTH_M, POROSITY, PERMEABILITY, WATER_SAT, FORMATION) VALUES ('WELL00000000029-BH2', 1040, 0.0555, 135.2987, 0.2747, 'Bengal');
INSERT INTO welldata.PETROPHYSICS (UBHI, SAMPLE_DEPTH_M, POROSITY, PERMEABILITY, WATER_SAT, FORMATION) VALUES ('WELL00000000029-BH2', 1060, 0.2379, 160.3565, 0.4718, 'Barmer');
INSERT INTO welldata.PETROPHYSICS (UBHI, SAMPLE_DEPTH_M, POROSITY, PERMEABILITY, WATER_SAT, FORMATION) VALUES ('WELL00000000029-BH2', 1080, 0.1616, 51.2363, 0.5015, 'Sanchore');
INSERT INTO welldata.PETROPHYSICS (UBHI, SAMPLE_DEPTH_M, POROSITY, PERMEABILITY, WATER_SAT, FORMATION) VALUES ('WELL00000000029-BH2', 1100, 0.0456, 342.5849, 0.594, 'Sanchore');
INSERT INTO welldata.PETROPHYSICS (UBHI, SAMPLE_DEPTH_M, POROSITY, PERMEABILITY, WATER_SAT, FORMATION) VALUES ('WELL00000000029-BH2', 1120, 0.229, 27.3317, 0.4556, 'Barmer');
INSERT INTO welldata.PETROPHYSICS (UBHI, SAMPLE_DEPTH_M, POROSITY, PERMEABILITY, WATER_SAT, FORMATION) VALUES ('WELL00000000029-BH2', 1140, 0.1019, 200.5093, 0.3289, 'Sanchore');
INSERT INTO welldata.PETROPHYSICS (UBHI, SAMPLE_DEPTH_M, POROSITY, PERMEABILITY, WATER_SAT, FORMATION) VALUES ('WELL00000000029-BH2', 1160, 0.0765, 369.055, 0.5545, 'Barmer');
INSERT INTO welldata.PETROPHYSICS (UBHI, SAMPLE_DEPTH_M, POROSITY, PERMEABILITY, WATER_SAT, FORMATION) VALUES ('WELL00000000029-BH2', 1180, 0.2396, 387.2718, 0.4904, 'Bengal');
INSERT INTO welldata.PETROPHYSICS (UBHI, SAMPLE_DEPTH_M, POROSITY, PERMEABILITY, WATER_SAT, FORMATION) VALUES ('WELL00000000029-BH2', 1200, 0.2417, 280.1536, 0.6297, 'Sanchore');
INSERT INTO welldata.PETROPHYSICS (UBHI, SAMPLE_DEPTH_M, POROSITY, PERMEABILITY, WATER_SAT, FORMATION) VALUES ('WELL00000000029-BH2', 1220, 0.2387, 384.3077, 0.3601, 'Rajahmundry');
INSERT INTO welldata.PETROPHYSICS (UBHI, SAMPLE_DEPTH_M, POROSITY, PERMEABILITY, WATER_SAT, FORMATION) VALUES ('WELL00000000029-BH2', 1240, 0.2322, 175.1082, 0.4746, 'Bengal');
INSERT INTO welldata.PETROPHYSICS (UBHI, SAMPLE_DEPTH_M, POROSITY, PERMEABILITY, WATER_SAT, FORMATION) VALUES ('WELL00000000029-BH2', 1260, 0.1952, 344.7614, 0.2703, 'Bengal');
INSERT INTO welldata.PETROPHYSICS (UBHI, SAMPLE_DEPTH_M, POROSITY, PERMEABILITY, WATER_SAT, FORMATION) VALUES ('WELL00000000029-BH2', 1280, 0.0897, 240.0023, 0.3374, 'Bengal');
INSERT INTO welldata.PETROPHYSICS (UBHI, SAMPLE_DEPTH_M, POROSITY, PERMEABILITY, WATER_SAT, FORMATION) VALUES ('WELL00000000029-BH2', 1300, 0.169, 336.8828, 0.49, 'Sanchore');
INSERT INTO welldata.PETROPHYSICS (UBHI, SAMPLE_DEPTH_M, POROSITY, PERMEABILITY, WATER_SAT, FORMATION) VALUES ('WELL00000000029-BH2', 1320, 0.0479, 244.682, 0.3204, 'Rajahmundry');
INSERT INTO welldata.PETROPHYSICS (UBHI, SAMPLE_DEPTH_M, POROSITY, PERMEABILITY, WATER_SAT, FORMATION) VALUES ('WELL00000000029-BH2', 1340, 0.1913, 433.5844, 0.4263, 'Barmer');
INSERT INTO welldata.PETROPHYSICS (UBHI, SAMPLE_DEPTH_M, POROSITY, PERMEABILITY, WATER_SAT, FORMATION) VALUES ('WELL00000000029-BH2', 1360, 0.2084, 246.2656, 0.5532, 'Barmer');
INSERT INTO welldata.PETROPHYSICS (UBHI, SAMPLE_DEPTH_M, POROSITY, PERMEABILITY, WATER_SAT, FORMATION) VALUES ('WELL00000000029-BH2', 1380, 0.1338, 288.804, 0.2983, 'Sanchore');
INSERT INTO welldata.PETROPHYSICS (UBHI, SAMPLE_DEPTH_M, POROSITY, PERMEABILITY, WATER_SAT, FORMATION) VALUES ('WELL00000000029-BH2', 1400, 0.1627, 210.7797, 0.2896, 'Barmer');
INSERT INTO welldata.PETROPHYSICS (UBHI, SAMPLE_DEPTH_M, POROSITY, PERMEABILITY, WATER_SAT, FORMATION) VALUES ('WELL00000000029-BH2', 1420, 0.0439, 29.534, 0.2203, 'Sanchore');
INSERT INTO welldata.PETROPHYSICS (UBHI, SAMPLE_DEPTH_M, POROSITY, PERMEABILITY, WATER_SAT, FORMATION) VALUES ('WELL00000000029-BH2', 1440, 0.1137, 226.5767, 0.4422, 'Bengal');
INSERT INTO welldata.PETROPHYSICS (UBHI, SAMPLE_DEPTH_M, POROSITY, PERMEABILITY, WATER_SAT, FORMATION) VALUES ('WELL00000000029-BH2', 1460, 0.0499, 338.233, 0.6694, 'Sanchore');
INSERT INTO welldata.PETROPHYSICS (UBHI, SAMPLE_DEPTH_M, POROSITY, PERMEABILITY, WATER_SAT, FORMATION) VALUES ('WELL00000000029-BH2', 1480, 0.0407, 179.6977, 0.4682, 'Rajahmundry');
INSERT INTO welldata.PETROPHYSICS (UBHI, SAMPLE_DEPTH_M, POROSITY, PERMEABILITY, WATER_SAT, FORMATION) VALUES ('WELL00000000029-BH2', 1500, 0.1183, 318.9969, 0.4965, 'Bengal');
INSERT INTO welldata.PETROPHYSICS (UBHI, SAMPLE_DEPTH_M, POROSITY, PERMEABILITY, WATER_SAT, FORMATION) VALUES ('WELL00000000029-BH2', 1520, 0.1004, 125.6352, 0.5663, 'Rajahmundry');
INSERT INTO welldata.PETROPHYSICS (UBHI, SAMPLE_DEPTH_M, POROSITY, PERMEABILITY, WATER_SAT, FORMATION) VALUES ('WELL00000000029-BH2', 1540, 0.2336, 389.2546, 0.538, 'Sanchore');
INSERT INTO welldata.PETROPHYSICS (UBHI, SAMPLE_DEPTH_M, POROSITY, PERMEABILITY, WATER_SAT, FORMATION) VALUES ('WELL00000000029-BH2', 1560, 0.1207, 227.304, 0.6371, 'Sanchore');
INSERT INTO welldata.PETROPHYSICS (UBHI, SAMPLE_DEPTH_M, POROSITY, PERMEABILITY, WATER_SAT, FORMATION) VALUES ('WELL00000000029-BH2', 1580, 0.1895, 273.8351, 0.3088, 'Bengal');
INSERT INTO welldata.PETROPHYSICS (UBHI, SAMPLE_DEPTH_M, POROSITY, PERMEABILITY, WATER_SAT, FORMATION) VALUES ('WELL00000000029-BH2', 1600, 0.1437, 244.9607, 0.273, 'Sanchore');
INSERT INTO welldata.PETROPHYSICS (UBHI, SAMPLE_DEPTH_M, POROSITY, PERMEABILITY, WATER_SAT, FORMATION) VALUES ('WELL00000000029-BH2', 1620, 0.2394, 235.3928, 0.481, 'Sanchore');
INSERT INTO welldata.PETROPHYSICS (UBHI, SAMPLE_DEPTH_M, POROSITY, PERMEABILITY, WATER_SAT, FORMATION) VALUES ('WELL00000000029-BH2', 1640, 0.0485, 332.1399, 0.5495, 'Bengal');
INSERT INTO welldata.PETROPHYSICS (UBHI, SAMPLE_DEPTH_M, POROSITY, PERMEABILITY, WATER_SAT, FORMATION) VALUES ('WELL00000000029-BH2', 1660, 0.1951, 336.9441, 0.415, 'Rajahmundry');
INSERT INTO welldata.PETROPHYSICS (UBHI, SAMPLE_DEPTH_M, POROSITY, PERMEABILITY, WATER_SAT, FORMATION) VALUES ('WELL00000000029-BH2', 1680, 0.0865, 330.3311, 0.5188, 'Sanchore');
INSERT INTO welldata.PETROPHYSICS (UBHI, SAMPLE_DEPTH_M, POROSITY, PERMEABILITY, WATER_SAT, FORMATION) VALUES ('WELL00000000029-BH2', 1700, 0.2428, 135.4437, 0.1517, 'Bengal');
INSERT INTO welldata.PETROPHYSICS (UBHI, SAMPLE_DEPTH_M, POROSITY, PERMEABILITY, WATER_SAT, FORMATION) VALUES ('WELL00000000029-BH2', 1720, 0.2747, 72.5558, 0.3456, 'Sanchore');
INSERT INTO welldata.PETROPHYSICS (UBHI, SAMPLE_DEPTH_M, POROSITY, PERMEABILITY, WATER_SAT, FORMATION) VALUES ('WELL00000000029-BH2', 1740, 0.2342, 224.7144, 0.179, 'Sanchore');
INSERT INTO welldata.PETROPHYSICS (UBHI, SAMPLE_DEPTH_M, POROSITY, PERMEABILITY, WATER_SAT, FORMATION) VALUES ('WELL00000000029-BH2', 1760, 0.2438, 219.6476, 0.3864, 'Barmer');
INSERT INTO welldata.PETROPHYSICS (UBHI, SAMPLE_DEPTH_M, POROSITY, PERMEABILITY, WATER_SAT, FORMATION) VALUES ('WELL00000000029-BH2', 1780, 0.2683, 145.6689, 0.5151, 'Barmer');
INSERT INTO welldata.PETROPHYSICS (UBHI, SAMPLE_DEPTH_M, POROSITY, PERMEABILITY, WATER_SAT, FORMATION) VALUES ('WELL00000000029-BH2', 1800, 0.1092, 260.3081, 0.5515, 'Rajahmundry');
INSERT INTO welldata.PETROPHYSICS (UBHI, SAMPLE_DEPTH_M, POROSITY, PERMEABILITY, WATER_SAT, FORMATION) VALUES ('WELL00000000029-BH2', 1820, 0.2208, 423.7993, 0.4061, 'Sanchore');
INSERT INTO welldata.PETROPHYSICS (UBHI, SAMPLE_DEPTH_M, POROSITY, PERMEABILITY, WATER_SAT, FORMATION) VALUES ('WELL00000000029-BH2', 1840, 0.0415, 53.7207, 0.4753, 'Barmer');
INSERT INTO welldata.PETROPHYSICS (UBHI, SAMPLE_DEPTH_M, POROSITY, PERMEABILITY, WATER_SAT, FORMATION) VALUES ('WELL00000000029-BH2', 1860, 0.2512, 141.0786, 0.6516, 'Barmer');
INSERT INTO welldata.PETROPHYSICS (UBHI, SAMPLE_DEPTH_M, POROSITY, PERMEABILITY, WATER_SAT, FORMATION) VALUES ('WELL00000000029-BH2', 1880, 0.0995, 204.4322, 0.7001, 'Barmer');
INSERT INTO welldata.PETROPHYSICS (UBHI, SAMPLE_DEPTH_M, POROSITY, PERMEABILITY, WATER_SAT, FORMATION) VALUES ('WELL00000000029-BH2', 1900, 0.2343, 315.128, 0.6033, 'Barmer');
INSERT INTO welldata.PETROPHYSICS (UBHI, SAMPLE_DEPTH_M, POROSITY, PERMEABILITY, WATER_SAT, FORMATION) VALUES ('WELL00000000029-BH2', 1920, 0.2543, 110.7091, 0.2195, 'Sanchore');
INSERT INTO welldata.PETROPHYSICS (UBHI, SAMPLE_DEPTH_M, POROSITY, PERMEABILITY, WATER_SAT, FORMATION) VALUES ('WELL00000000029-BH2', 1940, 0.1944, 29.3487, 0.5167, 'Rajahmundry');
INSERT INTO welldata.PETROPHYSICS (UBHI, SAMPLE_DEPTH_M, POROSITY, PERMEABILITY, WATER_SAT, FORMATION) VALUES ('WELL00000000029-BH2', 1960, 0.1935, 411.7359, 0.5008, 'Barmer');
INSERT INTO welldata.PETROPHYSICS (UBHI, SAMPLE_DEPTH_M, POROSITY, PERMEABILITY, WATER_SAT, FORMATION) VALUES ('WELL00000000029-BH2', 1980, 0.0699, 379.9915, 0.4601, 'Rajahmundry');
INSERT INTO welldata.PETROPHYSICS (UBHI, SAMPLE_DEPTH_M, POROSITY, PERMEABILITY, WATER_SAT, FORMATION) VALUES ('WELL00000000029-BH2', 2000, 0.0687, 439.0998, 0.7265, 'Sanchore');
INSERT INTO welldata.PETROPHYSICS (UBHI, SAMPLE_DEPTH_M, POROSITY, PERMEABILITY, WATER_SAT, FORMATION) VALUES ('WELL00000000029-BH2', 2020, 0.1492, 419.9998, 0.1668, 'Bengal');
INSERT INTO welldata.PETROPHYSICS (UBHI, SAMPLE_DEPTH_M, POROSITY, PERMEABILITY, WATER_SAT, FORMATION) VALUES ('WELL00000000029-BH2', 2040, 0.1277, 343.0696, 0.4326, 'Rajahmundry');
INSERT INTO welldata.PETROPHYSICS (UBHI, SAMPLE_DEPTH_M, POROSITY, PERMEABILITY, WATER_SAT, FORMATION) VALUES ('WELL00000000029-BH2', 2060, 0.1982, 153.8502, 0.3648, 'Rajahmundry');
INSERT INTO welldata.PETROPHYSICS (UBHI, SAMPLE_DEPTH_M, POROSITY, PERMEABILITY, WATER_SAT, FORMATION) VALUES ('WELL00000000029-BH2', 2080, 0.235, 274.8162, 0.4053, 'Bengal');
INSERT INTO welldata.PETROPHYSICS (UBHI, SAMPLE_DEPTH_M, POROSITY, PERMEABILITY, WATER_SAT, FORMATION) VALUES ('WELL00000000029-BH2', 2100, 0.1071, 420.9723, 0.6786, 'Barmer');
INSERT INTO welldata.PETROPHYSICS (UBHI, SAMPLE_DEPTH_M, POROSITY, PERMEABILITY, WATER_SAT, FORMATION) VALUES ('WELL00000000029-BH2', 2120, 0.1472, 371.6412, 0.2421, 'Sanchore');
INSERT INTO welldata.PETROPHYSICS (UBHI, SAMPLE_DEPTH_M, POROSITY, PERMEABILITY, WATER_SAT, FORMATION) VALUES ('WELL00000000029-BH2', 2140, 0.1956, 405.0566, 0.5991, 'Bengal');
INSERT INTO welldata.PETROPHYSICS (UBHI, SAMPLE_DEPTH_M, POROSITY, PERMEABILITY, WATER_SAT, FORMATION) VALUES ('WELL00000000029-BH2', 2160, 0.118, 18.2163, 0.3095, 'Barmer');
INSERT INTO welldata.PETROPHYSICS (UBHI, SAMPLE_DEPTH_M, POROSITY, PERMEABILITY, WATER_SAT, FORMATION) VALUES ('WELL00000000029-BH2', 2180, 0.096, 444.7532, 0.2537, 'Barmer');
INSERT INTO welldata.PETROPHYSICS (UBHI, SAMPLE_DEPTH_M, POROSITY, PERMEABILITY, WATER_SAT, FORMATION) VALUES ('WELL00000000029-BH2', 2200, 0.2098, 37.0184, 0.4096, 'Bengal');
INSERT INTO welldata.PETROPHYSICS (UBHI, SAMPLE_DEPTH_M, POROSITY, PERMEABILITY, WATER_SAT, FORMATION) VALUES ('WELL00000000029-BH2', 2220, 0.0803, 56.7446, 0.3502, 'Barmer');
INSERT INTO welldata.PETROPHYSICS (UBHI, SAMPLE_DEPTH_M, POROSITY, PERMEABILITY, WATER_SAT, FORMATION) VALUES ('WELL00000000029-BH2', 2240, 0.1886, 328.889, 0.2888, 'Sanchore');
INSERT INTO welldata.PETROPHYSICS (UBHI, SAMPLE_DEPTH_M, POROSITY, PERMEABILITY, WATER_SAT, FORMATION) VALUES ('WELL00000000029-BH2', 2260, 0.1139, 320.5106, 0.193, 'Rajahmundry');
INSERT INTO welldata.PETROPHYSICS (UBHI, SAMPLE_DEPTH_M, POROSITY, PERMEABILITY, WATER_SAT, FORMATION) VALUES ('WELL00000000029-BH2', 2280, 0.0925, 283.6152, 0.3912, 'Bengal');
INSERT INTO welldata.PETROPHYSICS (UBHI, SAMPLE_DEPTH_M, POROSITY, PERMEABILITY, WATER_SAT, FORMATION) VALUES ('WELL00000000029-BH2', 2300, 0.2246, 48.6588, 0.2231, 'Bengal');
INSERT INTO welldata.PETROPHYSICS (UBHI, SAMPLE_DEPTH_M, POROSITY, PERMEABILITY, WATER_SAT, FORMATION) VALUES ('WELL00000000029-BH2', 2320, 0.0461, 416.8704, 0.2548, 'Bengal');
INSERT INTO welldata.PETROPHYSICS (UBHI, SAMPLE_DEPTH_M, POROSITY, PERMEABILITY, WATER_SAT, FORMATION) VALUES ('WELL00000000029-BH2', 2340, 0.0471, 398.8405, 0.6955, 'Sanchore');
INSERT INTO welldata.PETROPHYSICS (UBHI, SAMPLE_DEPTH_M, POROSITY, PERMEABILITY, WATER_SAT, FORMATION) VALUES ('WELL00000000029-BH2', 2360, 0.1846, 351.1099, 0.6055, 'Barmer');
INSERT INTO welldata.PETROPHYSICS (UBHI, SAMPLE_DEPTH_M, POROSITY, PERMEABILITY, WATER_SAT, FORMATION) VALUES ('WELL00000000029-BH2', 2380, 0.2544, 201.137, 0.3469, 'Rajahmundry');
INSERT INTO welldata.PETROPHYSICS (UBHI, SAMPLE_DEPTH_M, POROSITY, PERMEABILITY, WATER_SAT, FORMATION) VALUES ('WELL00000000029-BH2', 2400, 0.2688, 389.8098, 0.5745, 'Bengal');
INSERT INTO welldata.PETROPHYSICS (UBHI, SAMPLE_DEPTH_M, POROSITY, PERMEABILITY, WATER_SAT, FORMATION) VALUES ('WELL00000000029-BH2', 2420, 0.1897, 355.4355, 0.5043, 'Sanchore');
INSERT INTO welldata.PETROPHYSICS (UBHI, SAMPLE_DEPTH_M, POROSITY, PERMEABILITY, WATER_SAT, FORMATION) VALUES ('WELL00000000029-BH2', 2440, 0.0445, 432.2417, 0.5765, 'Sanchore');
INSERT INTO welldata.PETROPHYSICS (UBHI, SAMPLE_DEPTH_M, POROSITY, PERMEABILITY, WATER_SAT, FORMATION) VALUES ('WELL00000000029-BH2', 2460, 0.0913, 213.1108, 0.4807, 'Bengal');
INSERT INTO welldata.PETROPHYSICS (UBHI, SAMPLE_DEPTH_M, POROSITY, PERMEABILITY, WATER_SAT, FORMATION) VALUES ('WELL00000000029-BH2', 2480, 0.1389, 122.1941, 0.3291, 'Rajahmundry');
INSERT INTO welldata.PETROPHYSICS (UBHI, SAMPLE_DEPTH_M, POROSITY, PERMEABILITY, WATER_SAT, FORMATION) VALUES ('WELL00000000029-BH2', 2500, 0.1205, 161.6984, 0.3156, 'Barmer');
INSERT INTO welldata.PETROPHYSICS (UBHI, SAMPLE_DEPTH_M, POROSITY, PERMEABILITY, WATER_SAT, FORMATION) VALUES ('WELL00000000029-BH2', 2520, 0.2386, 132.4566, 0.4466, 'Bengal');
INSERT INTO welldata.PETROPHYSICS (UBHI, SAMPLE_DEPTH_M, POROSITY, PERMEABILITY, WATER_SAT, FORMATION) VALUES ('WELL00000000029-BH2', 2540, 0.1864, 318.6962, 0.6973, 'Barmer');
INSERT INTO welldata.PETROPHYSICS (UBHI, SAMPLE_DEPTH_M, POROSITY, PERMEABILITY, WATER_SAT, FORMATION) VALUES ('WELL00000000029-BH2', 2560, 0.1935, 383.759, 0.1833, 'Sanchore');
INSERT INTO welldata.PETROPHYSICS (UBHI, SAMPLE_DEPTH_M, POROSITY, PERMEABILITY, WATER_SAT, FORMATION) VALUES ('WELL00000000029-BH2', 2580, 0.0712, 97.6886, 0.4043, 'Rajahmundry');
INSERT INTO welldata.PETROPHYSICS (UBHI, SAMPLE_DEPTH_M, POROSITY, PERMEABILITY, WATER_SAT, FORMATION) VALUES ('WELL00000000029-BH2', 2600, 0.0594, 315.7539, 0.218, 'Sanchore');
INSERT INTO welldata.PETROPHYSICS (UBHI, SAMPLE_DEPTH_M, POROSITY, PERMEABILITY, WATER_SAT, FORMATION) VALUES ('WELL00000000029-BH2', 2620, 0.0796, 275.1953, 0.3389, 'Bengal');
INSERT INTO welldata.PETROPHYSICS (UBHI, SAMPLE_DEPTH_M, POROSITY, PERMEABILITY, WATER_SAT, FORMATION) VALUES ('WELL00000000029-BH2', 2640, 0.1822, 419.2064, 0.5205, 'Sanchore');
INSERT INTO welldata.PETROPHYSICS (UBHI, SAMPLE_DEPTH_M, POROSITY, PERMEABILITY, WATER_SAT, FORMATION) VALUES ('WELL00000000029-BH2', 2660, 0.2318, 295.2973, 0.716, 'Barmer');
INSERT INTO welldata.PETROPHYSICS (UBHI, SAMPLE_DEPTH_M, POROSITY, PERMEABILITY, WATER_SAT, FORMATION) VALUES ('WELL00000000029-BH2', 2680, 0.2248, 370.2308, 0.7047, 'Bengal');
INSERT INTO welldata.PETROPHYSICS (UBHI, SAMPLE_DEPTH_M, POROSITY, PERMEABILITY, WATER_SAT, FORMATION) VALUES ('WELL00000000029-BH2', 2700, 0.1292, 235.0965, 0.2014, 'Rajahmundry');
INSERT INTO welldata.PETROPHYSICS (UBHI, SAMPLE_DEPTH_M, POROSITY, PERMEABILITY, WATER_SAT, FORMATION) VALUES ('WELL00000000029-BH2', 2720, 0.1999, 101.3344, 0.2202, 'Rajahmundry');
INSERT INTO welldata.PETROPHYSICS (UBHI, SAMPLE_DEPTH_M, POROSITY, PERMEABILITY, WATER_SAT, FORMATION) VALUES ('WELL00000000029-BH2', 2740, 0.2231, 298.9569, 0.7284, 'Barmer');
INSERT INTO welldata.PETROPHYSICS (UBHI, SAMPLE_DEPTH_M, POROSITY, PERMEABILITY, WATER_SAT, FORMATION) VALUES ('WELL00000000029-BH2', 2760, 0.205, 6.2204, 0.7239, 'Bengal');
INSERT INTO welldata.PETROPHYSICS (UBHI, SAMPLE_DEPTH_M, POROSITY, PERMEABILITY, WATER_SAT, FORMATION) VALUES ('WELL00000000029-BH2', 2780, 0.1834, 370.2451, 0.6247, 'Sanchore');
INSERT INTO welldata.PETROPHYSICS (UBHI, SAMPLE_DEPTH_M, POROSITY, PERMEABILITY, WATER_SAT, FORMATION) VALUES ('WELL00000000029-BH2', 2800, 0.1183, 409.1805, 0.2979, 'Bengal');
INSERT INTO welldata.PETROPHYSICS (UBHI, SAMPLE_DEPTH_M, POROSITY, PERMEABILITY, WATER_SAT, FORMATION) VALUES ('WELL00000000029-BH2', 2820, 0.2543, 107.3048, 0.4198, 'Sanchore');
INSERT INTO welldata.PETROPHYSICS (UBHI, SAMPLE_DEPTH_M, POROSITY, PERMEABILITY, WATER_SAT, FORMATION) VALUES ('WELL00000000029-BH2', 2840, 0.0417, 40.3024, 0.6906, 'Bengal');
INSERT INTO welldata.PETROPHYSICS (UBHI, SAMPLE_DEPTH_M, POROSITY, PERMEABILITY, WATER_SAT, FORMATION) VALUES ('WELL00000000029-BH2', 2860, 0.055, 149.5907, 0.5176, 'Barmer');
INSERT INTO welldata.PETROPHYSICS (UBHI, SAMPLE_DEPTH_M, POROSITY, PERMEABILITY, WATER_SAT, FORMATION) VALUES ('WELL00000000029-BH2', 2880, 0.1152, 175.0564, 0.1548, 'Bengal');
INSERT INTO welldata.PETROPHYSICS (UBHI, SAMPLE_DEPTH_M, POROSITY, PERMEABILITY, WATER_SAT, FORMATION) VALUES ('WELL00000000029-BH2', 2900, 0.2141, 273.3429, 0.2696, 'Bengal');
INSERT INTO welldata.PETROPHYSICS (UBHI, SAMPLE_DEPTH_M, POROSITY, PERMEABILITY, WATER_SAT, FORMATION) VALUES ('WELL00000000029-BH2', 2920, 0.1423, 442.75, 0.1578, 'Barmer');
INSERT INTO welldata.PETROPHYSICS (UBHI, SAMPLE_DEPTH_M, POROSITY, PERMEABILITY, WATER_SAT, FORMATION) VALUES ('WELL00000000029-BH2', 2940, 0.0579, 355.8663, 0.6705, 'Rajahmundry');
INSERT INTO welldata.PETROPHYSICS (UBHI, SAMPLE_DEPTH_M, POROSITY, PERMEABILITY, WATER_SAT, FORMATION) VALUES ('WELL00000000029-BH2', 2960, 0.232, 306.068, 0.2876, 'Barmer');
INSERT INTO welldata.PETROPHYSICS (UBHI, SAMPLE_DEPTH_M, POROSITY, PERMEABILITY, WATER_SAT, FORMATION) VALUES ('WELL00000000029-BH2', 2980, 0.1568, 145.2433, 0.476, 'Barmer');
INSERT INTO welldata.PETROPHYSICS (UBHI, SAMPLE_DEPTH_M, POROSITY, PERMEABILITY, WATER_SAT, FORMATION) VALUES ('WELL00000000029-BH2', 3000, 0.2093, 203.9761, 0.295, 'Rajahmundry');
INSERT INTO welldata.PRODUCTION (UWI, PROD_DATE, OIL_BBL, GAS_MCF, WATER_BBL, HOURS_ON) VALUES ('WELL00000000029', TO_DATE('2015-01-01','YYYY-MM-DD'), 2402.1, 12659.38, 537.01, 126.45);
INSERT INTO welldata.PRODUCTION (UWI, PROD_DATE, OIL_BBL, GAS_MCF, WATER_BBL, HOURS_ON) VALUES ('WELL00000000029', TO_DATE('2015-02-01','YYYY-MM-DD'), 1490.58, 1643.24, 600.79, 466.09);
INSERT INTO welldata.PRODUCTION (UWI, PROD_DATE, OIL_BBL, GAS_MCF, WATER_BBL, HOURS_ON) VALUES ('WELL00000000029', TO_DATE('2015-03-01','YYYY-MM-DD'), 2608.99, 865.87, 458.96, 546.13);
INSERT INTO welldata.PRODUCTION (UWI, PROD_DATE, OIL_BBL, GAS_MCF, WATER_BBL, HOURS_ON) VALUES ('WELL00000000029', TO_DATE('2015-04-01','YYYY-MM-DD'), 1556.35, 13860.29, 100.32, 330.66);
INSERT INTO welldata.PRODUCTION (UWI, PROD_DATE, OIL_BBL, GAS_MCF, WATER_BBL, HOURS_ON) VALUES ('WELL00000000029', TO_DATE('2015-05-01','YYYY-MM-DD'), 1248.87, 13648.65, 1122.4, 497.0);
INSERT INTO welldata.PRODUCTION (UWI, PROD_DATE, OIL_BBL, GAS_MCF, WATER_BBL, HOURS_ON) VALUES ('WELL00000000029', TO_DATE('2015-06-01','YYYY-MM-DD'), 1055.25, 10962.27, 753.57, 357.7);
INSERT INTO welldata.PRODUCTION (UWI, PROD_DATE, OIL_BBL, GAS_MCF, WATER_BBL, HOURS_ON) VALUES ('WELL00000000029', TO_DATE('2015-07-01','YYYY-MM-DD'), 1127.97, 11760.3, 278.88, 632.15);
INSERT INTO welldata.PRODUCTION (UWI, PROD_DATE, OIL_BBL, GAS_MCF, WATER_BBL, HOURS_ON) VALUES ('WELL00000000029', TO_DATE('2015-08-01','YYYY-MM-DD'), 1890.99, 13258.01, 715.84, 312.61);
INSERT INTO welldata.PRODUCTION (UWI, PROD_DATE, OIL_BBL, GAS_MCF, WATER_BBL, HOURS_ON) VALUES ('WELL00000000029', TO_DATE('2015-09-01','YYYY-MM-DD'), 2056.03, 360.9, 817.91, 638.94);
INSERT INTO welldata.PRODUCTION (UWI, PROD_DATE, OIL_BBL, GAS_MCF, WATER_BBL, HOURS_ON) VALUES ('WELL00000000029', TO_DATE('2015-10-01','YYYY-MM-DD'), 822.05, 12467.8, 1003.28, 265.4);
INSERT INTO welldata.PRODUCTION (UWI, PROD_DATE, OIL_BBL, GAS_MCF, WATER_BBL, HOURS_ON) VALUES ('WELL00000000029', TO_DATE('2015-11-01','YYYY-MM-DD'), 2379.89, 4640.52, 231.96, 427.41);
INSERT INTO welldata.PRODUCTION (UWI, PROD_DATE, OIL_BBL, GAS_MCF, WATER_BBL, HOURS_ON) VALUES ('WELL00000000029', TO_DATE('2015-12-01','YYYY-MM-DD'), 2708.03, 13033.61, 1168.65, 120.49);
INSERT INTO welldata.PRODUCTION (UWI, PROD_DATE, OIL_BBL, GAS_MCF, WATER_BBL, HOURS_ON) VALUES ('WELL00000000029', TO_DATE('2016-01-01','YYYY-MM-DD'), 343.71, 5200.15, 446.32, 256.08);
INSERT INTO welldata.PRODUCTION (UWI, PROD_DATE, OIL_BBL, GAS_MCF, WATER_BBL, HOURS_ON) VALUES ('WELL00000000029', TO_DATE('2016-02-01','YYYY-MM-DD'), 2897.47, 12691.0, 1007.27, 263.7);
INSERT INTO welldata.PRODUCTION (UWI, PROD_DATE, OIL_BBL, GAS_MCF, WATER_BBL, HOURS_ON) VALUES ('WELL00000000029', TO_DATE('2016-03-01','YYYY-MM-DD'), 2101.97, 6797.37, 1211.39, 682.01);
INSERT INTO welldata.PRODUCTION (UWI, PROD_DATE, OIL_BBL, GAS_MCF, WATER_BBL, HOURS_ON) VALUES ('WELL00000000029', TO_DATE('2016-04-01','YYYY-MM-DD'), 699.81, 12684.81, 656.92, 464.4);
INSERT INTO welldata.PRODUCTION (UWI, PROD_DATE, OIL_BBL, GAS_MCF, WATER_BBL, HOURS_ON) VALUES ('WELL00000000029', TO_DATE('2016-05-01','YYYY-MM-DD'), 1292.75, 6391.99, 1198.69, 675.37);
INSERT INTO welldata.PRODUCTION (UWI, PROD_DATE, OIL_BBL, GAS_MCF, WATER_BBL, HOURS_ON) VALUES ('WELL00000000029', TO_DATE('2016-06-01','YYYY-MM-DD'), 2170.72, 12275.28, 1481.23, 625.0);
INSERT INTO welldata.PRODUCTION (UWI, PROD_DATE, OIL_BBL, GAS_MCF, WATER_BBL, HOURS_ON) VALUES ('WELL00000000029', TO_DATE('2016-07-01','YYYY-MM-DD'), 2515.75, 12647.48, 408.49, 134.32);
INSERT INTO welldata.PRODUCTION (UWI, PROD_DATE, OIL_BBL, GAS_MCF, WATER_BBL, HOURS_ON) VALUES ('WELL00000000029', TO_DATE('2016-08-01','YYYY-MM-DD'), 1930.64, 1411.84, 287.57, 333.84);
INSERT INTO welldata.PRODUCTION (UWI, PROD_DATE, OIL_BBL, GAS_MCF, WATER_BBL, HOURS_ON) VALUES ('WELL00000000029', TO_DATE('2016-09-01','YYYY-MM-DD'), 893.59, 2710.78, 792.02, 193.09);
INSERT INTO welldata.PRODUCTION (UWI, PROD_DATE, OIL_BBL, GAS_MCF, WATER_BBL, HOURS_ON) VALUES ('WELL00000000029', TO_DATE('2016-10-01','YYYY-MM-DD'), 1076.47, 13539.56, 870.24, 561.5);
INSERT INTO welldata.PRODUCTION (UWI, PROD_DATE, OIL_BBL, GAS_MCF, WATER_BBL, HOURS_ON) VALUES ('WELL00000000029', TO_DATE('2016-11-01','YYYY-MM-DD'), 402.66, 8410.4, 1119.09, 708.59);
INSERT INTO welldata.PRODUCTION (UWI, PROD_DATE, OIL_BBL, GAS_MCF, WATER_BBL, HOURS_ON) VALUES ('WELL00000000029', TO_DATE('2016-12-01','YYYY-MM-DD'), 2507.7, 8195.24, 52.07, 449.66);
INSERT INTO welldata.PRODUCTION (UWI, PROD_DATE, OIL_BBL, GAS_MCF, WATER_BBL, HOURS_ON) VALUES ('WELL00000000029', TO_DATE('2017-01-01','YYYY-MM-DD'), 937.19, 1104.76, 1059.82, 125.22);
INSERT INTO welldata.PRODUCTION (UWI, PROD_DATE, OIL_BBL, GAS_MCF, WATER_BBL, HOURS_ON) VALUES ('WELL00000000029', TO_DATE('2017-02-01','YYYY-MM-DD'), 1949.21, 2072.67, 507.68, 560.36);
INSERT INTO welldata.PRODUCTION (UWI, PROD_DATE, OIL_BBL, GAS_MCF, WATER_BBL, HOURS_ON) VALUES ('WELL00000000029', TO_DATE('2017-03-01','YYYY-MM-DD'), 890.5, 5499.21, 1072.09, 419.12);
INSERT INTO welldata.PRODUCTION (UWI, PROD_DATE, OIL_BBL, GAS_MCF, WATER_BBL, HOURS_ON) VALUES ('WELL00000000029', TO_DATE('2017-04-01','YYYY-MM-DD'), 1991.72, 5169.54, 623.96, 691.72);
INSERT INTO welldata.PRODUCTION (UWI, PROD_DATE, OIL_BBL, GAS_MCF, WATER_BBL, HOURS_ON) VALUES ('WELL00000000029', TO_DATE('2017-05-01','YYYY-MM-DD'), 733.99, 10385.6, 871.58, 661.77);
INSERT INTO welldata.PRODUCTION (UWI, PROD_DATE, OIL_BBL, GAS_MCF, WATER_BBL, HOURS_ON) VALUES ('WELL00000000029', TO_DATE('2017-06-01','YYYY-MM-DD'), 507.18, 14976.09, 20.72, 651.1);
INSERT INTO welldata.PRODUCTION (UWI, PROD_DATE, OIL_BBL, GAS_MCF, WATER_BBL, HOURS_ON) VALUES ('WELL00000000029', TO_DATE('2017-07-01','YYYY-MM-DD'), 532.57, 9159.63, 148.23, 322.64);
INSERT INTO welldata.PRODUCTION (UWI, PROD_DATE, OIL_BBL, GAS_MCF, WATER_BBL, HOURS_ON) VALUES ('WELL00000000029', TO_DATE('2017-08-01','YYYY-MM-DD'), 939.1, 12364.73, 891.82, 179.67);
INSERT INTO welldata.PRODUCTION (UWI, PROD_DATE, OIL_BBL, GAS_MCF, WATER_BBL, HOURS_ON) VALUES ('WELL00000000029', TO_DATE('2017-09-01','YYYY-MM-DD'), 1288.21, 5283.28, 1258.81, 342.49);
INSERT INTO welldata.PRODUCTION (UWI, PROD_DATE, OIL_BBL, GAS_MCF, WATER_BBL, HOURS_ON) VALUES ('WELL00000000029', TO_DATE('2017-10-01','YYYY-MM-DD'), 1711.28, 8889.49, 863.53, 563.03);
INSERT INTO welldata.PRODUCTION (UWI, PROD_DATE, OIL_BBL, GAS_MCF, WATER_BBL, HOURS_ON) VALUES ('WELL00000000029', TO_DATE('2017-11-01','YYYY-MM-DD'), 2247.54, 3717.88, 546.82, 363.85);
INSERT INTO welldata.PRODUCTION (UWI, PROD_DATE, OIL_BBL, GAS_MCF, WATER_BBL, HOURS_ON) VALUES ('WELL00000000029', TO_DATE('2017-12-01','YYYY-MM-DD'), 1726.05, 8442.04, 171.93, 200.47);
INSERT INTO welldata.PRODUCTION (UWI, PROD_DATE, OIL_BBL, GAS_MCF, WATER_BBL, HOURS_ON) VALUES ('WELL00000000029', TO_DATE('2018-01-01','YYYY-MM-DD'), 1687.32, 10446.53, 993.9, 582.59);
INSERT INTO welldata.PRODUCTION (UWI, PROD_DATE, OIL_BBL, GAS_MCF, WATER_BBL, HOURS_ON) VALUES ('WELL00000000029', TO_DATE('2018-02-01','YYYY-MM-DD'), 2801.65, 658.47, 305.34, 547.19);
INSERT INTO welldata.PRODUCTION (UWI, PROD_DATE, OIL_BBL, GAS_MCF, WATER_BBL, HOURS_ON) VALUES ('WELL00000000029', TO_DATE('2018-03-01','YYYY-MM-DD'), 1444.68, 865.29, 433.39, 333.78);
INSERT INTO welldata.PRODUCTION (UWI, PROD_DATE, OIL_BBL, GAS_MCF, WATER_BBL, HOURS_ON) VALUES ('WELL00000000029', TO_DATE('2018-04-01','YYYY-MM-DD'), 714.82, 7696.63, 109.09, 718.72);
INSERT INTO welldata.PRODUCTION (UWI, PROD_DATE, OIL_BBL, GAS_MCF, WATER_BBL, HOURS_ON) VALUES ('WELL00000000029', TO_DATE('2018-05-01','YYYY-MM-DD'), 2718.29, 14284.55, 1405.15, 443.86);
INSERT INTO welldata.PRODUCTION (UWI, PROD_DATE, OIL_BBL, GAS_MCF, WATER_BBL, HOURS_ON) VALUES ('WELL00000000029', TO_DATE('2018-06-01','YYYY-MM-DD'), 2751.83, 8001.58, 397.4, 586.88);
INSERT INTO welldata.PRODUCTION (UWI, PROD_DATE, OIL_BBL, GAS_MCF, WATER_BBL, HOURS_ON) VALUES ('WELL00000000029', TO_DATE('2018-07-01','YYYY-MM-DD'), 1077.65, 6762.51, 1351.93, 706.49);
INSERT INTO welldata.PRODUCTION (UWI, PROD_DATE, OIL_BBL, GAS_MCF, WATER_BBL, HOURS_ON) VALUES ('WELL00000000029', TO_DATE('2018-08-01','YYYY-MM-DD'), 1888.7, 1554.53, 71.96, 498.29);
INSERT INTO welldata.PRODUCTION (UWI, PROD_DATE, OIL_BBL, GAS_MCF, WATER_BBL, HOURS_ON) VALUES ('WELL00000000029', TO_DATE('2018-09-01','YYYY-MM-DD'), 2177.59, 8928.83, 1409.05, 530.6);
INSERT INTO welldata.PRODUCTION (UWI, PROD_DATE, OIL_BBL, GAS_MCF, WATER_BBL, HOURS_ON) VALUES ('WELL00000000029', TO_DATE('2018-10-01','YYYY-MM-DD'), 2592.75, 323.56, 1390.7, 266.77);
INSERT INTO welldata.PRODUCTION (UWI, PROD_DATE, OIL_BBL, GAS_MCF, WATER_BBL, HOURS_ON) VALUES ('WELL00000000029', TO_DATE('2018-11-01','YYYY-MM-DD'), 1503.4, 6414.05, 463.13, 250.85);
INSERT INTO welldata.PRODUCTION (UWI, PROD_DATE, OIL_BBL, GAS_MCF, WATER_BBL, HOURS_ON) VALUES ('WELL00000000029', TO_DATE('2018-12-01','YYYY-MM-DD'), 1334.7, 4719.8, 276.2, 284.4);
INSERT INTO welldata.PRODUCTION (UWI, PROD_DATE, OIL_BBL, GAS_MCF, WATER_BBL, HOURS_ON) VALUES ('WELL00000000029', TO_DATE('2019-01-01','YYYY-MM-DD'), 2766.11, 10122.23, 1486.52, 538.74);
INSERT INTO welldata.PRODUCTION (UWI, PROD_DATE, OIL_BBL, GAS_MCF, WATER_BBL, HOURS_ON) VALUES ('WELL00000000029', TO_DATE('2019-02-01','YYYY-MM-DD'), 2839.87, 13419.75, 843.23, 422.28);
INSERT INTO welldata.PRODUCTION (UWI, PROD_DATE, OIL_BBL, GAS_MCF, WATER_BBL, HOURS_ON) VALUES ('WELL00000000029', TO_DATE('2019-03-01','YYYY-MM-DD'), 2892.92, 7108.2, 674.56, 454.72);
INSERT INTO welldata.PRODUCTION (UWI, PROD_DATE, OIL_BBL, GAS_MCF, WATER_BBL, HOURS_ON) VALUES ('WELL00000000029', TO_DATE('2019-04-01','YYYY-MM-DD'), 2654.02, 1059.73, 299.13, 677.87);
INSERT INTO welldata.PRODUCTION (UWI, PROD_DATE, OIL_BBL, GAS_MCF, WATER_BBL, HOURS_ON) VALUES ('WELL00000000029', TO_DATE('2019-05-01','YYYY-MM-DD'), 1387.96, 4708.82, 483.83, 527.88);
INSERT INTO welldata.PRODUCTION (UWI, PROD_DATE, OIL_BBL, GAS_MCF, WATER_BBL, HOURS_ON) VALUES ('WELL00000000029', TO_DATE('2019-06-01','YYYY-MM-DD'), 1367.51, 11913.54, 866.96, 266.76);
INSERT INTO welldata.PRODUCTION (UWI, PROD_DATE, OIL_BBL, GAS_MCF, WATER_BBL, HOURS_ON) VALUES ('WELL00000000029', TO_DATE('2019-07-01','YYYY-MM-DD'), 818.75, 5239.67, 649.58, 376.92);
INSERT INTO welldata.PRODUCTION (UWI, PROD_DATE, OIL_BBL, GAS_MCF, WATER_BBL, HOURS_ON) VALUES ('WELL00000000029', TO_DATE('2019-08-01','YYYY-MM-DD'), 1131.89, 7321.39, 60.34, 465.47);
INSERT INTO welldata.PRODUCTION (UWI, PROD_DATE, OIL_BBL, GAS_MCF, WATER_BBL, HOURS_ON) VALUES ('WELL00000000029', TO_DATE('2019-09-01','YYYY-MM-DD'), 1867.45, 3157.0, 801.12, 630.65);
INSERT INTO welldata.PRODUCTION (UWI, PROD_DATE, OIL_BBL, GAS_MCF, WATER_BBL, HOURS_ON) VALUES ('WELL00000000029', TO_DATE('2019-10-01','YYYY-MM-DD'), 285.6, 7647.68, 1397.83, 241.8);
INSERT INTO welldata.PRODUCTION (UWI, PROD_DATE, OIL_BBL, GAS_MCF, WATER_BBL, HOURS_ON) VALUES ('WELL00000000029', TO_DATE('2019-11-01','YYYY-MM-DD'), 482.23, 1705.08, 1134.83, 609.73);
INSERT INTO welldata.PRODUCTION (UWI, PROD_DATE, OIL_BBL, GAS_MCF, WATER_BBL, HOURS_ON) VALUES ('WELL00000000029', TO_DATE('2019-12-01','YYYY-MM-DD'), 1335.43, 1082.48, 1415.66, 443.54);
INSERT INTO welldata.PRODUCTION (UWI, PROD_DATE, OIL_BBL, GAS_MCF, WATER_BBL, HOURS_ON) VALUES ('WELL00000000029', TO_DATE('2020-01-01','YYYY-MM-DD'), 2462.34, 5948.45, 1401.2, 546.04);
INSERT INTO welldata.PRODUCTION (UWI, PROD_DATE, OIL_BBL, GAS_MCF, WATER_BBL, HOURS_ON) VALUES ('WELL00000000029', TO_DATE('2020-02-01','YYYY-MM-DD'), 2873.38, 3082.17, 1328.13, 479.11);
INSERT INTO welldata.PRODUCTION (UWI, PROD_DATE, OIL_BBL, GAS_MCF, WATER_BBL, HOURS_ON) VALUES ('WELL00000000029', TO_DATE('2020-03-01','YYYY-MM-DD'), 2604.57, 8950.49, 127.44, 297.1);
INSERT INTO welldata.PRODUCTION (UWI, PROD_DATE, OIL_BBL, GAS_MCF, WATER_BBL, HOURS_ON) VALUES ('WELL00000000029', TO_DATE('2020-04-01','YYYY-MM-DD'), 2576.59, 11666.66, 1426.77, 283.75);
INSERT INTO welldata.PRODUCTION (UWI, PROD_DATE, OIL_BBL, GAS_MCF, WATER_BBL, HOURS_ON) VALUES ('WELL00000000029', TO_DATE('2020-05-01','YYYY-MM-DD'), 2381.39, 1007.87, 1156.45, 329.78);
INSERT INTO welldata.PRODUCTION (UWI, PROD_DATE, OIL_BBL, GAS_MCF, WATER_BBL, HOURS_ON) VALUES ('WELL00000000029', TO_DATE('2020-06-01','YYYY-MM-DD'), 2444.78, 2402.95, 676.28, 350.66);
INSERT INTO welldata.PRODUCTION (UWI, PROD_DATE, OIL_BBL, GAS_MCF, WATER_BBL, HOURS_ON) VALUES ('WELL00000000029', TO_DATE('2020-07-01','YYYY-MM-DD'), 1193.44, 14451.6, 786.12, 580.35);
INSERT INTO welldata.PRODUCTION (UWI, PROD_DATE, OIL_BBL, GAS_MCF, WATER_BBL, HOURS_ON) VALUES ('WELL00000000029', TO_DATE('2020-08-01','YYYY-MM-DD'), 2127.41, 3351.45, 210.16, 157.88);
INSERT INTO welldata.PRODUCTION (UWI, PROD_DATE, OIL_BBL, GAS_MCF, WATER_BBL, HOURS_ON) VALUES ('WELL00000000029', TO_DATE('2020-09-01','YYYY-MM-DD'), 1675.4, 5450.31, 291.08, 553.49);
INSERT INTO welldata.PRODUCTION (UWI, PROD_DATE, OIL_BBL, GAS_MCF, WATER_BBL, HOURS_ON) VALUES ('WELL00000000029', TO_DATE('2020-10-01','YYYY-MM-DD'), 2866.75, 5571.7, 1088.16, 552.0);
INSERT INTO welldata.PRODUCTION (UWI, PROD_DATE, OIL_BBL, GAS_MCF, WATER_BBL, HOURS_ON) VALUES ('WELL00000000029', TO_DATE('2020-11-01','YYYY-MM-DD'), 2535.92, 13898.72, 1315.01, 452.66);
INSERT INTO welldata.PRODUCTION (UWI, PROD_DATE, OIL_BBL, GAS_MCF, WATER_BBL, HOURS_ON) VALUES ('WELL00000000029', TO_DATE('2020-12-01','YYYY-MM-DD'), 2283.86, 9684.52, 968.43, 240.62);
INSERT INTO welldata.PRODUCTION (UWI, PROD_DATE, OIL_BBL, GAS_MCF, WATER_BBL, HOURS_ON) VALUES ('WELL00000000029', TO_DATE('2021-01-01','YYYY-MM-DD'), 2780.37, 1327.13, 1182.25, 225.26);
INSERT INTO welldata.PRODUCTION (UWI, PROD_DATE, OIL_BBL, GAS_MCF, WATER_BBL, HOURS_ON) VALUES ('WELL00000000029', TO_DATE('2021-02-01','YYYY-MM-DD'), 2340.98, 568.79, 171.98, 324.44);
INSERT INTO welldata.PRODUCTION (UWI, PROD_DATE, OIL_BBL, GAS_MCF, WATER_BBL, HOURS_ON) VALUES ('WELL00000000029', TO_DATE('2021-03-01','YYYY-MM-DD'), 2321.53, 6984.35, 1123.89, 585.48);
INSERT INTO welldata.PRODUCTION (UWI, PROD_DATE, OIL_BBL, GAS_MCF, WATER_BBL, HOURS_ON) VALUES ('WELL00000000029', TO_DATE('2021-04-01','YYYY-MM-DD'), 2391.96, 1318.37, 101.73, 658.86);
INSERT INTO welldata.PRODUCTION (UWI, PROD_DATE, OIL_BBL, GAS_MCF, WATER_BBL, HOURS_ON) VALUES ('WELL00000000029', TO_DATE('2021-05-01','YYYY-MM-DD'), 2739.57, 14858.82, 839.18, 657.46);
INSERT INTO welldata.PRODUCTION (UWI, PROD_DATE, OIL_BBL, GAS_MCF, WATER_BBL, HOURS_ON) VALUES ('WELL00000000029', TO_DATE('2021-06-01','YYYY-MM-DD'), 2399.69, 5272.0, 174.11, 178.2);
INSERT INTO welldata.PRODUCTION (UWI, PROD_DATE, OIL_BBL, GAS_MCF, WATER_BBL, HOURS_ON) VALUES ('WELL00000000029', TO_DATE('2021-07-01','YYYY-MM-DD'), 2341.46, 14676.66, 630.51, 451.68);
INSERT INTO welldata.PRODUCTION (UWI, PROD_DATE, OIL_BBL, GAS_MCF, WATER_BBL, HOURS_ON) VALUES ('WELL00000000029', TO_DATE('2021-08-01','YYYY-MM-DD'), 2621.91, 9431.52, 52.39, 146.88);
INSERT INTO welldata.PRODUCTION (UWI, PROD_DATE, OIL_BBL, GAS_MCF, WATER_BBL, HOURS_ON) VALUES ('WELL00000000029', TO_DATE('2021-09-01','YYYY-MM-DD'), 2396.67, 9297.05, 507.94, 202.95);
INSERT INTO welldata.PRODUCTION (UWI, PROD_DATE, OIL_BBL, GAS_MCF, WATER_BBL, HOURS_ON) VALUES ('WELL00000000029', TO_DATE('2021-10-01','YYYY-MM-DD'), 2952.73, 3807.82, 1441.89, 519.45);
INSERT INTO welldata.PRODUCTION (UWI, PROD_DATE, OIL_BBL, GAS_MCF, WATER_BBL, HOURS_ON) VALUES ('WELL00000000029', TO_DATE('2021-11-01','YYYY-MM-DD'), 2380.18, 11392.15, 684.49, 665.91);
INSERT INTO welldata.PRODUCTION (UWI, PROD_DATE, OIL_BBL, GAS_MCF, WATER_BBL, HOURS_ON) VALUES ('WELL00000000029', TO_DATE('2021-12-01','YYYY-MM-DD'), 2597.93, 11974.47, 1009.38, 543.43);
INSERT INTO welldata.PRODUCTION (UWI, PROD_DATE, OIL_BBL, GAS_MCF, WATER_BBL, HOURS_ON) VALUES ('WELL00000000029', TO_DATE('2022-01-01','YYYY-MM-DD'), 60.65, 3206.29, 547.58, 237.55);
INSERT INTO welldata.PRODUCTION (UWI, PROD_DATE, OIL_BBL, GAS_MCF, WATER_BBL, HOURS_ON) VALUES ('WELL00000000029', TO_DATE('2022-02-01','YYYY-MM-DD'), 489.82, 12657.62, 465.46, 578.33);
INSERT INTO welldata.PRODUCTION (UWI, PROD_DATE, OIL_BBL, GAS_MCF, WATER_BBL, HOURS_ON) VALUES ('WELL00000000029', TO_DATE('2022-03-01','YYYY-MM-DD'), 118.81, 4312.43, 636.35, 223.41);
INSERT INTO welldata.PRODUCTION (UWI, PROD_DATE, OIL_BBL, GAS_MCF, WATER_BBL, HOURS_ON) VALUES ('WELL00000000029', TO_DATE('2022-04-01','YYYY-MM-DD'), 1088.85, 11582.92, 793.39, 516.57);
INSERT INTO welldata.PRODUCTION (UWI, PROD_DATE, OIL_BBL, GAS_MCF, WATER_BBL, HOURS_ON) VALUES ('WELL00000000029', TO_DATE('2022-05-01','YYYY-MM-DD'), 2767.38, 2915.24, 1328.48, 531.76);
INSERT INTO welldata.PRODUCTION (UWI, PROD_DATE, OIL_BBL, GAS_MCF, WATER_BBL, HOURS_ON) VALUES ('WELL00000000029', TO_DATE('2022-06-01','YYYY-MM-DD'), 2573.59, 2085.86, 687.5, 628.33);
INSERT INTO welldata.PRODUCTION (UWI, PROD_DATE, OIL_BBL, GAS_MCF, WATER_BBL, HOURS_ON) VALUES ('WELL00000000029', TO_DATE('2022-07-01','YYYY-MM-DD'), 209.15, 3815.57, 953.24, 165.8);
INSERT INTO welldata.PRODUCTION (UWI, PROD_DATE, OIL_BBL, GAS_MCF, WATER_BBL, HOURS_ON) VALUES ('WELL00000000029', TO_DATE('2022-08-01','YYYY-MM-DD'), 1096.93, 6743.66, 652.61, 270.97);
INSERT INTO welldata.PRODUCTION (UWI, PROD_DATE, OIL_BBL, GAS_MCF, WATER_BBL, HOURS_ON) VALUES ('WELL00000000029', TO_DATE('2022-09-01','YYYY-MM-DD'), 278.98, 13172.29, 755.47, 192.24);
INSERT INTO welldata.PRODUCTION (UWI, PROD_DATE, OIL_BBL, GAS_MCF, WATER_BBL, HOURS_ON) VALUES ('WELL00000000029', TO_DATE('2022-10-01','YYYY-MM-DD'), 1709.43, 7034.29, 387.6, 377.92);
INSERT INTO welldata.PRODUCTION (UWI, PROD_DATE, OIL_BBL, GAS_MCF, WATER_BBL, HOURS_ON) VALUES ('WELL00000000029', TO_DATE('2022-11-01','YYYY-MM-DD'), 2998.3, 8677.2, 319.62, 326.25);
INSERT INTO welldata.PRODUCTION (UWI, PROD_DATE, OIL_BBL, GAS_MCF, WATER_BBL, HOURS_ON) VALUES ('WELL00000000029', TO_DATE('2022-12-01','YYYY-MM-DD'), 1387.08, 12150.19, 1481.36, 532.92);
INSERT INTO welldata.PRODUCTION (UWI, PROD_DATE, OIL_BBL, GAS_MCF, WATER_BBL, HOURS_ON) VALUES ('WELL00000000029', TO_DATE('2023-01-01','YYYY-MM-DD'), 565.1, 7767.85, 946.46, 521.15);
INSERT INTO welldata.PRODUCTION (UWI, PROD_DATE, OIL_BBL, GAS_MCF, WATER_BBL, HOURS_ON) VALUES ('WELL00000000029', TO_DATE('2023-02-01','YYYY-MM-DD'), 300.76, 3673.6, 1311.6, 491.79);
INSERT INTO welldata.PRODUCTION (UWI, PROD_DATE, OIL_BBL, GAS_MCF, WATER_BBL, HOURS_ON) VALUES ('WELL00000000029', TO_DATE('2023-03-01','YYYY-MM-DD'), 1150.2, 3698.3, 443.59, 167.61);
INSERT INTO welldata.PRODUCTION (UWI, PROD_DATE, OIL_BBL, GAS_MCF, WATER_BBL, HOURS_ON) VALUES ('WELL00000000029', TO_DATE('2023-04-01','YYYY-MM-DD'), 1689.96, 5841.58, 174.91, 136.37);
INSERT INTO welldata.PRODUCTION (UWI, PROD_DATE, OIL_BBL, GAS_MCF, WATER_BBL, HOURS_ON) VALUES ('WELL00000000029', TO_DATE('2023-05-01','YYYY-MM-DD'), 2812.19, 7135.34, 115.56, 295.86);
INSERT INTO welldata.PRODUCTION (UWI, PROD_DATE, OIL_BBL, GAS_MCF, WATER_BBL, HOURS_ON) VALUES ('WELL00000000029', TO_DATE('2023-06-01','YYYY-MM-DD'), 357.97, 14889.31, 1230.53, 470.5);
INSERT INTO welldata.PRODUCTION (UWI, PROD_DATE, OIL_BBL, GAS_MCF, WATER_BBL, HOURS_ON) VALUES ('WELL00000000029', TO_DATE('2023-07-01','YYYY-MM-DD'), 1469.65, 14410.37, 1384.7, 172.52);
INSERT INTO welldata.PRODUCTION (UWI, PROD_DATE, OIL_BBL, GAS_MCF, WATER_BBL, HOURS_ON) VALUES ('WELL00000000029', TO_DATE('2023-08-01','YYYY-MM-DD'), 111.99, 9654.05, 547.25, 631.48);
INSERT INTO welldata.PRODUCTION (UWI, PROD_DATE, OIL_BBL, GAS_MCF, WATER_BBL, HOURS_ON) VALUES ('WELL00000000029', TO_DATE('2023-09-01','YYYY-MM-DD'), 2657.83, 5095.48, 503.88, 372.22);
INSERT INTO welldata.PRODUCTION (UWI, PROD_DATE, OIL_BBL, GAS_MCF, WATER_BBL, HOURS_ON) VALUES ('WELL00000000029', TO_DATE('2023-10-01','YYYY-MM-DD'), 1907.68, 12109.84, 778.38, 170.56);
INSERT INTO welldata.PRODUCTION (UWI, PROD_DATE, OIL_BBL, GAS_MCF, WATER_BBL, HOURS_ON) VALUES ('WELL00000000029', TO_DATE('2023-11-01','YYYY-MM-DD'), 2668.45, 521.71, 1238.8, 640.83);
INSERT INTO welldata.PRODUCTION (UWI, PROD_DATE, OIL_BBL, GAS_MCF, WATER_BBL, HOURS_ON) VALUES ('WELL00000000029', TO_DATE('2023-12-01','YYYY-MM-DD'), 2326.66, 5938.41, 1444.78, 405.16);
INSERT INTO welldata.PRODUCTION (UWI, PROD_DATE, OIL_BBL, GAS_MCF, WATER_BBL, HOURS_ON) VALUES ('WELL00000000029', TO_DATE('2024-01-01','YYYY-MM-DD'), 1856.3, 12046.53, 674.75, 212.84);
INSERT INTO welldata.PRODUCTION (UWI, PROD_DATE, OIL_BBL, GAS_MCF, WATER_BBL, HOURS_ON) VALUES ('WELL00000000029', TO_DATE('2024-02-01','YYYY-MM-DD'), 2894.68, 4516.0, 1125.03, 284.12);
INSERT INTO welldata.PRODUCTION (UWI, PROD_DATE, OIL_BBL, GAS_MCF, WATER_BBL, HOURS_ON) VALUES ('WELL00000000029', TO_DATE('2024-03-01','YYYY-MM-DD'), 2284.5, 5975.41, 564.06, 163.21);
INSERT INTO welldata.PRODUCTION (UWI, PROD_DATE, OIL_BBL, GAS_MCF, WATER_BBL, HOURS_ON) VALUES ('WELL00000000029', TO_DATE('2024-04-01','YYYY-MM-DD'), 1519.48, 1310.24, 1365.58, 139.49);
INSERT INTO welldata.PRODUCTION (UWI, PROD_DATE, OIL_BBL, GAS_MCF, WATER_BBL, HOURS_ON) VALUES ('WELL00000000029', TO_DATE('2024-05-01','YYYY-MM-DD'), 2407.88, 12421.08, 480.16, 688.08);
INSERT INTO welldata.PRODUCTION (UWI, PROD_DATE, OIL_BBL, GAS_MCF, WATER_BBL, HOURS_ON) VALUES ('WELL00000000029', TO_DATE('2024-06-01','YYYY-MM-DD'), 463.99, 901.95, 875.44, 469.28);
INSERT INTO welldata.PRODUCTION (UWI, PROD_DATE, OIL_BBL, GAS_MCF, WATER_BBL, HOURS_ON) VALUES ('WELL00000000029', TO_DATE('2024-07-01','YYYY-MM-DD'), 178.72, 1146.47, 160.96, 544.02);
INSERT INTO welldata.PRODUCTION (UWI, PROD_DATE, OIL_BBL, GAS_MCF, WATER_BBL, HOURS_ON) VALUES ('WELL00000000029', TO_DATE('2024-08-01','YYYY-MM-DD'), 1107.34, 9155.63, 1215.35, 258.73);
INSERT INTO welldata.PRODUCTION (UWI, PROD_DATE, OIL_BBL, GAS_MCF, WATER_BBL, HOURS_ON) VALUES ('WELL00000000029', TO_DATE('2024-09-01','YYYY-MM-DD'), 1016.56, 2632.2, 1066.24, 681.15);
INSERT INTO welldata.PRODUCTION (UWI, PROD_DATE, OIL_BBL, GAS_MCF, WATER_BBL, HOURS_ON) VALUES ('WELL00000000029', TO_DATE('2024-10-01','YYYY-MM-DD'), 2727.7, 7612.56, 992.03, 557.4);
INSERT INTO welldata.PRODUCTION (UWI, PROD_DATE, OIL_BBL, GAS_MCF, WATER_BBL, HOURS_ON) VALUES ('WELL00000000029', TO_DATE('2024-11-01','YYYY-MM-DD'), 2411.34, 567.67, 830.74, 188.92);
INSERT INTO welldata.PRODUCTION (UWI, PROD_DATE, OIL_BBL, GAS_MCF, WATER_BBL, HOURS_ON) VALUES ('WELL00000000029', TO_DATE('2024-12-01','YYYY-MM-DD'), 982.54, 4247.88, 84.65, 680.15);
INSERT INTO welldata.FORMATION_TOPS (UWI, FORMATION, TOP_DEPTH_M, BASE_DEPTH_M, LITHOLOGY) VALUES ('WELL00000000029', 'Rajahmundry', 512, 616, 'SANDSTONE');
INSERT INTO welldata.FORMATION_TOPS (UWI, FORMATION, TOP_DEPTH_M, BASE_DEPTH_M, LITHOLOGY) VALUES ('WELL00000000029', 'Bengal', 790, 919, 'LIMESTONE');
INSERT INTO welldata.FORMATION_TOPS (UWI, FORMATION, TOP_DEPTH_M, BASE_DEPTH_M, LITHOLOGY) VALUES ('WELL00000000029', 'Sanchore', 1408, 1589, 'SHALE');
INSERT INTO welldata.FORMATION_TOPS (UWI, FORMATION, TOP_DEPTH_M, BASE_DEPTH_M, LITHOLOGY) VALUES ('WELL00000000029', 'Barmer', 1144, 1334, 'DOLOMITE');
INSERT INTO welldata.CORE_ANALYSIS (UWI, CORE_RUN, TOP_DEPTH_M, BASE_DEPTH_M, GRAIN_DENSITY, BULK_DENSITY, RECOVERY_PCT) VALUES ('WELL00000000029', 1, 1564, 1659, 2.7746, 2.2875, 86.06);
INSERT INTO welldata.CORE_ANALYSIS (UWI, CORE_RUN, TOP_DEPTH_M, BASE_DEPTH_M, GRAIN_DENSITY, BULK_DENSITY, RECOVERY_PCT) VALUES ('WELL00000000029', 2, 1306, 1379, 2.5316, 2.1988, 76.02);
INSERT INTO welldata.WELL (UWI, WELL_NAME, OPERATOR, COUNTRY, BASIN, FIELD_NAME, SPUD_DATE, COMPLETION_DATE, WELL_TYPE, WELL_STATUS, SURFACE_LAT, SURFACE_LON, TOTAL_DEPTH_M, KB_ELEVATION_M) VALUES ('WELL00000000030', 'CAIR-RA-030', 'Cairn India', 'India', 'Rajasthan', 'Rajasthan Field 5', TO_DATE('2006-05-01','YYYY-MM-DD'), TO_DATE('2006-11-26','YYYY-MM-DD'), 'EXPLORATION', 'ACTIVE', 16.917067, 77.881585, 2175, 55.49);
INSERT INTO welldata.BOREHOLE (UBHI, UWI, BOREHOLE_NAME, BOREHOLE_TYPE, TOP_DEPTH_M, BASE_DEPTH_M) VALUES ('WELL00000000030-BH1', 'WELL00000000030', 'CAIR-RA-030-BH1', 'HORIZONTAL', 809, 1909);
INSERT INTO welldata.PETROPHYSICS (UBHI, SAMPLE_DEPTH_M, POROSITY, PERMEABILITY, WATER_SAT, FORMATION) VALUES ('WELL00000000030-BH1', 1000, 0.0555, 358.3435, 0.3815, 'Bengal');
INSERT INTO welldata.PETROPHYSICS (UBHI, SAMPLE_DEPTH_M, POROSITY, PERMEABILITY, WATER_SAT, FORMATION) VALUES ('WELL00000000030-BH1', 1020, 0.0467, 227.0841, 0.6045, 'Rajahmundry');
INSERT INTO welldata.PETROPHYSICS (UBHI, SAMPLE_DEPTH_M, POROSITY, PERMEABILITY, WATER_SAT, FORMATION) VALUES ('WELL00000000030-BH1', 1040, 0.0945, 429.4012, 0.4619, 'Barmer');
INSERT INTO welldata.PETROPHYSICS (UBHI, SAMPLE_DEPTH_M, POROSITY, PERMEABILITY, WATER_SAT, FORMATION) VALUES ('WELL00000000030-BH1', 1060, 0.1101, 345.0013, 0.3632, 'Barmer');
INSERT INTO welldata.PETROPHYSICS (UBHI, SAMPLE_DEPTH_M, POROSITY, PERMEABILITY, WATER_SAT, FORMATION) VALUES ('WELL00000000030-BH1', 1080, 0.2368, 155.9619, 0.4249, 'Bengal');
INSERT INTO welldata.PETROPHYSICS (UBHI, SAMPLE_DEPTH_M, POROSITY, PERMEABILITY, WATER_SAT, FORMATION) VALUES ('WELL00000000030-BH1', 1100, 0.1937, 112.5516, 0.1644, 'Bengal');
INSERT INTO welldata.PETROPHYSICS (UBHI, SAMPLE_DEPTH_M, POROSITY, PERMEABILITY, WATER_SAT, FORMATION) VALUES ('WELL00000000030-BH1', 1120, 0.1747, 101.77, 0.3788, 'Barmer');
INSERT INTO welldata.PETROPHYSICS (UBHI, SAMPLE_DEPTH_M, POROSITY, PERMEABILITY, WATER_SAT, FORMATION) VALUES ('WELL00000000030-BH1', 1140, 0.1927, 222.3184, 0.6357, 'Sanchore');
INSERT INTO welldata.PETROPHYSICS (UBHI, SAMPLE_DEPTH_M, POROSITY, PERMEABILITY, WATER_SAT, FORMATION) VALUES ('WELL00000000030-BH1', 1160, 0.061, 204.6879, 0.206, 'Sanchore');
INSERT INTO welldata.PETROPHYSICS (UBHI, SAMPLE_DEPTH_M, POROSITY, PERMEABILITY, WATER_SAT, FORMATION) VALUES ('WELL00000000030-BH1', 1180, 0.2409, 174.348, 0.6282, 'Barmer');
INSERT INTO welldata.PETROPHYSICS (UBHI, SAMPLE_DEPTH_M, POROSITY, PERMEABILITY, WATER_SAT, FORMATION) VALUES ('WELL00000000030-BH1', 1200, 0.1957, 242.3223, 0.3229, 'Barmer');
INSERT INTO welldata.PETROPHYSICS (UBHI, SAMPLE_DEPTH_M, POROSITY, PERMEABILITY, WATER_SAT, FORMATION) VALUES ('WELL00000000030-BH1', 1220, 0.1147, 232.4679, 0.3935, 'Sanchore');
INSERT INTO welldata.PETROPHYSICS (UBHI, SAMPLE_DEPTH_M, POROSITY, PERMEABILITY, WATER_SAT, FORMATION) VALUES ('WELL00000000030-BH1', 1240, 0.0972, 72.8852, 0.5393, 'Barmer');
INSERT INTO welldata.PETROPHYSICS (UBHI, SAMPLE_DEPTH_M, POROSITY, PERMEABILITY, WATER_SAT, FORMATION) VALUES ('WELL00000000030-BH1', 1260, 0.146, 14.9739, 0.5629, 'Barmer');
INSERT INTO welldata.PETROPHYSICS (UBHI, SAMPLE_DEPTH_M, POROSITY, PERMEABILITY, WATER_SAT, FORMATION) VALUES ('WELL00000000030-BH1', 1280, 0.1567, 168.6272, 0.2463, 'Bengal');
INSERT INTO welldata.PETROPHYSICS (UBHI, SAMPLE_DEPTH_M, POROSITY, PERMEABILITY, WATER_SAT, FORMATION) VALUES ('WELL00000000030-BH1', 1300, 0.1272, 434.5811, 0.6559, 'Rajahmundry');
INSERT INTO welldata.PETROPHYSICS (UBHI, SAMPLE_DEPTH_M, POROSITY, PERMEABILITY, WATER_SAT, FORMATION) VALUES ('WELL00000000030-BH1', 1320, 0.1992, 396.4453, 0.6742, 'Barmer');
INSERT INTO welldata.PETROPHYSICS (UBHI, SAMPLE_DEPTH_M, POROSITY, PERMEABILITY, WATER_SAT, FORMATION) VALUES ('WELL00000000030-BH1', 1340, 0.2227, 361.4887, 0.1779, 'Sanchore');
INSERT INTO welldata.PETROPHYSICS (UBHI, SAMPLE_DEPTH_M, POROSITY, PERMEABILITY, WATER_SAT, FORMATION) VALUES ('WELL00000000030-BH1', 1360, 0.1954, 134.6984, 0.6274, 'Barmer');
INSERT INTO welldata.PETROPHYSICS (UBHI, SAMPLE_DEPTH_M, POROSITY, PERMEABILITY, WATER_SAT, FORMATION) VALUES ('WELL00000000030-BH1', 1380, 0.2549, 58.3297, 0.2508, 'Sanchore');
INSERT INTO welldata.PETROPHYSICS (UBHI, SAMPLE_DEPTH_M, POROSITY, PERMEABILITY, WATER_SAT, FORMATION) VALUES ('WELL00000000030-BH1', 1400, 0.2656, 304.2679, 0.1614, 'Rajahmundry');
INSERT INTO welldata.PETROPHYSICS (UBHI, SAMPLE_DEPTH_M, POROSITY, PERMEABILITY, WATER_SAT, FORMATION) VALUES ('WELL00000000030-BH1', 1420, 0.0652, 380.7922, 0.5757, 'Barmer');
INSERT INTO welldata.PETROPHYSICS (UBHI, SAMPLE_DEPTH_M, POROSITY, PERMEABILITY, WATER_SAT, FORMATION) VALUES ('WELL00000000030-BH1', 1440, 0.1838, 429.83, 0.3019, 'Bengal');
INSERT INTO welldata.PETROPHYSICS (UBHI, SAMPLE_DEPTH_M, POROSITY, PERMEABILITY, WATER_SAT, FORMATION) VALUES ('WELL00000000030-BH1', 1460, 0.0542, 312.79, 0.7152, 'Sanchore');
INSERT INTO welldata.PETROPHYSICS (UBHI, SAMPLE_DEPTH_M, POROSITY, PERMEABILITY, WATER_SAT, FORMATION) VALUES ('WELL00000000030-BH1', 1480, 0.1534, 380.5337, 0.2317, 'Bengal');
INSERT INTO welldata.PETROPHYSICS (UBHI, SAMPLE_DEPTH_M, POROSITY, PERMEABILITY, WATER_SAT, FORMATION) VALUES ('WELL00000000030-BH1', 1500, 0.1947, 61.9673, 0.701, 'Rajahmundry');
INSERT INTO welldata.PETROPHYSICS (UBHI, SAMPLE_DEPTH_M, POROSITY, PERMEABILITY, WATER_SAT, FORMATION) VALUES ('WELL00000000030-BH1', 1520, 0.1845, 49.0586, 0.2176, 'Rajahmundry');
INSERT INTO welldata.PETROPHYSICS (UBHI, SAMPLE_DEPTH_M, POROSITY, PERMEABILITY, WATER_SAT, FORMATION) VALUES ('WELL00000000030-BH1', 1540, 0.0429, 264.817, 0.2659, 'Barmer');
INSERT INTO welldata.PETROPHYSICS (UBHI, SAMPLE_DEPTH_M, POROSITY, PERMEABILITY, WATER_SAT, FORMATION) VALUES ('WELL00000000030-BH1', 1560, 0.155, 173.1336, 0.5425, 'Bengal');
INSERT INTO welldata.PETROPHYSICS (UBHI, SAMPLE_DEPTH_M, POROSITY, PERMEABILITY, WATER_SAT, FORMATION) VALUES ('WELL00000000030-BH1', 1580, 0.0948, 261.4382, 0.3809, 'Bengal');
INSERT INTO welldata.PETROPHYSICS (UBHI, SAMPLE_DEPTH_M, POROSITY, PERMEABILITY, WATER_SAT, FORMATION) VALUES ('WELL00000000030-BH1', 1600, 0.2579, 74.942, 0.2113, 'Rajahmundry');
INSERT INTO welldata.PETROPHYSICS (UBHI, SAMPLE_DEPTH_M, POROSITY, PERMEABILITY, WATER_SAT, FORMATION) VALUES ('WELL00000000030-BH1', 1620, 0.1469, 31.5385, 0.344, 'Sanchore');
INSERT INTO welldata.PETROPHYSICS (UBHI, SAMPLE_DEPTH_M, POROSITY, PERMEABILITY, WATER_SAT, FORMATION) VALUES ('WELL00000000030-BH1', 1640, 0.0628, 77.4265, 0.6298, 'Rajahmundry');
INSERT INTO welldata.PETROPHYSICS (UBHI, SAMPLE_DEPTH_M, POROSITY, PERMEABILITY, WATER_SAT, FORMATION) VALUES ('WELL00000000030-BH1', 1660, 0.255, 177.7493, 0.5586, 'Bengal');
INSERT INTO welldata.PETROPHYSICS (UBHI, SAMPLE_DEPTH_M, POROSITY, PERMEABILITY, WATER_SAT, FORMATION) VALUES ('WELL00000000030-BH1', 1680, 0.1453, 97.931, 0.7227, 'Bengal');
INSERT INTO welldata.PETROPHYSICS (UBHI, SAMPLE_DEPTH_M, POROSITY, PERMEABILITY, WATER_SAT, FORMATION) VALUES ('WELL00000000030-BH1', 1700, 0.0809, 241.0644, 0.2545, 'Barmer');
INSERT INTO welldata.PETROPHYSICS (UBHI, SAMPLE_DEPTH_M, POROSITY, PERMEABILITY, WATER_SAT, FORMATION) VALUES ('WELL00000000030-BH1', 1720, 0.2275, 440.8291, 0.3476, 'Rajahmundry');
INSERT INTO welldata.PETROPHYSICS (UBHI, SAMPLE_DEPTH_M, POROSITY, PERMEABILITY, WATER_SAT, FORMATION) VALUES ('WELL00000000030-BH1', 1740, 0.0892, 68.1453, 0.239, 'Rajahmundry');
INSERT INTO welldata.PETROPHYSICS (UBHI, SAMPLE_DEPTH_M, POROSITY, PERMEABILITY, WATER_SAT, FORMATION) VALUES ('WELL00000000030-BH1', 1760, 0.0992, 426.8623, 0.621, 'Barmer');
INSERT INTO welldata.PETROPHYSICS (UBHI, SAMPLE_DEPTH_M, POROSITY, PERMEABILITY, WATER_SAT, FORMATION) VALUES ('WELL00000000030-BH1', 1780, 0.1076, 400.2889, 0.5654, 'Bengal');
INSERT INTO welldata.PETROPHYSICS (UBHI, SAMPLE_DEPTH_M, POROSITY, PERMEABILITY, WATER_SAT, FORMATION) VALUES ('WELL00000000030-BH1', 1800, 0.1786, 432.767, 0.5786, 'Bengal');
INSERT INTO welldata.PETROPHYSICS (UBHI, SAMPLE_DEPTH_M, POROSITY, PERMEABILITY, WATER_SAT, FORMATION) VALUES ('WELL00000000030-BH1', 1820, 0.2391, 363.7046, 0.4902, 'Sanchore');
INSERT INTO welldata.PETROPHYSICS (UBHI, SAMPLE_DEPTH_M, POROSITY, PERMEABILITY, WATER_SAT, FORMATION) VALUES ('WELL00000000030-BH1', 1840, 0.2704, 444.079, 0.6383, 'Sanchore');
INSERT INTO welldata.PETROPHYSICS (UBHI, SAMPLE_DEPTH_M, POROSITY, PERMEABILITY, WATER_SAT, FORMATION) VALUES ('WELL00000000030-BH1', 1860, 0.2042, 362.6717, 0.3102, 'Rajahmundry');
INSERT INTO welldata.PETROPHYSICS (UBHI, SAMPLE_DEPTH_M, POROSITY, PERMEABILITY, WATER_SAT, FORMATION) VALUES ('WELL00000000030-BH1', 1880, 0.1981, 124.3318, 0.2903, 'Rajahmundry');
INSERT INTO welldata.PETROPHYSICS (UBHI, SAMPLE_DEPTH_M, POROSITY, PERMEABILITY, WATER_SAT, FORMATION) VALUES ('WELL00000000030-BH1', 1900, 0.1611, 66.561, 0.2066, 'Bengal');
INSERT INTO welldata.PETROPHYSICS (UBHI, SAMPLE_DEPTH_M, POROSITY, PERMEABILITY, WATER_SAT, FORMATION) VALUES ('WELL00000000030-BH1', 1920, 0.2674, 17.9112, 0.5952, 'Bengal');
INSERT INTO welldata.PETROPHYSICS (UBHI, SAMPLE_DEPTH_M, POROSITY, PERMEABILITY, WATER_SAT, FORMATION) VALUES ('WELL00000000030-BH1', 1940, 0.0732, 9.2795, 0.1848, 'Bengal');
INSERT INTO welldata.PETROPHYSICS (UBHI, SAMPLE_DEPTH_M, POROSITY, PERMEABILITY, WATER_SAT, FORMATION) VALUES ('WELL00000000030-BH1', 1960, 0.0724, 69.9881, 0.4125, 'Bengal');
INSERT INTO welldata.PETROPHYSICS (UBHI, SAMPLE_DEPTH_M, POROSITY, PERMEABILITY, WATER_SAT, FORMATION) VALUES ('WELL00000000030-BH1', 1980, 0.1464, 414.7357, 0.3878, 'Sanchore');
INSERT INTO welldata.PETROPHYSICS (UBHI, SAMPLE_DEPTH_M, POROSITY, PERMEABILITY, WATER_SAT, FORMATION) VALUES ('WELL00000000030-BH1', 2000, 0.2135, 332.8874, 0.5213, 'Barmer');
INSERT INTO welldata.PETROPHYSICS (UBHI, SAMPLE_DEPTH_M, POROSITY, PERMEABILITY, WATER_SAT, FORMATION) VALUES ('WELL00000000030-BH1', 2020, 0.235, 363.9677, 0.1651, 'Barmer');
INSERT INTO welldata.PETROPHYSICS (UBHI, SAMPLE_DEPTH_M, POROSITY, PERMEABILITY, WATER_SAT, FORMATION) VALUES ('WELL00000000030-BH1', 2040, 0.1555, 254.8875, 0.4535, 'Barmer');
INSERT INTO welldata.PETROPHYSICS (UBHI, SAMPLE_DEPTH_M, POROSITY, PERMEABILITY, WATER_SAT, FORMATION) VALUES ('WELL00000000030-BH1', 2060, 0.1879, 87.5859, 0.5356, 'Sanchore');
INSERT INTO welldata.PETROPHYSICS (UBHI, SAMPLE_DEPTH_M, POROSITY, PERMEABILITY, WATER_SAT, FORMATION) VALUES ('WELL00000000030-BH1', 2080, 0.1502, 200.1647, 0.176, 'Rajahmundry');
INSERT INTO welldata.PETROPHYSICS (UBHI, SAMPLE_DEPTH_M, POROSITY, PERMEABILITY, WATER_SAT, FORMATION) VALUES ('WELL00000000030-BH1', 2100, 0.163, 59.6253, 0.7161, 'Rajahmundry');
INSERT INTO welldata.PETROPHYSICS (UBHI, SAMPLE_DEPTH_M, POROSITY, PERMEABILITY, WATER_SAT, FORMATION) VALUES ('WELL00000000030-BH1', 2120, 0.04, 407.0643, 0.2693, 'Bengal');
INSERT INTO welldata.PETROPHYSICS (UBHI, SAMPLE_DEPTH_M, POROSITY, PERMEABILITY, WATER_SAT, FORMATION) VALUES ('WELL00000000030-BH1', 2140, 0.1186, 161.6885, 0.6885, 'Rajahmundry');
INSERT INTO welldata.PETROPHYSICS (UBHI, SAMPLE_DEPTH_M, POROSITY, PERMEABILITY, WATER_SAT, FORMATION) VALUES ('WELL00000000030-BH1', 2160, 0.2048, 313.5491, 0.2648, 'Barmer');
INSERT INTO welldata.PETROPHYSICS (UBHI, SAMPLE_DEPTH_M, POROSITY, PERMEABILITY, WATER_SAT, FORMATION) VALUES ('WELL00000000030-BH1', 2180, 0.261, 277.5459, 0.5584, 'Bengal');
INSERT INTO welldata.PETROPHYSICS (UBHI, SAMPLE_DEPTH_M, POROSITY, PERMEABILITY, WATER_SAT, FORMATION) VALUES ('WELL00000000030-BH1', 2200, 0.1229, 114.5389, 0.7423, 'Sanchore');
INSERT INTO welldata.PETROPHYSICS (UBHI, SAMPLE_DEPTH_M, POROSITY, PERMEABILITY, WATER_SAT, FORMATION) VALUES ('WELL00000000030-BH1', 2220, 0.1345, 432.5664, 0.5924, 'Bengal');
INSERT INTO welldata.PETROPHYSICS (UBHI, SAMPLE_DEPTH_M, POROSITY, PERMEABILITY, WATER_SAT, FORMATION) VALUES ('WELL00000000030-BH1', 2240, 0.134, 302.9355, 0.7065, 'Rajahmundry');
INSERT INTO welldata.PETROPHYSICS (UBHI, SAMPLE_DEPTH_M, POROSITY, PERMEABILITY, WATER_SAT, FORMATION) VALUES ('WELL00000000030-BH1', 2260, 0.0743, 237.1268, 0.6619, 'Rajahmundry');
INSERT INTO welldata.PETROPHYSICS (UBHI, SAMPLE_DEPTH_M, POROSITY, PERMEABILITY, WATER_SAT, FORMATION) VALUES ('WELL00000000030-BH1', 2280, 0.0424, 244.3368, 0.4976, 'Sanchore');
INSERT INTO welldata.PETROPHYSICS (UBHI, SAMPLE_DEPTH_M, POROSITY, PERMEABILITY, WATER_SAT, FORMATION) VALUES ('WELL00000000030-BH1', 2300, 0.2726, 209.223, 0.6052, 'Rajahmundry');
INSERT INTO welldata.PETROPHYSICS (UBHI, SAMPLE_DEPTH_M, POROSITY, PERMEABILITY, WATER_SAT, FORMATION) VALUES ('WELL00000000030-BH1', 2320, 0.2475, 381.7655, 0.177, 'Bengal');
INSERT INTO welldata.PETROPHYSICS (UBHI, SAMPLE_DEPTH_M, POROSITY, PERMEABILITY, WATER_SAT, FORMATION) VALUES ('WELL00000000030-BH1', 2340, 0.1986, 300.8173, 0.5855, 'Barmer');
INSERT INTO welldata.PETROPHYSICS (UBHI, SAMPLE_DEPTH_M, POROSITY, PERMEABILITY, WATER_SAT, FORMATION) VALUES ('WELL00000000030-BH1', 2360, 0.0907, 67.2779, 0.2139, 'Bengal');
INSERT INTO welldata.PETROPHYSICS (UBHI, SAMPLE_DEPTH_M, POROSITY, PERMEABILITY, WATER_SAT, FORMATION) VALUES ('WELL00000000030-BH1', 2380, 0.142, 121.5171, 0.245, 'Rajahmundry');
INSERT INTO welldata.PETROPHYSICS (UBHI, SAMPLE_DEPTH_M, POROSITY, PERMEABILITY, WATER_SAT, FORMATION) VALUES ('WELL00000000030-BH1', 2400, 0.0404, 307.1385, 0.4564, 'Bengal');
INSERT INTO welldata.PETROPHYSICS (UBHI, SAMPLE_DEPTH_M, POROSITY, PERMEABILITY, WATER_SAT, FORMATION) VALUES ('WELL00000000030-BH1', 2420, 0.1233, 43.0403, 0.6002, 'Rajahmundry');
INSERT INTO welldata.PETROPHYSICS (UBHI, SAMPLE_DEPTH_M, POROSITY, PERMEABILITY, WATER_SAT, FORMATION) VALUES ('WELL00000000030-BH1', 2440, 0.0794, 239.8676, 0.7139, 'Bengal');
INSERT INTO welldata.PETROPHYSICS (UBHI, SAMPLE_DEPTH_M, POROSITY, PERMEABILITY, WATER_SAT, FORMATION) VALUES ('WELL00000000030-BH1', 2460, 0.1476, 378.5766, 0.6713, 'Rajahmundry');
INSERT INTO welldata.PETROPHYSICS (UBHI, SAMPLE_DEPTH_M, POROSITY, PERMEABILITY, WATER_SAT, FORMATION) VALUES ('WELL00000000030-BH1', 2480, 0.2345, 50.5165, 0.5441, 'Bengal');
INSERT INTO welldata.PETROPHYSICS (UBHI, SAMPLE_DEPTH_M, POROSITY, PERMEABILITY, WATER_SAT, FORMATION) VALUES ('WELL00000000030-BH1', 2500, 0.1223, 355.8352, 0.2784, 'Bengal');
INSERT INTO welldata.PETROPHYSICS (UBHI, SAMPLE_DEPTH_M, POROSITY, PERMEABILITY, WATER_SAT, FORMATION) VALUES ('WELL00000000030-BH1', 2520, 0.1629, 376.1157, 0.2079, 'Bengal');
INSERT INTO welldata.PETROPHYSICS (UBHI, SAMPLE_DEPTH_M, POROSITY, PERMEABILITY, WATER_SAT, FORMATION) VALUES ('WELL00000000030-BH1', 2540, 0.1215, 52.8682, 0.6738, 'Rajahmundry');
INSERT INTO welldata.PETROPHYSICS (UBHI, SAMPLE_DEPTH_M, POROSITY, PERMEABILITY, WATER_SAT, FORMATION) VALUES ('WELL00000000030-BH1', 2560, 0.2368, 150.837, 0.3166, 'Sanchore');
INSERT INTO welldata.PETROPHYSICS (UBHI, SAMPLE_DEPTH_M, POROSITY, PERMEABILITY, WATER_SAT, FORMATION) VALUES ('WELL00000000030-BH1', 2580, 0.2629, 124.3409, 0.3412, 'Sanchore');
INSERT INTO welldata.PETROPHYSICS (UBHI, SAMPLE_DEPTH_M, POROSITY, PERMEABILITY, WATER_SAT, FORMATION) VALUES ('WELL00000000030-BH1', 2600, 0.0752, 190.6828, 0.3446, 'Barmer');
INSERT INTO welldata.PETROPHYSICS (UBHI, SAMPLE_DEPTH_M, POROSITY, PERMEABILITY, WATER_SAT, FORMATION) VALUES ('WELL00000000030-BH1', 2620, 0.209, 36.097, 0.4768, 'Bengal');
INSERT INTO welldata.PETROPHYSICS (UBHI, SAMPLE_DEPTH_M, POROSITY, PERMEABILITY, WATER_SAT, FORMATION) VALUES ('WELL00000000030-BH1', 2640, 0.0876, 218.7773, 0.5988, 'Rajahmundry');
INSERT INTO welldata.PETROPHYSICS (UBHI, SAMPLE_DEPTH_M, POROSITY, PERMEABILITY, WATER_SAT, FORMATION) VALUES ('WELL00000000030-BH1', 2660, 0.2396, 249.9983, 0.6395, 'Rajahmundry');
INSERT INTO welldata.PETROPHYSICS (UBHI, SAMPLE_DEPTH_M, POROSITY, PERMEABILITY, WATER_SAT, FORMATION) VALUES ('WELL00000000030-BH1', 2680, 0.1981, 21.4733, 0.6989, 'Rajahmundry');
INSERT INTO welldata.PETROPHYSICS (UBHI, SAMPLE_DEPTH_M, POROSITY, PERMEABILITY, WATER_SAT, FORMATION) VALUES ('WELL00000000030-BH1', 2700, 0.1785, 323.3066, 0.6759, 'Sanchore');
INSERT INTO welldata.PETROPHYSICS (UBHI, SAMPLE_DEPTH_M, POROSITY, PERMEABILITY, WATER_SAT, FORMATION) VALUES ('WELL00000000030-BH1', 2720, 0.0782, 129.4961, 0.2374, 'Bengal');
INSERT INTO welldata.PETROPHYSICS (UBHI, SAMPLE_DEPTH_M, POROSITY, PERMEABILITY, WATER_SAT, FORMATION) VALUES ('WELL00000000030-BH1', 2740, 0.1132, 268.3674, 0.488, 'Bengal');
INSERT INTO welldata.PETROPHYSICS (UBHI, SAMPLE_DEPTH_M, POROSITY, PERMEABILITY, WATER_SAT, FORMATION) VALUES ('WELL00000000030-BH1', 2760, 0.1579, 149.5541, 0.2843, 'Bengal');
INSERT INTO welldata.PETROPHYSICS (UBHI, SAMPLE_DEPTH_M, POROSITY, PERMEABILITY, WATER_SAT, FORMATION) VALUES ('WELL00000000030-BH1', 2780, 0.1667, 381.3438, 0.7172, 'Bengal');
INSERT INTO welldata.PETROPHYSICS (UBHI, SAMPLE_DEPTH_M, POROSITY, PERMEABILITY, WATER_SAT, FORMATION) VALUES ('WELL00000000030-BH1', 2800, 0.2092, 17.505, 0.3789, 'Rajahmundry');
INSERT INTO welldata.PETROPHYSICS (UBHI, SAMPLE_DEPTH_M, POROSITY, PERMEABILITY, WATER_SAT, FORMATION) VALUES ('WELL00000000030-BH1', 2820, 0.0933, 59.872, 0.3086, 'Bengal');
INSERT INTO welldata.PETROPHYSICS (UBHI, SAMPLE_DEPTH_M, POROSITY, PERMEABILITY, WATER_SAT, FORMATION) VALUES ('WELL00000000030-BH1', 2840, 0.1834, 110.0403, 0.5943, 'Rajahmundry');
INSERT INTO welldata.PETROPHYSICS (UBHI, SAMPLE_DEPTH_M, POROSITY, PERMEABILITY, WATER_SAT, FORMATION) VALUES ('WELL00000000030-BH1', 2860, 0.2754, 55.7783, 0.58, 'Bengal');
INSERT INTO welldata.PETROPHYSICS (UBHI, SAMPLE_DEPTH_M, POROSITY, PERMEABILITY, WATER_SAT, FORMATION) VALUES ('WELL00000000030-BH1', 2880, 0.2675, 313.3205, 0.1528, 'Rajahmundry');
INSERT INTO welldata.PETROPHYSICS (UBHI, SAMPLE_DEPTH_M, POROSITY, PERMEABILITY, WATER_SAT, FORMATION) VALUES ('WELL00000000030-BH1', 2900, 0.1631, 6.1013, 0.6744, 'Rajahmundry');
INSERT INTO welldata.PETROPHYSICS (UBHI, SAMPLE_DEPTH_M, POROSITY, PERMEABILITY, WATER_SAT, FORMATION) VALUES ('WELL00000000030-BH1', 2920, 0.1832, 384.3949, 0.3117, 'Sanchore');
INSERT INTO welldata.PETROPHYSICS (UBHI, SAMPLE_DEPTH_M, POROSITY, PERMEABILITY, WATER_SAT, FORMATION) VALUES ('WELL00000000030-BH1', 2940, 0.2716, 2.235, 0.391, 'Rajahmundry');
INSERT INTO welldata.PETROPHYSICS (UBHI, SAMPLE_DEPTH_M, POROSITY, PERMEABILITY, WATER_SAT, FORMATION) VALUES ('WELL00000000030-BH1', 2960, 0.0452, 188.3198, 0.607, 'Rajahmundry');
INSERT INTO welldata.PETROPHYSICS (UBHI, SAMPLE_DEPTH_M, POROSITY, PERMEABILITY, WATER_SAT, FORMATION) VALUES ('WELL00000000030-BH1', 2980, 0.2223, 390.3238, 0.4321, 'Rajahmundry');
INSERT INTO welldata.PETROPHYSICS (UBHI, SAMPLE_DEPTH_M, POROSITY, PERMEABILITY, WATER_SAT, FORMATION) VALUES ('WELL00000000030-BH1', 3000, 0.0876, 426.2365, 0.6523, 'Barmer');
INSERT INTO welldata.BOREHOLE (UBHI, UWI, BOREHOLE_NAME, BOREHOLE_TYPE, TOP_DEPTH_M, BASE_DEPTH_M) VALUES ('WELL00000000030-BH2', 'WELL00000000030', 'CAIR-RA-030-BH2', 'VERTICAL', 848, 1375);
INSERT INTO welldata.PETROPHYSICS (UBHI, SAMPLE_DEPTH_M, POROSITY, PERMEABILITY, WATER_SAT, FORMATION) VALUES ('WELL00000000030-BH2', 1000, 0.2502, 428.5537, 0.3564, 'Rajahmundry');
INSERT INTO welldata.PETROPHYSICS (UBHI, SAMPLE_DEPTH_M, POROSITY, PERMEABILITY, WATER_SAT, FORMATION) VALUES ('WELL00000000030-BH2', 1020, 0.1972, 354.4504, 0.4382, 'Rajahmundry');
INSERT INTO welldata.PETROPHYSICS (UBHI, SAMPLE_DEPTH_M, POROSITY, PERMEABILITY, WATER_SAT, FORMATION) VALUES ('WELL00000000030-BH2', 1040, 0.2514, 103.4858, 0.6895, 'Sanchore');
INSERT INTO welldata.PETROPHYSICS (UBHI, SAMPLE_DEPTH_M, POROSITY, PERMEABILITY, WATER_SAT, FORMATION) VALUES ('WELL00000000030-BH2', 1060, 0.0917, 383.5503, 0.4292, 'Bengal');
INSERT INTO welldata.PETROPHYSICS (UBHI, SAMPLE_DEPTH_M, POROSITY, PERMEABILITY, WATER_SAT, FORMATION) VALUES ('WELL00000000030-BH2', 1080, 0.1944, 177.2274, 0.2989, 'Bengal');
INSERT INTO welldata.PETROPHYSICS (UBHI, SAMPLE_DEPTH_M, POROSITY, PERMEABILITY, WATER_SAT, FORMATION) VALUES ('WELL00000000030-BH2', 1100, 0.0649, 319.8768, 0.4787, 'Sanchore');
INSERT INTO welldata.PETROPHYSICS (UBHI, SAMPLE_DEPTH_M, POROSITY, PERMEABILITY, WATER_SAT, FORMATION) VALUES ('WELL00000000030-BH2', 1120, 0.1626, 407.1339, 0.4399, 'Rajahmundry');
INSERT INTO welldata.PETROPHYSICS (UBHI, SAMPLE_DEPTH_M, POROSITY, PERMEABILITY, WATER_SAT, FORMATION) VALUES ('WELL00000000030-BH2', 1140, 0.1055, 361.727, 0.746, 'Rajahmundry');
INSERT INTO welldata.PETROPHYSICS (UBHI, SAMPLE_DEPTH_M, POROSITY, PERMEABILITY, WATER_SAT, FORMATION) VALUES ('WELL00000000030-BH2', 1160, 0.0984, 406.7602, 0.3639, 'Bengal');
INSERT INTO welldata.PETROPHYSICS (UBHI, SAMPLE_DEPTH_M, POROSITY, PERMEABILITY, WATER_SAT, FORMATION) VALUES ('WELL00000000030-BH2', 1180, 0.1903, 409.2289, 0.1941, 'Rajahmundry');
INSERT INTO welldata.PETROPHYSICS (UBHI, SAMPLE_DEPTH_M, POROSITY, PERMEABILITY, WATER_SAT, FORMATION) VALUES ('WELL00000000030-BH2', 1200, 0.2412, 171.7657, 0.6907, 'Bengal');
INSERT INTO welldata.PETROPHYSICS (UBHI, SAMPLE_DEPTH_M, POROSITY, PERMEABILITY, WATER_SAT, FORMATION) VALUES ('WELL00000000030-BH2', 1220, 0.1365, 373.5375, 0.7255, 'Bengal');
INSERT INTO welldata.PETROPHYSICS (UBHI, SAMPLE_DEPTH_M, POROSITY, PERMEABILITY, WATER_SAT, FORMATION) VALUES ('WELL00000000030-BH2', 1240, 0.0451, 160.9012, 0.3205, 'Bengal');
INSERT INTO welldata.PETROPHYSICS (UBHI, SAMPLE_DEPTH_M, POROSITY, PERMEABILITY, WATER_SAT, FORMATION) VALUES ('WELL00000000030-BH2', 1260, 0.1006, 67.394, 0.3306, 'Barmer');
INSERT INTO welldata.PETROPHYSICS (UBHI, SAMPLE_DEPTH_M, POROSITY, PERMEABILITY, WATER_SAT, FORMATION) VALUES ('WELL00000000030-BH2', 1280, 0.1702, 302.9175, 0.2815, 'Sanchore');
INSERT INTO welldata.PETROPHYSICS (UBHI, SAMPLE_DEPTH_M, POROSITY, PERMEABILITY, WATER_SAT, FORMATION) VALUES ('WELL00000000030-BH2', 1300, 0.0929, 400.8232, 0.5981, 'Bengal');
INSERT INTO welldata.PETROPHYSICS (UBHI, SAMPLE_DEPTH_M, POROSITY, PERMEABILITY, WATER_SAT, FORMATION) VALUES ('WELL00000000030-BH2', 1320, 0.1901, 239.8497, 0.7076, 'Rajahmundry');
INSERT INTO welldata.PETROPHYSICS (UBHI, SAMPLE_DEPTH_M, POROSITY, PERMEABILITY, WATER_SAT, FORMATION) VALUES ('WELL00000000030-BH2', 1340, 0.2577, 110.5058, 0.216, 'Rajahmundry');
INSERT INTO welldata.PETROPHYSICS (UBHI, SAMPLE_DEPTH_M, POROSITY, PERMEABILITY, WATER_SAT, FORMATION) VALUES ('WELL00000000030-BH2', 1360, 0.2121, 363.0885, 0.375, 'Barmer');
INSERT INTO welldata.PETROPHYSICS (UBHI, SAMPLE_DEPTH_M, POROSITY, PERMEABILITY, WATER_SAT, FORMATION) VALUES ('WELL00000000030-BH2', 1380, 0.2792, 184.2533, 0.3443, 'Sanchore');
INSERT INTO welldata.PETROPHYSICS (UBHI, SAMPLE_DEPTH_M, POROSITY, PERMEABILITY, WATER_SAT, FORMATION) VALUES ('WELL00000000030-BH2', 1400, 0.1092, 227.422, 0.3499, 'Bengal');
INSERT INTO welldata.PETROPHYSICS (UBHI, SAMPLE_DEPTH_M, POROSITY, PERMEABILITY, WATER_SAT, FORMATION) VALUES ('WELL00000000030-BH2', 1420, 0.0533, 308.2118, 0.3821, 'Barmer');
INSERT INTO welldata.PETROPHYSICS (UBHI, SAMPLE_DEPTH_M, POROSITY, PERMEABILITY, WATER_SAT, FORMATION) VALUES ('WELL00000000030-BH2', 1440, 0.1442, 110.3232, 0.1773, 'Bengal');
INSERT INTO welldata.PETROPHYSICS (UBHI, SAMPLE_DEPTH_M, POROSITY, PERMEABILITY, WATER_SAT, FORMATION) VALUES ('WELL00000000030-BH2', 1460, 0.2387, 111.4837, 0.2286, 'Bengal');
INSERT INTO welldata.PETROPHYSICS (UBHI, SAMPLE_DEPTH_M, POROSITY, PERMEABILITY, WATER_SAT, FORMATION) VALUES ('WELL00000000030-BH2', 1480, 0.1218, 325.2185, 0.3112, 'Sanchore');
INSERT INTO welldata.PETROPHYSICS (UBHI, SAMPLE_DEPTH_M, POROSITY, PERMEABILITY, WATER_SAT, FORMATION) VALUES ('WELL00000000030-BH2', 1500, 0.1572, 83.7998, 0.7298, 'Sanchore');
INSERT INTO welldata.PETROPHYSICS (UBHI, SAMPLE_DEPTH_M, POROSITY, PERMEABILITY, WATER_SAT, FORMATION) VALUES ('WELL00000000030-BH2', 1520, 0.1131, 31.8039, 0.4752, 'Barmer');
INSERT INTO welldata.PETROPHYSICS (UBHI, SAMPLE_DEPTH_M, POROSITY, PERMEABILITY, WATER_SAT, FORMATION) VALUES ('WELL00000000030-BH2', 1540, 0.045, 282.9371, 0.6148, 'Rajahmundry');
INSERT INTO welldata.PETROPHYSICS (UBHI, SAMPLE_DEPTH_M, POROSITY, PERMEABILITY, WATER_SAT, FORMATION) VALUES ('WELL00000000030-BH2', 1560, 0.1972, 8.9233, 0.4186, 'Barmer');
INSERT INTO welldata.PETROPHYSICS (UBHI, SAMPLE_DEPTH_M, POROSITY, PERMEABILITY, WATER_SAT, FORMATION) VALUES ('WELL00000000030-BH2', 1580, 0.2162, 78.6255, 0.6523, 'Barmer');
INSERT INTO welldata.PETROPHYSICS (UBHI, SAMPLE_DEPTH_M, POROSITY, PERMEABILITY, WATER_SAT, FORMATION) VALUES ('WELL00000000030-BH2', 1600, 0.1611, 179.9842, 0.5861, 'Bengal');
INSERT INTO welldata.PETROPHYSICS (UBHI, SAMPLE_DEPTH_M, POROSITY, PERMEABILITY, WATER_SAT, FORMATION) VALUES ('WELL00000000030-BH2', 1620, 0.1048, 415.1786, 0.7387, 'Rajahmundry');
INSERT INTO welldata.PETROPHYSICS (UBHI, SAMPLE_DEPTH_M, POROSITY, PERMEABILITY, WATER_SAT, FORMATION) VALUES ('WELL00000000030-BH2', 1640, 0.1324, 251.7458, 0.2186, 'Rajahmundry');
INSERT INTO welldata.PETROPHYSICS (UBHI, SAMPLE_DEPTH_M, POROSITY, PERMEABILITY, WATER_SAT, FORMATION) VALUES ('WELL00000000030-BH2', 1660, 0.1755, 34.211, 0.6999, 'Barmer');
INSERT INTO welldata.PETROPHYSICS (UBHI, SAMPLE_DEPTH_M, POROSITY, PERMEABILITY, WATER_SAT, FORMATION) VALUES ('WELL00000000030-BH2', 1680, 0.2229, 92.0381, 0.4881, 'Barmer');
INSERT INTO welldata.PETROPHYSICS (UBHI, SAMPLE_DEPTH_M, POROSITY, PERMEABILITY, WATER_SAT, FORMATION) VALUES ('WELL00000000030-BH2', 1700, 0.1898, 447.0867, 0.6255, 'Bengal');
INSERT INTO welldata.PETROPHYSICS (UBHI, SAMPLE_DEPTH_M, POROSITY, PERMEABILITY, WATER_SAT, FORMATION) VALUES ('WELL00000000030-BH2', 1720, 0.1319, 202.9996, 0.5755, 'Sanchore');
INSERT INTO welldata.PETROPHYSICS (UBHI, SAMPLE_DEPTH_M, POROSITY, PERMEABILITY, WATER_SAT, FORMATION) VALUES ('WELL00000000030-BH2', 1740, 0.2223, 431.9708, 0.6139, 'Sanchore');
INSERT INTO welldata.PETROPHYSICS (UBHI, SAMPLE_DEPTH_M, POROSITY, PERMEABILITY, WATER_SAT, FORMATION) VALUES ('WELL00000000030-BH2', 1760, 0.273, 149.3456, 0.1991, 'Bengal');
INSERT INTO welldata.PETROPHYSICS (UBHI, SAMPLE_DEPTH_M, POROSITY, PERMEABILITY, WATER_SAT, FORMATION) VALUES ('WELL00000000030-BH2', 1780, 0.1475, 26.4019, 0.2284, 'Bengal');
INSERT INTO welldata.PETROPHYSICS (UBHI, SAMPLE_DEPTH_M, POROSITY, PERMEABILITY, WATER_SAT, FORMATION) VALUES ('WELL00000000030-BH2', 1800, 0.2045, 25.9223, 0.7465, 'Bengal');
INSERT INTO welldata.PETROPHYSICS (UBHI, SAMPLE_DEPTH_M, POROSITY, PERMEABILITY, WATER_SAT, FORMATION) VALUES ('WELL00000000030-BH2', 1820, 0.0573, 13.6964, 0.1606, 'Barmer');
INSERT INTO welldata.PETROPHYSICS (UBHI, SAMPLE_DEPTH_M, POROSITY, PERMEABILITY, WATER_SAT, FORMATION) VALUES ('WELL00000000030-BH2', 1840, 0.2344, 242.5616, 0.2869, 'Sanchore');
INSERT INTO welldata.PETROPHYSICS (UBHI, SAMPLE_DEPTH_M, POROSITY, PERMEABILITY, WATER_SAT, FORMATION) VALUES ('WELL00000000030-BH2', 1860, 0.1463, 352.0794, 0.2492, 'Barmer');
INSERT INTO welldata.PETROPHYSICS (UBHI, SAMPLE_DEPTH_M, POROSITY, PERMEABILITY, WATER_SAT, FORMATION) VALUES ('WELL00000000030-BH2', 1880, 0.1067, 375.1754, 0.4088, 'Sanchore');
INSERT INTO welldata.PETROPHYSICS (UBHI, SAMPLE_DEPTH_M, POROSITY, PERMEABILITY, WATER_SAT, FORMATION) VALUES ('WELL00000000030-BH2', 1900, 0.1056, 280.6805, 0.6677, 'Sanchore');
INSERT INTO welldata.PETROPHYSICS (UBHI, SAMPLE_DEPTH_M, POROSITY, PERMEABILITY, WATER_SAT, FORMATION) VALUES ('WELL00000000030-BH2', 1920, 0.155, 196.4377, 0.3609, 'Bengal');
INSERT INTO welldata.PETROPHYSICS (UBHI, SAMPLE_DEPTH_M, POROSITY, PERMEABILITY, WATER_SAT, FORMATION) VALUES ('WELL00000000030-BH2', 1940, 0.1403, 361.5859, 0.5319, 'Sanchore');
INSERT INTO welldata.PETROPHYSICS (UBHI, SAMPLE_DEPTH_M, POROSITY, PERMEABILITY, WATER_SAT, FORMATION) VALUES ('WELL00000000030-BH2', 1960, 0.1789, 199.1271, 0.2118, 'Bengal');
INSERT INTO welldata.PETROPHYSICS (UBHI, SAMPLE_DEPTH_M, POROSITY, PERMEABILITY, WATER_SAT, FORMATION) VALUES ('WELL00000000030-BH2', 1980, 0.1037, 120.9393, 0.204, 'Barmer');
INSERT INTO welldata.PETROPHYSICS (UBHI, SAMPLE_DEPTH_M, POROSITY, PERMEABILITY, WATER_SAT, FORMATION) VALUES ('WELL00000000030-BH2', 2000, 0.0947, 314.9872, 0.248, 'Barmer');
INSERT INTO welldata.PETROPHYSICS (UBHI, SAMPLE_DEPTH_M, POROSITY, PERMEABILITY, WATER_SAT, FORMATION) VALUES ('WELL00000000030-BH2', 2020, 0.1429, 129.6591, 0.7327, 'Barmer');
INSERT INTO welldata.PETROPHYSICS (UBHI, SAMPLE_DEPTH_M, POROSITY, PERMEABILITY, WATER_SAT, FORMATION) VALUES ('WELL00000000030-BH2', 2040, 0.1767, 424.8232, 0.5755, 'Sanchore');
INSERT INTO welldata.PETROPHYSICS (UBHI, SAMPLE_DEPTH_M, POROSITY, PERMEABILITY, WATER_SAT, FORMATION) VALUES ('WELL00000000030-BH2', 2060, 0.0603, 114.3252, 0.1806, 'Sanchore');
INSERT INTO welldata.PETROPHYSICS (UBHI, SAMPLE_DEPTH_M, POROSITY, PERMEABILITY, WATER_SAT, FORMATION) VALUES ('WELL00000000030-BH2', 2080, 0.239, 406.108, 0.6639, 'Barmer');
INSERT INTO welldata.PETROPHYSICS (UBHI, SAMPLE_DEPTH_M, POROSITY, PERMEABILITY, WATER_SAT, FORMATION) VALUES ('WELL00000000030-BH2', 2100, 0.2707, 291.0214, 0.3264, 'Sanchore');
INSERT INTO welldata.PETROPHYSICS (UBHI, SAMPLE_DEPTH_M, POROSITY, PERMEABILITY, WATER_SAT, FORMATION) VALUES ('WELL00000000030-BH2', 2120, 0.2555, 395.8724, 0.2804, 'Sanchore');
INSERT INTO welldata.PETROPHYSICS (UBHI, SAMPLE_DEPTH_M, POROSITY, PERMEABILITY, WATER_SAT, FORMATION) VALUES ('WELL00000000030-BH2', 2140, 0.0457, 163.8581, 0.5737, 'Bengal');
INSERT INTO welldata.PETROPHYSICS (UBHI, SAMPLE_DEPTH_M, POROSITY, PERMEABILITY, WATER_SAT, FORMATION) VALUES ('WELL00000000030-BH2', 2160, 0.2781, 110.5227, 0.3264, 'Sanchore');
INSERT INTO welldata.PETROPHYSICS (UBHI, SAMPLE_DEPTH_M, POROSITY, PERMEABILITY, WATER_SAT, FORMATION) VALUES ('WELL00000000030-BH2', 2180, 0.0987, 59.7316, 0.2426, 'Bengal');
INSERT INTO welldata.PETROPHYSICS (UBHI, SAMPLE_DEPTH_M, POROSITY, PERMEABILITY, WATER_SAT, FORMATION) VALUES ('WELL00000000030-BH2', 2200, 0.0888, 204.416, 0.7212, 'Bengal');
INSERT INTO welldata.PETROPHYSICS (UBHI, SAMPLE_DEPTH_M, POROSITY, PERMEABILITY, WATER_SAT, FORMATION) VALUES ('WELL00000000030-BH2', 2220, 0.154, 315.9215, 0.4065, 'Bengal');
INSERT INTO welldata.PETROPHYSICS (UBHI, SAMPLE_DEPTH_M, POROSITY, PERMEABILITY, WATER_SAT, FORMATION) VALUES ('WELL00000000030-BH2', 2240, 0.2253, 378.3771, 0.6776, 'Sanchore');
INSERT INTO welldata.PETROPHYSICS (UBHI, SAMPLE_DEPTH_M, POROSITY, PERMEABILITY, WATER_SAT, FORMATION) VALUES ('WELL00000000030-BH2', 2260, 0.1061, 104.4727, 0.3074, 'Sanchore');
INSERT INTO welldata.PETROPHYSICS (UBHI, SAMPLE_DEPTH_M, POROSITY, PERMEABILITY, WATER_SAT, FORMATION) VALUES ('WELL00000000030-BH2', 2280, 0.1332, 258.8865, 0.3339, 'Bengal');
INSERT INTO welldata.PETROPHYSICS (UBHI, SAMPLE_DEPTH_M, POROSITY, PERMEABILITY, WATER_SAT, FORMATION) VALUES ('WELL00000000030-BH2', 2300, 0.0508, 341.8875, 0.2842, 'Barmer');
INSERT INTO welldata.PETROPHYSICS (UBHI, SAMPLE_DEPTH_M, POROSITY, PERMEABILITY, WATER_SAT, FORMATION) VALUES ('WELL00000000030-BH2', 2320, 0.158, 130.8924, 0.3261, 'Rajahmundry');
INSERT INTO welldata.PETROPHYSICS (UBHI, SAMPLE_DEPTH_M, POROSITY, PERMEABILITY, WATER_SAT, FORMATION) VALUES ('WELL00000000030-BH2', 2340, 0.1921, 449.5368, 0.5063, 'Sanchore');
INSERT INTO welldata.PETROPHYSICS (UBHI, SAMPLE_DEPTH_M, POROSITY, PERMEABILITY, WATER_SAT, FORMATION) VALUES ('WELL00000000030-BH2', 2360, 0.1519, 158.1817, 0.563, 'Rajahmundry');
INSERT INTO welldata.PETROPHYSICS (UBHI, SAMPLE_DEPTH_M, POROSITY, PERMEABILITY, WATER_SAT, FORMATION) VALUES ('WELL00000000030-BH2', 2380, 0.1138, 192.0178, 0.4626, 'Rajahmundry');
INSERT INTO welldata.PETROPHYSICS (UBHI, SAMPLE_DEPTH_M, POROSITY, PERMEABILITY, WATER_SAT, FORMATION) VALUES ('WELL00000000030-BH2', 2400, 0.2227, 32.1508, 0.6102, 'Rajahmundry');
INSERT INTO welldata.PETROPHYSICS (UBHI, SAMPLE_DEPTH_M, POROSITY, PERMEABILITY, WATER_SAT, FORMATION) VALUES ('WELL00000000030-BH2', 2420, 0.0453, 418.7215, 0.423, 'Barmer');
INSERT INTO welldata.PETROPHYSICS (UBHI, SAMPLE_DEPTH_M, POROSITY, PERMEABILITY, WATER_SAT, FORMATION) VALUES ('WELL00000000030-BH2', 2440, 0.0595, 282.3538, 0.4867, 'Bengal');
INSERT INTO welldata.PETROPHYSICS (UBHI, SAMPLE_DEPTH_M, POROSITY, PERMEABILITY, WATER_SAT, FORMATION) VALUES ('WELL00000000030-BH2', 2460, 0.255, 103.0118, 0.4897, 'Rajahmundry');
INSERT INTO welldata.PETROPHYSICS (UBHI, SAMPLE_DEPTH_M, POROSITY, PERMEABILITY, WATER_SAT, FORMATION) VALUES ('WELL00000000030-BH2', 2480, 0.0888, 174.1938, 0.4902, 'Bengal');
INSERT INTO welldata.PETROPHYSICS (UBHI, SAMPLE_DEPTH_M, POROSITY, PERMEABILITY, WATER_SAT, FORMATION) VALUES ('WELL00000000030-BH2', 2500, 0.2721, 294.8366, 0.4995, 'Sanchore');
INSERT INTO welldata.PETROPHYSICS (UBHI, SAMPLE_DEPTH_M, POROSITY, PERMEABILITY, WATER_SAT, FORMATION) VALUES ('WELL00000000030-BH2', 2520, 0.1513, 107.7543, 0.3177, 'Barmer');
INSERT INTO welldata.PETROPHYSICS (UBHI, SAMPLE_DEPTH_M, POROSITY, PERMEABILITY, WATER_SAT, FORMATION) VALUES ('WELL00000000030-BH2', 2540, 0.1987, 376.825, 0.2952, 'Sanchore');
INSERT INTO welldata.PETROPHYSICS (UBHI, SAMPLE_DEPTH_M, POROSITY, PERMEABILITY, WATER_SAT, FORMATION) VALUES ('WELL00000000030-BH2', 2560, 0.0682, 289.6584, 0.5027, 'Bengal');
INSERT INTO welldata.PETROPHYSICS (UBHI, SAMPLE_DEPTH_M, POROSITY, PERMEABILITY, WATER_SAT, FORMATION) VALUES ('WELL00000000030-BH2', 2580, 0.2676, 261.5618, 0.6744, 'Sanchore');
INSERT INTO welldata.PETROPHYSICS (UBHI, SAMPLE_DEPTH_M, POROSITY, PERMEABILITY, WATER_SAT, FORMATION) VALUES ('WELL00000000030-BH2', 2600, 0.123, 125.1699, 0.301, 'Bengal');
INSERT INTO welldata.PETROPHYSICS (UBHI, SAMPLE_DEPTH_M, POROSITY, PERMEABILITY, WATER_SAT, FORMATION) VALUES ('WELL00000000030-BH2', 2620, 0.2623, 165.0378, 0.7339, 'Barmer');
INSERT INTO welldata.PETROPHYSICS (UBHI, SAMPLE_DEPTH_M, POROSITY, PERMEABILITY, WATER_SAT, FORMATION) VALUES ('WELL00000000030-BH2', 2640, 0.2016, 303.3637, 0.6782, 'Barmer');
INSERT INTO welldata.PETROPHYSICS (UBHI, SAMPLE_DEPTH_M, POROSITY, PERMEABILITY, WATER_SAT, FORMATION) VALUES ('WELL00000000030-BH2', 2660, 0.0636, 449.0344, 0.5907, 'Rajahmundry');
INSERT INTO welldata.PETROPHYSICS (UBHI, SAMPLE_DEPTH_M, POROSITY, PERMEABILITY, WATER_SAT, FORMATION) VALUES ('WELL00000000030-BH2', 2680, 0.0728, 218.1911, 0.2122, 'Rajahmundry');
INSERT INTO welldata.PETROPHYSICS (UBHI, SAMPLE_DEPTH_M, POROSITY, PERMEABILITY, WATER_SAT, FORMATION) VALUES ('WELL00000000030-BH2', 2700, 0.2019, 98.8544, 0.1851, 'Rajahmundry');
INSERT INTO welldata.PETROPHYSICS (UBHI, SAMPLE_DEPTH_M, POROSITY, PERMEABILITY, WATER_SAT, FORMATION) VALUES ('WELL00000000030-BH2', 2720, 0.2351, 70.3191, 0.7155, 'Sanchore');
INSERT INTO welldata.PETROPHYSICS (UBHI, SAMPLE_DEPTH_M, POROSITY, PERMEABILITY, WATER_SAT, FORMATION) VALUES ('WELL00000000030-BH2', 2740, 0.2274, 218.5169, 0.7095, 'Barmer');
INSERT INTO welldata.PETROPHYSICS (UBHI, SAMPLE_DEPTH_M, POROSITY, PERMEABILITY, WATER_SAT, FORMATION) VALUES ('WELL00000000030-BH2', 2760, 0.0408, 431.5234, 0.2034, 'Rajahmundry');
INSERT INTO welldata.PETROPHYSICS (UBHI, SAMPLE_DEPTH_M, POROSITY, PERMEABILITY, WATER_SAT, FORMATION) VALUES ('WELL00000000030-BH2', 2780, 0.1858, 431.5107, 0.2237, 'Sanchore');
INSERT INTO welldata.PETROPHYSICS (UBHI, SAMPLE_DEPTH_M, POROSITY, PERMEABILITY, WATER_SAT, FORMATION) VALUES ('WELL00000000030-BH2', 2800, 0.1712, 70.1589, 0.5933, 'Barmer');
INSERT INTO welldata.PETROPHYSICS (UBHI, SAMPLE_DEPTH_M, POROSITY, PERMEABILITY, WATER_SAT, FORMATION) VALUES ('WELL00000000030-BH2', 2820, 0.2659, 257.1262, 0.386, 'Sanchore');
INSERT INTO welldata.PETROPHYSICS (UBHI, SAMPLE_DEPTH_M, POROSITY, PERMEABILITY, WATER_SAT, FORMATION) VALUES ('WELL00000000030-BH2', 2840, 0.1713, 216.3101, 0.5598, 'Barmer');
INSERT INTO welldata.PETROPHYSICS (UBHI, SAMPLE_DEPTH_M, POROSITY, PERMEABILITY, WATER_SAT, FORMATION) VALUES ('WELL00000000030-BH2', 2860, 0.2314, 113.9237, 0.5093, 'Sanchore');
INSERT INTO welldata.PETROPHYSICS (UBHI, SAMPLE_DEPTH_M, POROSITY, PERMEABILITY, WATER_SAT, FORMATION) VALUES ('WELL00000000030-BH2', 2880, 0.1759, 345.7231, 0.3565, 'Bengal');
INSERT INTO welldata.PETROPHYSICS (UBHI, SAMPLE_DEPTH_M, POROSITY, PERMEABILITY, WATER_SAT, FORMATION) VALUES ('WELL00000000030-BH2', 2900, 0.0522, 257.2976, 0.1717, 'Rajahmundry');
INSERT INTO welldata.PETROPHYSICS (UBHI, SAMPLE_DEPTH_M, POROSITY, PERMEABILITY, WATER_SAT, FORMATION) VALUES ('WELL00000000030-BH2', 2920, 0.1756, 235.9242, 0.3307, 'Sanchore');
INSERT INTO welldata.PETROPHYSICS (UBHI, SAMPLE_DEPTH_M, POROSITY, PERMEABILITY, WATER_SAT, FORMATION) VALUES ('WELL00000000030-BH2', 2940, 0.0448, 175.0088, 0.1653, 'Barmer');
INSERT INTO welldata.PETROPHYSICS (UBHI, SAMPLE_DEPTH_M, POROSITY, PERMEABILITY, WATER_SAT, FORMATION) VALUES ('WELL00000000030-BH2', 2960, 0.2071, 400.5214, 0.6537, 'Sanchore');
INSERT INTO welldata.PETROPHYSICS (UBHI, SAMPLE_DEPTH_M, POROSITY, PERMEABILITY, WATER_SAT, FORMATION) VALUES ('WELL00000000030-BH2', 2980, 0.1654, 328.0256, 0.6958, 'Barmer');
INSERT INTO welldata.PETROPHYSICS (UBHI, SAMPLE_DEPTH_M, POROSITY, PERMEABILITY, WATER_SAT, FORMATION) VALUES ('WELL00000000030-BH2', 3000, 0.1419, 136.7313, 0.6755, 'Rajahmundry');
INSERT INTO welldata.PRODUCTION (UWI, PROD_DATE, OIL_BBL, GAS_MCF, WATER_BBL, HOURS_ON) VALUES ('WELL00000000030', TO_DATE('2015-01-01','YYYY-MM-DD'), 312.52, 9969.08, 153.68, 494.33);
INSERT INTO welldata.PRODUCTION (UWI, PROD_DATE, OIL_BBL, GAS_MCF, WATER_BBL, HOURS_ON) VALUES ('WELL00000000030', TO_DATE('2015-02-01','YYYY-MM-DD'), 2978.24, 5928.92, 1494.31, 317.11);
INSERT INTO welldata.PRODUCTION (UWI, PROD_DATE, OIL_BBL, GAS_MCF, WATER_BBL, HOURS_ON) VALUES ('WELL00000000030', TO_DATE('2015-03-01','YYYY-MM-DD'), 2015.13, 7266.92, 115.89, 441.52);
INSERT INTO welldata.PRODUCTION (UWI, PROD_DATE, OIL_BBL, GAS_MCF, WATER_BBL, HOURS_ON) VALUES ('WELL00000000030', TO_DATE('2015-04-01','YYYY-MM-DD'), 2041.63, 9945.95, 1159.18, 325.75);
INSERT INTO welldata.PRODUCTION (UWI, PROD_DATE, OIL_BBL, GAS_MCF, WATER_BBL, HOURS_ON) VALUES ('WELL00000000030', TO_DATE('2015-05-01','YYYY-MM-DD'), 660.76, 8987.32, 926.82, 393.44);
INSERT INTO welldata.PRODUCTION (UWI, PROD_DATE, OIL_BBL, GAS_MCF, WATER_BBL, HOURS_ON) VALUES ('WELL00000000030', TO_DATE('2015-06-01','YYYY-MM-DD'), 1571.2, 1658.59, 637.47, 294.08);
INSERT INTO welldata.PRODUCTION (UWI, PROD_DATE, OIL_BBL, GAS_MCF, WATER_BBL, HOURS_ON) VALUES ('WELL00000000030', TO_DATE('2015-07-01','YYYY-MM-DD'), 2253.65, 4235.17, 306.41, 347.58);
INSERT INTO welldata.PRODUCTION (UWI, PROD_DATE, OIL_BBL, GAS_MCF, WATER_BBL, HOURS_ON) VALUES ('WELL00000000030', TO_DATE('2015-08-01','YYYY-MM-DD'), 463.39, 6385.74, 682.38, 316.31);
INSERT INTO welldata.PRODUCTION (UWI, PROD_DATE, OIL_BBL, GAS_MCF, WATER_BBL, HOURS_ON) VALUES ('WELL00000000030', TO_DATE('2015-09-01','YYYY-MM-DD'), 425.08, 4882.4, 1295.28, 476.62);
INSERT INTO welldata.PRODUCTION (UWI, PROD_DATE, OIL_BBL, GAS_MCF, WATER_BBL, HOURS_ON) VALUES ('WELL00000000030', TO_DATE('2015-10-01','YYYY-MM-DD'), 122.98, 5193.11, 515.83, 237.13);
INSERT INTO welldata.PRODUCTION (UWI, PROD_DATE, OIL_BBL, GAS_MCF, WATER_BBL, HOURS_ON) VALUES ('WELL00000000030', TO_DATE('2015-11-01','YYYY-MM-DD'), 621.7, 6186.96, 1258.76, 684.34);
INSERT INTO welldata.PRODUCTION (UWI, PROD_DATE, OIL_BBL, GAS_MCF, WATER_BBL, HOURS_ON) VALUES ('WELL00000000030', TO_DATE('2015-12-01','YYYY-MM-DD'), 2443.84, 5443.76, 169.83, 386.77);
INSERT INTO welldata.PRODUCTION (UWI, PROD_DATE, OIL_BBL, GAS_MCF, WATER_BBL, HOURS_ON) VALUES ('WELL00000000030', TO_DATE('2016-01-01','YYYY-MM-DD'), 1136.5, 5693.99, 267.18, 585.61);
INSERT INTO welldata.PRODUCTION (UWI, PROD_DATE, OIL_BBL, GAS_MCF, WATER_BBL, HOURS_ON) VALUES ('WELL00000000030', TO_DATE('2016-02-01','YYYY-MM-DD'), 1215.11, 786.24, 1214.77, 420.77);
INSERT INTO welldata.PRODUCTION (UWI, PROD_DATE, OIL_BBL, GAS_MCF, WATER_BBL, HOURS_ON) VALUES ('WELL00000000030', TO_DATE('2016-03-01','YYYY-MM-DD'), 2223.76, 7698.07, 673.44, 301.24);
INSERT INTO welldata.PRODUCTION (UWI, PROD_DATE, OIL_BBL, GAS_MCF, WATER_BBL, HOURS_ON) VALUES ('WELL00000000030', TO_DATE('2016-04-01','YYYY-MM-DD'), 2671.29, 8418.4, 1043.65, 463.96);
INSERT INTO welldata.PRODUCTION (UWI, PROD_DATE, OIL_BBL, GAS_MCF, WATER_BBL, HOURS_ON) VALUES ('WELL00000000030', TO_DATE('2016-05-01','YYYY-MM-DD'), 280.66, 4654.89, 789.03, 506.36);
INSERT INTO welldata.PRODUCTION (UWI, PROD_DATE, OIL_BBL, GAS_MCF, WATER_BBL, HOURS_ON) VALUES ('WELL00000000030', TO_DATE('2016-06-01','YYYY-MM-DD'), 872.64, 2420.86, 889.62, 433.14);
INSERT INTO welldata.PRODUCTION (UWI, PROD_DATE, OIL_BBL, GAS_MCF, WATER_BBL, HOURS_ON) VALUES ('WELL00000000030', TO_DATE('2016-07-01','YYYY-MM-DD'), 777.37, 8397.55, 1497.06, 160.62);
INSERT INTO welldata.PRODUCTION (UWI, PROD_DATE, OIL_BBL, GAS_MCF, WATER_BBL, HOURS_ON) VALUES ('WELL00000000030', TO_DATE('2016-08-01','YYYY-MM-DD'), 1190.81, 11282.66, 457.87, 284.61);
INSERT INTO welldata.PRODUCTION (UWI, PROD_DATE, OIL_BBL, GAS_MCF, WATER_BBL, HOURS_ON) VALUES ('WELL00000000030', TO_DATE('2016-09-01','YYYY-MM-DD'), 1610.83, 14279.22, 1380.16, 205.64);
INSERT INTO welldata.PRODUCTION (UWI, PROD_DATE, OIL_BBL, GAS_MCF, WATER_BBL, HOURS_ON) VALUES ('WELL00000000030', TO_DATE('2016-10-01','YYYY-MM-DD'), 587.55, 1523.74, 753.31, 125.01);
INSERT INTO welldata.PRODUCTION (UWI, PROD_DATE, OIL_BBL, GAS_MCF, WATER_BBL, HOURS_ON) VALUES ('WELL00000000030', TO_DATE('2016-11-01','YYYY-MM-DD'), 803.09, 5568.14, 916.37, 142.71);
INSERT INTO welldata.PRODUCTION (UWI, PROD_DATE, OIL_BBL, GAS_MCF, WATER_BBL, HOURS_ON) VALUES ('WELL00000000030', TO_DATE('2016-12-01','YYYY-MM-DD'), 1230.03, 14543.61, 910.07, 322.17);
INSERT INTO welldata.PRODUCTION (UWI, PROD_DATE, OIL_BBL, GAS_MCF, WATER_BBL, HOURS_ON) VALUES ('WELL00000000030', TO_DATE('2017-01-01','YYYY-MM-DD'), 2192.38, 6335.77, 668.77, 172.64);
INSERT INTO welldata.PRODUCTION (UWI, PROD_DATE, OIL_BBL, GAS_MCF, WATER_BBL, HOURS_ON) VALUES ('WELL00000000030', TO_DATE('2017-02-01','YYYY-MM-DD'), 239.94, 12012.84, 989.62, 127.44);
INSERT INTO welldata.PRODUCTION (UWI, PROD_DATE, OIL_BBL, GAS_MCF, WATER_BBL, HOURS_ON) VALUES ('WELL00000000030', TO_DATE('2017-03-01','YYYY-MM-DD'), 2704.02, 9747.36, 455.17, 268.7);
INSERT INTO welldata.PRODUCTION (UWI, PROD_DATE, OIL_BBL, GAS_MCF, WATER_BBL, HOURS_ON) VALUES ('WELL00000000030', TO_DATE('2017-04-01','YYYY-MM-DD'), 76.39, 14203.03, 1157.47, 161.85);
INSERT INTO welldata.PRODUCTION (UWI, PROD_DATE, OIL_BBL, GAS_MCF, WATER_BBL, HOURS_ON) VALUES ('WELL00000000030', TO_DATE('2017-05-01','YYYY-MM-DD'), 209.67, 7251.01, 341.16, 494.22);
INSERT INTO welldata.PRODUCTION (UWI, PROD_DATE, OIL_BBL, GAS_MCF, WATER_BBL, HOURS_ON) VALUES ('WELL00000000030', TO_DATE('2017-06-01','YYYY-MM-DD'), 1421.7, 11605.53, 47.24, 393.99);
INSERT INTO welldata.PRODUCTION (UWI, PROD_DATE, OIL_BBL, GAS_MCF, WATER_BBL, HOURS_ON) VALUES ('WELL00000000030', TO_DATE('2017-07-01','YYYY-MM-DD'), 1573.92, 13230.44, 1046.93, 304.28);
INSERT INTO welldata.PRODUCTION (UWI, PROD_DATE, OIL_BBL, GAS_MCF, WATER_BBL, HOURS_ON) VALUES ('WELL00000000030', TO_DATE('2017-08-01','YYYY-MM-DD'), 1521.14, 14830.08, 115.59, 603.45);
INSERT INTO welldata.PRODUCTION (UWI, PROD_DATE, OIL_BBL, GAS_MCF, WATER_BBL, HOURS_ON) VALUES ('WELL00000000030', TO_DATE('2017-09-01','YYYY-MM-DD'), 2704.14, 199.64, 449.35, 501.45);
INSERT INTO welldata.PRODUCTION (UWI, PROD_DATE, OIL_BBL, GAS_MCF, WATER_BBL, HOURS_ON) VALUES ('WELL00000000030', TO_DATE('2017-10-01','YYYY-MM-DD'), 1600.38, 6535.16, 85.77, 594.53);
INSERT INTO welldata.PRODUCTION (UWI, PROD_DATE, OIL_BBL, GAS_MCF, WATER_BBL, HOURS_ON) VALUES ('WELL00000000030', TO_DATE('2017-11-01','YYYY-MM-DD'), 1651.04, 365.72, 367.18, 581.74);
INSERT INTO welldata.PRODUCTION (UWI, PROD_DATE, OIL_BBL, GAS_MCF, WATER_BBL, HOURS_ON) VALUES ('WELL00000000030', TO_DATE('2017-12-01','YYYY-MM-DD'), 862.24, 3688.48, 499.81, 462.83);
INSERT INTO welldata.PRODUCTION (UWI, PROD_DATE, OIL_BBL, GAS_MCF, WATER_BBL, HOURS_ON) VALUES ('WELL00000000030', TO_DATE('2018-01-01','YYYY-MM-DD'), 286.85, 12498.93, 1047.16, 491.91);
INSERT INTO welldata.PRODUCTION (UWI, PROD_DATE, OIL_BBL, GAS_MCF, WATER_BBL, HOURS_ON) VALUES ('WELL00000000030', TO_DATE('2018-02-01','YYYY-MM-DD'), 1495.82, 5414.13, 31.91, 663.26);
INSERT INTO welldata.PRODUCTION (UWI, PROD_DATE, OIL_BBL, GAS_MCF, WATER_BBL, HOURS_ON) VALUES ('WELL00000000030', TO_DATE('2018-03-01','YYYY-MM-DD'), 392.75, 1820.44, 300.88, 530.68);
INSERT INTO welldata.PRODUCTION (UWI, PROD_DATE, OIL_BBL, GAS_MCF, WATER_BBL, HOURS_ON) VALUES ('WELL00000000030', TO_DATE('2018-04-01','YYYY-MM-DD'), 1112.53, 12052.45, 779.32, 711.45);
INSERT INTO welldata.PRODUCTION (UWI, PROD_DATE, OIL_BBL, GAS_MCF, WATER_BBL, HOURS_ON) VALUES ('WELL00000000030', TO_DATE('2018-05-01','YYYY-MM-DD'), 1665.08, 12020.75, 655.08, 222.71);
INSERT INTO welldata.PRODUCTION (UWI, PROD_DATE, OIL_BBL, GAS_MCF, WATER_BBL, HOURS_ON) VALUES ('WELL00000000030', TO_DATE('2018-06-01','YYYY-MM-DD'), 730.02, 7755.34, 181.78, 249.79);
INSERT INTO welldata.PRODUCTION (UWI, PROD_DATE, OIL_BBL, GAS_MCF, WATER_BBL, HOURS_ON) VALUES ('WELL00000000030', TO_DATE('2018-07-01','YYYY-MM-DD'), 130.49, 2467.84, 116.27, 701.87);
INSERT INTO welldata.PRODUCTION (UWI, PROD_DATE, OIL_BBL, GAS_MCF, WATER_BBL, HOURS_ON) VALUES ('WELL00000000030', TO_DATE('2018-08-01','YYYY-MM-DD'), 669.69, 9971.9, 469.79, 570.47);
INSERT INTO welldata.PRODUCTION (UWI, PROD_DATE, OIL_BBL, GAS_MCF, WATER_BBL, HOURS_ON) VALUES ('WELL00000000030', TO_DATE('2018-09-01','YYYY-MM-DD'), 717.06, 11518.72, 528.47, 418.82);
INSERT INTO welldata.PRODUCTION (UWI, PROD_DATE, OIL_BBL, GAS_MCF, WATER_BBL, HOURS_ON) VALUES ('WELL00000000030', TO_DATE('2018-10-01','YYYY-MM-DD'), 1670.32, 306.02, 574.13, 695.54);
INSERT INTO welldata.PRODUCTION (UWI, PROD_DATE, OIL_BBL, GAS_MCF, WATER_BBL, HOURS_ON) VALUES ('WELL00000000030', TO_DATE('2018-11-01','YYYY-MM-DD'), 1739.02, 2161.73, 897.59, 207.6);
INSERT INTO welldata.PRODUCTION (UWI, PROD_DATE, OIL_BBL, GAS_MCF, WATER_BBL, HOURS_ON) VALUES ('WELL00000000030', TO_DATE('2018-12-01','YYYY-MM-DD'), 2560.55, 1840.48, 1364.56, 137.13);
INSERT INTO welldata.PRODUCTION (UWI, PROD_DATE, OIL_BBL, GAS_MCF, WATER_BBL, HOURS_ON) VALUES ('WELL00000000030', TO_DATE('2019-01-01','YYYY-MM-DD'), 2555.41, 1095.07, 538.31, 140.52);
INSERT INTO welldata.PRODUCTION (UWI, PROD_DATE, OIL_BBL, GAS_MCF, WATER_BBL, HOURS_ON) VALUES ('WELL00000000030', TO_DATE('2019-02-01','YYYY-MM-DD'), 2703.82, 5461.18, 924.14, 688.55);
INSERT INTO welldata.PRODUCTION (UWI, PROD_DATE, OIL_BBL, GAS_MCF, WATER_BBL, HOURS_ON) VALUES ('WELL00000000030', TO_DATE('2019-03-01','YYYY-MM-DD'), 572.01, 13715.18, 1098.42, 667.07);
INSERT INTO welldata.PRODUCTION (UWI, PROD_DATE, OIL_BBL, GAS_MCF, WATER_BBL, HOURS_ON) VALUES ('WELL00000000030', TO_DATE('2019-04-01','YYYY-MM-DD'), 1164.09, 7271.75, 1311.23, 155.12);
INSERT INTO welldata.PRODUCTION (UWI, PROD_DATE, OIL_BBL, GAS_MCF, WATER_BBL, HOURS_ON) VALUES ('WELL00000000030', TO_DATE('2019-05-01','YYYY-MM-DD'), 260.86, 6008.76, 612.74, 339.01);
INSERT INTO welldata.PRODUCTION (UWI, PROD_DATE, OIL_BBL, GAS_MCF, WATER_BBL, HOURS_ON) VALUES ('WELL00000000030', TO_DATE('2019-06-01','YYYY-MM-DD'), 1279.03, 8890.6, 1174.38, 317.36);
INSERT INTO welldata.PRODUCTION (UWI, PROD_DATE, OIL_BBL, GAS_MCF, WATER_BBL, HOURS_ON) VALUES ('WELL00000000030', TO_DATE('2019-07-01','YYYY-MM-DD'), 879.2, 2296.0, 548.07, 397.62);
INSERT INTO welldata.PRODUCTION (UWI, PROD_DATE, OIL_BBL, GAS_MCF, WATER_BBL, HOURS_ON) VALUES ('WELL00000000030', TO_DATE('2019-08-01','YYYY-MM-DD'), 2241.55, 7884.41, 1265.23, 285.77);
INSERT INTO welldata.PRODUCTION (UWI, PROD_DATE, OIL_BBL, GAS_MCF, WATER_BBL, HOURS_ON) VALUES ('WELL00000000030', TO_DATE('2019-09-01','YYYY-MM-DD'), 2274.9, 5559.14, 504.88, 280.93);
INSERT INTO welldata.PRODUCTION (UWI, PROD_DATE, OIL_BBL, GAS_MCF, WATER_BBL, HOURS_ON) VALUES ('WELL00000000030', TO_DATE('2019-10-01','YYYY-MM-DD'), 2431.59, 9919.32, 426.86, 533.45);
INSERT INTO welldata.PRODUCTION (UWI, PROD_DATE, OIL_BBL, GAS_MCF, WATER_BBL, HOURS_ON) VALUES ('WELL00000000030', TO_DATE('2019-11-01','YYYY-MM-DD'), 538.97, 8855.7, 643.04, 363.51);
INSERT INTO welldata.PRODUCTION (UWI, PROD_DATE, OIL_BBL, GAS_MCF, WATER_BBL, HOURS_ON) VALUES ('WELL00000000030', TO_DATE('2019-12-01','YYYY-MM-DD'), 465.63, 8147.12, 176.25, 290.14);
INSERT INTO welldata.PRODUCTION (UWI, PROD_DATE, OIL_BBL, GAS_MCF, WATER_BBL, HOURS_ON) VALUES ('WELL00000000030', TO_DATE('2020-01-01','YYYY-MM-DD'), 2226.75, 12208.9, 82.86, 580.86);
INSERT INTO welldata.PRODUCTION (UWI, PROD_DATE, OIL_BBL, GAS_MCF, WATER_BBL, HOURS_ON) VALUES ('WELL00000000030', TO_DATE('2020-02-01','YYYY-MM-DD'), 1994.23, 1314.71, 979.4, 445.3);
INSERT INTO welldata.PRODUCTION (UWI, PROD_DATE, OIL_BBL, GAS_MCF, WATER_BBL, HOURS_ON) VALUES ('WELL00000000030', TO_DATE('2020-03-01','YYYY-MM-DD'), 2268.51, 13869.68, 1342.57, 696.45);
INSERT INTO welldata.PRODUCTION (UWI, PROD_DATE, OIL_BBL, GAS_MCF, WATER_BBL, HOURS_ON) VALUES ('WELL00000000030', TO_DATE('2020-04-01','YYYY-MM-DD'), 1393.63, 6053.38, 852.68, 571.14);
INSERT INTO welldata.PRODUCTION (UWI, PROD_DATE, OIL_BBL, GAS_MCF, WATER_BBL, HOURS_ON) VALUES ('WELL00000000030', TO_DATE('2020-05-01','YYYY-MM-DD'), 2911.35, 4145.22, 465.5, 213.0);
INSERT INTO welldata.PRODUCTION (UWI, PROD_DATE, OIL_BBL, GAS_MCF, WATER_BBL, HOURS_ON) VALUES ('WELL00000000030', TO_DATE('2020-06-01','YYYY-MM-DD'), 1448.75, 10068.86, 655.66, 504.34);
INSERT INTO welldata.PRODUCTION (UWI, PROD_DATE, OIL_BBL, GAS_MCF, WATER_BBL, HOURS_ON) VALUES ('WELL00000000030', TO_DATE('2020-07-01','YYYY-MM-DD'), 2457.45, 10399.06, 552.73, 315.14);
INSERT INTO welldata.PRODUCTION (UWI, PROD_DATE, OIL_BBL, GAS_MCF, WATER_BBL, HOURS_ON) VALUES ('WELL00000000030', TO_DATE('2020-08-01','YYYY-MM-DD'), 67.39, 2521.06, 417.13, 626.75);
INSERT INTO welldata.PRODUCTION (UWI, PROD_DATE, OIL_BBL, GAS_MCF, WATER_BBL, HOURS_ON) VALUES ('WELL00000000030', TO_DATE('2020-09-01','YYYY-MM-DD'), 1366.96, 381.22, 772.09, 237.97);
INSERT INTO welldata.PRODUCTION (UWI, PROD_DATE, OIL_BBL, GAS_MCF, WATER_BBL, HOURS_ON) VALUES ('WELL00000000030', TO_DATE('2020-10-01','YYYY-MM-DD'), 788.47, 14771.59, 1241.44, 139.27);
INSERT INTO welldata.PRODUCTION (UWI, PROD_DATE, OIL_BBL, GAS_MCF, WATER_BBL, HOURS_ON) VALUES ('WELL00000000030', TO_DATE('2020-11-01','YYYY-MM-DD'), 2548.72, 14559.62, 1453.55, 260.81);
INSERT INTO welldata.PRODUCTION (UWI, PROD_DATE, OIL_BBL, GAS_MCF, WATER_BBL, HOURS_ON) VALUES ('WELL00000000030', TO_DATE('2020-12-01','YYYY-MM-DD'), 2693.14, 1023.04, 1368.41, 421.17);
INSERT INTO welldata.PRODUCTION (UWI, PROD_DATE, OIL_BBL, GAS_MCF, WATER_BBL, HOURS_ON) VALUES ('WELL00000000030', TO_DATE('2021-01-01','YYYY-MM-DD'), 582.91, 7429.71, 732.93, 485.08);
INSERT INTO welldata.PRODUCTION (UWI, PROD_DATE, OIL_BBL, GAS_MCF, WATER_BBL, HOURS_ON) VALUES ('WELL00000000030', TO_DATE('2021-02-01','YYYY-MM-DD'), 2886.66, 8040.53, 203.51, 391.47);
INSERT INTO welldata.PRODUCTION (UWI, PROD_DATE, OIL_BBL, GAS_MCF, WATER_BBL, HOURS_ON) VALUES ('WELL00000000030', TO_DATE('2021-03-01','YYYY-MM-DD'), 2034.86, 3777.84, 691.39, 300.58);
INSERT INTO welldata.PRODUCTION (UWI, PROD_DATE, OIL_BBL, GAS_MCF, WATER_BBL, HOURS_ON) VALUES ('WELL00000000030', TO_DATE('2021-04-01','YYYY-MM-DD'), 2216.06, 2655.62, 483.1, 415.08);
INSERT INTO welldata.PRODUCTION (UWI, PROD_DATE, OIL_BBL, GAS_MCF, WATER_BBL, HOURS_ON) VALUES ('WELL00000000030', TO_DATE('2021-05-01','YYYY-MM-DD'), 336.87, 2877.3, 560.59, 439.44);
INSERT INTO welldata.PRODUCTION (UWI, PROD_DATE, OIL_BBL, GAS_MCF, WATER_BBL, HOURS_ON) VALUES ('WELL00000000030', TO_DATE('2021-06-01','YYYY-MM-DD'), 1999.73, 8037.69, 967.64, 401.03);
INSERT INTO welldata.PRODUCTION (UWI, PROD_DATE, OIL_BBL, GAS_MCF, WATER_BBL, HOURS_ON) VALUES ('WELL00000000030', TO_DATE('2021-07-01','YYYY-MM-DD'), 73.87, 14423.87, 533.81, 280.53);
INSERT INTO welldata.PRODUCTION (UWI, PROD_DATE, OIL_BBL, GAS_MCF, WATER_BBL, HOURS_ON) VALUES ('WELL00000000030', TO_DATE('2021-08-01','YYYY-MM-DD'), 270.36, 8386.96, 648.07, 162.38);
INSERT INTO welldata.PRODUCTION (UWI, PROD_DATE, OIL_BBL, GAS_MCF, WATER_BBL, HOURS_ON) VALUES ('WELL00000000030', TO_DATE('2021-09-01','YYYY-MM-DD'), 2492.49, 1758.13, 485.54, 687.45);
INSERT INTO welldata.PRODUCTION (UWI, PROD_DATE, OIL_BBL, GAS_MCF, WATER_BBL, HOURS_ON) VALUES ('WELL00000000030', TO_DATE('2021-10-01','YYYY-MM-DD'), 275.52, 7731.1, 1023.42, 650.67);
INSERT INTO welldata.PRODUCTION (UWI, PROD_DATE, OIL_BBL, GAS_MCF, WATER_BBL, HOURS_ON) VALUES ('WELL00000000030', TO_DATE('2021-11-01','YYYY-MM-DD'), 836.79, 1198.36, 1045.62, 643.11);
INSERT INTO welldata.PRODUCTION (UWI, PROD_DATE, OIL_BBL, GAS_MCF, WATER_BBL, HOURS_ON) VALUES ('WELL00000000030', TO_DATE('2021-12-01','YYYY-MM-DD'), 2993.81, 9489.02, 1318.12, 456.08);
INSERT INTO welldata.PRODUCTION (UWI, PROD_DATE, OIL_BBL, GAS_MCF, WATER_BBL, HOURS_ON) VALUES ('WELL00000000030', TO_DATE('2022-01-01','YYYY-MM-DD'), 822.18, 2455.84, 1484.5, 504.61);
INSERT INTO welldata.PRODUCTION (UWI, PROD_DATE, OIL_BBL, GAS_MCF, WATER_BBL, HOURS_ON) VALUES ('WELL00000000030', TO_DATE('2022-02-01','YYYY-MM-DD'), 2245.86, 13239.78, 955.08, 191.23);
INSERT INTO welldata.PRODUCTION (UWI, PROD_DATE, OIL_BBL, GAS_MCF, WATER_BBL, HOURS_ON) VALUES ('WELL00000000030', TO_DATE('2022-03-01','YYYY-MM-DD'), 2587.77, 9672.52, 642.79, 694.64);
INSERT INTO welldata.PRODUCTION (UWI, PROD_DATE, OIL_BBL, GAS_MCF, WATER_BBL, HOURS_ON) VALUES ('WELL00000000030', TO_DATE('2022-04-01','YYYY-MM-DD'), 961.43, 14188.75, 1417.36, 341.6);
INSERT INTO welldata.PRODUCTION (UWI, PROD_DATE, OIL_BBL, GAS_MCF, WATER_BBL, HOURS_ON) VALUES ('WELL00000000030', TO_DATE('2022-05-01','YYYY-MM-DD'), 62.17, 1850.64, 1319.14, 562.17);
INSERT INTO welldata.PRODUCTION (UWI, PROD_DATE, OIL_BBL, GAS_MCF, WATER_BBL, HOURS_ON) VALUES ('WELL00000000030', TO_DATE('2022-06-01','YYYY-MM-DD'), 2358.3, 6925.7, 149.43, 688.92);
INSERT INTO welldata.PRODUCTION (UWI, PROD_DATE, OIL_BBL, GAS_MCF, WATER_BBL, HOURS_ON) VALUES ('WELL00000000030', TO_DATE('2022-07-01','YYYY-MM-DD'), 227.84, 12405.99, 1329.68, 664.85);
INSERT INTO welldata.PRODUCTION (UWI, PROD_DATE, OIL_BBL, GAS_MCF, WATER_BBL, HOURS_ON) VALUES ('WELL00000000030', TO_DATE('2022-08-01','YYYY-MM-DD'), 388.74, 8478.33, 1481.97, 128.07);
INSERT INTO welldata.PRODUCTION (UWI, PROD_DATE, OIL_BBL, GAS_MCF, WATER_BBL, HOURS_ON) VALUES ('WELL00000000030', TO_DATE('2022-09-01','YYYY-MM-DD'), 316.37, 7992.48, 314.35, 506.51);
INSERT INTO welldata.PRODUCTION (UWI, PROD_DATE, OIL_BBL, GAS_MCF, WATER_BBL, HOURS_ON) VALUES ('WELL00000000030', TO_DATE('2022-10-01','YYYY-MM-DD'), 2277.18, 1269.63, 823.33, 306.18);
INSERT INTO welldata.PRODUCTION (UWI, PROD_DATE, OIL_BBL, GAS_MCF, WATER_BBL, HOURS_ON) VALUES ('WELL00000000030', TO_DATE('2022-11-01','YYYY-MM-DD'), 1124.8, 8485.83, 642.89, 207.35);
INSERT INTO welldata.PRODUCTION (UWI, PROD_DATE, OIL_BBL, GAS_MCF, WATER_BBL, HOURS_ON) VALUES ('WELL00000000030', TO_DATE('2022-12-01','YYYY-MM-DD'), 761.83, 7381.19, 459.1, 510.34);
INSERT INTO welldata.PRODUCTION (UWI, PROD_DATE, OIL_BBL, GAS_MCF, WATER_BBL, HOURS_ON) VALUES ('WELL00000000030', TO_DATE('2023-01-01','YYYY-MM-DD'), 1112.82, 9173.67, 1232.82, 706.39);
INSERT INTO welldata.PRODUCTION (UWI, PROD_DATE, OIL_BBL, GAS_MCF, WATER_BBL, HOURS_ON) VALUES ('WELL00000000030', TO_DATE('2023-02-01','YYYY-MM-DD'), 2065.25, 4177.57, 1294.53, 630.91);
INSERT INTO welldata.PRODUCTION (UWI, PROD_DATE, OIL_BBL, GAS_MCF, WATER_BBL, HOURS_ON) VALUES ('WELL00000000030', TO_DATE('2023-03-01','YYYY-MM-DD'), 2458.25, 5691.5, 1414.77, 331.09);
INSERT INTO welldata.PRODUCTION (UWI, PROD_DATE, OIL_BBL, GAS_MCF, WATER_BBL, HOURS_ON) VALUES ('WELL00000000030', TO_DATE('2023-04-01','YYYY-MM-DD'), 194.26, 9779.51, 566.86, 350.47);
INSERT INTO welldata.PRODUCTION (UWI, PROD_DATE, OIL_BBL, GAS_MCF, WATER_BBL, HOURS_ON) VALUES ('WELL00000000030', TO_DATE('2023-05-01','YYYY-MM-DD'), 861.0, 1804.62, 883.19, 585.71);
INSERT INTO welldata.PRODUCTION (UWI, PROD_DATE, OIL_BBL, GAS_MCF, WATER_BBL, HOURS_ON) VALUES ('WELL00000000030', TO_DATE('2023-06-01','YYYY-MM-DD'), 2367.0, 13720.02, 1281.39, 348.29);
INSERT INTO welldata.PRODUCTION (UWI, PROD_DATE, OIL_BBL, GAS_MCF, WATER_BBL, HOURS_ON) VALUES ('WELL00000000030', TO_DATE('2023-07-01','YYYY-MM-DD'), 684.61, 1246.18, 1014.26, 687.92);
INSERT INTO welldata.PRODUCTION (UWI, PROD_DATE, OIL_BBL, GAS_MCF, WATER_BBL, HOURS_ON) VALUES ('WELL00000000030', TO_DATE('2023-08-01','YYYY-MM-DD'), 772.74, 10670.91, 1431.79, 627.87);
INSERT INTO welldata.PRODUCTION (UWI, PROD_DATE, OIL_BBL, GAS_MCF, WATER_BBL, HOURS_ON) VALUES ('WELL00000000030', TO_DATE('2023-09-01','YYYY-MM-DD'), 2034.37, 7400.9, 258.29, 540.77);
INSERT INTO welldata.PRODUCTION (UWI, PROD_DATE, OIL_BBL, GAS_MCF, WATER_BBL, HOURS_ON) VALUES ('WELL00000000030', TO_DATE('2023-10-01','YYYY-MM-DD'), 1534.05, 11052.22, 35.86, 390.81);
INSERT INTO welldata.PRODUCTION (UWI, PROD_DATE, OIL_BBL, GAS_MCF, WATER_BBL, HOURS_ON) VALUES ('WELL00000000030', TO_DATE('2023-11-01','YYYY-MM-DD'), 1760.36, 4130.18, 1458.67, 591.68);
INSERT INTO welldata.PRODUCTION (UWI, PROD_DATE, OIL_BBL, GAS_MCF, WATER_BBL, HOURS_ON) VALUES ('WELL00000000030', TO_DATE('2023-12-01','YYYY-MM-DD'), 1549.42, 5491.83, 34.22, 595.07);
INSERT INTO welldata.PRODUCTION (UWI, PROD_DATE, OIL_BBL, GAS_MCF, WATER_BBL, HOURS_ON) VALUES ('WELL00000000030', TO_DATE('2024-01-01','YYYY-MM-DD'), 179.99, 1912.35, 694.29, 309.86);
INSERT INTO welldata.PRODUCTION (UWI, PROD_DATE, OIL_BBL, GAS_MCF, WATER_BBL, HOURS_ON) VALUES ('WELL00000000030', TO_DATE('2024-02-01','YYYY-MM-DD'), 1370.86, 11238.25, 1251.14, 484.52);
INSERT INTO welldata.PRODUCTION (UWI, PROD_DATE, OIL_BBL, GAS_MCF, WATER_BBL, HOURS_ON) VALUES ('WELL00000000030', TO_DATE('2024-03-01','YYYY-MM-DD'), 116.88, 12573.75, 846.1, 237.09);
INSERT INTO welldata.PRODUCTION (UWI, PROD_DATE, OIL_BBL, GAS_MCF, WATER_BBL, HOURS_ON) VALUES ('WELL00000000030', TO_DATE('2024-04-01','YYYY-MM-DD'), 599.91, 3138.12, 334.17, 551.75);
INSERT INTO welldata.PRODUCTION (UWI, PROD_DATE, OIL_BBL, GAS_MCF, WATER_BBL, HOURS_ON) VALUES ('WELL00000000030', TO_DATE('2024-05-01','YYYY-MM-DD'), 337.95, 10114.64, 1247.76, 561.54);
INSERT INTO welldata.PRODUCTION (UWI, PROD_DATE, OIL_BBL, GAS_MCF, WATER_BBL, HOURS_ON) VALUES ('WELL00000000030', TO_DATE('2024-06-01','YYYY-MM-DD'), 601.44, 14153.12, 1009.26, 701.47);
INSERT INTO welldata.PRODUCTION (UWI, PROD_DATE, OIL_BBL, GAS_MCF, WATER_BBL, HOURS_ON) VALUES ('WELL00000000030', TO_DATE('2024-07-01','YYYY-MM-DD'), 520.34, 929.49, 595.38, 524.2);
INSERT INTO welldata.PRODUCTION (UWI, PROD_DATE, OIL_BBL, GAS_MCF, WATER_BBL, HOURS_ON) VALUES ('WELL00000000030', TO_DATE('2024-08-01','YYYY-MM-DD'), 2121.02, 14957.73, 433.46, 681.4);
INSERT INTO welldata.PRODUCTION (UWI, PROD_DATE, OIL_BBL, GAS_MCF, WATER_BBL, HOURS_ON) VALUES ('WELL00000000030', TO_DATE('2024-09-01','YYYY-MM-DD'), 2178.89, 9838.05, 208.14, 606.33);
INSERT INTO welldata.PRODUCTION (UWI, PROD_DATE, OIL_BBL, GAS_MCF, WATER_BBL, HOURS_ON) VALUES ('WELL00000000030', TO_DATE('2024-10-01','YYYY-MM-DD'), 2697.12, 4690.54, 1349.54, 330.65);
INSERT INTO welldata.PRODUCTION (UWI, PROD_DATE, OIL_BBL, GAS_MCF, WATER_BBL, HOURS_ON) VALUES ('WELL00000000030', TO_DATE('2024-11-01','YYYY-MM-DD'), 2488.01, 9479.84, 1319.8, 381.44);
INSERT INTO welldata.PRODUCTION (UWI, PROD_DATE, OIL_BBL, GAS_MCF, WATER_BBL, HOURS_ON) VALUES ('WELL00000000030', TO_DATE('2024-12-01','YYYY-MM-DD'), 2889.02, 2114.7, 63.17, 277.63);
INSERT INTO welldata.FORMATION_TOPS (UWI, FORMATION, TOP_DEPTH_M, BASE_DEPTH_M, LITHOLOGY) VALUES ('WELL00000000030', 'Rajahmundry', 677, 823, 'SANDSTONE');
INSERT INTO welldata.FORMATION_TOPS (UWI, FORMATION, TOP_DEPTH_M, BASE_DEPTH_M, LITHOLOGY) VALUES ('WELL00000000030', 'Bengal', 715, 856, 'LIMESTONE');
INSERT INTO welldata.FORMATION_TOPS (UWI, FORMATION, TOP_DEPTH_M, BASE_DEPTH_M, LITHOLOGY) VALUES ('WELL00000000030', 'Sanchore', 1163, 1387, 'SHALE');
INSERT INTO welldata.FORMATION_TOPS (UWI, FORMATION, TOP_DEPTH_M, BASE_DEPTH_M, LITHOLOGY) VALUES ('WELL00000000030', 'Barmer', 1116, 1508, 'DOLOMITE');
INSERT INTO welldata.CORE_ANALYSIS (UWI, CORE_RUN, TOP_DEPTH_M, BASE_DEPTH_M, GRAIN_DENSITY, BULK_DENSITY, RECOVERY_PCT) VALUES ('WELL00000000030', 1, 1495, 1577, 2.7842, 2.1374, 81.12);
INSERT INTO welldata.CORE_ANALYSIS (UWI, CORE_RUN, TOP_DEPTH_M, BASE_DEPTH_M, GRAIN_DENSITY, BULK_DENSITY, RECOVERY_PCT) VALUES ('WELL00000000030', 2, 1235, 1334, 2.7344, 2.0072, 54.78);
COMMIT;
INSERT INTO welldata.NATURAL_GAS_COMPOSITION
SELECT
  w.UWI,
  TO_DATE('2019-06-01','YYYY-MM-DD') AS SAMPLE_DATE,
  ROUND(75 + (MOD(ROWNUM * 7, 17)), 3)       AS METHANE_PCT,
  ROUND(3 + (MOD(ROWNUM * 3, 5)), 3)          AS ETHANE_PCT,
  ROUND(0.8 + (MOD(ROWNUM * 2, 3)), 3)        AS PROPANE_PCT,
  ROUND(0.2 + (MOD(ROWNUM, 2)), 3)            AS BUTANE_PCT,
  ROUND(0.05 + (MOD(ROWNUM, 3) * 0.05), 3)   AS PENTANE_PCT,
  ROUND(0.5 + (MOD(ROWNUM * 4, 4)), 3)        AS CO2_PCT,
  ROUND(0 + (MOD(ROWNUM * 2, 2) * 0.02), 3)  AS H2S_PCT,
  ROUND(1 + (MOD(ROWNUM * 5, 6)), 3)          AS N2_PCT,
  ROUND(950 + (MOD(ROWNUM * 11, 80)), 2)      AS HEATING_VALUE_BTU,
  ROUND(0.58 + (MOD(ROWNUM * 3, 8) * 0.01), 4) AS SPECIFIC_GRAVITY,
  'WELLHEAD'                                   AS SAMPLE_TYPE,
  'LAB-2019-' || ROWNUM                        AS LAB_REFERENCE
FROM welldata.WELL w
ORDER BY w.UWI;

INSERT INTO welldata.NATURAL_GAS_COMPOSITION
SELECT
  w.UWI,
  TO_DATE('2022-09-01','YYYY-MM-DD') AS SAMPLE_DATE,
  ROUND(76 + (MOD(ROWNUM * 9, 15)), 3)       AS METHANE_PCT,
  ROUND(3.5 + (MOD(ROWNUM * 4, 4)), 3)        AS ETHANE_PCT,
  ROUND(1.0 + (MOD(ROWNUM * 3, 3)), 3)        AS PROPANE_PCT,
  ROUND(0.3 + (MOD(ROWNUM, 2)), 3)            AS BUTANE_PCT,
  ROUND(0.06 + (MOD(ROWNUM, 4) * 0.04), 3)   AS PENTANE_PCT,
  ROUND(0.6 + (MOD(ROWNUM * 5, 5)), 3)        AS CO2_PCT,
  ROUND(0 + (MOD(ROWNUM * 3, 3) * 0.01), 3)  AS H2S_PCT,
  ROUND(1.2 + (MOD(ROWNUM * 6, 5)), 3)        AS N2_PCT,
  ROUND(960 + (MOD(ROWNUM * 13, 70)), 2)      AS HEATING_VALUE_BTU,
  ROUND(0.59 + (MOD(ROWNUM * 4, 7) * 0.01), 4) AS SPECIFIC_GRAVITY,
  'SEPARATOR'                                  AS SAMPLE_TYPE,
  'LAB-2022-' || ROWNUM                        AS LAB_REFERENCE
FROM welldata.WELL w
ORDER BY w.UWI;

COMMIT;
